country_code,year,records_count,institutions_count,total_students,students_total_calc,students_total_with_observed_isced8,students_total_component_sum_complete_records,students_total_component_sum_incomplete_records,students_total_component_sum_incomplete_students,students_isced5,students_isced6,students_isced7,students_isced8,foreign_students_total,foreign_students_total_with_observed_isced8,foreign_total_component_sum_complete_records,foreign_total_component_sum_incomplete_records,foreign_total_component_sum_incomplete_students,foreign_students_isced5,foreign_students_isced6,foreign_students_isced7,foreign_students_isced8,academic_personnel_fte,total_personnel_fte,support_admin_personnel_fte,total_revenues_eur,total_revenues_ppp,total_expenditure_eur,total_expenditure_ppp,third_party_funding_eur,third_party_funding_ppp,rd_expenditure_eur,rd_expenditure_ppp,mean_institution_size,median_institution_size,min_institution_size,max_institution_size,cities_count,records_with_complete_isced_structure,institutions_with_student_data,complete_isced_structure_share,isced_shares_reliable,isced_structure_coverage_flag,student_coverage_share,students_total_component_sum_incomplete_share,foreign_total_component_sum_incomplete_share,students_total_reliable,total_students_reliable,isced5_share_observed,isced5_share_reliable,isced5_share,foreign_students_isced5_share,isced6_share_observed,isced6_share_reliable,isced6_share,foreign_students_isced6_share,isced7_share_observed,isced7_share_reliable,isced7_share,foreign_students_isced7_share,isced8_share_observed,isced8_share_reliable,isced8_share,foreign_students_isced8_share,phd_share,phd_share_observed,phd_share_reliable,avg_observed_institution_size,students_per_registered_institution,avg_institution_size,foreign_students_share_aggregate_unmatched,foreign_students_share_pair_numerator,foreign_students_share_pair_denominator,foreign_students_share_pair_records,foreign_students_share_pair_institutions,foreign_students_share,foreign_students_share_pair_record_coverage,foreign_students_share_denominator_coverage,student_staff_ratio_aggregate_unmatched,student_staff_ratio_pair_numerator,student_staff_ratio_pair_denominator,student_staff_ratio_pair_records,student_staff_ratio_pair_institutions,student_staff_ratio,student_staff_ratio_pair_record_coverage,student_staff_ratio_denominator_coverage,revenue_per_student_eur_aggregate_unmatched,revenue_per_student_eur_pair_numerator,revenue_per_student_eur_pair_denominator,revenue_per_student_eur_pair_records,revenue_per_student_eur_pair_institutions,revenue_per_student_eur,revenue_per_student_eur_pair_record_coverage,revenue_per_student_eur_denominator_coverage,revenue_per_student_ppp_aggregate_unmatched,revenue_per_student_ppp_pair_numerator,revenue_per_student_ppp_pair_denominator,revenue_per_student_ppp_pair_records,revenue_per_student_ppp_pair_institutions,revenue_per_student_ppp,revenue_per_student_ppp_pair_record_coverage,revenue_per_student_ppp_denominator_coverage,expenditure_per_student_eur_aggregate_unmatched,expenditure_per_student_eur_pair_numerator,expenditure_per_student_eur_pair_denominator,expenditure_per_student_eur_pair_records,expenditure_per_student_eur_pair_institutions,expenditure_per_student_eur,expenditure_per_student_eur_pair_record_coverage,expenditure_per_student_eur_denominator_coverage,expenditure_per_student_ppp_aggregate_unmatched,expenditure_per_student_ppp_pair_numerator,expenditure_per_student_ppp_pair_denominator,expenditure_per_student_ppp_pair_records,expenditure_per_student_ppp_pair_institutions,expenditure_per_student_ppp,expenditure_per_student_ppp_pair_record_coverage,expenditure_per_student_ppp_denominator_coverage,third_party_funding_per_student_ppp_aggregate_unmatched,third_party_funding_per_student_ppp_pair_numerator,third_party_funding_per_student_ppp_pair_denominator,third_party_funding_per_student_ppp_pair_records,third_party_funding_per_student_ppp_pair_institutions,third_party_funding_per_student_ppp,third_party_funding_per_student_ppp_pair_record_coverage,third_party_funding_per_student_ppp_denominator_coverage,rd_expenditure_per_student_ppp_aggregate_unmatched,rd_expenditure_per_student_ppp_pair_numerator,rd_expenditure_per_student_ppp_pair_denominator,rd_expenditure_per_student_ppp_pair_records,rd_expenditure_per_student_ppp_pair_institutions,rd_expenditure_per_student_ppp,rd_expenditure_per_student_ppp_pair_record_coverage,rd_expenditure_per_student_ppp_denominator_coverage,rd_expenditure_share_of_expenditure_ppp_aggregate_unmatched,rd_expenditure_share_of_expenditure_ppp_pair_numerator,rd_expenditure_share_of_expenditure_ppp_pair_denominator,rd_expenditure_share_of_expenditure_ppp_pair_records,rd_expenditure_share_of_expenditure_ppp_pair_institutions,rd_expenditure_share_of_expenditure_ppp,rd_expenditure_share_of_expenditure_ppp_pair_record_coverage,rd_expenditure_share_of_expenditure_ppp_denominator_coverage
AD,2017,2,2,,,0,0,0,,,,,,,0,0,0,,,,,,,,,,,,,,,,,,,,,2,0,0,0.0,False,no_complete_records,0.0,0.0,0.0,True,,,,,,,,,,,,,,,,,,,,,,,,,,,0,0,,0.0,,,,,0,0,,0.0,,,,,0,0,,0.0,,,,,0,0,,0.0,,,,,0,0,,0.0,,,,,0,0,,0.0,,,,,0,0,,0.0,,,,,0,0,,0.0,,,,,0,0,,0.0,
AD,2018,2,2,541.0,44.0,1,0,0,,22.0,,,22.0,,0,0,0,,,,,,,,,3343654.0,3588882.329580216,3343654.0,3588882.329580216,145418.0,156083.16249315746,,,541.0,541.0,541.0,541.0,2,0,1,0.0,False,no_complete_records,0.5,0.0,0.0,True,541.0,,,,,,,,,,,,,,,,,,,,541.0,270.5,270.5,,,,0,0,,0.0,,,,,0,0,,0.0,,6180.506469500924,3343654.0,541.0,1,1,6180.506469500924,0.5,1.0,6633.793585176,3588882.329580216,541.0,1,1,6633.793585176,0.5,1.0,6180.506469500924,3343654.0,541.0,1,1,6180.506469500924,0.5,1.0,6633.793585176,3588882.329580216,541.0,1,1,6633.793585176,0.5,1.0,288.5086182867975,156083.16249315746,541.0,1,1,288.5086182867975,0.5,1.0,,,,0,0,,0.0,,,,,0,0,,0.0,
AD,2019,2,2,569.0,50.0,1,0,0,,27.0,,,23.0,,0,0,0,,,,,,,,,3574855.0,3848548.36556556,3574855.0,3848548.36556556,193947.0,208795.7161497022,,,569.0,569.0,569.0,569.0,2,0,1,0.0,False,no_complete_records,0.5,0.0,0.0,True,569.0,,,,,,,,,,,,,,,,,,,,569.0,284.5,284.5,,,,0,0,,0.0,,,,,0,0,,0.0,,6282.697715289983,3574855.0,569.0,1,1,6282.697715289983,0.5,1.0,6763.705387637187,3848548.36556556,569.0,1,1,6763.705387637187,0.5,1.0,6282.697715289983,3574855.0,569.0,1,1,6282.697715289983,0.5,1.0,6763.705387637187,3848548.36556556,569.0,1,1,6763.705387637187,0.5,1.0,366.95204947223584,208795.7161497022,569.0,1,1,366.95204947223584,0.5,1.0,,,,0,0,,0.0,,,,,0,0,,0.0,
AD,2020,2,2,547.0,23.0,1,0,0,,,,,23.0,,0,0,0,,,,,,,,,3743096.0,3944032.6304221153,3743096.0,3944032.6304221153,265977.0,280255.15961700765,,,547.0,547.0,547.0,547.0,2,0,1,0.0,False,no_complete_records,0.5,0.0,0.0,True,547.0,,,,,,,,,,,,,,,,,,,,547.0,273.5,273.5,,,,0,0,,0.0,,,,,0,0,,0.0,,6842.954296160878,3743096.0,547.0,1,1,6842.954296160878,0.5,1.0,7210.297313385951,3944032.6304221153,547.0,1,1,7210.297313385951,0.5,1.0,6842.954296160878,3743096.0,547.0,1,1,6842.954296160878,0.5,1.0,7210.297313385951,3944032.6304221153,547.0,1,1,7210.297313385951,0.5,1.0,512.3494691352973,280255.15961700765,547.0,1,1,512.3494691352973,0.5,1.0,,,,0,0,,0.0,,,,,0,0,,0.0,
AD,2021,1,1,629.0,19.0,1,0,0,,,,,19.0,,0,0,0,,,,,,,,,3749057.0,4063833.408126676,3749057.0,4063833.408126676,279920.0,303422.50000541983,,,629.0,629.0,629.0,629.0,1,0,1,0.0,False,no_complete_records,1.0,0.0,0.0,True,629.0,,,,,,,,,,,,,,,,,,,,629.0,629.0,629.0,,,,0,0,,0.0,,,,,0,0,,0.0,,5960.344992050875,3749057.0,629.0,1,1,5960.344992050875,1.0,1.0,6460.784432633825,4063833.408126676,629.0,1,1,6460.784432633825,1.0,1.0,5960.344992050875,3749057.0,629.0,1,1,5960.344992050875,1.0,1.0,6460.784432633825,4063833.408126676,629.0,1,1,6460.784432633825,1.0,1.0,482.38871225027,303422.50000541983,629.0,1,1,482.38871225027,1.0,1.0,,,,0,0,,0.0,,,,,0,0,,0.0,
AD,2022,1,1,674.0,23.0,1,0,0,,,,,23.0,,0,0,0,,,,,,,,,3982353.0,4395770.852949001,3982353.0,4395770.852949001,195954.0,216296.4663651787,,,674.0,674.0,674.0,674.0,1,0,1,0.0,False,no_complete_records,1.0,0.0,0.0,True,674.0,,,,,,,,,,,,,,,,,,,,674.0,674.0,674.0,,,,0,0,,0.0,,,,,0,0,,0.0,,5908.535608308605,3982353.0,674.0,1,1,5908.535608308605,1.0,1.0,6521.9152120905055,4395770.852949001,674.0,1,1,6521.9152120905055,1.0,1.0,5908.535608308605,3982353.0,674.0,1,1,5908.535608308605,1.0,1.0,6521.9152120905055,4395770.852949001,674.0,1,1,6521.9152120905055,1.0,1.0,320.914638524004,216296.4663651787,674.0,1,1,320.914638524004,1.0,1.0,,,,0,0,,0.0,,,,,0,0,,0.0,
AD,2023,1,1,675.0,24.0,1,0,0,,,,,24.0,,0,0,0,,,,,,,,,4488648.0,5038047.028452775,4488648.0,5038047.028452775,191909.0,215398.17049217128,,,675.0,675.0,675.0,675.0,1,0,1,0.0,False,no_complete_records,1.0,0.0,0.0,True,675.0,,,,,,,,,,,,,,,,,,,,675.0,675.0,675.0,,,,0,0,,0.0,,,,,0,0,,0.0,,6649.848888888889,4488648.0,675.0,1,1,6649.848888888889,1.0,1.0,7463.7733754855935,5038047.028452775,675.0,1,1,7463.7733754855935,1.0,1.0,6649.848888888889,4488648.0,675.0,1,1,6649.848888888889,1.0,1.0,7463.7733754855935,5038047.028452775,675.0,1,1,7463.7733754855935,1.0,1.0,319.10840072914266,215398.17049217128,675.0,1,1,319.10840072914266,1.0,1.0,,,,0,0,,0.0,,,,,0,0,,0.0,
AL,2013,38,38,163530.0,,0,0,0,,,,,,,0,0,0,,,,,,,,,,,,,,,,,4672.285714285715,730.0,20.0,37650.0,8,0,35,0.0,False,no_complete_records,0.9210526315789473,0.0,0.0,True,163530.0,,,,,,,,,,,,,,,,,,,,4672.285714285715,4303.421052631579,4303.421052631579,,,,0,0,,0.0,,,,,0,0,,0.0,,,,,0,0,,0.0,,,,,0,0,,0.0,,,,,0,0,,0.0,,,,,0,0,,0.0,,,,,0,0,,0.0,,,,,0,0,,0.0,,,,,0,0,,0.0,
AL,2014,38,38,163530.0,0.0,20,0,3,0.0,0.0,,0.0,0.0,0.0,20,0,33,0.0,0.0,,0.0,0.0,,,,,,,,,,,,4303.421052631579,692.5,0.0,37650.0,8,0,38,0.0,False,no_complete_records,1.0,0.0,0.0,True,163530.0,,,,,,,,,,,,,,,,,,,,4303.421052631579,4303.421052631579,4303.421052631579,0.0,0.0,108815.0,30,30,0.0,0.7894736842105263,0.6654130740536904,,,,0,0,,0.0,,,,,0,0,,0.0,,,,,0,0,,0.0,,,,,0,0,,0.0,,,,,0,0,,0.0,,,,,0,0,,0.0,,,,,0,0,,0.0,,,,,0,0,,0.0,
AL,2015,40,40,146075.0,121040.0,36,0,5,0.0,70.0,85145.0,33295.0,2530.0,,0,0,0,,,,,,,,,,,,,,,0.0,0.0,3651.875,760.0,0.0,30470.0,8,7,40,0.175,False,low,1.0,0.0,0.0,True,146075.0,0.0005783212161269003,,,,0.7034451421017845,,,,0.2750743555849306,,,,0.020902181097157965,,,,,0.020902181097157965,,3651.875,3651.875,3651.875,,,,0,0,,0.0,,,,,0,0,,0.0,,,,,0,0,,0.0,,,,,0,0,,0.0,,,,,0,0,,0.0,,,,,0,0,,0.0,,,,,0,0,,0.0,,0.0,0.0,10185.0,16,16,0.0,0.4,0.0697244566147527,,,,0,0,,0.0,
AL,2016,40,40,139575.0,108010.0,30,0,2,0.0,340.0,77930.0,28055.0,1685.0,,0,0,0,,,,,,,,,,,,,,,0.0,0.0,3489.375,742.5,0.0,28395.0,8,11,40,0.275,False,low,1.0,0.0,0.0,True,139575.0,0.003147856679937043,,,,0.7215072678455698,,,,0.2597444681048051,,,,0.015600407369687992,,,,,0.015600407369687992,,3489.375,3489.375,3489.375,,,,0,0,,0.0,,,,,0,0,,0.0,,,,,0,0,,0.0,,,,,0,0,,0.0,,,,,0,0,,0.0,,,,,0,0,,0.0,,,,,0,0,,0.0,,0.0,0.0,9885.0,17,17,0.0,0.425,0.07082213863514239,,,,0,0,,0.0,
AL,2017,40,40,131833.0,131833.0,40,0,2,0.0,0.0,87757.0,42664.0,1412.0,2108.0,40,0,2,0.0,0.0,751.0,1096.0,261.0,,,,,,,,,,0.0,0.0,3295.825,905.0,0.0,26785.0,8,38,40,0.95,True,high,1.0,0.0,0.0,True,131833.0,0.0,0.0,0.0,,0.665667928363915,0.665667928363915,0.665667928363915,0.008557721891131192,0.3236215515083477,0.3236215515083477,0.3236215515083477,0.025689105569098068,0.010710520127737365,0.010710520127737365,0.010710520127737365,0.1848441926345609,0.010710520127737365,0.010710520127737365,0.010710520127737365,3295.825,3295.825,3295.825,0.015989926649624904,2108.0,131833.0,37,37,0.015989926649624904,0.925,1.0,,,,0,0,,0.0,,,,,0,0,,0.0,,,,,0,0,,0.0,,,,,0,0,,0.0,,,,,0,0,,0.0,,,,,0,0,,0.0,,0.0,0.0,12976.0,21,21,0.0,0.525,0.09842755607473092,,,,0,0,,0.0,
AL,2018,41,41,139043.0,139043.0,41,0,0,,4198.0,89231.0,43749.0,1865.0,2270.0,41,0,0,,15.0,713.0,1334.0,208.0,,,,,,,,,,0.0,0.0,3391.2926829268295,941.0,0.0,29460.0,8,41,41,1.0,True,high,1.0,0.0,0.0,True,139043.0,0.030192098847119236,0.030192098847119236,0.030192098847119236,0.0035731300619342545,0.6417511129650539,0.6417511129650539,0.6417511129650539,0.007990496576301957,0.31464367138223426,0.31464367138223426,0.31464367138223426,0.030492125534297927,0.013413116805592514,0.013413116805592514,0.013413116805592514,0.11152815013404825,0.013413116805592514,0.013413116805592514,0.013413116805592514,3391.2926829268295,3391.2926829268295,3391.2926829268295,0.016325884798227885,2270.0,139043.0,39,39,0.016325884798227885,0.9512195121951219,1.0,,,,0,0,,0.0,,,,,0,0,,0.0,,,,,0,0,,0.0,,,,,0,0,,0.0,,,,,0,0,,0.0,,,,,0,0,,0.0,,0.0,0.0,14096.0,23,23,0.0,0.5609756097560976,0.10137871018318075,,,,0,0,,0.0,
AL,2019,41,41,130264.0,130264.0,41,0,0,,5342.0,82669.0,40113.0,2140.0,2246.0,41,0,0,,22.0,666.0,1321.0,237.0,,,,,,,,,,0.0,0.0,3177.170731707317,957.0,0.0,28550.0,8,41,41,1.0,True,high,1.0,0.0,0.0,True,130264.0,0.04100902782042621,0.04100902782042621,0.04100902782042621,0.0041183077499064025,0.6346266044340724,0.6346266044340724,0.6346266044340724,0.008056224219477676,0.30793619111957254,0.30793619111957254,0.30793619111957254,0.032931967192680676,0.016428176625928884,0.016428176625928884,0.016428176625928884,0.11074766355140186,0.016428176625928884,0.016428176625928884,0.016428176625928884,3177.170731707317,3177.170731707317,3177.170731707317,0.01724190873917583,2246.0,130264.0,39,39,0.01724190873917583,0.9512195121951219,1.0,,,,0,0,,0.0,,,,,0,0,,0.0,,,,,0,0,,0.0,,,,,0,0,,0.0,,,,,0,0,,0.0,,,,,0,0,,0.0,,0.0,0.0,14265.0,23,23,0.0,0.5609756097560976,0.10950838297611006,,,,0,0,,0.0,
AL,2022,41,41,,,0,0,0,,,,,,,0,0,0,,,,,,,,,,,,,,,,,,,,,8,0,0,0.0,False,no_complete_records,0.0,0.0,0.0,True,,,,,,,,,,,,,,,,,,,,,,,,,,,0,0,,0.0,,,,,0,0,,0.0,,,,,0,0,,0.0,,,,,0,0,,0.0,,,,,0,0,,0.0,,,,,0,0,,0.0,,,,,0,0,,0.0,,,,,0,0,,0.0,,,,,0,0,,0.0,
AL,2023,40,40,,,0,0,0,,,,,,,0,0,0,,,,,,,,,,,,,,,,,,,,,8,0,0,0.0,False,no_complete_records,0.0,0.0,0.0,True,,,,,,,,,,,,,,,,,,,,,,,,,,,0,0,,0.0,,,,,0,0,,0.0,,,,,0,0,,0.0,,,,,0,0,,0.0,,,,,0,0,,0.0,,,,,0,0,,0.0,,,,,0,0,,0.0,,,,,0,0,,0.0,,,,,0,0,,0.0,
AT,2013,24,24,284145.0,211235.0,24,0,0,,4875.0,131725.0,50210.0,24425.0,70075.0,24,0,0,,1280.0,33490.0,15745.0,6905.0,21515.0,34725.0,13220.0,3735010228.33,3382272979.3170276,3460355958.4290004,3133557270.6707478,565257859.0500001,511874470.5195193,2055044000.0,1860964058.3542368,11839.375,5202.5,345.0,84125.0,9,24,24,1.0,True,high,1.0,0.0,0.0,True,284145.0,0.0230785617913698,0.0230785617913698,0.0230785617913698,0.26256410256410256,0.6235945747627051,0.6235945747627051,0.6235945747627051,0.25424179161131144,0.23769735129121594,0.23769735129121594,0.23769735129121594,0.31358295160326627,0.11562951215470921,0.11562951215470921,0.11562951215470921,0.2827021494370522,0.11562951215470921,0.11562951215470921,0.11562951215470921,11839.375,11839.375,11839.375,0.24661704411480054,70075.0,284145.0,24,24,0.24661704411480054,1.0,1.0,13.20683244248199,284145.0,21515.0,24,24,13.20683244248199,1.0,1.0,13144.733246511463,3735010228.33,282790.0,22,22,13207.71678040242,0.9166666666666666,0.9952313079589646,11903.3344923086,3382272979.3170276,282790.0,22,22,11960.369812641988,0.9166666666666666,0.9952313079589646,12178.134256907566,3460355958.4290004,282790.0,22,22,12236.48629169702,0.9166666666666666,0.9952313079589646,11028.021857399382,3133557270.6707478,282790.0,22,22,11080.863080981462,0.9166666666666666,0.9952313079589646,1801.45513917021,511874470.5195193,282790.0,22,22,1810.0868860975258,0.9166666666666666,0.9952313079589646,6549.3464898352495,1860964058.3542368,282790.0,22,22,6580.727954857798,0.9166666666666666,0.9952313079589646,0.5938822550882855,1860964058.3542368,3133557270.6707478,22,22,0.5938822550882855,0.9166666666666666,1.0
AT,2014,69,69,356895.0,289470.0,69,0,0,,9385.0,183460.0,72560.0,24065.0,82945.0,69,0,0,,1485.0,40090.0,22185.0,7135.0,30505.0,46160.0,15640.0,3807408440.52,3416340000.6460466,3545769114.98,3181574304.3599195,592531295.9599999,531670925.1572497,,,5172.391304347826,1765.0,60.0,84000.0,20,69,69,1.0,True,high,1.0,0.0,0.0,True,356895.0,0.032421321725912874,0.032421321725912874,0.032421321725912874,0.1582312200319659,0.6337789753687775,0.6337789753687775,0.6337789753687775,0.21852174861005125,0.25066500846374407,0.25066500846374407,0.25066500846374407,0.30574696802646084,0.08313469444156563,0.08313469444156563,0.08313469444156563,0.29648867650114274,0.08313469444156563,0.08313469444156563,0.08313469444156563,5172.391304347826,5172.391304347826,5172.391304347826,0.23240729065971785,82945.0,356895.0,69,69,0.23240729065971785,1.0,1.0,11.699557449598426,356895.0,30505.0,69,69,11.699557449598426,1.0,1.0,10668.147327701425,3807408440.52,283940.0,22,22,13409.20067803057,0.3188405797101449,0.7955841353899606,9572.395244108342,3416340000.6460466,283940.0,22,22,12031.908151884365,0.3188405797101449,0.7955841353899606,9935.048445565222,3545769114.98,283940.0,22,22,12487.74077262802,0.3188405797101449,0.7955841353899606,8914.594780985779,3181574304.3599195,283940.0,22,22,11205.093697118826,0.3188405797101449,0.7955841353899606,1489.7124508812108,531670925.1572497,283940.0,22,22,1872.4763159725635,0.3188405797101449,0.7955841353899606,,,,0,0,,0.0,,,,,0,0,,0.0,
AT,2015,69,69,362415.0,302470.0,69,0,0,,9335.0,192100.0,77525.0,23510.0,86430.0,69,0,0,,1495.0,42285.0,24460.0,7170.0,31540.0,46050.0,15920.0,3926521198.71,3534349750.4050555,3684750478.89,3316726505.805789,643429812.8199999,579165598.0593361,2158822000.0,1943204075.7543025,5252.391304347826,1805.0,100.0,85100.0,20,69,69,1.0,True,high,1.0,0.0,0.0,True,362415.0,0.030862564882467684,0.030862564882467684,0.030862564882467684,0.16014997321906801,0.6351043078652429,0.6351043078652429,0.6351043078652429,0.22011972930765225,0.2563064105531127,0.2563064105531127,0.2563064105531127,0.31551112544340537,0.07772671669917677,0.07772671669917677,0.07772671669917677,0.30497660569970225,0.07772671669917677,0.07772671669917677,0.07772671669917677,5252.391304347826,5252.391304347826,5252.391304347826,0.2384835064773809,86430.0,362415.0,69,69,0.2384835064773809,1.0,1.0,11.490646797717185,362415.0,31540.0,69,69,11.490646797717185,1.0,1.0,10834.323079094409,3926521198.71,286860.0,22,22,13687.935573833925,0.3188405797101449,0.7915235296552295,9752.217072706857,3534349750.4050555,286860.0,22,22,12320.817647650616,0.3188405797101449,0.7915235296552295,10167.212943421215,3684750478.89,286860.0,22,22,12845.117753921773,0.3188405797101449,0.7915235296552295,9151.736285213881,3316726505.805789,286860.0,22,22,11562.178434796726,0.3188405797101449,0.7915235296552295,1598.072922090245,579165598.0593361,286860.0,22,22,2018.9834694950014,0.3188405797101449,0.7915235296552295,5361.820221994957,1943204075.7543025,286860.0,22,22,6774.050323343452,0.3188405797101449,0.7915235296552295,0.5858801056863767,1943204075.7543025,3316726505.805789,22,22,0.5858801056863767,0.3188405797101449,1.0
AT,2016,69,69,362740.0,308770.0,69,0,0,,8575.0,195950.0,81375.0,22870.0,89300.0,69,0,0,,1200.0,44275.0,26265.0,7340.0,31765.0,46530.0,16065.0,4019123018.14,3593475808.610131,3741945335.52,3345652765.452188,665889331.81,595367993.0350038,,,5257.101449275362,1975.0,120.0,80885.0,20,69,69,1.0,True,high,1.0,0.0,0.0,True,362740.0,0.027771480389934256,0.027771480389934256,0.027771480389934256,0.13994169096209913,0.6346147617968066,0.6346147617968066,0.6346147617968066,0.22595049757591223,0.2635456812514169,0.2635456812514169,0.2635456812514169,0.32276497695852535,0.07406807656184215,0.07406807656184215,0.07406807656184215,0.3209444687363358,0.07406807656184215,0.07406807656184215,0.07406807656184215,5257.101449275362,5257.101449275362,5257.101449275362,0.24618183823124,89300.0,362740.0,69,69,0.24618183823124,1.0,1.0,11.41948685660318,362740.0,31765.0,69,69,11.41948685660318,1.0,1.0,11079.900254011138,4019123018.14,280670.0,22,22,14319.745673353047,0.3188405797101449,0.7737497932403374,9906.477941804407,3593475808.610131,280670.0,22,22,12803.205930844517,0.3188405797101449,0.7737497932403374,10315.778065611732,3741945335.52,280670.0,22,22,13332.18846160972,0.3188405797101449,0.7737497932403374,9223.28049140483,3345652765.452188,280670.0,22,22,11920.236453672242,0.3188405797101449,0.7737497932403374,1641.3078045845614,595367993.0350038,280670.0,22,22,2121.2384402857583,0.3188405797101449,0.7737497932403374,,,,0,0,,0.0,,,,,0,0,,0.0,
AT,2017,70,70,363616.25019841,313619.07651304797,70,0,0,,8939.708946611001,199208.897984893,85077.09606063597,20393.373520907997,92090.616233764,70,0,0,,1339.411904763,45979.012295046996,27799.546882689003,7028.356673881999,24167.562700000002,47659.248,17360.2394,3983896070.9400005,3530852399.5533133,3811716225.54,3378252630.518209,715749429.8599999,634355301.1672323,2296680.0,2035504.4269748563,5194.517859977286,1812.0207542455,149.2,78296.31176157799,20,70,70,1.0,True,high,1.0,0.0,0.0,True,363616.25019841,0.028504990978248317,0.028504990978248317,0.028504990978248317,0.14982723853339366,0.6351938160133094,0.6351938160133094,0.6351938160133094,0.230808024943413,0.27127525852878526,0.27127525852878526,0.27127525852878526,0.3267571199524225,0.06502593447965702,0.06502593447965702,0.06502593447965702,0.34463923620465653,0.06502593447965702,0.06502593447965702,0.06502593447965702,5194.517859977286,5194.517859977286,5194.517859977286,0.2532632031255865,92090.616233764,363616.25019841,70,70,0.2532632031255865,1.0,1.0,15.045631812860051,363616.25019841,24167.562700000002,70,70,15.045631812860051,1.0,1.0,10956.32021056858,3983896070.9400005,274542.25025970605,22,22,14511.049090518465,0.3142857142857143,0.7550329505623029,9710.381198933426,3530852399.5533133,274542.25025970605,22,22,12860.870762927263,0.3142857142857143,0.7550329505623029,10482.799444359562,3811716225.54,274542.25025970605,22,22,13883.89663862035,0.3142857142857143,0.7550329505623029,9290.708621176416,3378252630.518209,274542.25025970605,22,22,12305.037302355162,0.3142857142857143,0.7550329505623029,1744.5735739838124,634355301.1672323,274542.25025970605,22,22,2310.592633983139,0.3142857142857143,0.7550329505623029,5.5979468075592544,2035504.4269748563,274542.25025970605,22,22,7.414175505042849,0.3142857142857143,0.7550329505623029,0.000602531737439251,2035504.4269748563,3378252630.518209,22,22,0.000602531737439251,0.3142857142857143,1.0
AT,2018,70,70,357628.380952383,312144.745958078,70,0,0,,8678.858369406002,197156.90499329197,86943.75495080299,19365.227644577,92528.915860601,70,0,0,,1363.809523807,45897.208528448005,28697.335558435996,7017.602020202001,24910.1488,49048.42360000001,17831.4248,4177365546.2099996,3701074295.165191,4013778356.619999,3556138848.239995,749324891.14,663889013.9365106,,,5108.976870748328,1804.8369544875,142.366666667,79542.14215751398,20,70,70,1.0,True,high,1.0,0.0,0.0,True,357628.380952383,0.027803954677397002,0.027803954677397002,0.027803954677397002,0.1571415808114336,0.6316201299116877,0.6316201299116877,0.6316201299116877,0.23279533897131122,0.2785366599202019,0.2785366599202019,0.2785366599202019,0.3300678188407476,0.062039255490713305,0.062039255490713305,0.062039255490713305,0.36238159184083724,0.062039255490713305,0.062039255490713305,0.062039255490713305,5108.976870748328,5108.976870748328,5108.976870748328,0.25872923064492725,92528.915860601,357628.380952383,70,70,0.25872923064492725,1.0,1.0,14.356734029319929,357628.380952383,24910.1488,70,70,14.356734029319929,1.0,1.0,11680.743947349642,4177365546.2099996,270116.978084856,22,22,15465.023990079215,0.3142857142857143,0.7553007324684927,10348.938988871738,3701074295.165191,270116.978084856,22,22,13701.74626343745,0.3142857142857143,0.7553007324684927,11223.321666840586,4013778356.619999,270116.978084856,22,22,14859.40789460146,0.3142857142857143,0.7553007324684927,9943.67068622969,3556138848.239995,270116.978084856,22,22,13165.180780020612,0.3142857142857143,0.7553007324684927,1856.365571906065,663889013.9365106,270116.978084856,22,22,2457.783359800334,0.3142857142857143,0.7553007324684927,,,,0,0,,0.0,,,,,0,0,,0.0,
AT,2019,72,72,357818.26190475497,315859.62807304796,72,0,0,,8412.762467107,196225.853101781,92210.827597401,19010.184906759,94804.289199993,72,0,0,,1330.259523808,46566.339875476,30481.517212119004,7111.618686866001,22500.688446,47096.83534600001,18100.5238,4329073201.130001,3813388653.515147,4201726005.1899996,3701211212.8731627,781454216.2700001,688366424.6628437,2440957.0,2150187.186737489,4969.698082010486,1886.719233128,14.833333333,78419.22915227301,20,72,72,1.0,True,high,1.0,0.0,0.0,True,357818.26190475497,0.02663449747734587,0.02663449747734587,0.02663449747734587,0.15812398472073497,0.6212438553761622,0.6212438553761622,0.6212438553761622,0.23730991171342933,0.2919360988295588,0.2919360988295588,0.2919360988295588,0.3305633189326037,0.06018554831693327,0.06018554831693327,0.06018554831693327,0.3740951874874973,0.06018554831693327,0.06018554831693327,0.06018554831693327,4969.698082010485,4969.698082010485,4969.698082010485,0.2649509521826146,94804.289199993,357818.26190475497,72,72,0.2649509521826146,1.0,1.0,15.902547282652819,357818.26190475497,22500.688446,72,72,15.902547282652819,1.0,1.0,12098.52503917848,4329073201.130001,265198.086655463,22,22,16323.923206709243,0.3055555555555556,0.7411530234475683,10657.33379066663,3813388653.515147,265198.086655463,22,22,14379.39730865925,0.3055555555555556,0.7411530234475683,11742.625943190194,4201726005.1899996,265198.086655463,22,22,15843.726695693511,0.3055555555555556,0.7411530234475683,10343.829834650422,3701211212.8731627,265198.086655463,22,22,13956.402399243778,0.3055555555555556,0.7411530234475683,1923.7878497271192,688366424.6628437,265198.086655463,22,22,2595.6688954439846,0.3055555555555556,0.7411530234475683,6.009160000083594,2150187.186737489,265198.086655463,22,22,8.107853317701137,0.3055555555555556,0.7411530234475683,0.000580941498085528,2150187.186737489,3701211212.8731627,22,22,0.000580941498085528,0.3055555555555556,1.0
AT,2020,73,73,372918.84999998996,332987.375796403,73,0,0,,8829.132814405999,203198.652537261,101544.78057405198,19414.809870684,102025.25394999201,73,0,0,,1371.309523808,49060.805828295,34579.850770777,7764.988383837,23464.2828,49172.65580000001,18944.1316,4429607399.85,3882725511.548407,4283403575.2400002,3754572095.577859,758591369.8900001,664935241.1710566,,,5108.477397260136,1872.083333333,63.5,80603.22638979499,20,73,73,1.0,True,high,1.0,0.0,0.0,True,372918.84999998996,0.02651491754992044,0.02651491754992044,0.02651491754992044,0.15531644529919308,0.6102292978863615,0.6102292978863615,0.6102292978863615,0.24144257462188934,0.30495084184854826,0.30495084184854826,0.30495084184854826,0.3405379437061217,0.05830494271516981,0.05830494271516981,0.05830494271516981,0.3999518118156793,0.05830494271516981,0.05830494271516981,0.05830494271516981,5108.477397260136,5108.477397260136,5108.477397260136,0.27358567138666967,102025.25394999201,372918.84999998996,73,73,0.27358567138666967,1.0,1.0,15.893042765406406,372918.84999998996,23464.2828,73,73,15.893042765406406,1.0,1.0,11878.20728249623,4429607399.85,271544.2486269611,22,22,16312.654096884427,0.3013698630136986,0.7281590850850483,10411.716950077776,3882725511.548407,271544.2486269611,22,22,14298.684399250056,0.3013698630136986,0.7281590850850483,11486.154629191084,4283403575.2400002,271544.2486269611,22,22,15774.237889031503,0.3013698630136986,0.7281590850850483,10068.067343814773,3754572095.577859,271544.2486269611,22,22,13826.741367429113,0.3013698630136986,0.7281590850850483,1783.0561291580582,664935241.1710566,271544.2486269611,22,22,2448.7178223558094,0.3013698630136986,0.7281590850850483,,,,0,0,,0.0,,,,,0,0,,0.0,
AT,2021,73,73,374179.787698408,337709.916140474,73,0,0,,9438.198748469,199410.20069917702,108886.09124964,19975.425443188,107121.64985908601,73,0,0,,1681.783333331,49771.383188481,38335.244777561005,8416.449999998,24153.603666666666,50596.263166666664,19422.2472,4731879373.9,4190136611.4107094,4496352412.799999,3981574629.0146914,856767008.9700001,758677584.1192256,2720703.0,2409215.524798767,5125.750516416548,1976.986567569,124.7,79109.638151553,20,73,73,1.0,True,high,1.0,0.0,0.0,True,374179.787698408,0.027947650623747402,0.027947650623747402,0.027947650623747402,0.17818901446674953,0.5904777774314162,0.5904777774314162,0.5904777774314162,0.24959296472282427,0.3224249157207089,0.3224249157207089,0.3224249157207089,0.35206741593534563,0.059149656224127614,0.059149656224127614,0.059149656224127614,0.42134021244930076,0.059149656224127614,0.059149656224127614,0.059149656224127614,5125.750516416548,5125.750516416548,5125.750516416548,0.28628390250043906,107121.64985908601,374179.787698408,73,73,0.28628390250043906,1.0,1.0,15.491675398102073,374179.787698408,24153.603666666666,73,73,15.491675398102073,1.0,1.0,12646.004753506177,4731879373.9,266569.69075909,22,22,17751.00297571487,0.3013698630136986,0.7124107167807454,11198.190680432996,4190136611.4107094,266569.69075909,22,22,15718.728560170437,0.3013698630136986,0.7124107167807454,12016.556106510212,4496352412.799999,266569.69075909,22,22,16867.455561043276,0.3013698630136986,0.7124107167807454,10640.806264564651,3981574629.0146914,266569.69075909,22,22,14936.336601796955,0.3013698630136986,0.7124107167807454,2027.575002877296,758677584.1192256,266569.69075909,22,22,2846.0759434382726,0.3013698630136986,0.7124107167807454,6.43865757586194,2409215.524798767,266569.69075909,22,22,9.037844917545687,0.3013698630136986,0.7124107167807454,0.0006050911383758161,2409215.524798767,3981574629.0146914,22,22,0.0006050911383758161,0.3013698630136986,1.0
AT,2022,74,74,372900.51428570005,337675.751310123,74,0,0,,9875.484163056,194433.307367417,113403.96179468,19962.99798497,109661.81367575201,74,0,0,,1699.583333332,49665.90370989699,40896.749483618005,8702.957575759001,23825.4962,50870.15640000001,19822.151100000003,4886550764.299999,4387436040.349806,4712638863.12,4231287587.2001147,881961339.8,791877370.1695158,,,5039.196138995946,2100.5229064325,60.0,75040.782939129,20,74,74,1.0,True,high,1.0,0.0,0.0,True,372900.51428570005,0.02924546439814184,0.02924546439814184,0.02924546439814184,0.17210126665891573,0.5757988443441665,0.5757988443441665,0.5757988443441665,0.2554392782921923,0.3358368534154212,0.3358368534154212,0.3358368534154212,0.3606289307393188,0.05911883784227043,0.05911883784227043,0.05911883784227043,0.4359544384220945,0.05911883784227043,0.05911883784227043,0.05911883784227043,5039.196138995947,5039.196138995947,5039.196138995947,0.29407793627158674,109661.81367575201,372900.51428570005,74,74,0.29407793627158674,1.0,1.0,15.651322060847573,372900.51428570005,23825.4962,74,74,15.651322060847573,1.0,1.0,13104.167404167585,4886550764.299999,262209.020883563,22,22,18636.08943671671,0.2972972972972973,0.7031607917887448,11765.701232013707,4387436040.349806,262209.020883563,22,22,16732.589998488646,0.2972972972972973,0.7031607917887448,12637.791267590965,4712638863.12,262209.020883563,22,22,17972.832693703178,0.2972972972972973,0.7031607917887448,11346.960985841622,4231287587.2001147,262209.020883563,22,22,16137.078628881605,0.2972972972972973,0.7031607917887448,2123.562022129082,791877370.1695158,262209.020883563,22,22,3020.023367240132,0.2972972972972973,0.7031607917887448,,,,0,0,,0.0,,,,,0,0,,0.0,
AT,2023,76,76,380064.1666666621,346009.66724553605,76,0,0,,10356.093253967998,193700.354421351,121856.28038107402,20096.939189143,116611.60677499001,76,0,0,,1781.999999996,51625.387914770996,45720.689366447,9084.022222218999,23552.238299999997,51692.7867,20811.4764,5342004968.299999,4735400202.375676,5235187395.0599985,4640712166.52779,964518600.62,854993884.0705609,3173664.0,2813282.5104157436,5000.844298245553,1926.2061452995,56.5,74617.35040465699,20,76,76,1.0,True,high,1.0,0.0,0.0,True,380064.1666666621,0.029930069111679145,0.029930069111679145,0.029930069111679145,0.17207261042316477,0.5598119727790639,0.5598119727790639,0.5598119727790639,0.2665219073501111,0.3521759416467463,0.3521759416467463,0.3521759416467463,0.375201747693819,0.05808201646251048,0.05808201646251048,0.05808201646251048,0.4520102358236957,0.05808201646251048,0.05808201646251048,0.05808201646251048,5000.844298245554,5000.844298245554,5000.844298245554,0.30682083974852864,116611.60677499001,380064.1666666621,76,76,0.30682083974852864,1.0,1.0,16.13707206192212,380064.1666666621,23552.238299999997,76,76,16.13707206192212,1.0,1.0,14055.534398709156,5342004968.299999,262060.704997966,22,22,20384.608857483847,0.2894736842105263,0.6895170026060577,12459.47557726191,4735400202.375676,262060.704997966,22,22,18069.859815161642,0.2894736842105263,0.6895170026060577,13774.48298000573,5235187395.0599985,262060.704997966,22,22,19977.00263799806,0.2894736842105263,0.6895170026060577,12210.338604738707,4640712166.52779,262060.704997966,22,22,17708.538815706113,0.2894736842105263,0.6895170026060577,2249.6040381003327,854993884.0705609,262060.704997966,22,22,3262.5795007198694,0.2894736842105263,0.6895170026060577,7.402125107161583,2813282.5104157436,262060.704997966,22,22,10.735232168583149,0.2894736842105263,0.6895170026060577,0.0006062178410260378,2813282.5104157436,4640712166.52779,22,22,0.0006062178410260378,0.2894736842105263,1.0
BE,2014,65,65,245180.0,245195.0,23,0,0,,0.0,183605.0,49965.0,11625.0,21665.0,23,0,0,,0.0,10110.0,7395.0,4180.0,23425.0,33240.0,9815.0,2980523927.86,2669643896.152985,2658103935.39,2380853540.588473,868293164.76,777726870.6704288,,,10660.0,7290.0,620.0,50445.0,21,23,23,0.35384615384615387,False,low,0.35384615384615387,0.0,0.0,True,245180.0,0.0,,,,0.7488121699055853,,,0.055063859916668935,0.2037765859825853,,,0.14800360252176523,0.04741124411182936,,,0.35956989247311827,,0.04741124411182936,,10660.0,3772.0,3772.0,0.08836365119504037,21665.0,245180.0,23,23,0.08836365119504037,0.35384615384615387,1.0,10.466595517609392,243335.0,23425.0,22,22,10.387833511205976,0.3384615384615385,1.0,12156.472501264378,2980523927.86,243335.0,22,22,12248.644575831673,0.3384615384615385,0.9924749163879598,10888.5059799045,2669643896.152985,243335.0,22,22,10971.06415498381,0.3384615384615385,0.9924749163879598,10841.438679296843,2658103935.3900003,243335.0,22,22,10923.639983520663,0.3384615384615385,0.9924749163879598,9710.635209187018,2380853540.588472,243335.0,22,22,9784.26260335945,0.3384615384615385,0.9924749163879598,3172.064893834851,777726870.6704288,243335.0,22,22,3196.115933467971,0.3384615384615385,0.9924749163879598,,,,0,0,,0.0,,,,,0,0,,0.0,
BE,2015,64,64,249010.0,249015.0,22,0,0,,0.0,186485.0,49710.0,12820.0,23975.0,22,0,0,,0.0,10875.0,7910.0,5180.0,23380.0,33305.0,9935.0,3071408124.45,2760543339.040634,2744734580.0699997,2466933229.136894,981828288.86,882455028.1410377,,,11318.636363636364,8070.0,680.0,50385.0,21,22,22,0.34375,False,low,0.34375,0.0,0.0,True,249010.0,0.0,,,,0.7488906290785695,,,0.05831568222645253,0.19962652852237817,,,0.15912291289478978,0.051482842399052264,,,0.4040561622464899,,0.051482842399052264,,11318.636363636364,3890.78125,3890.78125,0.09628127384442392,23975.0,249010.0,22,22,0.09628127384442392,0.34375,1.0,10.650556030795551,247170.0,23380.0,21,21,10.571856287425149,0.328125,1.0,12334.477026826231,3071408124.4500003,247170.0,21,21,12426.298193348708,0.328125,0.9926107385245573,11086.074210034272,2760543339.0406346,247170.0,21,21,11168.601930010254,0.328125,0.9926107385245573,11022.587767840647,2744734580.07,247170.0,21,21,11104.642877655057,0.328125,0.9926107385245573,9906.964495951544,2466933229.136894,247170.0,21,21,9980.714605886209,0.328125,0.9926107385245573,3543.8537735072396,882455028.141038,247170.0,21,21,3570.235174742234,0.328125,0.9926107385245573,,,,0,0,,0.0,,,,,0,0,,0.0,
BE,2016,63,63,242920.0,242935.0,22,0,0,,0.0,181600.0,49075.0,12260.0,21555.0,22,0,0,,0.0,9710.0,6915.0,4930.0,23570.0,33755.0,10190.0,3119534017.04,2774571537.7513714,2788881367.77,2480482925.6268177,971360333.45,863945935.3125862,,,11041.818181818182,7872.5,585.0,49395.0,21,22,22,0.3492063492063492,False,low,0.3492063492063492,0.0,0.0,True,242920.0,0.0,,,,0.7475250581431248,,,0.05346916299559471,0.20200876777738902,,,0.14090677534386142,0.05046617407948628,,,0.40212071778140296,,0.05046617407948628,,11041.818181818182,3855.873015873016,3855.873015873016,0.08873291618639881,21555.0,242920.0,22,22,0.08873291618639881,0.3492063492063492,1.0,10.306321595248196,242920.0,23570.0,22,22,10.306321595248196,0.3492063492063492,1.0,12841.816305944343,3119534017.04,241235.0,21,21,12931.514983480838,0.3333333333333333,0.9930635600197596,11421.750114240784,2774571537.7513714,241235.0,21,21,11501.529785277307,0.3333333333333333,0.9930635600197596,11480.65769706076,2788881367.77,241235.0,21,21,11560.848831098307,0.3333333333333333,0.9930635600197596,10211.110347549884,2480482925.6268177,241235.0,21,21,10282.433832681068,0.3333333333333333,0.9930635600197596,3556.5039326222054,863945935.3125861,241235.0,21,21,3581.345722273244,0.3333333333333333,0.9930635600197596,,,,0,0,,0.0,,,,,0,0,,0.0,
BE,2017,149,149,451413.0,451413.0,63,0,0,,0.0,333025.0,98408.0,19980.0,66278.0,63,0,0,,0.0,37623.0,19832.0,8823.0,26123.9963,43270.3842,14933.8189,3193176466.99,2827771795.566852,2879254294.2500005,2549772669.851756,976303174.93,864581901.6046474,0.0,0.0,7165.285714285715,4257.0,55.0,50708.0,59,63,63,0.4228187919463087,False,low,0.4228187919463087,0.0,0.0,True,451413.0,0.0,,,,0.737739054923097,,,0.11297350048795135,0.21799992468094628,,,0.20152833102999756,0.044261020395956696,,,0.4415915915915916,,0.044261020395956696,,7165.285714285715,3029.6174496644294,3029.6174496644294,0.14682341890906997,66278.0,451413.0,63,63,0.14682341890906997,0.4228187919463087,1.0,17.27963037569409,350763.0,26123.996299999995,27,27,13.426850776272698,0.18120805369127516,0.9999999999999999,7073.736172839505,3193176466.9900007,251439.0,21,21,12699.606930468228,0.14093959731543623,0.5570043397066544,6264.267523458235,2827771795.566851,251439.0,21,21,11246.353173401307,0.14093959731543623,0.5570043397066544,6378.314967114373,2879254294.25,251439.0,21,21,11451.104618814106,0.14093959731543623,0.5570043397066544,5648.4254327007775,2549772669.851756,251439.0,21,21,10140.720691109002,0.14093959731543623,0.5570043397066544,1915.2791381830993,864581901.6046475,251439.0,21,21,3438.535396675327,0.14093959731543623,0.5570043397066544,0.0,0.0,98917.0,35,35,0.0,0.2348993288590604,0.219127495220563,0.0,,,0,0,,0.0,
BE,2018,149,149,456054.0,456054.0,63,0,0,,0.0,334499.0,100943.0,20612.0,68351.0,63,0,0,,0.0,38172.0,20654.0,9525.0,26585.215299999996,44238.2001,15420.662999999999,3365909717.3999996,2978233113.071485,3033892718.6099997,2684456956.5729055,1065291316.3000001,942593871.9838611,0.0,0.0,7238.952380952381,4036.0,53.0,51463.0,59,63,63,0.4228187919463087,False,low,0.4228187919463087,0.0,0.0,True,456054.0,0.0,,,,0.7334635810671544,,,0.11411693308500175,0.22134001675240214,,,0.2046105227702763,0.045196402180443546,,,0.4621094508053561,,0.045196402180443546,,7238.952380952381,3060.7651006711408,3060.7651006711408,0.1498747955285997,68351.0,456054.0,63,63,0.1498747955285997,0.4228187919463087,1.0,17.154421916605656,355293.0,26585.215299999996,27,27,13.3643077925346,0.18120805369127516,1.0,7380.506951808337,3365909717.4,253310.0,21,21,13287.709594567921,0.14093959731543623,0.5554386103400036,6530.439625727403,2978233113.071485,253310.0,21,21,11757.266247173366,0.14093959731543623,0.5554386103400036,6652.485711363127,3033892718.61,253310.0,21,21,11976.995454620821,0.14093959731543623,0.5554386103400036,5886.269951744543,2684456956.5729046,253310.0,21,21,10597.516705115884,0.14093959731543623,0.5554386103400036,2066.847066320789,942593871.9838611,253310.0,21,21,3721.108017780037,0.14093959731543623,0.5554386103400036,0.0,0.0,99123.0,35,35,0.0,0.2348993288590604,0.21734926127169152,0.0,,,0,0,,0.0,
BE,2019,149,149,474766.0,474766.0,63,0,0,,9434.0,337313.0,106541.0,21478.0,72590.0,63,0,0,,785.0,39094.0,22561.0,10150.0,27686.967800000006,45992.6867,15973.3762,3545083564.0088205,3133415443.095,3209565078.8500004,2836858596.448585,1170937523.2900002,1034963958.4312963,0.0,0.0,7535.9682539682535,4471.0,54.0,53173.0,59,63,63,0.4228187919463087,False,low,0.4228187919463087,0.0,0.0,True,474766.0,0.01987084163566894,,,0.08320966716133135,0.710482637762603,,,0.11589829031196544,0.2244073922732462,,,0.2117588533991609,0.04523912832848182,,,0.4725765899990688,,0.04523912832848182,,7535.9682539682535,3186.3489932885905,3186.3489932885905,0.15289637421382324,72590.0,474766.0,63,63,0.15289637421382324,0.4228187919463087,1.0,17.14763434658236,373091.0,27686.967800000002,27,27,13.475328995759513,0.18120805369127516,0.9999999999999999,7467.012305027783,3545083564.0088205,267362.0,21,21,13259.489246821988,0.14093959731543623,0.5631447913287809,6599.9154174793475,3133415443.095,267362.0,21,21,11719.748666957159,0.14093959731543623,0.5631447913287809,6760.309455289554,3209565078.85,267362.0,21,21,12004.56713687809,0.14093959731543623,0.5631447913287809,5975.277497648494,2836858596.4485855,267362.0,21,21,10610.552720463587,0.14093959731543623,0.5631447913287809,2179.945401379409,1034963958.4312962,267362.0,21,21,3871.0211564519127,0.14093959731543623,0.5631447913287809,0.0,0.0,100002.0,35,35,0.0,0.2348993288590604,0.21063429141935186,0.0,,,0,0,,0.0,
BE,2020,149,149,500402.0,500402.0,63,0,0,,15692.0,349577.0,113227.0,21906.0,77994.0,63,0,0,,1291.0,42357.0,23910.0,10436.0,15228.060000000001,38406.21,11866.73,3840304324.36,3425570503.5011196,3272461000.0,2919051441.9260173,1308662497.26,1167333437.9298348,0.0,0.0,7942.888888888889,4498.0,53.0,54958.0,59,63,63,0.4228187919463087,False,low,0.4228187919463087,0.0,0.0,True,500402.0,0.031358787534822005,,,0.08227122100433341,0.6985923317652607,,,0.12116643829542562,0.2262720772498911,,,0.21116871417594743,0.04377680345002618,,,0.47639916004747557,,0.04377680345002618,,7942.888888888889,3358.4026845637586,3358.4026845637586,0.1558626864001343,77994.0,500402.0,63,63,0.1558626864001343,0.4228187919463087,1.0,32.86052195749163,282340.0,15228.060000000001,21,21,18.540772757659216,0.14093959731543623,1.0,7674.438400246202,3840304324.36,282340.0,21,21,13601.701226747893,0.14093959731543623,0.564226362004948,6845.63711476197,3425570503.5011196,282340.0,21,21,12132.784952543458,0.14093959731543623,0.564226362004948,6539.664110055515,3272461000.0,282340.0,21,21,11590.49727279167,0.14093959731543623,0.564226362004948,5833.412819944799,2919051441.9260173,282340.0,21,21,10338.781050952814,0.14093959731543623,0.564226362004948,2332.791311645107,1167333437.929835,282340.0,21,21,4134.495423708419,0.14093959731543623,0.564226362004948,0.0,0.0,102767.0,35,35,0.0,0.2348993288590604,0.20536888341773216,0.0,,,0,0,,0.0,
BE,2021,148,148,512080.0,512080.0,63,0,0,,18867.0,354269.0,117962.0,20982.0,82559.0,63,0,0,,1556.0,45061.0,25741.0,10201.0,15403.21,39383.91,12230.25,4005291653.4,3548871313.739911,3562933699.9300003,3156921965.896103,950937462.7700001,842574018.2791221,0.0,0.0,8128.253968253968,4611.0,50.0,56631.0,59,63,63,0.42567567567567566,False,low,0.42567567567567566,0.0,0.0,True,512080.0,0.03684385252304327,,,0.08247204113001537,0.6918235431963755,,,0.1271943071507809,0.23035853772847992,,,0.21821434021125447,0.040974066552101236,,,0.4861786293013059,,0.040974066552101236,,8128.253968253968,3460.0,3460.0,0.16122285580378065,82559.0,512080.0,63,63,0.16122285580378065,0.42567567567567566,1.0,33.24501840850057,290384.0,15403.21,21,21,18.852174319508727,0.14189189189189189,1.0,7821.613133494767,4005291653.4,290384.0,21,21,13793.08657983911,0.14189189189189189,0.5670676456803625,6930.306424269472,3548871313.7399106,290384.0,21,21,12221.304595776319,0.14189189189189189,0.5670676456803625,6957.76773146774,3562933699.930001,290384.0,21,21,12269.731458792498,0.14189189189189189,0.5670676456803625,6164.899949023791,3156921965.8961024,290384.0,21,21,10871.542391785024,0.14189189189189189,0.5670676456803625,1645.3952864379044,842574018.2791224,290384.0,21,21,2901.585549751785,0.14189189189189189,0.5670676456803625,0.0,0.0,103590.0,35,35,0.0,0.23648648648648649,0.20229261052960476,0.0,,,0,0,,0.0,
BE,2022,144,144,395960.0,395960.0,57,0,0,,21055.0,288525.0,70625.0,15755.0,57415.0,57,0,0,,1780.0,34075.0,13685.0,7885.0,15665.0,40185.0,12605.0,4449898953.02,3934655778.787745,4213674538.56,3725783225.2177377,1118187967.27,988715652.5664265,0.0,0.0,6946.666666666667,3815.0,45.0,57250.0,56,57,57,0.3958333333333333,False,low,0.3958333333333333,0.0,0.0,True,395960.0,0.05317456308718052,,,0.08454048919496557,0.7286720880897061,,,0.11810068451607313,0.178363976159208,,,0.19376991150442477,0.03978937266390545,,,0.5004760393525864,,0.03978937266390545,,6946.666666666667,2749.722222222222,2749.722222222222,0.14500202040610163,57415.0,395960.0,57,57,0.14500202040610163,0.3958333333333333,1.0,25.276731567187998,292860.0,15665.0,21,21,18.695180338333866,0.14583333333333334,1.0,11238.253745378322,4449898953.0199995,292860.0,21,21,15194.628672471486,0.14583333333333334,0.7396201636528942,9937.00317907805,3934655778.787745,292860.0,21,21,13435.278900456686,0.14583333333333334,0.7396201636528942,10641.667184968179,4213674538.56,292860.0,21,21,14388.016590043024,0.14583333333333334,0.7396201636528942,9409.493951959132,3725783225.2177386,292860.0,21,21,12722.062505011741,0.14583333333333334,0.7396201636528942,2497.008921523453,988715652.5664266,292860.0,21,21,3376.0692910142275,0.14583333333333334,0.7396201636528942,0.0,0.0,101270.0,35,35,0.0,0.24305555555555555,0.2557581573896353,0.0,,,0,0,,0.0,
BE,2023,143,143,399445.0,399420.0,57,0,5,0.0,23410.0,291060.0,68815.0,16135.0,58295.0,57,0,5,0.0,2015.0,34755.0,13475.0,8045.0,15745.0,40505.0,12840.0,4848964913.111165,4305483705.025763,4312974681.379999,3829568277.6875057,1164134142.5500002,1033655774.17579,0.0,0.0,6442.6612903225805,2907.5,0.0,56795.0,56,57,62,0.3986013986013986,False,low,0.43356643356643354,0.0,0.0,True,399445.0,0.05860998447749236,,,0.08607432721059376,0.7287066246056783,,,0.11940836940836941,0.17228731660908317,,,0.1958148659449248,0.040396074307746235,,,0.49860551595909514,,0.040396074307746235,,6442.6612903225805,2793.3216783216785,2793.3216783216785,0.14593999173853722,58295.0,399445.0,57,57,0.14593999173853722,0.3986013986013986,1.0,25.369641155922515,297665.0,15745.0,21,21,18.905366783105748,0.14685314685314685,1.0,12139.255499783863,4848964913.111164,297665.0,21,21,16290.006930983367,0.14685314685314685,0.7451964600883726,10778.664659779852,4305483705.025763,297665.0,21,21,14464.191977645214,0.14685314685314685,0.7451964600883726,10797.418121093015,4312974681.380001,297665.0,21,21,14489.357772596715,0.14685314685314685,0.7451964600883726,9587.222966084206,3829568277.687506,297665.0,21,21,12865.363000982668,0.14685314685314685,0.7451964600883726,2587.729910690558,1033655774.17579,297665.0,21,21,3472.547239936808,0.14685314685314685,0.7451964600883726,0.0,0.0,99855.0,35,35,0.0,0.24475524475524477,0.24998435329019014,0.0,,,0,0,,0.0,
BG,2014,52,52,278375.0,246510.0,52,0,0,,0.0,186430.0,53730.0,6350.0,11835.0,52,0,0,,0.0,4760.0,800.0,345.0,18110.0,28705.0,10635.0,,,,,,,0.0,0.0,5353.365384615385,3602.5,65.0,24630.0,14,52,52,1.0,True,high,1.0,0.0,0.0,True,278375.0,0.0,0.0,0.0,,0.7562776357957081,0.7562776357957081,0.7562776357957081,0.02553237139945288,0.21796276013143484,0.21796276013143484,0.21796276013143484,0.0148892611204169,0.025759604072857083,0.025759604072857083,0.025759604072857083,0.05433070866141732,0.025759604072857083,0.025759604072857083,0.025759604072857083,5353.365384615385,5353.365384615385,5353.365384615385,0.042514593623709025,11835.0,278375.0,52,52,0.042514593623709025,1.0,1.0,15.371341800110436,277695.0,18110.0,51,51,15.333793484262838,0.9807692307692307,1.0,,,,0,0,,0.0,,,,,0,0,,0.0,,,,,0,0,,0.0,,,,,0,0,,0.0,,,,,0,0,,0.0,,0.0,0.0,16805.0,11,11,0.0,0.21153846153846154,0.06036820835204311,,,,0,0,,0.0,
BG,2015,52,52,266115.0,233875.0,52,0,0,,0.0,178045.0,49355.0,6475.0,12090.0,52,0,0,,0.0,4350.0,770.0,460.0,17710.0,28090.0,10410.0,,,,,,,0.0,0.0,5117.596153846154,3342.5,55.0,24315.0,14,52,52,1.0,True,high,1.0,0.0,0.0,True,266115.0,0.0,0.0,0.0,,0.761282736504543,0.761282736504543,0.761282736504543,0.02443202561150271,0.21103153393907,0.21103153393907,0.21103153393907,0.01560125620504508,0.02768572955638696,0.02768572955638696,0.02768572955638696,0.07104247104247104,0.02768572955638696,0.02768572955638696,0.02768572955638696,5117.596153846154,5117.596153846154,5117.596153846154,0.04543148638746407,12090.0,266115.0,52,52,0.04543148638746407,1.0,1.0,15.026256352343308,265450.0,17710.0,51,51,14.988706945228685,0.9807692307692307,1.0,,,,0,0,,0.0,,,,,0,0,,0.0,,,,,0,0,,0.0,,,,,0,0,,0.0,,,,,0,0,,0.0,,0.0,0.0,14930.0,11,11,0.0,0.21153846153846154,0.05610356424853916,,,,0,0,,0.0,
BG,2016,52,52,249290.0,215965.0,52,0,0,,0.0,165230.0,44285.0,6450.0,13650.0,52,0,0,,0.0,4350.0,855.0,495.0,17255.0,27715.0,10445.0,,,,,,,0.0,0.0,4794.038461538462,3087.5,40.0,23585.0,14,52,52,1.0,True,high,1.0,0.0,0.0,True,249290.0,0.0,0.0,0.0,,0.7650776746232029,0.7650776746232029,0.7650776746232029,0.026326938207347335,0.20505637487555853,0.20505637487555853,0.20505637487555853,0.01930676301230665,0.029865950501238626,0.029865950501238626,0.029865950501238626,0.07674418604651163,0.029865950501238626,0.029865950501238626,0.029865950501238626,4794.038461538462,4794.038461538462,4794.038461538462,0.05475550563600626,13650.0,249290.0,52,52,0.05475550563600626,1.0,1.0,14.447406548826427,248675.0,17255.0,51,51,14.411764705882353,0.9807692307692307,1.0,,,,0,0,,0.0,,,,,0,0,,0.0,,,,,0,0,,0.0,,,,,0,0,,0.0,,,,,0,0,,0.0,,0.0,0.0,11980.0,10,10,0.0,0.19230769230769232,0.04805648040434835,,,,0,0,,0.0,
BG,2017,52,52,235716.0,201789.0,52,0,0,,0.0,154750.0,40745.0,6294.0,15035.0,52,0,0,,0.0,4536.0,799.0,528.0,,,,,,,,,,0.0,0.0,4533.0,2830.5,52.0,23120.0,14,52,52,1.0,True,high,1.0,0.0,0.0,True,235716.0,0.0,0.0,0.0,,0.7668901674521406,0.7668901674521406,0.7668901674521406,0.029311793214862682,0.2019188360118738,0.2019188360118738,0.2019188360118738,0.019609768069701803,0.03119099653598561,0.03119099653598561,0.03119099653598561,0.08388941849380362,0.03119099653598561,0.03119099653598561,0.03119099653598561,4533.0,4533.0,4533.0,0.06378438459841504,15035.0,235716.0,52,52,0.06378438459841504,1.0,1.0,,,,0,0,,0.0,,,,,0,0,,0.0,,,,,0,0,,0.0,,,,,0,0,,0.0,,,,,0,0,,0.0,,,,,0,0,,0.0,,0.0,0.0,6504.0,9,9,0.0,0.17307692307692307,0.027592526599806547,,,,0,0,,0.0,
BG,2018,52,52,228952.0,194454.0,52,0,0,,0.0,149443.0,38808.0,6203.0,16340.0,52,0,0,,0.0,4918.0,840.0,503.0,,,,,,,,,,0.0,0.0,4402.923076923077,2816.5,48.0,22943.0,14,52,52,1.0,True,high,1.0,0.0,0.0,True,228952.0,0.0,0.0,0.0,,0.7685262324251494,0.7685262324251494,0.7685262324251494,0.03290886826415423,0.19957419235397575,0.19957419235397575,0.19957419235397575,0.021645021645021644,0.03189957522087486,0.03189957522087486,0.03189957522087486,0.0810897952603579,0.03189957522087486,0.03189957522087486,0.03189957522087486,4402.923076923077,4402.923076923077,4402.923076923077,0.07136867116251441,16340.0,228952.0,52,52,0.07136867116251441,1.0,1.0,,,,0,0,,0.0,,,,,0,0,,0.0,,,,,0,0,,0.0,,,,,0,0,,0.0,,,,,0,0,,0.0,,,,,0,0,,0.0,,0.0,0.0,5947.0,9,9,0.0,0.17307692307692307,0.02597487683007792,,,,0,0,,0.0,
BG,2019,52,52,226162.0,191423.0,52,0,0,,0.0,147712.0,37485.0,6226.0,17376.0,52,0,0,,0.0,5239.0,906.0,557.0,,,,,,,,,,0.0,0.0,4349.2692307692305,2747.5,42.0,22629.0,14,52,52,1.0,True,high,1.0,0.0,0.0,True,226162.0,0.0,0.0,0.0,,0.7716523092836284,0.7716523092836284,0.7716523092836284,0.035467666811091855,0.19582286350125117,0.19582286350125117,0.19582286350125117,0.02416966786714686,0.03252482721512044,0.03252482721512044,0.03252482721512044,0.08946353999357533,0.03252482721512044,0.03252482721512044,0.03252482721512044,4349.2692307692305,4349.2692307692305,4349.2692307692305,0.07682988300421821,17376.0,226162.0,52,52,0.07682988300421821,1.0,1.0,,,,0,0,,0.0,,,,,0,0,,0.0,,,,,0,0,,0.0,,,,,0,0,,0.0,,,,,0,0,,0.0,,,,,0,0,,0.0,,0.0,0.0,6305.0,9,9,0.0,0.17307692307692307,0.02787824656662039,,,,0,0,,0.0,
BG,2020,52,52,225871.0,191192.0,52,0,0,,0.0,147469.0,37355.0,6368.0,17942.0,52,0,0,,0.0,5354.0,1110.0,608.0,,,,,,,,,,0.0,0.0,4343.673076923077,2674.5,47.0,23357.0,15,52,52,1.0,True,high,1.0,0.0,0.0,True,225871.0,0.0,0.0,0.0,,0.7713136532909327,0.7713136532909327,0.7713136532909327,0.03630593548474595,0.19537951378718774,0.19537951378718774,0.19537951378718774,0.029714897604069066,0.033306832921879574,0.033306832921879574,0.033306832921879574,0.09547738693467336,0.033306832921879574,0.033306832921879574,0.033306832921879574,4343.673076923077,4343.673076923077,4343.673076923077,0.07943472158887152,17942.0,225871.0,52,52,0.07943472158887152,1.0,1.0,,,,0,0,,0.0,,,,,0,0,,0.0,,,,,0,0,,0.0,,,,,0,0,,0.0,,,,,0,0,,0.0,,,,,0,0,,0.0,,0.0,0.0,5630.0,8,8,0.0,0.15384615384615385,0.02492573194433991,,,,0,0,,0.0,
BG,2021,52,52,226561.0,191199.0,52,0,0,,0.0,146587.0,38278.0,6334.0,18918.0,52,0,0,,0.0,5470.0,1417.0,678.0,,,,,,,,,,0.0,0.0,4356.942307692308,2700.5,43.0,23683.0,15,52,52,1.0,True,high,1.0,0.0,0.0,True,226561.0,0.0,0.0,0.0,,0.7666724198348318,0.7666724198348318,0.7666724198348318,0.037315723768137694,0.2001997918399155,0.2001997918399155,0.2001997918399155,0.037018653012174094,0.03312778832525275,0.03312778832525275,0.03312778832525275,0.10704136406694033,0.03312778832525275,0.03312778832525275,0.03312778832525275,4356.942307692308,4356.942307692308,4356.942307692308,0.08350069076319402,18918.0,226561.0,52,52,0.08350069076319402,1.0,1.0,,,,0,0,,0.0,,,,,0,0,,0.0,,,,,0,0,,0.0,,,,,0,0,,0.0,,,,,0,0,,0.0,,,,,0,0,,0.0,,0.0,0.0,2653.0,6,6,0.0,0.11538461538461539,0.011709870630867624,,,,0,0,,0.0,
BG,2022,52,52,221095.0,185840.0,52,0,0,,0.0,142730.0,36797.0,6313.0,18958.0,52,0,0,,0.0,5522.0,1103.0,761.0,,,,,,,,,,,,4251.826923076923,2602.0,68.0,23016.0,15,52,52,1.0,True,high,1.0,0.0,0.0,True,221095.0,0.0,0.0,0.0,,0.7680262591476539,0.7680262591476539,0.7680262591476539,0.038688432705107544,0.19800365906155834,0.19800365906155834,0.19800365906155834,0.02997526972307525,0.033970081790787775,0.033970081790787775,0.033970081790787775,0.12054490733407255,0.033970081790787775,0.033970081790787775,0.033970081790787775,4251.826923076923,4251.826923076923,4251.826923076923,0.08574594631267102,18958.0,221095.0,52,52,0.08574594631267102,1.0,1.0,,,,0,0,,0.0,,,,,0,0,,0.0,,,,,0,0,,0.0,,,,,0,0,,0.0,,,,,0,0,,0.0,,,,,0,0,,0.0,,,,,0,0,,0.0,,,,,0,0,,0.0,
BG,2023,52,52,195516.0,164799.0,52,0,0,,0.0,129656.0,30140.0,5003.0,16269.0,52,0,0,,0.0,4734.0,1019.0,558.0,,,,,,,,,,0.0,0.0,3759.923076923077,2105.0,77.0,20851.0,15,52,52,1.0,True,high,1.0,0.0,0.0,True,195516.0,0.0,0.0,0.0,,0.7867523467982208,0.7867523467982208,0.7867523467982208,0.03651200098722774,0.18288945928069952,0.18288945928069952,0.18288945928069952,0.03380889183808892,0.030358193921079617,0.030358193921079617,0.030358193921079617,0.11153308015190885,0.030358193921079617,0.030358193921079617,0.030358193921079617,3759.923076923077,3759.923076923077,3759.923076923077,0.08321058123120359,16269.0,195516.0,52,52,0.08321058123120359,1.0,1.0,,,,0,0,,0.0,,,,,0,0,,0.0,,,,,0,0,,0.0,,,,,0,0,,0.0,,,,,0,0,,0.0,,,,,0,0,,0.0,,0.0,0.0,1023.0,4,4,0.0,0.07692307692307693,0.0052323083532805495,,,,0,0,,0.0,
CH,2014,35,35,233295.0,229880.0,35,0,0,,0.0,147785.0,58405.0,23690.0,57210.0,35,0,0,,0.0,25340.0,18885.0,12730.0,38130.0,56060.0,17930.0,8633546435.86366,5863873030.101382,8611161360.118559,5848669168.870821,1754694664.9102583,1191782171.7954023,3690747893.9568577,2506742414.2616687,6665.571428571428,3015.0,155.0,26335.0,22,35,35,1.0,True,high,1.0,0.0,0.0,True,233295.0,0.0,0.0,0.0,,0.6428788933356534,0.6428788933356534,0.6428788933356534,0.17146530432723212,0.2540673394814686,0.2540673394814686,0.2540673394814686,0.32334560397226264,0.10305376718287802,0.10305376718287802,0.10305376718287802,0.5373575348248206,0.10305376718287802,0.10305376718287802,0.10305376718287802,6665.571428571428,6665.571428571428,6665.571428571428,0.24522600141451809,57210.0,233295.0,35,35,0.24522600141451809,1.0,1.0,6.118410700236034,233295.0,38130.0,35,35,6.118410700236034,1.0,1.0,37006.993016839886,8633546435.863659,229880.0,32,32,37556.7532445783,0.9142857142857143,0.9853618808804303,25135.013738405803,5863873030.101382,229880.0,32,32,25508.408865936064,0.9142857142857143,0.9853618808804303,36911.04121442191,8611161360.118559,229880.0,32,32,37459.37602278823,0.9142857142857143,0.9853618808804303,25069.843626613605,5848669168.870821,229880.0,32,32,25442.27061454159,0.9142857142857143,0.9853618808804303,5108.477128937192,1191782171.7954023,229880.0,32,32,5184.366503373074,0.9142857142857143,0.9853618808804303,10744.947016702752,2506742414.261669,229880.0,32,32,10904.569402565117,0.9142857142857143,0.9853618808804303,0.42860048019191266,2506742414.261669,5848669168.870821,32,32,0.42860048019191277,0.9142857142857143,1.0
CH,2015,35,35,238605.0,235100.0,35,0,0,,0.0,151125.0,59580.0,24395.0,59120.0,35,0,0,,0.0,25940.0,19585.0,13265.0,39630.0,58140.0,18500.0,10066471561.932764,6254755064.0243435,10084830364.380184,6266162220.133706,2053134263.944002,1275705380.5315676,4326341579.563957,2688152123.312726,6817.285714285715,2965.0,170.0,26050.0,22,35,35,1.0,True,high,1.0,0.0,0.0,True,238605.0,0.0,0.0,0.0,,0.6428115695448745,0.6428115695448745,0.6428115695448745,0.17164598842018197,0.25342407486176094,0.25342407486176094,0.25342407486176094,0.32871769050016786,0.10376435559336453,0.10376435559336453,0.10376435559336453,0.5437589670014347,0.10376435559336453,0.10376435559336453,0.10376435559336453,6817.285714285715,6817.285714285715,6817.285714285715,0.24777351690031643,59120.0,238605.0,35,35,0.24777351690031643,1.0,1.0,6.020817562452687,238605.0,39630.0,35,35,6.020817562452687,1.0,1.0,42188.85422322568,10066471561.932764,236090.0,33,33,42638.28015558797,0.9428571428571428,0.9894595670669097,26213.847421572656,6254755064.024344,236090.0,33,33,26493.09612446247,0.9428571428571428,0.9894595670669097,42265.79646017554,10084830364.380186,236090.0,33,33,42716.04203642758,0.9428571428571428,0.9894595670669097,26261.655120947617,6266162220.133706,236090.0,33,33,26541.41310573809,0.9428571428571428,0.9894595670669097,5346.515708101539,1275705380.5315678,236090.0,33,33,5403.470627860425,0.9428571428571428,0.9894595670669097,11266.118158935169,2688152123.3127265,236090.0,33,33,11386.132929445239,0.9428571428571428,0.9894595670669097,0.4289949779269147,2688152123.3127265,6266162220.133706,33,33,0.42899497792691477,0.9428571428571428,1.0
CH,2016,35,35,244035.0,240390.0,35,0,0,,0.0,154170.0,61405.0,24815.0,61175.0,35,0,0,,0.0,26695.0,20610.0,13575.0,40360.0,59275.0,18920.0,10024664302.7039,6316108594.252964,10034010230.383415,6321997060.176153,2038459480.2759128,1284345395.8786817,4278024417.5295353,2695398666.137304,6972.428571428572,2860.0,185.0,26255.0,22,35,35,1.0,True,high,1.0,0.0,0.0,True,244035.0,0.0,0.0,0.0,,0.6413328341445151,0.6413328341445151,0.6413328341445151,0.17315301290782903,0.2554390781646491,0.2554390781646491,0.2554390781646491,0.33564042016122464,0.10322808769083573,0.10322808769083573,0.10322808769083573,0.5470481563570421,0.10322808769083573,0.10322808769083573,0.10322808769083573,6972.428571428572,6972.428571428572,6972.428571428572,0.25068125473804986,61175.0,244035.0,35,35,0.25068125473804986,1.0,1.0,6.046456888007929,244035.0,40360.0,35,35,6.046456888007929,1.0,1.0,41078.797314745425,10024664302.7039,241420.0,33,33,41523.752392941344,0.9428571428571428,0.9892843239699224,25881.97838118698,6316108594.252965,241420.0,33,33,26162.32538419752,0.9428571428571428,0.9892843239699224,41117.09480354627,10034010230.383415,241420.0,33,33,41562.46471039439,0.9428571428571428,0.9892843239699224,25906.107977036707,6321997060.176151,241420.0,33,33,26186.71634568864,0.9428571428571428,0.9892843239699224,5262.955706676016,1284345395.8786814,241420.0,33,33,5319.962703498804,0.9428571428571428,0.9892843239699224,11045.131502191505,2695398666.1373034,241420.0,33,33,11164.769555700866,0.9428571428571428,0.9892843239699224,0.42635240739295766,2695398666.1373034,6321997060.176151,33,33,0.4263524073929577,0.9428571428571428,0.9999999999999997
CH,2017,36,36,247828.0,243974.0,36,0,0,,0.0,156028.0,62740.0,25206.0,62376.0,36,0,0,,0.0,27179.0,20881.0,13963.0,41088.98,60532.05,19443.07,9965849030.66295,6407140054.123076,9955647672.543852,6400581503.014162,2091468584.1429346,1344625239.2718472,4377600433.58622,2814401361.3570676,6884.111111111111,2844.5,180.0,26433.0,22,36,36,1.0,True,high,1.0,0.0,0.0,True,247828.0,0.0,0.0,0.0,,0.6395271627304548,0.6395271627304548,0.6395271627304548,0.17419309354731202,0.25715854968152346,0.25715854968152346,0.25715854968152346,0.3328179789607906,0.10331428758802168,0.10331428758802168,0.10331428758802168,0.5539554074426724,0.10331428758802168,0.10331428758802168,0.10331428758802168,6884.111111111111,6884.111111111111,6884.111111111111,0.2516906887034556,62376.0,247828.0,36,36,0.2516906887034556,1.0,1.0,6.031495549414952,247828.0,41088.98,36,36,6.031495549414952,1.0,1.0,40212.764621685004,9965849030.662949,245077.0,34,34,40664.15465614051,0.9444444444444444,0.9888995593718224,25853.172579866183,6407140054.123076,245077.0,34,34,26143.375568180923,0.9444444444444444,0.9888995593718224,40171.60156456838,9955647672.543854,245077.0,34,34,40622.5295419148,0.9444444444444444,0.9888995593718224,25826.708455114684,6400581503.014163,245077.0,34,34,26116.61438247638,0.9444444444444444,0.9888995593718224,5425.638907919392,1344625239.2718472,245077.0,34,34,5486.541940989351,0.9444444444444444,0.9888995593718224,11356.268707963054,2814401361.357067,245077.0,34,34,11483.743318863326,0.9444444444444444,0.9888995593718224,0.43971026070548586,2814401361.357067,6400581503.014163,34,34,0.4397102607054857,0.9444444444444444,1.0
CH,2018,36,36,252449.0,248515.0,36,0,0,,0.0,158144.0,64904.0,25467.0,63898.0,36,0,0,,0.0,27763.0,21554.0,14221.0,41919.91,61798.62,19878.71,9860509557.23636,6551400168.321262,9869738540.259737,6557531977.2893305,2085523547.843169,1385638261.701264,4335154237.564762,2880310600.2607574,7012.472222222223,2909.0,181.0,26556.0,22,36,36,1.0,True,high,1.0,0.0,0.0,True,252449.0,0.0,0.0,0.0,,0.6363559543689515,0.6363559543689515,0.6363559543689515,0.17555519020639418,0.26116733396374464,0.26116733396374464,0.26116733396374464,0.33209047208184395,0.10247671166730378,0.10247671166730378,0.10247671166730378,0.558408921349197,0.10247671166730378,0.10247671166730378,0.10247671166730378,7012.472222222223,7012.472222222223,7012.472222222223,0.25311250985347533,63898.0,252449.0,36,36,0.25311250985347533,1.0,1.0,6.022174188828172,252449.0,41919.91,36,36,6.022174188828172,1.0,1.0,39059.41222677199,9860509557.236364,249327.0,34,34,39548.50279847896,0.9444444444444444,0.987633145704677,25951.380945542514,6551400168.321262,249327.0,34,34,26276.336571335083,0.9444444444444444,0.987633145704677,39095.970038541396,9869738540.259739,249327.0,34,34,39585.51837650852,0.9444444444444444,0.987633145704677,25975.670243452463,6557531977.289332,249327.0,34,34,26300.930012751658,0.9444444444444444,0.987633145704677,5488.784909828377,1385638261.701264,249327.0,34,34,5557.513874154279,0.9444444444444444,0.987633145704677,11409.475182158603,2880310600.2607584,249327.0,34,34,11552.341303832953,0.9444444444444444,0.987633145704677,0.43923698889096136,2880310600.2607584,6557531977.289332,34,34,0.43923698889096136,0.9444444444444444,1.0
CH,2019,36,36,257996.0,253915.0,36,0,0,,0.0,160365.0,67597.0,25953.0,66250.0,36,0,0,,0.0,28694.0,22670.0,14529.0,42828.0,63216.380000000005,20388.38,10472889907.815535,6682791006.346621,10481007529.051382,6687970891.427566,2220134759.4910192,1416676460.2893436,4690609323.636282,2993095705.024981,7166.555555555556,3006.5,179.0,27280.0,22,36,36,1.0,True,high,1.0,0.0,0.0,True,257996.0,0.0,0.0,0.0,,0.6315696197546423,0.6315696197546423,0.6315696197546423,0.17892931749446575,0.266219010298722,0.266219010298722,0.266219010298722,0.3353699128659556,0.10221136994663568,0.10221136994663568,0.10221136994663568,0.5598196740261241,0.10221136994663568,0.10221136994663568,0.10221136994663568,7166.555555555556,7166.555555555556,7166.555555555556,0.25678692692909966,66250.0,257996.0,36,36,0.25678692692909966,1.0,1.0,6.024002988698982,257996.0,42828.0,36,36,6.024002988698982,1.0,1.0,40593.225894260126,10472889907.815535,254846.0,34,34,41094.974642786365,0.9444444444444444,0.9877905083799748,25902.69231440263,6682791006.346621,254846.0,34,34,26222.860105109048,0.9444444444444444,0.9877905083799748,40624.69003027715,10481007529.051384,254846.0,34,34,41126.82768829561,0.9444444444444444,0.9877905083799748,25922.76969963707,6687970891.427565,254846.0,34,34,26243.185654974237,0.9444444444444444,0.9877905083799748,5491.079165139551,1416676460.2893438,254846.0,34,34,5558.951132406802,0.9444444444444444,0.9877905083799748,11601.326009027198,2993095705.024982,254846.0,34,34,11744.723107386351,0.9444444444444444,0.9877905083799748,0.44753420037480107,2993095705.024982,6687970891.427565,34,34,0.4475342003748013,0.9444444444444444,0.9999999999999999
CH,2020,37,37,270398.0,266141.0,37,0,0,,0.0,166917.0,72568.0,26656.0,70315.0,37,0,0,,0.0,30096.0,24834.0,14996.0,27640.960000000003,64756.46,21001.589999999997,10968301851.289118,6789544763.267914,10964379643.624475,6787116857.392331,2294794211.34227,1420512330.1347897,4944529883.046894,3060738793.427453,7308.054054054054,3206.0,195.0,28502.0,23,37,37,1.0,True,high,1.0,0.0,0.0,True,270398.0,0.0,0.0,0.0,,0.6271750688544794,0.6271750688544794,0.6271750688544794,0.18030518161721096,0.2726674958010979,0.2726674958010979,0.2726674958010979,0.3422169551317385,0.10015743534442269,0.10015743534442269,0.10015743534442269,0.5625750300120048,0.10015743534442269,0.10015743534442269,0.10015743534442269,7308.054054054054,7308.054054054054,7308.054054054054,0.2600426038654132,70315.0,270398.0,37,37,0.2600426038654132,1.0,1.0,9.782511171826158,270398.0,27640.960000000003,37,37,9.782511171826158,1.0,1.0,40563.54651768548,10968301851.28912,266964.0,35,35,41085.3218085177,0.9459459459459459,0.9873002019245705,25109.448898541832,6789544763.267914,266964.0,35,35,25432.435696453133,0.9459459459459459,0.9873002019245705,40549.041204537294,10964379643.624474,266964.0,35,35,41070.62991124074,0.9459459459459459,0.9873002019245705,25100.469890281478,6787116857.39233,266964.0,35,35,25423.341189794617,0.9459459459459459,0.9873002019245705,5253.412858581756,1420512330.1347897,266964.0,35,35,5320.98833601081,0.9459459459459459,0.9873002019245705,11319.38399480563,3060738793.427453,266964.0,35,35,11464.987014831411,0.9459459459459459,0.9873002019245705,0.45096303154023126,3060738793.427453,6787116857.39233,35,35,0.4509630315402313,0.9459459459459459,0.9999999999999999
CH,2021,37,37,276529.0,272004.0,37,0,0,,0.0,168393.0,76343.0,27268.0,74429.0,37,0,0,,0.0,31393.0,27053.0,15559.0,28569.0,66950.55,21715.65,11204300713.690683,7311945853.900156,11188631846.637686,7301720324.399372,2442953188.0055966,1594275438.5807376,5053245248.990844,3297756512.5461783,7473.756756756757,3282.0,187.0,28988.0,23,37,37,1.0,True,high,1.0,0.0,0.0,True,276529.0,0.0,0.0,0.0,,0.6190828076057705,0.6190828076057705,0.6190828076057705,0.1864269892453962,0.2806686666372553,0.2806686666372553,0.2806686666372553,0.3543612380964856,0.10024852575697417,0.10024852575697417,0.10024852575697417,0.5705955698987825,0.10024852575697417,0.10024852575697417,0.10024852575697417,7473.756756756757,7473.756756756757,7473.756756756757,0.26915441056815015,74429.0,276529.0,37,37,0.26915441056815015,1.0,1.0,9.679337743708215,276529.0,28569.0,37,37,9.679337743708215,1.0,1.0,40517.63364309235,11204300713.690683,273163.0,35,35,41016.90460893563,0.9459459459459459,0.9878276781097101,26441.877177077833,7311945853.900158,273163.0,35,35,26767.702265314696,0.9459459459459459,0.9878276781097101,40460.97098907415,11188631846.637684,273163.0,35,35,40959.5437399563,0.9459459459459459,0.9878276781097101,26404.899031925666,7301720324.399372,273163.0,35,35,26730.2684638819,0.9459459459459459,0.9878276781097101,5765.310107007719,1594275438.5807378,273163.0,35,35,5836.352062983412,0.9459459459459459,0.9878276781097101,11925.535884287645,3297756512.546179,273163.0,35,35,12072.486070756942,0.9459459459459459,0.9878276781097101,0.4516410333502395,3297756512.546179,7301720324.399372,35,35,0.4516410333502396,0.9459459459459459,1.0
CH,2022,38,38,274838.0,270049.0,38,0,0,,0.0,166484.0,76224.0,27341.0,76249.0,38,0,0,,0.0,32271.0,27805.0,15737.0,29079.309999999994,67901.37,22134.620000000006,12504039298.478155,8124431406.053805,12514529440.888826,8131247318.929704,2749437039.272817,1786431735.987454,5622598691.294616,3653252864.996249,7232.578947368421,3227.0,103.0,28677.0,23,38,38,1.0,True,high,1.0,0.0,0.0,True,274838.0,0.0,0.0,0.0,,0.6164955248862244,0.6164955248862244,0.6164955248862244,0.19383844693784388,0.28225988616880643,0.28225988616880643,0.28225988616880643,0.3647801217464316,0.10124458894496925,0.10124458894496925,0.10124458894496925,0.5755824585786914,0.10124458894496925,0.10124458894496925,0.10124458894496925,7232.578947368421,7232.578947368421,7232.578947368421,0.2774325238867988,76249.0,274838.0,38,38,0.2774325238867988,1.0,1.0,9.451324670358412,274838.0,29079.309999999994,38,38,9.451324670358412,1.0,1.0,45496.03511333278,12504039298.478153,271573.0,35,35,46043.013475117754,0.9210526315789473,0.9881202744889717,29560.800930198173,8124431406.053804,271573.0,35,35,29916.197140561853,0.9210526315789473,0.9881202744889717,45534.20357042631,12514529440.888823,271573.0,35,35,46081.64081439916,0.9210526315789473,0.9881202744889717,29585.600677234237,8131247318.929703,271573.0,35,35,29941.295043799284,0.9210526315789473,0.9881202744889717,6499.944461782774,1786431735.9874537,271573.0,35,35,6578.090369762287,0.9210526315789473,0.9881202744889717,13292.386296641109,3653252864.996249,271573.0,35,35,13452.194676923882,0.9210526315789473,0.9881202744889717,0.449285665741762,3653252864.996249,8131247318.929703,35,35,0.44928566574176204,0.9210526315789473,0.9999999999999999
CH,2023,43,43,276406.0,271454.0,43,0,0,,0.0,166460.0,77928.0,27066.0,78543.0,43,0,0,,0.0,33392.0,28928.0,15746.0,29533.21,69099.70999999999,22834.11,13331263961.392263,8515731077.655882,13366243210.372505,8538075086.331786,2919268086.2575626,1864767064.7094665,5976248529.420354,3817501887.0802717,6428.046511627907,2631.0,120.0,28812.0,24,43,43,1.0,True,high,1.0,0.0,0.0,True,276406.0,0.0,0.0,0.0,,0.6132162355316186,0.6132162355316186,0.6132162355316186,0.2006007449237054,0.2870762633816411,0.2870762633816411,0.2870762633816411,0.37121445436813466,0.0997075010867403,0.0997075010867403,0.0997075010867403,0.5817630976132417,0.0997075010867403,0.0997075010867403,0.0997075010867403,6428.046511627907,6428.046511627907,6428.046511627907,0.2841580862933511,78543.0,276406.0,43,43,0.2841580862933511,1.0,1.0,9.35915872334907,276406.0,29533.21,43,43,9.35915872334907,1.0,1.0,48230.73291242688,13331263961.392262,271589.0,38,38,49086.17050540435,0.8837209302325582,0.9825727372054153,30808.777948582454,8515731077.655883,271589.0,38,38,31355.213494124884,0.8837209302325582,0.9825727372054153,48357.28316452069,13366243210.372503,271589.0,38,38,49214.96529819876,0.8837209302325582,0.9825727372054153,30889.615588416265,8538075086.331788,271589.0,38,38,31437.484899358176,0.8837209302325582,0.9825727372054153,6746.478241099927,1864767064.709467,271589.0,38,38,6866.136201059199,0.8837209302325582,0.9825727372054153,13811.212083240855,3817501887.0802712,271589.0,38,38,14056.172698748003,0.8837209302325582,0.9825727372054153,0.4471150521024974,3817501887.0802712,8538075086.331788,38,38,0.44711505210249725,0.8837209302325582,1.0
CY,2014,23,23,35370.0,34635.0,23,0,0,,2210.0,19090.0,12225.0,1110.0,12545.0,23,0,0,,415.0,4900.0,6765.0,185.0,1975.0,3430.0,1455.0,224452073.0,236683397.6223266,191350310.0,201777782.23008642,17660368.0,18622754.718334064,42876000.0,45212491.1158868,1537.8260869565217,425.0,0.0,7630.0,5,23,23,1.0,True,high,1.0,0.0,0.0,True,35370.0,0.06380828641547567,0.06380828641547567,0.06380828641547567,0.18778280542986425,0.5511765555074347,0.5511765555074347,0.5511765555074347,0.2566788894709272,0.35296665223040274,0.35296665223040274,0.35296665223040274,0.5533742331288344,0.03204850584668688,0.03204850584668688,0.03204850584668688,0.16666666666666666,0.03204850584668688,0.03204850584668688,0.03204850584668688,1537.8260869565217,1537.8260869565217,1537.8260869565217,0.3546791065875035,12545.0,35370.0,22,22,0.3546791065875035,0.9565217391304348,1.0,17.90886075949367,35370.0,1975.0,22,22,17.90886075949367,0.9565217391304348,1.0,6345.831863160871,224452073.0,27420.0,19,19,8185.706528081692,0.8260869565217391,0.7752332485156913,6691.64256777853,236683397.6223266,27420.0,19,19,8631.779636116944,0.8260869565217391,0.7752332485156913,5409.960701159174,190850715.0,27420.0,19,19,6960.274070021882,0.8260869565217391,0.7752332485156913,5704.771903593057,201250962.22591063,27420.0,19,19,7339.568279573692,0.8260869565217391,0.7752332485156913,526.5127146828969,18622754.718334064,14080.0,3,3,1322.6388294271353,0.13043478260869565,0.39807746677975686,1278.2722961800057,45212491.1158868,35300.0,20,20,1280.8071137644986,0.8695652173913043,0.9980209216850439,0.22407071093848763,42001556.43336335,195756383.38032863,19,19,0.21456034131852503,0.8260869565217391,0.9701582662709038
CY,2015,26,26,37180.0,35845.0,26,0,0,,2980.0,18285.0,13300.0,1280.0,17140.0,26,0,0,,1295.0,6280.0,8635.0,260.0,2010.0,3610.0,1570.0,233568201.0,253253329.0106704,200509983.0,217408964.3933291,26682015.0,28930775.227671694,54266241.0,58839799.79854078,1430.0,400.0,0.0,9100.0,6,26,26,1.0,True,high,1.0,0.0,0.0,True,37180.0,0.08313572325289441,0.08313572325289441,0.08313572325289441,0.43456375838926176,0.5101129864695215,0.5101129864695215,0.5101129864695215,0.34345091605140826,0.3710419863300321,0.3710419863300321,0.3710419863300321,0.6492481203007519,0.03570930394755196,0.03570930394755196,0.03570930394755196,0.203125,0.03570930394755196,0.03570930394755196,0.03570930394755196,1430.0,1430.0,1430.0,0.46100053792361484,17140.0,37180.0,25,25,0.46100053792361484,0.9615384615384616,1.0,18.497512437810947,37180.0,2010.0,25,25,18.497512437810947,0.9615384615384616,1.0,6282.092549757935,233568201.0,26890.0,19,19,8686.061770174787,0.7307692307692307,0.7232383001613771,6811.547310668919,253253329.01067042,26890.0,19,19,9418.123057295294,0.7307692307692307,0.7232383001613771,5392.952743410436,200020409.0,26890.0,19,19,7438.468166604685,0.7307692307692307,0.7232383001613771,5847.470801326765,216878129.09654537,26890.0,19,19,8065.382264653974,0.7307692307692307,0.7232383001613771,778.1273595393139,28930775.227671694,12680.0,4,4,2281.606879153919,0.15384615384615385,0.3410435718128026,1582.5658902243351,58839799.79854077,37180.0,25,25,1582.565890224335,0.9615384615384616,1.0,0.2706410932167901,50426871.27753124,217408964.3933291,20,20,0.23194476556311913,0.7692307692307693,1.0
CY,2016,26,26,43810.0,42300.0,26,0,0,,3905.0,20950.0,16105.0,1340.0,22255.0,26,0,0,,2185.0,8055.0,10835.0,275.0,2040.0,3630.0,1570.0,217943124.0,243269959.48163283,193764452.0,216281521.16889355,22400743.0,25003898.916161582,51265489.0,57222972.68637891,1685.0,535.0,0.0,10525.0,6,26,26,1.0,True,high,1.0,0.0,0.0,True,43810.0,0.09231678486997635,0.09231678486997635,0.09231678486997635,0.559539052496799,0.49527186761229314,0.49527186761229314,0.49527186761229314,0.3844868735083532,0.3807328605200946,0.3807328605200946,0.3807328605200946,0.6727724309220738,0.03167848699763593,0.03167848699763593,0.03167848699763593,0.20522388059701493,0.03167848699763593,0.03167848699763593,0.03167848699763593,1685.0,1685.0,1685.0,0.5079890435973522,22255.0,43810.0,25,25,0.5079890435973522,0.9615384615384616,1.0,21.475490196078432,43060.0,2040.0,23,23,21.107843137254903,0.8846153846153846,1.0,4974.7346267975345,217943124.0,30230.0,17,17,7209.49798213695,0.6538461538461539,0.6900251084227346,5552.840892071053,243269959.4816328,30230.0,17,17,8047.3026623100495,0.6538461538461539,0.6900251084227346,4422.8361561287375,193764452.0,30230.0,17,17,6409.67423089646,0.6538461538461539,0.6900251084227346,4936.807148342697,216281521.1688935,30230.0,17,17,7154.53262219297,0.6538461538461539,0.6900251084227346,570.7349672714354,25003898.916161582,14510.0,4,4,1723.2183953247127,0.15384615384615385,0.33120292170737275,1306.1623530330726,57222972.68637891,43810.0,25,25,1306.1623530330726,0.9615384615384616,1.0,0.26457633725302715,40673520.186630055,216281521.1688935,17,17,0.18805823061910243,0.6538461538461539,0.9999999999999998
CY,2017,26,26,45173.0,43265.0,26,0,0,,3554.0,21838.0,16401.0,1472.0,23555.0,26,0,0,,1950.0,8634.0,11431.0,339.0,2047.0,3723.0,1676.0,235551219.0,263002352.54973066,200697023.0,224086249.36357218,21683971.0,24211020.47287701,58107762.0,64879639.22360277,1737.423076923077,548.0,36.0,10927.0,6,26,26,1.0,True,high,1.0,0.0,0.0,True,45173.0,0.08214492083670404,0.08214492083670404,0.08214492083670404,0.5486775464265616,0.504749797758003,0.504749797758003,0.504749797758003,0.39536587599597034,0.37908239916791864,0.37908239916791864,0.37908239916791864,0.696969696969697,0.03402288223737432,0.03402288223737432,0.03402288223737432,0.23029891304347827,0.03402288223737432,0.03402288223737432,0.03402288223737432,1737.423076923077,1737.423076923077,1737.423076923077,0.5214397981094901,23555.0,45173.0,26,26,0.5214397981094901,1.0,1.0,22.06790425012213,44463.0,2047.0,25,25,21.721055202735712,0.9615384615384616,1.0,5214.4249662408965,235551219.0,32493.0,20,20,7249.291201181793,0.7692307692307693,0.7193013525778673,5822.1139297751015,263002352.54973066,32493.0,20,20,8094.123428114691,0.7692307692307693,0.7193013525778673,4442.853540831913,200697023.0,32493.0,20,20,6176.623365032468,0.7692307692307693,0.7193013525778673,4960.623588505793,224086249.36357218,32493.0,20,20,6896.446907443824,0.7692307692307693,0.7193013525778673,535.9622002717776,24211020.47287701,14536.0,5,5,1665.5902911995743,0.19230769230769232,0.3217851371394417,1436.2481841720225,64879639.22360277,45173.0,26,26,1436.2481841720225,1.0,1.0,0.2895297654714092,46317427.84918672,224086249.36357218,20,20,0.20669464539092847,0.7692307692307693,1.0
CY,2018,26,26,47771.0,45449.0,26,0,0,,3596.0,22661.0,17692.0,1500.0,26573.0,26,0,0,,1928.0,9590.0,13118.0,407.0,2082.0,3869.0,1787.0,239464702.0,265150933.53529853,206895990.0,229088731.80486447,17062393.0,18892594.16736978,67895849.0,75178711.49762048,1837.3461538461538,758.0,47.0,12093.0,6,26,26,1.0,True,high,1.0,0.0,0.0,True,47771.0,0.07912165284164668,0.07912165284164668,0.07912165284164668,0.5361512791991101,0.4986028295452045,0.4986028295452045,0.4986028295452045,0.4231940338025683,0.3892714911219169,0.3892714911219169,0.3892714911219169,0.741465068957721,0.03300402649123193,0.03300402649123193,0.03300402649123193,0.2713333333333333,0.03300402649123193,0.03300402649123193,0.03300402649123193,1837.3461538461538,1837.3461538461538,1837.3461538461538,0.5562579807833204,26573.0,47771.0,26,26,0.5562579807833204,1.0,1.0,22.9447646493756,47022.0,2082.0,25,25,22.585014409221902,0.9615384615384616,1.0,5012.763015218438,239464702.0,32912.0,19,19,7275.908543996111,0.7307692307692307,0.6889535492244249,5550.458092468203,265150933.53529853,32912.0,19,19,8056.36040153435,0.7307692307692307,0.6889535492244249,4330.995583094346,206895990.0,32912.0,19,19,6286.339025279533,0.7307692307692307,0.6889535492244249,4795.560733601233,229088731.80486444,32912.0,19,19,6960.644500633946,0.7307692307692307,0.6889535492244249,395.48249287998533,18892594.16736978,13065.0,5,5,1446.0462431970745,0.19230769230769232,0.27349228611500703,1573.731165301553,75178711.49762048,47771.0,26,26,1573.731165301553,1.0,1.0,0.3281641611323641,53561740.00084151,229088731.80486444,19,19,0.23380346810974922,0.7307692307692307,0.9999999999999999
CY,2019,26,26,47647.0,45183.0,26,0,1,66.0,4106.0,21685.0,17817.0,1575.0,27456.0,26,0,1,44.0,2391.0,9069.0,13739.0,476.0,2158.0,3918.0,1760.0,272294114.0,301132688.1456439,234481548.0,259315406.53791666,27805186.0,30750023.500580046,79881193.0,88341382.14376162,1832.576923076923,695.5,59.0,12652.0,6,25,26,0.9615384615384616,True,high,1.0,0.0013851868952924633,0.0016025641025641025,True,47647.0,0.09087488657238342,0.09087488657238342,0.09087488657238342,0.5823185582075012,0.47993714450125047,0.47993714450125047,0.47993714450125047,0.4182153562370302,0.3943297257818206,0.3943297257818206,0.3943297257818206,0.7711174720772296,0.03485824314454551,0.03485824314454551,0.03485824314454551,0.3022222222222222,0.03485824314454551,0.03485824314454551,0.03485824314454551,1832.576923076923,1832.576923076923,1832.576923076923,0.5762377484416648,27456.0,47647.0,26,26,0.5762377484416648,1.0,1.0,22.07924003707136,46900.0,2158.0,25,25,21.733086190917515,0.9615384615384616,1.0,5714.821793607152,272294114.0,31982.0,19,19,8513.980176349196,0.7307692307692307,0.671227989170357,6320.076566114212,301132688.1456439,31982.0,19,19,9415.692831769242,0.7307692307692307,0.671227989170357,4921.2237496589505,234481548.0,31719.0,18,18,7392.463444623097,0.6923076923076923,0.6657082292694189,5442.428831572117,259315406.53791666,31719.0,18,18,8175.3966561971265,0.6923076923076923,0.6657082292694189,645.3716603475569,30750023.500580046,10174.0,5,5,3022.412374737571,0.19230769230769232,0.2135286586773564,1854.0806796600336,88341382.14376162,47647.0,26,26,1854.0806796600336,1.0,1.0,0.3406715525436569,64159348.309561804,259315406.53791666,18,18,0.24741818917026256,0.6923076923076923,1.0
CY,2020,26,26,51247.0,48378.0,26,0,0,,2677.0,22240.0,21799.0,1662.0,29245.0,26,0,0,,1362.0,8901.0,16321.0,548.0,1805.0,3902.0,1834.0,270873212.0,299092928.9382531,233305906.0,257611840.79041657,29174773.0,32214216.54526202,89823107.0,99180926.6062238,1971.0384615384614,690.0,68.0,13960.0,6,26,26,1.0,True,high,1.0,0.0,0.0,True,51247.0,0.0553350696597627,0.0553350696597627,0.0553350696597627,0.5087784833769144,0.45971309272809957,0.45971309272809957,0.45971309272809957,0.4002248201438849,0.4505973789739138,0.4505973789739138,0.4505973789739138,0.7487040689939906,0.034354458638223985,0.034354458638223985,0.034354458638223985,0.3297232250300842,0.034354458638223985,0.034354458638223985,0.034354458638223985,1971.0384615384614,1971.0384615384614,1971.0384615384614,0.570667551271294,29245.0,51247.0,26,26,0.570667551271294,1.0,1.0,28.39168975069252,51247.0,1805.0,26,26,28.39168975069252,1.0,1.0,5285.640369192343,270873212.0,33472.0,17,17,8092.531429254302,0.6538461538461539,0.6531504283177552,5836.301226184032,299092928.9382531,33472.0,17,17,8935.615706807275,0.6538461538461539,0.6531504283177552,4552.576853279216,233305906.0,33218.0,16,16,7023.478415316997,0.6153846153846154,0.6481940406267684,5026.8667588427925,257611840.79041657,33218.0,16,16,7755.188174797296,0.6153846153846154,0.6481940406267684,628.6068754319672,32214216.54526202,13839.0,5,5,2327.7849949607644,0.19230769230769232,0.2700450758093157,1935.3508811486292,99180926.6062238,51247.0,26,26,1935.3508811486292,1.0,1.0,0.3850014281250128,68845656.54022695,257611840.79041657,16,16,0.26724569930089986,0.6153846153846154,1.0
CY,2021,28,28,50177.0,46832.0,26,0,0,,2372.0,20725.0,22016.0,1719.0,28951.0,26,0,0,,934.0,8060.0,17021.0,579.0,1837.0,3740.0,1424.0,304064865.0,331744280.8139966,247813733.0,270372535.90583956,27491628.0,29994226.2624323,90049751.0,98247095.67471555,1929.8846153846155,488.0,70.0,14810.0,8,26,26,0.9285714285714286,True,high,0.9285714285714286,0.0,0.0,True,50177.0,0.050649128800819954,0.050649128800819954,0.050649128800819954,0.39376053962900504,0.4425392893747865,0.4425392893747865,0.4425392893747865,0.3889022919179735,0.4701059104885548,0.4701059104885548,0.4701059104885548,0.7731195494186046,0.03670567133583874,0.03670567133583874,0.03670567133583874,0.3368237347294939,0.03670567133583874,0.03670567133583874,0.03670567133583874,1929.8846153846155,1792.0357142857142,1792.0357142857142,0.5769774996512347,28951.0,50177.0,26,26,0.5769774996512347,0.9285714285714286,1.0,27.314643440391944,50177.0,1837.0,26,26,27.314643440391944,0.9285714285714286,1.0,6059.845447117205,304064865.0,32714.0,17,17,9294.640368038148,0.6071428571428571,0.651972019052554,6611.480973633271,331744280.8139966,32714.0,17,17,10140.743437488434,0.6071428571428571,0.651972019052554,4938.79133866114,247813733.0,32618.0,16,16,7597.453338647372,0.5714285714285714,0.6500587918767563,5388.375867545679,270372535.9058396,32618.0,16,16,8289.05928952847,0.5714285714285714,0.6500587918767563,597.7684250240608,29994226.2624323,13218.0,5,5,2269.195510851286,0.17857142857142858,0.26342746676764256,1958.0105561256262,98247095.67471555,20437.0,21,21,4807.314952033838,0.75,0.4072981644976782,0.36337675846237305,70874483.39668587,198220765.81668055,12,12,0.3575532720029562,0.42857142857142855,0.733139426135032
CY,2022,28,28,50701.0,47290.0,28,0,0,,1731.0,22693.0,21130.0,1736.0,29049.0,28,0,0,,454.0,9385.0,16077.0,613.0,1843.0,4056.0,1784.0,297046979.0,324687282.6879418,270283569.0,295433529.97307825,17831612.0,19490848.436555535,95055000.0,103899894.08342814,1810.75,433.5,71.0,13588.0,8,28,28,1.0,True,high,1.0,0.0,0.0,True,50701.0,0.036603933178261785,0.036603933178261785,0.036603933178261785,0.2622761409589833,0.47986889405794037,0.47986889405794037,0.47986889405794037,0.4135636539902173,0.4468175089871009,0.4468175089871009,0.4468175089871009,0.7608613345953621,0.036709663776696974,0.036709663776696974,0.036709663776696974,0.353110599078341,0.036709663776696974,0.036709663776696974,0.036709663776696974,1810.75,1810.75,1810.75,0.5729472791463679,29049.0,50701.0,28,28,0.5729472791463679,1.0,1.0,27.510037981551818,50510.0,1843.0,27,27,27.40640260444927,0.9642857142857143,1.0,5858.799215005622,297046979.0,34176.0,17,17,8691.68360838015,0.6071428571428571,0.674069544979389,6403.962105046089,324687282.68794185,34176.0,17,17,9500.447176028261,0.6071428571428571,0.674069544979389,5330.931717323129,270283569.0,34176.0,17,17,7908.578212780899,0.6071428571428571,0.674069544979389,5826.9763904672145,295433529.9730782,34176.0,17,17,8644.473606421998,0.6071428571428571,0.674069544979389,384.4272980129689,19490848.436555535,12978.0,4,4,1501.8376049125854,0.14285714285714285,0.25597128261769986,2049.2671561394873,103899894.08342814,20153.0,23,23,5155.554710635049,0.8214285714285714,0.39748722904873673,0.3516861951752604,71844008.60886398,213482284.387635,13,13,0.33653381972628554,0.4642857142857143,0.722606822614511
CY,2023,31,31,56503.0,52040.0,31,0,0,,2271.0,24644.0,23418.0,1707.0,31731.0,31,0,0,,331.0,9854.0,17652.0,630.0,2537.0,4567.0,1624.0,354355357.0,391263648.19818276,311713126.0,344179966.4115698,10931714.0,12070319.288835108,93283000.0,102998998.53036818,1822.6774193548388,444.0,47.0,13334.0,8,31,31,1.0,True,high,1.0,0.0,0.0,True,56503.0,0.04363950807071484,0.04363950807071484,0.04363950807071484,0.1457507705856451,0.4735588009223674,0.4735588009223674,0.4735588009223674,0.39985391981821133,0.45,0.45,0.45,0.7537791442480144,0.03280169100691776,0.03280169100691776,0.03280169100691776,0.36906854130052724,0.03280169100691776,0.03280169100691776,0.03280169100691776,1822.6774193548388,1822.6774193548388,1822.6774193548388,0.5615808010194149,31731.0,56503.0,31,31,0.5615808010194149,1.0,1.0,22.271580607016162,56503.0,2537.0,31,31,22.271580607016162,1.0,1.0,6271.443233102667,354355357.0,39004.0,18,18,9085.10298943698,0.5806451612903226,0.6902996301081359,6924.652641420505,391263648.19818276,39004.0,18,18,10031.372377145492,0.5806451612903226,0.6902996301081359,5516.753552908695,311713126.0,39051.0,19,19,7982.205987042586,0.6129032258064516,0.6911314443480877,6091.357386538233,344179966.4115698,39051.0,19,19,8813.601864525102,0.6129032258064516,0.6911314443480877,213.622626919546,12070319.288835108,14162.0,4,4,852.3032967684726,0.12903225806451613,0.250641558855282,1822.8943335817246,102998998.53036816,22949.0,26,26,4488.169355107768,0.8387096774193549,0.40615542537564375,0.29925913354062617,90908488.64209773,252622982.56868684,15,15,0.3598583458944801,0.4838709677419355,0.7339851450464747
CZ,2014,71,71,356655.0,323670.0,71,0,0,,0.0,211175.0,87860.0,24635.0,41555.0,71,0,0,,0.0,22000.0,8980.0,3645.0,16845.0,30535.0,13680.0,1843955798.5909352,2864882209.859338,1818766452.643812,2825746505.447631,,,0.0,0.0,5023.30985915493,995.0,0.0,48175.0,23,71,71,1.0,True,high,1.0,0.0,0.0,True,356655.0,0.0,0.0,0.0,,0.6524392127784472,0.6524392127784472,0.6524392127784472,0.10417899846099207,0.27144931566101277,0.27144931566101277,0.27144931566101277,0.10220805827452766,0.07611147156054006,0.07611147156054006,0.07611147156054006,0.14796021920032473,0.07611147156054006,0.07611147156054006,0.07611147156054006,5023.30985915493,5023.30985915493,5023.30985915493,0.11651315697242433,41555.0,356655.0,70,70,0.11651315697242433,0.9859154929577465,1.0,21.172751558325913,334960.0,16845.0,54,54,19.884832294449392,0.7605633802816901,1.0,5170.138645444295,1843955798.5909352,313195.0,26,26,5887.5646117943625,0.36619718309859156,0.878145546816952,8032.6427776404025,2864882209.859338,313195.0,26,26,9147.27952189319,0.36619718309859156,0.878145546816952,5099.51200079576,1818766452.643812,313195.0,26,26,5807.137574494523,0.36619718309859156,0.878145546816952,7922.912914294292,2825746505.447631,313195.0,26,26,9022.32317070078,0.36619718309859156,0.878145546816952,,,,0,0,,0.0,,0.0,0.0,14725.0,26,26,0.0,0.36619718309859156,0.041286397218600605,0.0,0.0,15691689.470922459,2,2,0.0,0.028169014084507043,0.005553112935173466
CZ,2015,68,68,335185.0,302895.0,68,0,0,,0.0,195665.0,83020.0,24210.0,42565.0,68,0,0,,0.0,22280.0,9235.0,3870.0,22465.0,41410.0,18945.0,1832622959.7859159,2778312504.9322824,1815651597.1993108,2752583399.7454667,,,0.0,0.0,4929.191176470588,870.0,0.0,47430.0,24,68,68,1.0,True,high,1.0,0.0,0.0,True,335185.0,0.0,0.0,0.0,,0.6459829313788606,0.6459829313788606,0.6459829313788606,0.11386809086959855,0.2740883804618762,0.2740883804618762,0.2740883804618762,0.1112382558419658,0.07992868815926311,0.07992868815926311,0.07992868815926311,0.15985130111524162,0.07992868815926311,0.07992868815926311,0.07992868815926311,4929.191176470588,4929.191176470588,4929.191176470588,0.12698957292241597,42565.0,335185.0,67,67,0.12698957292241597,0.9852941176470589,1.0,14.920320498553306,331110.0,22465.0,62,62,14.738927220120187,0.9117647058823529,1.0,5467.496933889988,1832622959.7859159,296900.0,26,26,6172.525967618443,0.38235294117647056,0.8857794949057983,8288.892715760796,2778312504.9322824,296900.0,26,26,9357.73831233507,0.38235294117647056,0.8857794949057983,5416.864111458779,1815651597.1993108,296900.0,26,26,6115.364086221996,0.38235294117647056,0.8857794949057983,8212.131807048247,2752583399.7454667,296900.0,26,26,9271.079150372067,0.38235294117647056,0.8857794949057983,,,,0,0,,0.0,,0.0,0.0,15375.0,25,25,0.0,0.36764705882352944,0.04587019108850336,0.0,0.0,15526867.18129123,2,2,0.0,0.029411764705882353,0.0056408344185782016
CZ,2016,67,67,320220.0,288325.0,67,0,0,,0.0,183310.0,81415.0,23600.0,44020.0,67,0,0,,0.0,22535.0,9880.0,4010.0,22085.0,40620.0,18540.0,1811007401.756307,2704217386.6906753,1787969657.136939,2669817157.575423,,,0.0,0.0,4779.4029850746265,1025.0,0.0,46950.0,22,67,67,1.0,True,high,1.0,0.0,0.0,True,320220.0,0.0,0.0,0.0,,0.6357756004508801,0.6357756004508801,0.6357756004508801,0.12293382794173804,0.28237232289950576,0.28237232289950576,0.28237232289950576,0.12135355892648775,0.08185207664961415,0.08185207664961415,0.08185207664961415,0.16991525423728815,0.08185207664961415,0.08185207664961415,0.08185207664961415,4779.4029850746265,4779.4029850746265,4779.4029850746265,0.13746799075635502,44020.0,320220.0,66,66,0.13746799075635502,0.9850746268656716,1.0,14.499434004980756,309610.0,22085.0,58,58,14.019017432646592,0.8656716417910447,1.0,5655.509967385881,1811007401.756307,284465.0,26,26,6366.362827610802,0.3880597014925373,0.8883423896071451,8444.873482888874,2704217386.6906753,284465.0,26,26,9506.327269402827,0.3880597014925373,0.8883423896071451,5583.566476600272,1787969657.136939,284465.0,26,26,6285.376609203027,0.3880597014925373,0.8883423896071451,8337.446622869973,2669817157.575423,284465.0,26,26,9385.397702970216,0.3880597014925373,0.8883423896071451,,,,0,0,,0.0,,0.0,0.0,14930.0,24,24,0.0,0.3582089552238806,0.046624195865342576,0.0,0.0,16847326.64626669,2,2,0.0,0.029850746268656716,0.006310292297906454
CZ,2017,67,67,307233.0,275583.0,67,0,0,,0.0,175658.0,77359.0,22566.0,44135.0,67,0,0,,0.0,22086.0,10489.0,4146.0,22424.406000000003,41400.039,18975.633,1942990290.4444275,2827733960.575153,1919526479.5662081,2793585866.685463,,,0.0,0.0,4585.567164179104,1065.0,0.0,46255.0,22,67,67,1.0,True,high,1.0,0.0,0.0,True,307233.0,0.0,0.0,0.0,,0.6374050648987782,0.6374050648987782,0.6374050648987782,0.12573295836227213,0.280710348606409,0.280710348606409,0.280710348606409,0.1355886192944583,0.08188458649481281,0.08188458649481281,0.08188458649481281,0.1837277319861739,0.08188458649481281,0.08188458649481281,0.08188458649481281,4585.567164179104,4585.567164179104,4585.567164179104,0.1436531882968301,44135.0,307233.0,64,64,0.1436531882968301,0.9552238805970149,1.0,13.70083113907231,300825.0,22424.406,62,62,13.41507106141407,0.9253731343283582,0.9999999999999999,6324.158832040918,1942990290.4444275,273140.0,26,26,7113.53258564995,0.3880597014925373,0.8890321026712625,9203.87445546264,2827733960.575153,273140.0,26,26,10352.69078339003,0.3880597014925373,0.8890321026712625,6247.787443296157,1919526479.5662081,273140.0,26,26,7027.628613773919,0.3880597014925373,0.8890321026712625,9092.72723530826,2793585866.685463,273140.0,26,26,10227.670303454137,0.3880597014925373,0.8890321026712625,,,,0,0,,0.0,,0.0,0.0,15588.0,23,23,0.0,0.34328358208955223,0.05073673726455166,0.0,0.0,17567025.556827042,2,2,0.0,0.029850746268656716,0.006288342794943328
CZ,2018,65,65,297480.0,265769.0,65,0,0,,0.0,171252.0,72828.0,21689.0,45080.0,65,0,0,,0.0,22109.0,11169.0,4383.0,23267.84,43019.187,19751.346999999998,2276607740.476469,3200491063.6665115,2241005149.53016,3150440379.86132,,,0.0,0.0,4576.615384615385,1093.0,0.0,45482.0,22,65,65,1.0,True,high,1.0,0.0,0.0,True,297480.0,0.0,0.0,0.0,,0.6443640906200497,0.6443640906200497,0.6443640906200497,0.12910214187279564,0.27402744488634867,0.27402744488634867,0.27402744488634867,0.15336134453781514,0.08160846449360158,0.08160846449360158,0.08160846449360158,0.20208400571718382,0.08160846449360158,0.08160846449360158,0.08160846449360158,4576.615384615385,4576.615384615385,4576.615384615385,0.15153959930079333,45080.0,297480.0,63,63,0.15153959930079333,0.9692307692307692,1.0,12.78502860600726,291569.0,23267.839999999997,60,60,12.530986976014965,0.9230769230769231,0.9999999999999999,7652.977479079162,2276607740.476469,264893.0,26,26,8594.442814557082,0.4,0.8904565012773968,10758.676427546428,3200491063.6665115,264893.0,26,26,12082.203243069887,0.4,0.8904565012773968,7533.296858713728,2241005149.53016,264893.0,26,26,8460.039146108655,0.4,0.8904565012773968,10590.427524073282,3150440379.86132,264893.0,26,26,11893.256446419196,0.4,0.8904565012773968,,,,0,0,,0.0,,0.0,0.0,25435.0,34,34,0.0,0.5230769230769231,0.08550154632244185,0.0,0.0,20862827.856496833,2,2,0.0,0.03076923076923077,0.00662219415096984
CZ,2019,62,62,296655.0,264707.0,62,0,0,,0.0,173407.0,70093.0,21207.0,46816.0,62,0,0,,0.0,23012.0,11646.0,4721.0,24147.717,45514.827000000005,20099.812,,,2408514718.7549667,3323919939.2726,,,0.0,0.0,4784.758064516129,1410.5,0.0,45810.0,21,62,62,1.0,True,high,1.0,0.0,0.0,True,296655.0,0.0,0.0,0.0,,0.6550903451740981,0.6550903451740981,0.6550903451740981,0.132705138777558,0.264794659755881,0.264794659755881,0.264794659755881,0.16615068551781206,0.08011499507002082,0.08011499507002082,0.08011499507002082,0.22261517423492244,0.08011499507002082,0.08011499507002082,0.08011499507002082,4784.758064516129,4784.758064516129,4784.758064516129,0.15781294770019047,46816.0,296655.0,60,60,0.15781294770019047,0.967741935483871,1.0,12.285012285012284,290793.0,24147.716999999997,59,59,12.042256417035203,0.9516129032258065,0.9999999999999999,,,,0,0,,0.0,,,,,0,0,,0.0,,8118.908222531111,2408514718.7549667,264624.0,26,26,9101.648825333177,0.41935483870967744,0.8920260909136876,11204.665147301073,3323919939.2726,264624.0,26,26,12560.916391833696,0.41935483870967744,0.8920260909136876,,,,0,0,,0.0,,0.0,0.0,25833.0,31,31,0.0,0.5,0.08708095262173232,0.0,0.0,22169780.38224779,2,2,0.0,0.03225806451612903,0.006669769665721666
CZ,2020,60,60,307726.0,274706.0,60,0,0,,0.0,182022.0,70787.0,21897.0,50455.0,60,0,0,,0.0,25365.0,11965.0,5332.0,24234.294,45763.185000000005,20174.841,,,2303730933.8559813,3204302981.900966,,,0.0,0.0,5128.766666666666,1466.0,0.0,48865.0,20,60,60,1.0,True,high,1.0,0.0,0.0,True,307726.0,0.0,0.0,0.0,,0.6626065684768443,0.6626065684768443,0.6626065684768443,0.1393512872070409,0.25768275902237303,0.25768275902237303,0.25768275902237303,0.16902821139474764,0.07971067250078266,0.07971067250078266,0.07971067250078266,0.24350367630268988,0.07971067250078266,0.07971067250078266,0.07971067250078266,5128.766666666666,5128.766666666666,5128.766666666666,0.16396079629280594,50455.0,307726.0,59,59,0.16396079629280594,0.9833333333333333,1.0,12.697956045263789,297074.0,24234.294,54,54,12.258413634826745,0.9,1.0,,,,0,0,,0.0,,,,,0,0,,0.0,,7486.305784548531,2303730933.8559813,276216.0,26,26,8340.323999536527,0.43333333333333335,0.8976037123934929,10412.844484707064,3204302981.900966,276216.0,26,26,11600.714592568736,0.43333333333333335,0.8976037123934929,,,,0,0,,0.0,,0.0,0.0,26015.0,30,30,0.0,0.5,0.08453949292552465,0.0,0.0,22910153.629375704,2,2,0.0,0.03333333333333333,0.007149808791110059
CZ,2021,60,60,312471.0,278553.0,60,0,0,,0.0,185532.0,71401.0,21620.0,52274.0,60,0,0,,0.0,26690.0,12214.0,5597.0,24654.844,46084.996999999996,19986.678,,,2471537441.49766,3217873174.4967804,,,0.0,0.0,5207.85,1464.5,19.0,50220.0,20,60,60,1.0,True,high,1.0,0.0,0.0,True,312471.0,0.0,0.0,0.0,,0.6660563698829307,0.6660563698829307,0.6660563698829307,0.14385658538688745,0.25632823915017966,0.25632823915017966,0.25632823915017966,0.1710620299435582,0.0776153909668896,0.0776153909668896,0.0776153909668896,0.25888066604995374,0.0776153909668896,0.0776153909668896,0.0776153909668896,5207.85,5207.85,5207.85,0.16729232472773473,52274.0,312471.0,60,60,0.16729232472773473,1.0,1.0,12.673817769846769,305400.0,24654.844,57,57,12.387018145399743,0.95,1.0,,,,0,0,,0.0,,,,,0,0,,0.0,,7909.653828667813,2471537441.49766,280284.0,26,26,8817.97548735447,0.43333333333333335,0.896992040861392,10298.149826693614,3217873174.4967804,280284.0,26,26,11480.75942435808,0.43333333333333335,0.896992040861392,,,,0,0,,0.0,,0.0,0.0,26784.0,31,31,0.0,0.5166666666666667,0.08571675451481897,0.0,0.0,23266965.24688725,2,2,0.0,0.03333333333333333,0.007230541412038652
CZ,2022,56,56,312887.0,278227.0,56,0,0,,0.0,187109.0,70386.0,20732.0,55150.0,56,0,0,,0.0,28906.0,12635.0,5651.0,24909.545000000002,46396.90499999999,19861.150999999998,,,2842998453.1466255,3455649730.0934653,,,0.0,0.0,5587.267857142857,1981.5,16.0,51005.0,19,56,56,1.0,True,high,1.0,0.0,0.0,True,312887.0,0.0,0.0,0.0,,0.6725048251966919,0.6725048251966919,0.6725048251966919,0.1544874912484167,0.2529804799677961,0.2529804799677961,0.2529804799677961,0.17951012985536896,0.07451469483551201,0.07451469483551201,0.07451469483551201,0.27257379895813233,0.07451469483551201,0.07451469483551201,0.07451469483551201,5587.267857142857,5587.267857142857,5587.267857142857,0.17626171748906155,55150.0,312887.0,56,56,0.17626171748906155,1.0,1.0,12.560927949506905,299203.0,24909.545,50,50,12.011580299840885,0.8928571428571429,0.9999999999999999,,,,0,0,,0.0,,,,,0,0,,0.0,,9086.342523488114,2842998453.1466255,280225.0,26,26,10145.413339804178,0.4642857142857143,0.895610875491791,11044.401749172914,3455649730.0934653,280225.0,26,26,12331.696779707254,0.4642857142857143,0.895610875491791,,,,0,0,,0.0,,0.0,0.0,24429.0,26,26,0.0,0.4642857142857143,0.07807611054470144,0.0,0.0,26006570.77686572,2,2,0.0,0.03571428571428571,0.00752581216504322
CZ,2023,54,54,317397.0,281934.0,54,0,0,,0.0,191712.0,70210.0,20012.0,55913.0,54,0,0,,,29896.0,12460.0,5587.0,24819.108,46422.624,19923.887000000002,,,2989653.1411431422,3564300.884076686,,,,,5877.722222222223,2189.0,38.0,51971.0,18,54,54,1.0,True,high,1.0,0.0,0.0,True,317397.0,0.0,0.0,0.0,,0.6799889335801996,0.6799889335801996,0.6799889335801996,0.1559422467033884,0.24902991480275524,0.24902991480275524,0.24902991480275524,0.17746759720837488,0.07098115161704513,0.07098115161704513,0.07098115161704513,0.2791824905056966,0.07098115161704513,0.07098115161704513,0.07098115161704513,5877.722222222223,5877.722222222223,5877.722222222223,0.17616108532846877,55913.0,317397.0,54,54,0.17616108532846877,1.0,1.0,12.788412863185897,309635.0,24819.108000000004,51,51,12.47566995558422,0.9444444444444444,1.0,,,,0,0,,0.0,,,,,0,0,,0.0,,9.4192860712078,2989653.1411431422,284023.0,26,26,10.526095214623965,0.48148148148148145,0.8948509280175931,11.229787565971595,3564300.884076686,284023.0,26,26,12.549338905922006,0.48148148148148145,0.8948509280175931,,,,0,0,,0.0,,,,,0,0,,0.0,,,,,0,0,,0.0,
DE,2014,389,389,2695160.0,2144575.0,385,0,2,0.0,0.0,1596145.0,436975.0,111455.0,320345.0,385,0,2,0.0,0.0,143210.0,86015.0,26570.0,210455.0,425680.0,215345.0,26832000450.0,25010952964.644253,24288106425.0,22639709198.27369,5797478407.0,5404012273.375527,,,6928.4318766066835,2795.0,0.0,70630.0,182,385,389,0.9897172236503856,True,high,1.0,0.0,0.0,True,2695160.0,0.0,0.0,0.0,,0.7442710094074584,0.7442710094074584,0.7442710094074584,0.08972242496765645,0.20375832041313546,0.20375832041313546,0.20375832041313546,0.19684192459522856,0.051970670179406174,0.051970670179406174,0.051970670179406174,0.23839217621461575,0.051970670179406174,0.051970670179406174,0.051970670179406174,6928.4318766066835,6928.4318766066835,6928.4318766066835,0.11885936270944954,320345.0,2695160.0,387,387,0.11885936270944954,0.9948586118251928,1.0,12.80634815043596,2688440.0,210455.0,386,386,12.774417333871849,0.9922879177377892,1.0,9955.624322860238,26832000450.0,2684625.0,383,383,9994.692163710015,0.9845758354755784,0.9960911411567402,9279.95108440473,25010952964.644253,2684625.0,383,383,9316.367449697538,0.9845758354755784,0.9960911411567402,9011.749367384497,24288106425.0,2684625.0,383,383,9047.113256041346,0.9845758354755784,0.9960911411567402,8400.135501518904,22639709198.27369,2684625.0,383,383,8433.099296279253,0.9845758354755784,0.9960911411567402,2005.080319304059,5404012273.375528,2684625.0,383,383,2012.9486514412733,0.9845758354755784,0.9960911411567402,,,,0,0,,0.0,,,,,0,0,,0.0,
DE,2015,390,390,2753720.0,2219140.0,387,0,3,0.0,0.0,1631420.0,477380.0,110340.0,338995.0,387,0,3,0.0,0.0,152615.0,95735.0,27010.0,212475.0,431095.0,218680.0,27816853185.0,25704460611.91299,24986029756.0,23088607954.31444,5874121855.0,5428045108.022694,,,7060.820512820513,2860.0,0.0,69255.0,182,385,390,0.9871794871794872,True,high,1.0,0.0,0.0,True,2753720.0,0.0,0.0,0.0,,0.73515866506845,0.73515866506845,0.73515866506845,0.09354733912787633,0.2151193705669764,0.2151193705669764,0.2151193705669764,0.20054254472328123,0.04972196436457366,0.04972196436457366,0.04972196436457366,0.24478883451150987,0.04972196436457366,0.04972196436457366,0.04972196436457366,7060.820512820513,7060.820512820513,7060.820512820513,0.12310438243539648,338995.0,2753720.0,387,387,0.12310438243539648,0.9923076923076923,1.0,12.960207083186257,2746700.0,212475.0,385,385,12.927167902106131,0.9871794871794872,1.0,10101.5546914719,27815256972.0,2741015.0,382,382,10147.794511157363,0.9794871794871794,0.9953862411574161,9334.44962157118,25702985614.223145,2741015.0,382,382,9377.178021361848,0.9794871794871794,0.9953862411574161,9073.554956930988,24984058231.0,2741015.0,382,382,9114.89292506608,0.9794871794871794,0.9953862411574161,8384.515475180644,23086786145.55804,2741015.0,382,382,8422.71426663409,0.9794871794871794,0.9953862411574161,1971.168131844448,5427911034.208727,2741015.0,382,382,1980.2558666073433,0.9794871794871794,0.9953862411574161,,,,0,0,,0.0,,,,,0,0,,0.0,
DE,2016,392,392,2754795.0,2238075.0,385,0,11,225.0,0.0,1634895.0,494625.0,108555.0,350310.0,385,0,10,40.0,0.0,160625.0,101270.0,27290.0,214095.0,436315.0,222380.0,27137897901.0,25047901038.359295,25831758870.0,23842352940.63354,5925859128.0,5469485276.526619,,,7027.538265306122,2652.5,0.0,68425.0,179,379,392,0.9668367346938775,True,high,1.0,8.167576897736492e-05,0.00011418457937255574,True,2754795.0,0.0,0.0,0.0,,0.7304916055091988,0.7304916055091988,0.7304916055091988,0.09824789971221394,0.2210046580208438,0.2210046580208438,0.2210046580208438,0.20474096537781147,0.04850373646995744,0.04850373646995744,0.04850373646995744,0.2513933029339966,0.04850373646995744,0.04850373646995744,0.04850373646995744,7027.538265306122,7027.538265306122,7027.538265306122,0.12716372724649203,350310.0,2754795.0,382,382,0.12716372724649203,0.9744897959183674,1.0,12.867161773978841,2747690.0,214095.0,384,384,12.83397557159205,0.9795918367346939,1.0,9851.1496866373,26701127753.0,2742285.0,377,377,9736.817199160554,0.9617346938775511,0.9954588272448585,9092.473682564145,24644768287.122498,2742285.0,377,377,8986.946392195741,0.9617346938775511,0.9954588272448585,9377.016754422742,25401239969.0,2742285.0,377,377,9262.800901073375,0.9617346938775511,0.9954588272448585,8654.855602915477,23444990003.138153,2742285.0,377,377,8549.435964218947,0.9617346938775511,0.9954588272448585,1985.4418483141646,5366770757.9561405,2742285.0,377,377,1957.04339919306,0.9617346938775511,0.9954588272448585,,,,0,0,,0.0,,,,,0,0,,0.0,
DE,2017,403,403,2843019.0,2315388.0,401,0,2,0.0,0.0,1679635.0,526138.0,109615.0,373362.0,401,0,2,0.0,0.0,170239.0,114352.0,27671.0,220309.0,446043.0,225810.0,29198639130.0,26928561403.67056,26555305061.0,24490736014.940517,6214200926.0,5731071590.888129,,,7054.637717121588,2752.0,0.0,67983.0,179,401,403,0.9950372208436724,True,high,1.0,0.0,0.0,True,2843019.0,0.0,0.0,0.0,,0.7254226937342683,0.7254226937342683,0.7254226937342683,0.10135475862315324,0.2272353488918488,0.2272353488918488,0.2272353488918488,0.2173422182013084,0.04734195737388291,0.04734195737388291,0.04734195737388291,0.2524380787301008,0.04734195737388291,0.04734195737388291,0.04734195737388291,7054.637717121588,7054.637717121588,7054.637717121588,0.13132588983752835,373362.0,2843019.0,401,401,0.13132588983752835,0.9950372208436724,1.0,12.904688414908152,2835935.0,220309.0,400,400,12.8725335778384,0.9925558312655087,1.0,10270.293350132377,29198639130.0,2750259.0,383,383,10616.687057473497,0.9503722084367245,0.9673727118953479,9471.819007776789,26928561403.67057,2750259.0,383,383,9791.281986049522,0.9503722084367245,0.9673727118953479,9340.530281718131,26555305061.0,2750259.0,383,383,9655.565188951296,0.9503722084367245,0.9673727118953479,8614.34130934071,24490736014.940517,2750259.0,383,383,8904.88350913151,0.9503722084367245,0.9673727118953479,2015.8400597703107,5731071590.88813,2750259.0,383,383,2083.8297741733163,0.9503722084367245,0.9673727118953479,,,,0,0,,0.0,,,,,0,0,,0.0,
DE,2018,402,402,2866304.0,2334958.0,402,0,1,0.0,0.0,1686474.0,538780.0,109704.0,393715.0,402,0,1,0.0,0.0,178896.0,125071.0,28423.0,224861.0,455328.0,230549.0,30514292944.0,28136219658.466415,27860042133.0,25688822827.61037,6601789068.0,6087291214.546528,,,7130.109452736318,2783.0,0.0,67960.0,178,401,402,0.9975124378109452,True,high,1.0,0.0,0.0,True,2866304.0,0.0,0.0,0.0,,0.7222716639871039,0.7222716639871039,0.7222716639871039,0.10607693922349233,0.23074504980389368,0.23074504980389368,0.23074504980389368,0.23213742158209288,0.046983286209002474,0.046983286209002474,0.046983286209002474,0.2590880915919201,0.046983286209002474,0.046983286209002474,0.046983286209002474,7130.109452736318,7130.109452736318,7130.109452736318,0.1373598194748359,393715.0,2866304.0,401,401,0.1373598194748359,0.9975124378109452,1.0,12.747003704510787,2858888.0,224861.0,400,400,12.714023329968292,0.9950248756218906,1.0,10645.867620461751,30514292944.0,2762169.0,383,383,11047.221565371272,0.9527363184079602,0.9636692409458313,9816.202209698069,28136219658.46642,2762169.0,383,383,10186.277399560426,0.9527363184079602,0.9636692409458313,9719.849022643795,27860042133.0,2762169.0,383,383,10086.291654493263,0.9527363184079602,0.9636692409458313,8962.351107073908,25688822827.61037,2762169.0,383,383,9300.235730547396,0.9527363184079602,0.9636692409458313,2123.742357595889,6087291214.546527,2762169.0,383,383,2203.808389184922,0.9527363184079602,0.9636692409458313,,,,0,0,,0.0,,,,,0,0,,0.0,
DE,2019,402,402,2889097.0,2356088.0,402,0,4,0.0,0.0,1694158.0,550887.0,111043.0,410540.0,402,0,4,0.0,0.0,185906.0,135388.0,29107.0,228199.0,467987.0,239863.0,32015766584.0,29011088181.08503,29029411216.0,26305002143.95099,6910248252.0,6261721732.196417,,,7186.808457711443,2838.5,0.0,67859.0,178,398,402,0.9900497512437811,True,high,1.0,0.0,0.0,True,2889097.0,0.0,0.0,0.0,,0.7190554851941015,0.7190554851941015,0.7190554851941015,0.10973356676295835,0.23381427179290418,0.23381427179290418,0.23381427179290418,0.245763650258583,0.04713024301299442,0.04713024301299442,0.04713024301299442,0.2621236818169538,0.04713024301299442,0.04713024301299442,0.04713024301299442,7186.808457711443,7186.808457711443,7186.808457711443,0.14209976335166316,410540.0,2889097.0,398,398,0.14209976335166316,0.9900497512437811,1.0,12.660427959807011,2881034.0,228199.0,396,396,12.625094763780735,0.9850746268656716,1.0,11081.582440464961,32015766584.0,2771278.0,381,381,11552.70838364105,0.9477611940298507,0.9592194377689638,10041.576375277476,29011088181.085022,2771278.0,381,381,10468.487167684016,0.9477611940298507,0.9592194377689638,10047.918507409062,29029411216.0,2771278.0,381,381,10475.098931251214,0.9477611940298507,0.9592194377689638,9104.921760657739,26305002143.950996,2771278.0,381,381,9492.01131894779,0.9477611940298507,0.9592194377689638,2167.36292765401,6261721732.196417,2771278.0,381,381,2259.5068889503027,0.9477611940298507,0.9592194377689638,,,,0,0,,0.0,,,,,0,0,,0.0,
DE,2020,400,400,2942308.0,2410824.0,400,0,0,,0.0,1718058.0,583875.0,108891.0,415505.0,400,0,0,,0.0,191263.0,148214.0,28796.0,241119.0,501215.0,260107.0,33400640303.0,30186665976.483772,30042380294.0,27151554306.940086,6966967666.0,6296571679.304455,,,7355.77,3079.0,12.0,68979.0,179,400,400,1.0,True,high,1.0,0.0,0.0,True,2942308.0,0.0,0.0,0.0,,0.7126434779146051,0.7126434779146051,0.7126434779146051,0.11132511242344555,0.24218897771052553,0.24218897771052553,0.24218897771052553,0.25384542924427317,0.04516754437486934,0.04516754437486934,0.04516754437486934,0.2644479341727048,0.04516754437486934,0.04516754437486934,0.04516754437486934,7355.77,7355.77,7355.77,0.1412173708530854,415505.0,2942308.0,400,400,0.1412173708530854,1.0,1.0,12.202721477776533,2933819.0,241119.0,399,399,12.167514795598853,0.9975,1.0,11351.850419126753,33400640303.0,2927031.0,396,396,11411.098926864799,0.99,0.9948078175364374,10259.519389704876,30186665976.48377,2927031.0,396,396,10313.066713842036,0.99,0.9948078175364374,10210.481123662104,30042380294.0,2927031.0,396,396,10263.772503263546,0.99,0.9948078175364374,9227.978276557073,27151554306.940086,2927031.0,396,396,9276.141696804743,0.99,0.9948078175364374,2140.0110659062393,6296571679.304454,2927031.0,396,396,2151.1803869875152,0.99,0.9948078175364374,,,,0,0,,0.0,,,,,0,0,,0.0,
DE,2021,400,400,2939511.0,2400864.0,400,0,1,0.0,0.0,1698996.0,593565.0,108303.0,439363.0,400,0,1,0.0,0.0,193802.0,159707.0,29935.0,247723.0,514592.0,266898.0,34695683522.0,31316902871.223675,31456801243.0,28393433682.94686,7311766248.0,6599722217.909721,,,7348.7775,3068.0,0.0,88201.0,179,399,400,0.9975,True,high,1.0,0.0,0.0,True,2939511.0,0.0,0.0,0.0,,0.7076602423127674,0.7076602423127674,0.7076602423127674,0.11406854401069809,0.24722974729097524,0.24722974729097524,0.24722974729097524,0.2690640452182996,0.045110010396257345,0.045110010396257345,0.045110010396257345,0.2764004690544122,0.045110010396257345,0.045110010396257345,0.045110010396257345,7348.7775,7348.7775,7348.7775,0.14946805778239985,439363.0,2939511.0,397,397,0.14946805778239985,0.9925,1.0,11.866120626667689,2930600.0,247723.0,396,396,11.83014899706527,0.99,1.0,11803.21608662121,34678756789.0,2926758.0,394,394,11848.863756074126,0.985,0.9956615232941806,10653.779785557419,31301624519.582268,2926758.0,394,394,10694.982133672229,0.985,0.9956615232941806,10701.37218163157,31442951221.0,2926758.0,394,394,10743.269932464522,0.985,0.9956615232941806,9659.237091797535,28380932421.99135,2926758.0,394,394,9697.054700795676,0.985,0.9956615232941806,2245.1769079652095,6598968677.395771,2926758.0,394,394,2254.7025334502446,0.985,0.9956615232941806,,,,0,0,,0.0,,,,,0,0,,0.0,
DE,2022,399,399,2918403.0,2378952.0,399,0,0,,0.0,1679249.0,589460.0,110243.0,457086.0,399,0,0,,0.0,195900.0,170929.0,31181.0,200840.0,330421.0,129590.0,36925078812.0,33111317286.89539,33439346611.0,29985604665.614517,8122174344.0,7283285518.032963,,,7314.293233082707,3011.0,17.0,106334.0,180,399,399,1.0,True,high,1.0,0.0,0.0,True,2918403.0,0.0,0.0,0.0,,0.7058776301497466,0.7058776301497466,0.7058776301497466,0.11665929233842033,0.2477813760008609,0.2477813760008609,0.2477813760008609,0.2899755708614664,0.046340993849392505,0.046340993849392505,0.046340993849392505,0.2828388196983028,0.046340993849392505,0.046340993849392505,0.046340993849392505,7314.293233082707,7314.293233082707,7314.293233082707,0.15662196070933315,457086.0,2918403.0,399,399,0.15662196070933315,1.0,1.0,14.530984863572993,2899950.0,200840.0,394,394,14.439105755825533,0.9874686716791979,1.0,12652.494810346618,36925078812.0,2904923.0,396,396,12711.207426840574,0.9924812030075187,0.9953810354498677,11345.697385486304,33111317286.895386,2904923.0,396,396,11398.345941319403,0.9924812030075187,0.9953810354498677,11458.09766882778,33439346611.0,2904923.0,396,396,11511.267806754258,0.9924812030075187,0.9953810354498677,10274.662089373714,29985604665.614517,2904923.0,396,396,10322.340614747625,0.9924812030075187,0.9953810354498677,2495.640772721575,7283285518.032963,2904923.0,396,396,2507.2215401347858,0.9924812030075187,0.9953810354498677,,,,0,0,,0.0,,,,,0,0,,0.0,
DE,2023,400,400,2866239.0,2329329.0,398,0,0,,0.0,1634960.0,584965.0,109404.0,468279.0,398,0,0,,0.0,196708.0,181411.0,31880.0,201113.0,332103.0,130999.0,38921267842.0,34677751402.83507,35128855290.0,31298818829.797657,8325906320.0,7418147598.385558,,,7165.5975,2964.0,13.0,116296.0,180,398,400,0.995,True,high,1.0,0.0,0.0,True,2866239.0,0.0,0.0,0.0,,0.7019017064570956,0.7019017064570956,0.7019017064570956,0.12031364681704751,0.251130261118116,0.251130261118116,0.251130261118116,0.310122827861496,0.046968032424788426,0.046968032424788426,0.046968032424788426,0.29139702387481264,0.046968032424788426,0.046968032424788426,0.046968032424788426,7165.5975,7165.5975,7165.5975,0.16337751318016397,468279.0,2866239.0,400,400,0.16337751318016397,1.0,1.0,14.251883269604651,2846951.0,201113.0,396,396,14.155976988061438,0.99,1.0,13579.212285507245,38921267842.0,2851130.0,397,397,13651.172637515652,0.9925,0.9947286321901279,12098.694980716915,34677751402.835075,2851130.0,397,397,12162.80962384566,0.9925,0.9947286321901279,12256.080281511766,35128855290.0,2851130.0,397,397,12321.02895693988,0.9925,0.9947286321901279,10919.82170007374,31298818829.797653,2851130.0,397,397,10977.689137218455,0.9925,0.9947286321901279,2588.1120166132546,7418147598.385559,2851130.0,397,397,2601.8272047874207,0.9925,0.9947286321901279,,,,0,0,,0.0,,,,,0,0,,0.0,
DK,2014,33,33,,,0,0,0,,,,,,,0,0,0,,,,,,,,,,,,,,,0.0,0.0,,,,,22,0,0,0.0,False,no_complete_records,0.0,0.0,0.0,True,,,,,,,,,,,,,,,,,,,,,,,,,,,0,0,,0.0,,,,,0,0,,0.0,,,,,0,0,,0.0,,,,,0,0,,0.0,,,,,0,0,,0.0,,,,,0,0,,0.0,,,,,0,0,,0.0,,,,,0,0,,0.0,,,,,0,0,,0.0,
DK,2015,33,33,271775.0,271775.0,31,0,0,,25165.0,168310.0,68925.0,9375.0,,0,0,0,,,,,,,,,,,,,,,0.0,0.0,8766.935483870968,5400.0,140.0,42700.0,22,31,31,0.9393939393939394,True,high,0.9393939393939394,0.0,0.0,True,271775.0,0.09259497746297489,0.09259497746297489,0.09259497746297489,,0.6192990525250667,0.6192990525250667,0.6192990525250667,,0.2536105234109098,0.2536105234109098,0.2536105234109098,,0.03449544660104866,0.03449544660104866,0.03449544660104866,,0.03449544660104866,0.03449544660104866,0.03449544660104866,8766.935483870968,8235.60606060606,8235.60606060606,,,,0,0,,0.0,,,,,0,0,,0.0,,,,,0,0,,0.0,,,,,0,0,,0.0,,,,,0,0,,0.0,,,,,0,0,,0.0,,,,,0,0,,0.0,,0.0,0.0,50140.0,13,13,0.0,0.3939393939393939,0.18449084720816852,,,,0,0,,0.0,
DK,2016,33,33,266745.0,266735.0,31,0,0,,24475.0,167765.0,65200.0,9295.0,,0,0,0,,,,,,,,,,,,,,,0.0,0.0,8604.677419354839,5310.0,160.0,41075.0,21,31,31,0.9393939393939394,True,high,0.9393939393939394,0.0,0.0,True,266745.0,0.09175773707987328,0.09175773707987328,0.09175773707987328,,0.6289575796202224,0.6289575796202224,0.6289575796202224,,0.24443736292575027,0.24443736292575027,0.24443736292575027,,0.034847320374154125,0.034847320374154125,0.034847320374154125,,0.034847320374154125,0.034847320374154125,0.034847320374154125,8604.677419354839,8083.181818181818,8083.181818181818,,,,0,0,,0.0,,,,,0,0,,0.0,,,,,0,0,,0.0,,,,,0,0,,0.0,,,,,0,0,,0.0,,,,,0,0,,0.0,,,,,0,0,,0.0,,0.0,0.0,50870.0,13,13,0.0,0.3939393939393939,0.19070647997150836,,,,0,0,,0.0,
DK,2017,43,43,270326.0,269540.0,42,0,2,0.0,24962.0,171304.0,64045.0,9229.0,26731.0,41,0,3,0.0,3710.0,8587.0,11744.0,2690.0,19296.660000000003,46157.98999999999,14337.67,5085836411.421504,3781562016.952878,5009649079.127792,3724913100.497791,1169585144.650875,869642355.9105175,2303072172.048504,1712444039.4034505,6286.6511627906975,1455.0,0.0,41001.0,24,40,43,0.9302325581395349,True,high,1.0,0.0,0.0,True,270326.0,0.09260963122356608,0.09260963122356608,0.09260963122356608,0.14862591138530568,0.6355420345774282,0.6355420345774282,0.6355420345774282,0.05012725914164293,0.23760851821622023,0.23760851821622023,0.23760851821622023,0.18337106721836208,0.034239815982785485,0.034239815982785485,0.034239815982785485,0.2914725322353451,0.034239815982785485,0.034239815982785485,0.034239815982785485,6286.6511627906975,6286.6511627906975,6286.6511627906975,0.0988843100552666,26731.0,270326.0,40,40,0.0988843100552666,0.9302325581395349,1.0,14.008952844689182,160613.0,19296.660000000003,13,13,8.323357513683714,0.3023255813953488,1.0,18813.715334157663,4944203998.601889,267777.0,37,37,18463.885989468432,0.8604651162790697,0.9905706443331385,13988.894952586425,3676251560.7444873,267777.0,37,37,13728.78014446531,0.8604651162790697,0.9905706443331385,18531.880319051044,4874645868.980722,267777.0,37,37,18204.124584937177,0.8604651162790697,0.9905706443331385,13779.337172516853,3624531772.755442,267777.0,37,37,13535.63514698963,0.8604651162790697,0.9905706443331385,3217.013368712286,869642355.9105176,267777.0,37,37,3247.636488236546,0.8604651162790697,0.9905706443331385,6334.7367230804675,1706668232.742248,267056.0,37,37,6390.675486573034,0.8604651162790697,0.9879034942994754,0.4597272454959023,1712444039.4034505,3684290901.821234,37,37,0.4647960991779851,0.8604651162790697,0.9890944573522727
DK,2018,41,41,269981.0,269261.0,40,0,1,0.0,24424.0,171677.0,63939.0,9221.0,25897.0,39,0,2,0.0,3088.0,8282.0,11813.0,2714.0,19076.58,46240.82,14402.779999999999,5174248614.420652,3865221839.54473,5105178161.058337,3813625434.984806,1209217656.4428701,903299173.0277349,2400935876.804594,1793526070.72412,6584.90243902439,1603.0,0.0,40764.0,24,39,41,0.9512195121951219,True,high,1.0,0.0,0.0,True,269981.0,0.09070752912601528,0.09070752912601528,0.09070752912601528,0.12643301670488044,0.6375858367903261,0.6375858367903261,0.6375858367903261,0.048241756321464144,0.23746105080200994,0.23746105080200994,0.23746105080200994,0.18475421886485557,0.03424558328164866,0.03424558328164866,0.03424558328164866,0.29432816397353867,0.03424558328164866,0.03424558328164866,0.03424558328164866,6584.90243902439,6584.90243902439,6584.90243902439,0.09592156485085987,25897.0,269981.0,40,40,0.09592156485085987,0.975609756097561,1.0,14.152484355162192,157521.0,19076.58,9,9,8.257297691724617,0.21951219512195122,1.0,19165.23242161727,5174248614.42065,268098.0,38,38,19299.840410673147,0.926829268292683,0.9930254351232124,14316.643910292689,3865221839.544729,268098.0,38,38,14417.19759022719,0.926829268292683,0.9930254351232124,18909.397924514455,5105178161.058337,268098.0,38,38,19042.209046909476,0.926829268292683,0.9930254351232124,14125.532667057334,3813625434.984806,268098.0,38,38,14224.744067411193,0.926829268292683,0.9930254351232124,3345.787937031624,903299173.0277348,268098.0,38,38,3369.2872495420884,0.926829268292683,0.9930254351232124,6643.156632222712,1793526070.7241197,269981.0,40,40,6643.156632222711,0.975609756097561,1.0,0.47029423872385767,1793526070.7241197,3813625434.984806,38,38,0.4702942387238576,0.926829268292683,1.0
DK,2019,41,41,268932.0,268140.0,40,0,1,0.0,23845.0,172038.0,63304.0,8953.0,24938.0,39,0,2,0.0,2731.0,7929.0,11586.0,2692.0,18947.38,46285.94000000001,14662.51,5283901967.158222,3924176669.5845056,5205842420.272966,3866204463.6977644,1260849758.7763357,936390803.2348231,2451037622.45349,1820303388.308084,6559.317073170731,1566.0,0.0,39733.0,24,39,41,0.9512195121951219,True,high,1.0,0.0,0.0,True,268932.0,0.08892742597150742,0.08892742597150742,0.08892742597150742,0.11453134829104634,0.6415976728574625,0.6415976728574625,0.6415976728574625,0.04608865483207199,0.236085626911315,0.236085626911315,0.236085626911315,0.1830216100088462,0.03338927425971507,0.03338927425971507,0.03338927425971507,0.3006813358650732,0.03338927425971507,0.03338927425971507,0.03338927425971507,6559.317073170731,6559.317073170731,6559.317073170731,0.09272976068299793,24938.0,268932.0,40,40,0.09272976068299793,0.975609756097561,1.0,14.193624659451597,156329.0,18947.38,9,9,8.250692180132557,0.21951219512195122,1.0,19647.7249533645,5283901967.158223,267065.0,38,38,19785.0784159595,0.926829268292683,0.9930577246292743,14591.705968737471,3924176669.5845065,267065.0,38,38,14693.713775989016,0.926829268292683,0.9930577246292743,19357.46739054098,5205842420.272967,267065.0,38,38,19492.791718394277,0.926829268292683,0.9930577246292743,14376.141417524745,3866204463.697765,267065.0,38,38,14476.64225449896,0.926829268292683,0.9930577246292743,3481.8868830590004,936390803.234823,267065.0,38,38,3506.2280839302152,0.926829268292683,0.9930577246292743,6768.638125281052,1820303388.3080835,268932.0,40,40,6768.638125281051,0.975609756097561,1.0,0.4708243977782505,1820303388.308084,3866204463.697765,38,38,0.47082439777825047,0.926829268292683,1.0
DK,2020,41,41,272135.0,272135.0,39,0,2,0.0,24771.0,174407.0,63908.0,9049.0,24438.0,39,0,2,0.0,2627.0,7376.0,11713.0,2722.0,17652.69,44730.50000000001,14469.54,5283063220.600467,3952424572.550924,5096721051.756058,3813016177.02554,1285311231.922943,961581469.7463608,2258120046.8192434,1689370122.6243906,6637.4390243902435,1489.0,0.0,40113.0,24,39,41,0.9512195121951219,True,high,1.0,0.0,0.0,True,272135.0,0.0910246752530913,0.0910246752530913,0.0910246752530913,0.10605143110895805,0.6408841200139637,0.6408841200139637,0.6408841200139637,0.042291880486448365,0.23483932606978153,0.23483932606978153,0.23483932606978153,0.18327908868999188,0.0332518786631635,0.0332518786631635,0.0332518786631635,0.3008067189744723,0.0332518786631635,0.0332518786631635,0.0332518786631635,6637.4390243902435,6637.4390243902435,6637.4390243902435,0.08980101787715655,24438.0,272135.0,39,39,0.08980101787715655,0.9512195121951219,1.0,15.416064067289462,157464.0,17652.69,8,8,8.920113591752873,0.1951219512195122,1.0,19413.39122347536,5283063220.600467,270320.0,37,37,19543.737868453933,0.9024390243902439,0.9933305161041395,14523.76420729022,3952424572.5509243,270320.0,37,37,14621.280602807503,0.9024390243902439,0.9933305161041395,18728.649573763236,5096721051.756059,270320.0,37,37,18854.398682139905,0.9024390243902439,0.9933305161041395,14011.487596323663,3813016177.0255404,270320.0,37,37,14105.56443113917,0.9024390243902439,0.9933305161041395,3533.4722462982004,961581469.7463608,270320.0,37,37,3557.1969138293903,0.9024390243902439,0.9933305161041395,6207.838472171498,1689370122.6243906,272135.0,39,39,6207.838472171498,0.9512195121951219,1.0,0.44305348946676526,1689370122.6243906,3813016177.0255404,37,37,0.4430534894667652,0.9024390243902439,1.0
DK,2021,41,41,271816.0,271178.0,40,0,1,0.0,25252.0,173177.0,63395.0,9354.0,24702.0,39,0,2,0.0,2770.0,7382.0,11677.0,2873.0,18338.64,34535.96,14628.67,5472117245.798038,4128196837.0140667,5304652315.718703,4001860327.1019025,1304966290.8430817,984474102.488413,2280836578.0556674,1720676280.1922076,6629.658536585366,1413.0,0.0,39765.0,24,39,41,0.9512195121951219,True,high,1.0,0.0,0.0,True,271816.0,0.09311964834905487,0.09311964834905487,0.09311964834905487,0.10969428164105813,0.6386100642382494,0.6386100642382494,0.6386100642382494,0.04262690773024131,0.23377633878854479,0.23377633878854479,0.23377633878854479,0.18419433709283067,0.03449394862415093,0.03449394862415093,0.03449394862415093,0.30714132991233695,0.03449394862415093,0.03449394862415093,0.03449394862415093,6629.658536585366,6629.658536585366,6629.658536585366,0.09087765252965241,24702.0,271816.0,40,40,0.09087765252965241,0.975609756097561,1.0,14.82203696675435,155641.0,18338.64,8,8,8.487052474992693,0.1951219512195122,1.0,20131.696610199684,5472117245.798038,269458.0,37,37,20307.867073154397,0.9024390243902439,0.9913250139800454,15187.468129227369,4128196837.0140667,269458.0,37,37,15320.372143391796,0.9024390243902439,0.9913250139800454,19515.599948931274,5304652315.718702,269458.0,37,37,19686.379011640784,0.9024390243902439,0.9913250139800454,14722.68125166253,4001860327.1019025,269458.0,37,37,14851.517962361118,0.9024390243902439,0.9913250139800454,3621.8401510154404,984474102.488413,269458.0,37,37,3653.534511828979,0.9024390243902439,0.9913250139800454,6330.2979964101,1720676280.1922073,271146.0,39,39,6345.940121529387,0.9512195121951219,0.9975350972716838,0.42996909925597027,1720676280.1922076,4001860327.1019025,37,37,0.42996909925597027,0.9024390243902439,1.0
DK,2022,40,40,260941.0,260941.0,38,0,2,0.0,23108.0,166017.0,62165.0,9651.0,23368.0,38,0,2,0.0,1681.0,6917.0,11728.0,3042.0,18711.1,35028.93000000001,14862.48,5486989314.748103,4127202641.0615206,5586675002.688316,4202184203.981105,1346021842.841013,1012450468.9244059,2976062755.2556586,2238534350.7853827,6523.525,1565.0,0.0,39447.0,24,38,40,0.95,True,high,1.0,0.0,0.0,True,260941.0,0.08855641696782031,0.08855641696782031,0.08855641696782031,0.07274536956898044,0.6362242805845,0.6362242805845,0.6362242805845,0.04166440786184547,0.23823393027542625,0.23823393027542625,0.23823393027542625,0.18865921338373684,0.0369853721722535,0.0369853721722535,0.0369853721722535,0.31520049735778677,0.0369853721722535,0.0369853721722535,0.0369853721722535,6523.525,6523.525,6523.525,0.08955281078864571,23368.0,260941.0,38,38,0.08955281078864571,0.95,1.0,13.945786191084437,151779.0,18711.1,9,9,8.111709092463832,0.225,1.0,21027.700954423042,5486989314.748105,259288.0,36,36,21161.75571082389,0.9,0.9936652346699062,15816.612341722921,4127202641.0615206,259288.0,36,36,15917.445624408074,0.9,0.9936652346699062,21409.72481399365,5586675002.688316,259288.0,36,36,21546.215029960185,0.9,0.9936652346699062,16103.96298006486,4202184203.981106,259288.0,36,36,16206.628166290402,0.9,0.9936652346699062,3879.997658184823,1012450468.9244058,258467.0,35,35,3917.136303374921,0.875,0.9905189295664537,8578.699210876723,2238534350.7853823,260941.0,38,38,8578.69921087672,0.95,1.0,0.5327073355481702,2238534350.7853823,4202184203.981106,36,36,0.53270733554817,0.9,1.0
DK,2023,40,40,256180.0,256180.0,38,0,2,0.0,22012.0,161006.0,63266.0,9896.0,22952.0,38,0,0,,607.0,6627.0,12510.0,3208.0,18905.68,35522.979999999996,15197.75,5831456982.351126,4482270146.6525545,5831689329.71319,4482448737.294273,1436092581.5861173,1103833043.054945,2821797113.0064826,2168935996.2387786,6404.5,1555.0,0.0,39326.0,24,38,40,0.95,True,high,1.0,0.0,0.0,True,256180.0,0.08592395971582481,0.08592395971582481,0.08592395971582481,0.027575867708522623,0.6284877820282614,0.6284877820282614,0.6284877820282614,0.041159956771797325,0.24695916933406198,0.24695916933406198,0.24695916933406198,0.19773654095406695,0.03862908892185182,0.03862908892185182,0.03862908892185182,0.3241713823767179,0.03862908892185182,0.03862908892185182,0.03862908892185182,6404.5,6404.5,6404.5,0.089593254742759,22952.0,256180.0,38,38,0.089593254742759,0.95,1.0,13.550425057443054,151213.0,18905.68,8,8,7.998284113557407,0.2,1.0,22763.123516086835,5831456982.351125,254403.0,36,36,22922.12349048999,0.9,0.9930634709969552,17496.565487752963,4482270146.652555,254403.0,36,36,17618.778656904815,0.9,0.9930634709969552,22764.0304852572,5831689329.713188,254403.0,36,36,22923.036794822343,0.9,0.9930634709969552,17497.262617277982,4482448737.294272,254403.0,36,36,17619.480655865977,0.9,0.9930634709969552,4308.818186645894,1103833043.0549452,254403.0,36,36,4338.915197756886,0.9,0.9930634709969552,8466.45326035904,2168935996.238779,255814.0,37,37,8478.56644373951,0.925,0.9985713170427043,0.48387301748552886,2168935996.238779,4482448737.294272,36,36,0.483873017485529,0.9,0.9999999999999998
EE,2014,25,25,55205.0,51615.0,25,0,0,,0.0,36300.0,12420.0,2895.0,3785.0,25,0,0,,0.0,2110.0,1010.0,350.0,,,,,,,,,,0.0,0.0,2208.2,700.0,35.0,14180.0,5,25,25,1.0,True,high,1.0,0.0,0.0,True,55205.0,0.0,0.0,0.0,,0.7032839290903807,0.7032839290903807,0.7032839290903807,0.0581267217630854,0.24062772449869224,0.24062772449869224,0.24062772449869224,0.08132045088566828,0.056088346410927054,0.056088346410927054,0.056088346410927054,0.12089810017271158,0.056088346410927054,0.056088346410927054,0.056088346410927054,2208.2,2208.2,2208.2,0.06856263019654017,3785.0,55205.0,25,25,0.06856263019654017,1.0,1.0,,,,0,0,,0.0,,,,,0,0,,0.0,,,,,0,0,,0.0,,,,,0,0,,0.0,,,,,0,0,,0.0,,,,,0,0,,0.0,,0.0,0.0,11565.0,18,18,0.0,0.72,0.20949189385019473,,,,0,0,,0.0,
EE,2015,24,24,51095.0,47755.0,24,0,0,,0.0,33140.0,11780.0,2835.0,4240.0,24,0,0,,0.0,2220.0,1320.0,380.0,,,,363192662.15000004,485781589.348435,339923006.3099999,454657694.02899224,140301085.74,187657107.42784688,112718615.0,150764686.76352176,2128.9583333333335,775.0,40.0,13400.0,5,24,24,1.0,True,high,1.0,0.0,0.0,True,51095.0,0.0,0.0,0.0,,0.6939587477751021,0.6939587477751021,0.6939587477751021,0.06698853349426674,0.24667574076012982,0.24667574076012982,0.24667574076012982,0.11205432937181664,0.05936551146476809,0.05936551146476809,0.05936551146476809,0.13403880070546736,0.05936551146476809,0.05936551146476809,0.05936551146476809,2128.9583333333335,2128.9583333333335,2128.9583333333335,0.08298267932283002,4240.0,51095.0,24,24,0.08298267932283002,1.0,1.0,,,,0,0,,0.0,,7108.18401311283,363192662.15000004,48830.0,16,16,7437.900105467951,0.6666666666666666,0.9556708092768372,9507.419304206576,485781589.348435,48830.0,16,16,9948.424930338624,0.6666666666666666,0.9556708092768372,6652.764581857322,339923006.3099999,49025.0,17,17,6933.666625395204,0.7083333333333334,0.9594872296702222,8898.281515392744,454657694.02899224,49025.0,17,17,9273.996818541402,0.7083333333333334,0.9594872296702222,3672.7098038525664,187657107.42784685,48830.0,16,16,3843.069986234832,0.6666666666666666,0.9556708092768372,2950.673975213265,150764686.76352176,49610.0,23,23,3038.997919038939,0.9583333333333334,0.9709364908503767,0.33160042982558197,150764686.76352176,454657694.02899224,17,17,0.33160042982558197,0.7083333333333334,1.0
EE,2016,22,22,47780.0,44485.0,22,0,0,,0.0,30265.0,11585.0,2635.0,4675.0,22,0,0,,0.0,2260.0,1670.0,415.0,0.0,0.0,0.0,323318715.51,425486544.59914726,299290686.6600001,393865724.4038533,62361647.309999995,82067757.15902509,0.0,0.0,2171.818181818182,952.5,0.0,12670.0,4,22,22,1.0,True,high,1.0,0.0,0.0,True,47780.0,0.0,0.0,0.0,,0.6803416882095088,0.6803416882095088,0.6803416882095088,0.07467371551296878,0.26042486231313927,0.26042486231313927,0.26042486231313927,0.1441519205869659,0.059233449477351915,0.059233449477351915,0.059233449477351915,0.15749525616698293,0.059233449477351915,0.059233449477351915,0.059233449477351915,2171.818181818182,2171.818181818182,2171.818181818182,0.09784428631226455,4675.0,47780.0,21,21,0.09784428631226455,0.9545454545454546,1.0,,,,0,0,,0.0,,6766.821170154876,323318715.51,44295.0,14,14,7299.214708432103,0.6363636363636364,0.9270615320217664,8905.118137278092,425486544.5991472,44295.0,14,14,9605.746576343769,0.6363636363636364,0.9270615320217664,6263.93232858937,299290686.66,44295.0,14,14,6756.760055536743,0.6363636363636364,0.9270615320217664,8243.317798322589,393865724.40385336,44295.0,14,14,8891.87773798066,0.6363636363636364,0.9270615320217664,1717.6173536840747,82067757.1590251,44295.0,14,14,1852.7544228248132,0.6363636363636364,0.9270615320217664,0.0,0.0,10035.0,14,14,0.0,0.6363636363636364,0.2100251151109251,0.0,0.0,36209032.24193294,8,8,0.0,0.36363636363636365,0.09193242772454535
EE,2017,20,20,46154.0,42982.0,20,0,0,,0.0,28959.0,11533.0,2490.0,5083.0,20,0,0,,0.0,2384.0,1896.0,461.0,3201.14,6306.62,3105.480000000001,370851361.51189655,476211180.31097955,328638296.8999999,422005276.24898237,104513581.58,134206156.98924178,0.0,0.0,2307.7,959.5,55.0,12618.0,4,20,20,1.0,True,high,1.0,0.0,0.0,True,46154.0,0.0,0.0,0.0,,0.6737471499697548,0.6737471499697548,0.6737471499697548,0.08232328464380675,0.2683216230049788,0.2683216230049788,0.2683216230049788,0.16439781496575046,0.05793122702526639,0.05793122702526639,0.05793122702526639,0.18514056224899597,0.05793122702526639,0.05793122702526639,0.05793122702526639,2307.7,2307.7,2307.7,0.11013129956233479,5083.0,46154.0,20,20,0.11013129956233479,1.0,1.0,14.417988591564256,35638.0,3201.14,6,6,11.132908901203946,0.3,1.0,8035.086049137595,370851361.5118966,43611.0,14,14,8503.619763635244,0.7,0.9449018503271656,10317.874513822844,476211180.31097955,43611.0,14,14,10919.519853041194,0.7,0.9449018503271656,7120.472697924339,328638296.90000004,43611.0,14,14,7535.674414711885,0.7,0.9449018503271656,9143.417174004038,422005276.24898237,43611.0,14,14,9676.578758776051,0.7,0.9449018503271656,2907.7903754656536,134206156.98924178,43611.0,14,14,3077.3464719736253,0.7,0.9449018503271656,0.0,0.0,9066.0,13,13,0.0,0.65,0.1964293452355159,0.0,0.0,37265319.510397375,8,8,0.0,0.4,0.08830534025932629
EE,2018,20,20,45815.0,42626.0,20,0,0,,0.0,28431.0,11783.0,2412.0,5636.0,20,0,0,,0.0,2501.0,2216.0,549.0,3272.2999999999997,6420.168000000001,3147.8680000000004,437499302.1318966,550681401.202434,373722336.96999997,470405185.06071347,142981042.48999998,179970574.6731465,0.0,0.0,2290.75,979.0,53.0,12902.0,4,20,20,1.0,True,high,1.0,0.0,0.0,True,45815.0,0.0,0.0,0.0,,0.6669872847557828,0.6669872847557828,0.6669872847557828,0.08796735957229784,0.2764275324919063,0.2764275324919063,0.2764275324919063,0.18806755495204958,0.056585182752310795,0.056585182752310795,0.056585182752310795,0.22761194029850745,0.056585182752310795,0.056585182752310795,0.056585182752310795,2290.75,2290.75,2290.75,0.12301647931900032,5636.0,45815.0,20,20,0.12301647931900032,1.0,1.0,14.000855667267672,35343.0,3272.2999999999997,6,6,10.800660086177919,0.3,1.0,9549.259022850521,437499302.1318965,43449.0,14,14,10069.260561391437,0.7,0.9483575248281131,12019.67480524793,550681401.2024341,43449.0,14,14,12674.201965578817,0.7,0.9483575248281131,8157.204779439047,373722336.96999997,43449.0,14,14,8601.402494188587,0.7,0.9483575248281131,10267.492853011317,470405185.0607134,43449.0,14,14,10826.605561939594,0.7,0.9483575248281131,3928.2020009417547,179970574.6731465,43449.0,14,14,4142.1108580898635,0.7,0.9483575248281131,0.0,0.0,9105.0,13,13,0.0,0.65,0.19873403907017353,0.0,0.0,39266379.83357437,8,8,0.0,0.4,0.08347352682455318
EE,2019,19,19,45178.0,41956.0,19,0,0,,0.0,27674.0,11966.0,2316.0,6056.0,19,0,0,,0.0,2547.0,2527.0,617.0,3294.62,6476.289999999997,3181.669999999998,446947520.88879716,549824663.9325533,389440864.50999993,479081284.5879705,134603705.44,165586413.7258255,0.0,0.0,2377.7894736842104,1155.0,55.0,13165.0,3,19,19,1.0,True,high,1.0,0.0,0.0,True,45178.0,0.0,0.0,0.0,,0.6595957669939937,0.6595957669939937,0.6595957669939937,0.09203584592035846,0.2852035465725999,0.2852035465725999,0.2852035465725999,0.21118168143072039,0.05520068643340643,0.05520068643340643,0.05520068643340643,0.2664075993091537,0.05520068643340643,0.05520068643340643,0.05520068643340643,2377.7894736842104,2377.7894736842104,2377.7894736842104,0.13404754526539467,6056.0,45178.0,19,19,0.13404754526539467,1.0,1.0,13.712658819530022,34908.0,3294.62,6,6,10.595455621589137,0.3157894736842105,1.0,9893.034682562246,446947520.88879704,42914.0,13,13,10414.958309381485,0.6842105263157895,0.9498871131966886,12170.186018251214,549824663.9325533,42914.0,13,13,12812.24458061596,0.6842105263157895,0.9498871131966886,8620.143975164901,389440864.5099999,42914.0,13,13,9074.914119168567,0.6842105263157895,0.9498871131966886,10604.304851652807,479081284.58797044,42914.0,13,13,11163.752728432923,0.6842105263157895,0.9498871131966886,3665.2001798624437,165586413.7258255,42914.0,13,13,3858.563958750652,0.6842105263157895,0.9498871131966886,0.0,0.0,9024.0,12,12,0.0,0.631578947368421,0.19974323785913498,0.0,0.0,36907555.748556696,7,7,0.0,0.3684210526315789,0.07703819150501506
EE,2020,18,18,45259.0,41953.0,18,0,0,,0.0,27674.0,11962.0,2317.0,5779.0,18,0,0,,0.0,2433.0,2266.0,694.0,3500.4100000000003,6807.459999999999,3307.05,450142001.12,558149513.4719586,396239337.87999994,491313392.45371914,131586224.10000001,163159151.5083882,0.0,0.0,2514.3888888888887,1150.0,54.0,13449.0,3,18,18,1.0,True,high,1.0,0.0,0.0,True,45259.0,0.0,0.0,0.0,,0.6596429337592067,0.6596429337592067,0.6596429337592067,0.08791645587916457,0.2851285962863204,0.2851285962863204,0.2851285962863204,0.18943320514964052,0.055228469954472864,0.055228469954472864,0.055228469954472864,0.29952524816573156,0.055228469954472864,0.055228469954472864,0.055228469954472864,2514.3888888888887,2514.3888888888887,2514.3888888888887,0.1276873108111094,5779.0,45259.0,18,18,0.1276873108111094,1.0,1.0,12.929628243548612,36259.0,3500.4100000000003,7,7,10.358500861327672,0.3888888888888889,1.0,9945.911335204048,450142001.12,43093.0,12,12,10445.826494326226,0.6666666666666666,0.9521421153803663,12332.343036124497,558149513.4719586,43093.0,12,12,12952.208327848111,0.6666666666666666,0.9521421153803663,8754.929138513886,396239337.87999994,43093.0,12,12,9194.981502332164,0.6666666666666666,0.9521421153803663,10855.595405415921,491313392.4537192,43093.0,12,12,11401.234364136151,0.6666666666666666,0.9521421153803663,3605.0100865769946,163159151.5083882,43093.0,12,12,3786.2100923209846,0.6666666666666666,0.9521421153803663,0.0,0.0,9000.0,11,11,0.0,0.6111111111111112,0.19885547625886563,0.0,0.0,36230393.284479655,6,6,0.0,0.3333333333333333,0.07374192082071628
EE,2021,18,18,44611.0,41287.0,18,0,0,,0.0,27248.0,11686.0,2353.0,5597.0,18,0,0,,0.0,2235.0,2195.0,780.0,3550.6,6904.799999999999,3354.2000000000003,492092281.41999984,587709011.3053051,440924724.51,526599265.39401364,155422350.91,185621924.25469303,0.0,0.0,2478.3888888888887,1106.0,56.0,13733.0,3,18,18,1.0,True,high,1.0,0.0,0.0,True,44611.0,0.0,0.0,0.0,,0.6599656066074067,0.6599656066074067,0.6599656066074067,0.08202436876100998,0.28304308862353766,0.28304308862353766,0.28304308862353766,0.18783159335957555,0.05699130476905564,0.05699130476905564,0.05699130476905564,0.3314917127071823,0.05699130476905564,0.05699130476905564,0.05699130476905564,2478.3888888888887,2478.3888888888887,2478.3888888888887,0.12546232991862993,5597.0,44611.0,18,18,0.12546232991862993,1.0,1.0,12.564355320227568,34676.0,3550.6,6,6,9.766236692390018,0.3333333333333333,1.0,11030.738638900715,492092281.4199998,42445.0,12,12,11593.645456944276,0.6666666666666666,0.9514469525453364,13174.082878781133,587709011.3053051,42445.0,12,12,13846.366151615151,0.6666666666666666,0.9514469525453364,9883.766885073188,440924724.51,42445.0,12,12,10388.142879255507,0.6666666666666666,0.9514469525453364,11804.247055524727,526599265.39401364,42445.0,12,12,12406.626584851305,0.6666666666666666,0.9514469525453364,4160.900321774742,185621924.25469303,42445.0,12,12,4373.234167857063,0.6666666666666666,0.9514469525453364,0.0,0.0,8932.0,11,11,0.0,0.6111111111111112,0.2002196767613369,0.0,0.0,38463944.388312034,6,6,0.0,0.3333333333333333,0.07304215352357628
EE,2022,18,18,44145.0,40865.0,18,0,0,,0.0,27180.0,11385.0,2300.0,5370.0,18,0,0,,0.0,2110.0,2115.0,780.0,3835.0,7180.0,3350.0,525688871.0800003,579150228.6904123,483303799.44999987,532454692.0754883,192054938.89999998,211586487.56734127,0.0,0.0,2452.5,1042.5,50.0,14080.0,3,18,18,1.0,True,high,1.0,0.0,0.0,True,44145.0,0.0,0.0,0.0,,0.6651168481585709,0.6651168481585709,0.6651168481585709,0.07763061074319352,0.27860026917900405,0.27860026917900405,0.27860026917900405,0.1857707509881423,0.05628288266242506,0.05628288266242506,0.05628288266242506,0.3391304347826087,0.05628288266242506,0.05628288266242506,0.05628288266242506,2452.5,2452.5,2452.5,0.1216445803601767,5370.0,44145.0,18,18,0.1216445803601767,1.0,1.0,11.511082138200782,35280.0,3835.0,7,7,9.199478487614082,0.3888888888888889,1.0,11908.231307735878,525688871.0800004,41985.0,12,12,12520.87343289271,0.6666666666666666,0.9510703363914373,13119.271235483346,579150228.6904124,41985.0,12,12,13794.217665604678,0.6666666666666666,0.9510703363914373,10948.098299920714,483303799.4499999,41985.0,12,12,11511.344514707633,0.6666666666666666,0.9510703363914373,12061.494893543739,532454692.07548827,41985.0,12,12,12682.021962021872,0.6666666666666666,0.9510703363914373,4792.9887318459905,211586487.56734127,41985.0,12,12,5039.573361137103,0.6666666666666666,0.9510703363914373,0.0,0.0,8865.0,11,11,0.0,0.6111111111111112,0.20081549439347604,0.0,0.0,36538393.97812029,6,6,0.0,0.3333333333333333,0.06862254107611486
EE,2023,18,18,44640.0,41230.0,18,0,0,,0.0,27770.0,11170.0,2290.0,4840.0,18,0,0,,0.0,1880.0,1765.0,800.0,4085.0,7470.0,3385.0,590942853.73,644194552.1924354,538564100.65,587095786.7673349,215274199.18,234673226.80021277,0.0,0.0,2480.0,1067.5,65.0,14645.0,3,18,18,1.0,True,high,1.0,0.0,0.0,True,44640.0,0.0,0.0,0.0,,0.6735386854232355,0.6735386854232355,0.6735386854232355,0.06769895570759812,0.27091923356779046,0.27091923356779046,0.27091923356779046,0.15801253357206804,0.05554208100897405,0.05554208100897405,0.05554208100897405,0.34934497816593885,0.05554208100897405,0.05554208100897405,0.05554208100897405,2480.0,2480.0,2480.0,0.10842293906810035,4840.0,44640.0,18,18,0.10842293906810035,1.0,1.0,10.927784577723378,35725.0,4085.0,7,7,8.745410036719706,0.3888888888888889,1.0,13237.967153449821,590942853.7299999,42435.0,12,12,13925.83607234594,0.6666666666666666,0.9506048387096774,14430.881545529466,644194552.1924355,42435.0,12,12,15180.736472073419,0.6666666666666666,0.9506048387096774,12064.607989471326,538564100.65,42435.0,12,12,12691.507026039824,0.6666666666666666,0.9506048387096774,13151.787337977934,587095786.7673349,42435.0,12,12,13835.178196473074,0.6666666666666666,0.9506048387096774,5257.016729395447,234673226.8002128,42435.0,12,12,5530.180907274957,0.6666666666666666,0.9506048387096774,0.0,0.0,8915.0,11,11,0.0,0.6111111111111112,0.19970878136200718,0.0,0.0,45226412.67757942,6,6,0.0,0.3333333333333333,0.07703412917780411
ES,2014,81,81,1538250.0,1356190.0,81,0,0,,0.0,1181960.0,142160.0,32070.0,86580.0,81,0,0,,0.0,42990.0,26020.0,7975.0,81380.0,138730.0,57355.0,,,,,,,,,18990.74074074074,13490.0,200.0,158945.0,47,81,81,1.0,True,high,1.0,0.0,0.0,True,1538250.0,0.0,0.0,0.0,,0.8715298003966996,0.8715298003966996,0.8715298003966996,0.03637178923144607,0.10482307051371859,0.10482307051371859,0.10482307051371859,0.18303320202588633,0.023647129089581845,0.023647129089581845,0.023647129089581845,0.2486747739320237,0.023647129089581845,0.023647129089581845,0.023647129089581845,18990.74074074074,18990.74074074074,18990.74074074074,0.05628473915163335,86580.0,1538250.0,81,81,0.05628473915163335,1.0,1.0,18.90206438928484,1536950.0,81380.0,79,79,18.886089948390268,0.9753086419753086,1.0,,,,0,0,,0.0,,,,,0,0,,0.0,,,,,0,0,,0.0,,,,,0,0,,0.0,,,,,0,0,,0.0,,,,,0,0,,0.0,,,,,0,0,,0.0,
ES,2015,82,82,1548340.0,1410705.0,82,0,0,,0.0,1184050.0,171040.0,55615.0,101910.0,82,0,0,,0.0,44585.0,34300.0,13695.0,90315.0,148240.0,57900.0,,,,,,,,,18882.19512195122,13117.5,155.0,156200.0,48,82,82,1.0,True,high,1.0,0.0,0.0,True,1548340.0,0.0,0.0,0.0,,0.8393321069961474,0.8393321069961474,0.8393321069961474,0.037654659853891305,0.12124434236782318,0.12124434236782318,0.12124434236782318,0.2005378858746492,0.0394235506360295,0.0394235506360295,0.0394235506360295,0.24624651622763644,0.0394235506360295,0.0394235506360295,0.0394235506360295,18882.19512195122,18882.19512195122,18882.19512195122,0.06581887699084181,101910.0,1548340.0,82,82,0.06581887699084181,1.0,1.0,17.143774566793997,1546780.0,90315.0,80,80,17.126501688534574,0.975609756097561,1.0,,,,0,0,,0.0,,,,,0,0,,0.0,,,,,0,0,,0.0,,,,,0,0,,0.0,,,,,0,0,,0.0,,,,,0,0,,0.0,,,,,0,0,,0.0,
ES,2016,82,82,1564945.0,1449460.0,82,0,0,,0.0,1187755.0,190155.0,71550.0,114275.0,82,0,0,,0.0,48320.0,38770.0,17840.0,90660.0,149590.0,58960.0,,,,,,,,,19084.69512195122,13425.0,270.0,147400.0,48,82,82,1.0,True,high,1.0,0.0,0.0,True,1564945.0,0.0,0.0,0.0,,0.8194465525092103,0.8194465525092103,0.8194465525092103,0.040681790436579934,0.13119023636388724,0.13119023636388724,0.13119023636388724,0.20388630327890406,0.04936321112690243,0.04936321112690243,0.04936321112690243,0.2493361285814116,0.04936321112690243,0.04936321112690243,0.04936321112690243,19084.69512195122,19084.69512195122,19084.69512195122,0.07302173558815166,114275.0,1564945.0,82,82,0.07302173558815166,1.0,1.0,17.26169203617913,1563045.0,90660.0,80,80,17.24073461283918,0.975609756097561,1.0,,,,0,0,,0.0,,,,,0,0,,0.0,,,,,0,0,,0.0,,,,,0,0,,0.0,,,,,0,0,,0.0,,,,,0,0,,0.0,,,,,0,0,,0.0,
ES,2017,82,82,1583025.0,1482448.0,82,0,0,,0.0,1187214.0,209754.0,85480.0,127597.0,82,0,0,,0.0,52479.0,43554.0,22076.0,87616.76567,154070.64232476018,60438.003000000004,,,,,,,,,19305.182926829268,13556.0,291.0,139973.0,48,82,82,1.0,True,high,1.0,0.0,0.0,True,1583025.0,0.0,0.0,0.0,,0.8008469774319235,0.8008469774319235,0.8008469774319235,0.04420348816641313,0.14149164085350718,0.14149164085350718,0.14149164085350718,0.20764323922308991,0.057661381714569415,0.057661381714569415,0.057661381714569415,0.25825924192793637,0.057661381714569415,0.057661381714569415,0.057661381714569415,19305.182926829268,19305.182926829268,19305.182926829268,0.08060327537467822,127597.0,1583025.0,82,82,0.08060327537467822,1.0,1.0,18.067603704550216,1580994.0,87616.76567000001,80,80,18.04442320953343,0.975609756097561,1.0,,,,0,0,,0.0,,,,,0,0,,0.0,,,,,0,0,,0.0,,,,,0,0,,0.0,,,,,0,0,,0.0,,,,,0,0,,0.0,,,,,0,0,,0.0,
ES,2018,83,83,1599050.0,1500938.0,83,0,0,,0.0,1192343.0,217840.0,90755.0,137914.0,83,0,0,,0.0,56746.0,46777.0,24200.0,88737.36780392168,155918.80904877544,61609.62800000001,,,,,,,,,19265.66265060241,13390.0,302.0,140784.0,48,83,83,1.0,True,high,1.0,0.0,0.0,True,1599050.0,0.0,0.0,0.0,,0.7943985694279178,0.7943985694279178,0.7943985694279178,0.047592010017251746,0.14513590834531473,0.14513590834531473,0.14513590834531473,0.21473099522585384,0.06046552222676753,0.06046552222676753,0.06046552222676753,0.26665197509779076,0.06046552222676753,0.06046552222676753,0.06046552222676753,19265.66265060241,19265.66265060241,19265.66265060241,0.08624745942903599,137914.0,1599050.0,83,83,0.08624745942903599,1.0,1.0,18.02002966251306,1596922.0,88737.36780392169,81,81,17.996048784415546,0.9759036144578314,1.0,,,,0,0,,0.0,,,,,0,0,,0.0,,,,,0,0,,0.0,,,,,0,0,,0.0,,,,,0,0,,0.0,,,,,0,0,,0.0,,,,,0,0,,0.0,
ES,2019,83,83,1626154.0,1528688.0,83,0,0,,0.0,1198913.0,237118.0,92657.0,153042.0,83,0,0,,0.0,61606.0,55043.0,25612.0,90196.1513333334,159449.64200000008,63339.490666666665,,,,,,,,,19592.21686746988,13565.0,333.0,137222.0,48,83,83,1.0,True,high,1.0,0.0,0.0,True,1626154.0,0.0,0.0,0.0,,0.7842757972849921,0.7842757972849921,0.7842757972849921,0.051384879469986565,0.1551120961242582,0.1551120961242582,0.1551120961242582,0.2321333681964254,0.06061210659074971,0.06061210659074971,0.06061210659074971,0.27641732410934955,0.06061210659074971,0.06061210659074971,0.06061210659074971,19592.21686746988,19592.21686746988,19592.21686746988,0.09411285769982425,153042.0,1626154.0,83,83,0.09411285769982425,1.0,1.0,18.02908412344895,1624036.0,90196.1513333334,81,81,18.005601968515613,0.9759036144578314,1.0,,,,0,0,,0.0,,,,,0,0,,0.0,,,,,0,0,,0.0,,,,,0,0,,0.0,,,,,0,0,,0.0,,,,,0,0,,0.0,,,,,0,0,,0.0,
ES,2020,84,84,1679057.0,1581371.0,84,0,0,,0.0,1238323.0,247251.0,95797.0,155919.0,84,0,0,,0.0,65502.0,52420.0,26634.0,91721.69503030312,176772.5212742056,64050.93600000001,,,,,,,,,19988.77380952381,13670.5,368.0,151376.0,48,84,84,1.0,True,high,1.0,0.0,0.0,True,1679057.0,0.0,0.0,0.0,,0.7830692481397471,0.7830692481397471,0.7830692481397471,0.05289573075845316,0.15635230442445194,0.15635230442445194,0.15635230442445194,0.21201127599079478,0.06057844743580096,0.06057844743580096,0.06057844743580096,0.2780254078937754,0.06057844743580096,0.06057844743580096,0.06057844743580096,19988.77380952381,19988.77380952381,19988.77380952381,0.09286105236451175,155919.0,1679057.0,84,84,0.09286105236451175,1.0,1.0,18.305996192561327,1677081.0,91721.69503030313,82,82,18.284452761649508,0.9761904761904762,1.0,,,,0,0,,0.0,,,,,0,0,,0.0,,,,,0,0,,0.0,,,,,0,0,,0.0,,,,,0,0,,0.0,,,,,0,0,,0.0,,,,,0,0,,0.0,
ES,2021,86,86,1698239.0,1600207.0,86,0,0,,0.0,1235535.0,266923.0,97749.0,170222.0,86,0,0,,0.0,68491.0,62293.0,27721.0,94057.25089807172,181098.13310736,65033.51866666668,,,,,,,,,19746.96511627907,13880.0,381.0,140237.0,48,86,86,1.0,True,high,1.0,0.0,0.0,True,1698239.0,0.0,0.0,0.0,,0.7721094833355935,0.7721094833355935,0.7721094833355935,0.05543428555241252,0.16680529456501564,0.16680529456501564,0.16680529456501564,0.23337441883989016,0.06108522209939089,0.06108522209939089,0.06108522209939089,0.2835936940531361,0.06108522209939089,0.06108522209939089,0.06108522209939089,19746.96511627907,19746.96511627907,19746.96511627907,0.10023441930140575,170222.0,1698239.0,86,86,0.10023441930140575,1.0,1.0,18.05537567582486,1696410.0,94057.25089807172,84,84,18.03593007240209,0.9767441860465116,1.0,,,,0,0,,0.0,,,,,0,0,,0.0,,,,,0,0,,0.0,,,,,0,0,,0.0,,,,,0,0,,0.0,,,,,0,0,,0.0,,,,,0,0,,0.0,
ES,2022,89,89,1720975.0,1621625.0,89,0,0,,0.0,1244386.0,280012.0,97227.0,180563.0,89,0,0,,0.0,71690.0,68760.0,27882.0,98102.45465917619,187081.81636460254,66466.37333333332,,,,,,,,,19336.79775280899,13747.0,108.0,130459.0,50,89,89,1.0,True,high,1.0,0.0,0.0,True,1720975.0,0.0,0.0,0.0,,0.7673697679796501,0.7673697679796501,0.7673697679796501,0.057610741361603234,0.17267370692977724,0.17267370692977724,0.17267370692977724,0.24556090453266288,0.059956525090572726,0.059956525090572726,0.059956525090572726,0.286772192909377,0.059956525090572726,0.059956525090572726,0.059956525090572726,19336.79775280899,19336.79775280899,19336.79775280899,0.10491901393105653,180563.0,1720975.0,89,89,0.10491901393105653,1.0,1.0,17.542629345809395,1719173.0,98102.45465917619,87,87,17.52426079421443,0.9775280898876404,1.0,,,,0,0,,0.0,,,,,0,0,,0.0,,,,,0,0,,0.0,,,,,0,0,,0.0,,,,,0,0,,0.0,,,,,0,0,,0.0,,,,,0,0,,0.0,
ES,2023,91,91,1757811.0,1654963.0,91,0,0,,0.0,1265305.0,290236.0,99422.0,196567.0,91,0,0,,0.0,76709.0,78120.0,28810.0,101243.9300311816,193142.78244909205,68472.43599999997,,,,,,,,,19316.604395604394,13796.0,132.0,130184.0,50,91,91,1.0,True,high,1.0,0.0,0.0,True,1757811.0,0.0,0.0,0.0,,0.7645518359020715,0.7645518359020715,0.7645518359020715,0.06062490861887055,0.1753731050180578,0.1753731050180578,0.1753731050180578,0.2691602695737262,0.060075059079870666,0.060075059079870666,0.060075059079870666,0.28977489891573294,0.060075059079870666,0.060075059079870666,0.060075059079870666,19316.604395604394,19316.604395604394,19316.604395604394,0.11182487764611782,196567.0,1757811.0,91,91,0.11182487764611782,1.0,1.0,17.36213716178956,1755904.0,101243.93003118159,89,89,17.343301464682458,0.978021978021978,0.9999999999999999,,,,0,0,,0.0,,,,,0,0,,0.0,,,,,0,0,,0.0,,,,,0,0,,0.0,,,,,0,0,,0.0,,,,,0,0,,0.0,,,,,0,0,,0.0,
FI,2014,41,41,302470.0,297170.0,41,0,0,,0.0,219350.0,57960.0,19860.0,20255.0,41,0,0,,0.0,9930.0,6845.0,3470.0,24475.0,40620.0,16175.0,3577906835.0,2826775933.8558297,3577906835.0,2826775933.8558297,,,1426346300.0,1126905081.6926334,7377.317073170731,5385.0,195.0,34830.0,21,41,41,1.0,True,high,1.0,0.0,0.0,True,302470.0,0.0,0.0,0.0,,0.7381296900763873,0.7381296900763873,0.7381296900763873,0.04527011625256439,0.195039876165158,0.195039876165158,0.195039876165158,0.11809868875086266,0.06683043375845475,0.06683043375845475,0.06683043375845475,0.17472306143001007,0.06683043375845475,0.06683043375845475,0.06683043375845475,7377.317073170731,7377.317073170731,7377.317073170731,0.06696531887459914,20255.0,302470.0,41,41,0.06696531887459914,1.0,1.0,12.35832482124617,300790.0,24475.0,38,38,12.289683350357508,0.926829268292683,1.0,11828.964310510133,3577906835.0,300790.0,38,38,11895.032531001696,0.926829268292683,0.9944457301550567,9345.640671325518,2826775933.8558292,300790.0,38,38,9397.838804002226,0.926829268292683,0.9944457301550567,11828.964310510133,3577906835.0,300790.0,38,38,11895.032531001696,0.926829268292683,0.9944457301550567,9345.640671325518,2826775933.8558292,300790.0,38,38,9397.838804002226,0.926829268292683,0.9944457301550567,,,,0,0,,0.0,,3725.6755436659287,1126905081.6926336,301540.0,40,40,3737.1661527247916,0.975609756097561,0.9969253149072635,0.398653840297661,1125689172.9608445,2826775933.8558292,38,38,0.3982237005341141,0.926829268292683,0.9999999999999998
FI,2015,41,41,297170.0,291755.0,41,0,0,,0.0,215195.0,57030.0,19530.0,20360.0,41,0,0,,0.0,9865.0,6830.0,3630.0,23905.0,39510.0,15595.0,3741999902.0,2964054229.0448804,3522197705.0,2789947962.7077293,736394475.0,583301233.3064018,1416769900.0,1122229535.9852986,7248.048780487805,5430.0,465.0,32460.0,21,41,41,1.0,True,high,1.0,0.0,0.0,True,297170.0,0.0,0.0,0.0,,0.7375880447635859,0.7375880447635859,0.7375880447635859,0.045842143172471476,0.19547222841082415,0.19547222841082415,0.19547222841082415,0.11976152901981413,0.06693972682558996,0.06693972682558996,0.06693972682558996,0.1858678955453149,0.06693972682558996,0.06693972682558996,0.06693972682558996,7248.048780487805,7248.048780487805,7248.048780487805,0.06851297237271596,20360.0,297170.0,41,41,0.06851297237271596,1.0,1.0,12.431290524994772,295250.0,23905.0,38,38,12.350972599874503,0.926829268292683,1.0,12592.118659353233,3741999902.0,285790.0,37,37,13093.52987158403,0.9024390243902439,0.9617054211394152,9974.271390264428,2964054229.044881,285790.0,37,37,10371.441369694114,0.9024390243902439,0.9617054211394152,11852.467291449339,3522197705.0,285790.0,37,37,12324.425994611427,0.9024390243902439,0.9617054211394152,9388.390358070226,2789947962.70773,285790.0,37,37,9762.230878294306,0.9024390243902439,0.9617054211394152,1962.8536975684015,583301233.3064018,285790.0,37,37,2041.0134480086842,0.9024390243902439,0.9617054211394152,3776.3890567193816,1122229535.9852986,296250.0,40,40,3788.116577165565,0.975609756097561,0.9969041289497594,0.40224031092541984,1108137208.30759,2789947962.70773,37,37,0.39718920321084017,0.9024390243902439,1.0
FI,2016,41,41,295520.0,289965.0,41,0,0,,0.0,211045.0,60045.0,18875.0,21100.0,41,0,0,,0.0,9935.0,7490.0,3675.0,23495.0,38105.0,14620.0,3568455731.0,2813973228.8742385,3487221203.0,2749914206.068826,672619441.0,530406776.17260206,1422582800.0,1121804561.0825474,7207.804878048781,5350.0,565.0,32030.0,21,41,41,1.0,True,high,1.0,0.0,0.0,True,295520.0,0.0,0.0,0.0,,0.7278292207680237,0.7278292207680237,0.7278292207680237,0.047075268307706884,0.20707671615539808,0.20707671615539808,0.20707671615539808,0.12473977849945873,0.06509406307657821,0.06509406307657821,0.06509406307657821,0.1947019867549669,0.06509406307657821,0.06509406307657821,0.06509406307657821,7207.804878048781,7207.804878048781,7207.804878048781,0.0713995668651868,21100.0,295520.0,41,41,0.0713995668651868,1.0,1.0,12.577995318152798,288875.0,23495.0,37,37,12.295169184932965,0.9024390243902439,1.0,12075.175050757985,3568455731.0,288875.0,37,37,12352.940652531372,0.9024390243902439,0.9775142122360585,9522.107569282074,2813973228.87424,288875.0,37,37,9741.144885761107,0.9024390243902439,0.9775142122360585,11800.28831551164,3487221203.0,288875.0,37,37,12071.7306897447,0.9024390243902439,0.9775142122360585,9305.340437428351,2749914206.068826,288875.0,37,37,9519.391453288883,0.9024390243902439,0.9775142122360585,1794.8253118997093,530406776.172602,288875.0,37,37,1836.1117305845157,0.9024390243902439,0.9775142122360585,3796.036007994543,1121804561.0825474,295520.0,41,41,3796.036007994543,1.0,1.0,0.40794165818221545,1116145790.6191845,2749914206.068826,37,37,0.40588385926948045,0.9024390243902439,1.0
FI,2017,40,40,294520.0,288760.0,40,0,0,,0.0,207295.0,62840.0,18625.0,20370.0,40,0,0,,0.0,9615.0,7120.0,3615.0,23135.0,37760.0,14640.0,3790218889.0,3014402195.8532486,3456042215.0,2748627862.1249113,811229485.0,645179609.0251875,1492163000.0,1186733419.7571118,7363.0,5842.5,520.0,31330.0,20,40,40,1.0,True,high,1.0,0.0,0.0,True,294520.0,0.0,0.0,0.0,,0.7178799002631944,0.7178799002631944,0.7178799002631944,0.04638317373790974,0.21762016899847625,0.21762016899847625,0.21762016899847625,0.11330362826225335,0.06449993073832941,0.06449993073832941,0.06449993073832941,0.1940939597315436,0.06449993073832941,0.06449993073832941,0.06449993073832941,7363.0,7363.0,7363.0,0.06916338449001766,20370.0,294520.0,40,40,0.06916338449001766,1.0,1.0,12.730494921115193,281035.0,23135.0,35,35,12.147611843527123,0.875,1.0,12869.139240119517,3790218889.0,284430.0,36,36,13325.664975565165,0.9,0.9657408664946353,10234.966032368764,3014402195.853249,284430.0,36,36,10598.04590181503,0.9,0.9657408664946353,11734.490747657204,3456042215.0,284430.0,36,36,12150.765443167036,0.9,0.9657408664946353,9332.567778503706,2748627862.1249113,284430.0,36,36,9663.635559276136,0.9,0.9657408664946353,2190.613910855587,645179609.0251874,284430.0,36,36,2268.3247513454535,0.9,0.9657408664946353,4029.3814333733253,1186733419.7571118,294520.0,40,40,4029.3814333733253,1.0,1.0,0.4317548534342772,1122767920.3416655,2748627862.1249113,36,36,0.4084830601526666,0.9,1.0
FI,2018,40,40,295455.0,289625.0,40,0,0,,0.0,205485.0,65830.0,18310.0,20230.0,40,0,0,,0.0,9490.0,6980.0,3750.0,23710.0,38475.0,14765.0,3589017218.0,2850779387.748618,3565499212.0,2832098884.7937984,880124424.0,699088473.0253541,1543536000.0,1226040541.39925,7386.375,5710.0,520.0,31245.0,20,40,40,1.0,True,high,1.0,0.0,0.0,True,295455.0,0.0,0.0,0.0,,0.7094864048338368,0.7094864048338368,0.7094864048338368,0.04618341971433438,0.22729391454466982,0.22729391454466982,0.22729391454466982,0.10603068509797964,0.06321968062149332,0.06321968062149332,0.06321968062149332,0.20480611687602404,0.06321968062149332,0.06321968062149332,0.06321968062149332,7386.375,7386.375,7386.375,0.06847066389128632,20230.0,295455.0,40,40,0.06847066389128632,1.0,1.0,12.46119780683256,281690.0,23710.0,35,35,11.880641079713202,0.875,1.0,12147.42420334738,3589017218.0,285055.0,36,36,12590.61310273456,0.9,0.9648000541537628,9648.776929646201,2850779387.7486176,285055.0,36,36,10000.804713997712,0.9,0.9648000541537628,12067.824920884737,3565499212.0,285055.0,36,36,12508.109705144621,0.9,0.9648000541537628,9585.550709224073,2832098884.7937975,285055.0,36,36,9935.271736309825,0.9,0.9648000541537628,2366.1419607904895,699088473.0253543,285055.0,36,36,2452.4687271767,0.9,0.9648000541537628,4149.66929447547,1226040541.39925,295455.0,40,40,4149.66929447547,1.0,1.0,0.43290880413185734,1158586452.3098426,2832098884.7937975,36,36,0.4090911014903345,0.9,0.9999999999999997
FI,2019,39,39,295930.0,290165.0,39,0,0,,0.0,204690.0,67020.0,18455.0,19865.0,39,0,0,,0.0,9385.0,6450.0,4025.0,24040.0,38950.0,14890.0,3618942687.0,2848394898.939017,3743345489.0,2946309770.015427,918837418.0,723197917.388156,1620197100.0,1275223609.2308657,7587.948717948718,5555.0,510.0,31620.0,20,39,39,1.0,True,high,1.0,0.0,0.0,True,295930.0,0.0,0.0,0.0,,0.7054262230110454,0.7054262230110454,0.7054262230110454,0.045849821681567246,0.23097203315355055,0.23097203315355055,0.23097203315355055,0.09623992837958818,0.063601743835404,0.063601743835404,0.063601743835404,0.21809807640205905,0.063601743835404,0.063601743835404,0.063601743835404,7587.948717948718,7587.948717948718,7587.948717948718,0.06712736120028386,19865.0,295930.0,39,39,0.06712736120028386,1.0,1.0,12.309900166389351,290035.0,24040.0,35,35,12.064683860232945,0.8974358974358975,1.0,12229.049731355388,3618942687.0,293350.0,36,36,12336.603671382309,0.9230769230769231,0.9912817220288582,9625.231976950687,2848394898.9390173,293350.0,36,36,9709.885457436569,0.9230769230769231,0.9912817220288582,12649.428881830163,3743345489.0,293350.0,36,36,12760.68003749787,0.9230769230769231,0.9912817220288582,9956.103707009857,2946309770.0154266,293350.0,36,36,10043.667189416828,0.9230769230769231,0.9912817220288582,2443.814136411165,723197917.3881558,293350.0,36,36,2465.3073713589765,0.9230769230769231,0.9912817220288582,4309.20693823156,1275223609.2308657,295930.0,39,39,4309.20693823156,1.0,1.0,0.4328206158798396,1271445628.5615335,2946309770.0154266,36,36,0.43153834043555994,0.9230769230769231,0.9999999999999999
FI,2020,38,38,305375.0,299505.0,38,0,0,,0.0,210635.0,70165.0,18705.0,20855.0,38,0,0,,0.0,9660.0,6905.0,4300.0,24685.0,39780.0,10360.0,3706545056.0,2951987524.7887483,3718411025.0,2961437886.7642026,889229636.0,708205283.4877073,1621002400.0,1291007876.6495967,8036.184210526316,6035.0,545.0,31570.0,20,38,38,1.0,True,high,1.0,0.0,0.0,True,305375.0,0.0,0.0,0.0,,0.7032770738385002,0.7032770738385002,0.7032770738385002,0.0458613240914378,0.2342698786330779,0.2342698786330779,0.2342698786330779,0.09841088861968218,0.062453047528421894,0.062453047528421894,0.062453047528421894,0.22988505747126436,0.062453047528421894,0.062453047528421894,0.062453047528421894,8036.184210526316,8036.184210526316,8036.184210526316,0.0682930822758903,20855.0,305375.0,38,38,0.0682930822758903,1.0,1.0,12.370872999797449,302795.0,24685.0,35,35,12.266356086692323,0.9210526315789473,1.0,12137.683359803521,3706545056.0,302795.0,35,35,12241.103901979888,0.9210526315789473,0.9915513712648383,9666.762258825209,2951987524.7887483,302795.0,35,35,9749.129030495049,0.9210526315789473,0.9915513712648383,12176.540401146132,3718411025.0,302795.0,35,35,12280.292029260721,0.9210526315789473,0.9915513712648383,9697.709002911839,2961437886.7642026,302795.0,35,35,9780.339459912491,0.9210526315789473,0.9915513712648383,2319.1331428168883,708205283.4877073,302795.0,35,35,2338.8935863792576,0.9210526315789473,0.9915513712648383,4227.614823248781,1291007876.6495967,305375.0,38,38,4227.614823248781,1.0,1.0,0.43593954221346465,1287317957.008944,2961437886.7642026,35,35,0.4346935530076318,0.9210526315789473,1.0
FI,2021,38,38,315590.0,309735.0,38,0,0,,0.0,216265.0,74280.0,19190.0,22795.0,38,0,0,,0.0,10660.0,7445.0,4670.0,25670.0,41110.0,10575.0,3918808266.0,3162063281.476939,3901338056.0,3147966672.0459614,963881556.0,777750343.7368879,1639834300.0,1323172626.9244425,8305.0,6342.5,530.0,30820.0,20,38,38,1.0,True,high,1.0,0.0,0.0,True,315590.0,0.0,0.0,0.0,,0.698225902787867,0.698225902787867,0.698225902787867,0.049291378632696,0.2398179088575718,0.2398179088575718,0.2398179088575718,0.10022886375875067,0.06195618835456116,0.06195618835456116,0.06195618835456116,0.2433559145388223,0.06195618835456116,0.06195618835456116,0.06195618835456116,8305.0,8305.0,8305.0,0.07222979181849869,22795.0,315590.0,38,38,0.07222979181849869,1.0,1.0,12.294117647058824,312855.0,25670.0,35,35,12.187573042462018,0.9210526315789473,1.0,12417.403168668208,3918808266.0,312855.0,35,35,12525.956964088795,0.9210526315789473,0.9913336924490637,10019.529394077566,3162063281.4769387,312855.0,35,35,10107.120811484358,0.9210526315789473,0.9913336924490637,12362.04586964099,3901338056.0,312855.0,35,35,12470.115727733295,0.9210526315789473,0.9913336924490637,9974.861915922434,3147966672.045961,312855.0,35,35,10062.062847152709,0.9210526315789473,0.9913336924490637,2464.4327885449093,777750343.7368879,312855.0,35,35,2485.9770300519026,0.9210526315789473,0.9913336924490637,4192.695037626168,1323172626.9244425,315590.0,38,38,4192.695037626168,1.0,1.0,0.42032612310487755,1318760529.968047,3147966672.045961,35,35,0.41892455268941703,0.9210526315789473,0.9999999999999999
FI,2022,38,38,327674.0,321805.0,38,0,0,,0.0,225486.0,77188.0,19131.0,26220.0,38,0,0,,0.0,13032.0,8437.0,4734.0,26356.7365,41965.24509999998,10684.821799999982,4028597641.0,3225923384.474944,4119393576.0,3298628766.355439,1055497622.0,845195962.5886836,1810831300.0,1450033871.9751444,8623.0,6899.5,528.0,31004.0,20,38,38,1.0,True,high,1.0,0.0,0.0,True,327674.0,0.0,0.0,0.0,,0.7006914125013595,0.7006914125013595,0.7006914125013595,0.05779516244910992,0.23985954226938674,0.23985954226938674,0.23985954226938674,0.1093045551121936,0.05944904522925374,0.05944904522925374,0.05944904522925374,0.24745177983377764,0.05944904522925374,0.05944904522925374,0.05944904522925374,8623.0,8623.0,8623.0,0.08001855502725269,26220.0,327674.0,38,38,0.08001855502725269,1.0,1.0,12.432267553306534,325097.0,26356.73649999999,35,35,12.33449368816963,0.9210526315789473,0.9999999999999998,12294.52944389851,4028597641.0,325097.0,35,35,12391.986517870051,0.9210526315789473,0.9921354761134542,9844.917156914935,3225923384.4749446,325097.0,35,35,9922.956485218088,0.9210526315789473,0.9921354761134542,12571.621721589141,4119393576.0,325097.0,35,35,12671.275268612137,0.9210526315789473,0.9921354761134542,10066.80043688373,3298628766.355439,325097.0,35,35,10146.598603971857,0.9210526315789473,0.9921354761134542,2579.3806117930735,845195962.5886836,325097.0,35,35,2599.8270134411687,0.9210526315789473,0.9921354761134542,4425.2332256301825,1450033871.9751444,327674.0,38,38,4425.2332256301825,1.0,1.0,0.4395868631125913,1445501593.5042682,3298628766.355439,35,35,0.4382128744670355,0.9210526315789473,1.0
FI,2023,38,38,338812.0,332917.0,38,0,0,,0.0,232051.0,81356.0,19510.0,31656.0,38,0,0,,0.0,16137.0,10370.0,5135.0,26990.3627,42941.23129999999,10878.880299999988,4276126060.0,3467222946.5661235,4380534196.0,3551880480.012973,1146038075.0,929245175.5452851,1930966800.0,1565691072.7316957,8916.105263157895,7588.5,465.0,31465.0,20,38,38,1.0,True,high,1.0,0.0,0.0,True,338812.0,0.0,0.0,0.0,,0.6970235824544857,0.6970235824544857,0.6970235824544857,0.06954074750809089,0.24437322215447094,0.24437322215447094,0.24437322215447094,0.12746447711293574,0.05860319539104342,0.05860319539104342,0.05860319539104342,0.26319835981547923,0.05860319539104342,0.05860319539104342,0.05860319539104342,8916.105263157895,8916.105263157895,8916.105263157895,0.09343234596177231,31656.0,338812.0,38,38,0.09343234596177231,1.0,1.0,12.553073249363928,336259.0,26990.362700000005,35,35,12.458483931377474,0.9210526315789473,1.0,12620.94040352762,4276126060.0,336259.0,35,35,12716.763149833907,0.9210526315789473,0.9924648477621808,10233.471502090018,3467222946.566123,336259.0,35,35,10311.167720614536,0.9210526315789473,0.9924648477621808,12929.099902010554,4380534196.0,336259.0,35,35,13027.262306733797,0.9210526315789473,0.9924648477621808,10483.337308043909,3551880480.0129733,336259.0,35,35,10562.930598178706,0.9210526315789473,0.9924648477621808,2742.6572126881133,929245175.5452849,336259.0,35,35,2763.480458650281,0.9210526315789473,0.9924648477621808,4621.120481953696,1565691072.7316957,338812.0,38,38,4621.120481953696,1.0,1.0,0.4408062381440203,1560960674.6128273,3551880480.0129733,35,35,0.43947443710356093,0.9210526315789473,1.0
FR,2014,375,375,1781320.0,1388630.0,252,0,0,,141470.0,760810.0,415730.0,70620.0,249990.0,252,0,4,0.0,9445.0,89430.0,89900.0,29820.0,75875.0,,,11086540727.600006,9839833786.811043,10579800963.250002,9390078071.580723,777657521.1200001,690208148.6819919,3471152.0,3080812.9936984107,5532.0496894409935,1047.5,0.0,60150.0,126,248,322,0.6613333333333333,False,medium,0.8586666666666667,0.0,0.0,True,1781320.0,0.10187738994548584,,,0.0667632713649537,0.5478853258247337,,,0.11754577358341767,0.29938140469383495,,,0.2162461212806389,0.0508558795359455,,,0.42225998300764656,,0.0508558795359455,,5532.0496894409935,4750.1866666666665,4750.1866666666665,0.14033974805200639,249990.0,1728495.0,251,251,0.14462870879001674,0.6693333333333333,0.9703450250376126,23.477034596375617,1576510.0,75875.0,129,129,20.777726523887974,0.344,1.0,6223.778281050011,11044864750.96,1183620.0,102,102,9331.42795065984,0.272,0.6644623088496171,5523.900134064089,9802844369.361856,1183620.0,102,102,8282.087468412037,0.272,0.6644623088496171,5939.303978650664,10542716361.810001,1287325.0,137,137,8189.6307162604635,0.36533333333333334,0.7226803718590707,5271.41561964202,9357163718.656252,1287325.0,137,137,7268.687952658615,0.36533333333333334,0.7226803718590707,387.4700495598724,689837078.7432324,1183620.0,102,102,582.8197214842875,0.272,0.6644623088496171,1.7295112577742409,3059098.25153102,1291190.0,210,210,2.369208444559685,0.56,0.7248501111535266,0.0003280923726313372,2070351.4688914532,6721947941.688116,76,76,0.0003079987359098047,0.20266666666666666,0.7158564487373368
FR,2015,377,377,,,0,0,0,,,,,,,0,0,0,,,,,,120.0,,,14007830996.0,12454726590.20183,13584126784.73,12078000164.248243,441226208.2,392305688.80590385,3634380.0,3231421.7124566557,,,,,127,0,0,0.0,False,no_complete_records,0.0,0.0,0.0,True,,,,,,,,,,,,,,,,,,,,,,,,,,,0,0,,0.0,,,,,0,0,,0.0,,,,,0,0,,0.0,,,,,0,0,,0.0,,,,,0,0,,0.0,,,,,0,0,,0.0,,,,,0,0,,0.0,,,,,0,0,,0.0,,0.0002675460894612254,3031583.5333866808,8890619207.54868,90,90,0.000340986770731636,0.23872679045092837,0.7361002721183559
FR,2017,212,212,1539503.0,1539503.0,0,0,77,0.0,139327.0,775083.0,625093.0,,224310.0,0,0,77,0.0,15089.0,98846.0,110375.0,,,,,13188852416.0,11763472458.235592,12692038249.0,11320351283.926613,,,4136895.0,3689801.724983722,7546.583333333333,684.0,0.0,65750.0,104,0,204,0.0,False,no_complete_records,0.9622641509433962,0.0,0.0,True,1539503.0,,,,0.10829918106325408,,,,0.12752956780112581,,,,0.17657372582959655,,,,,,,,7546.583333333333,7261.806603773585,7261.806603773585,0.14570286644456035,224310.0,1539503.0,123,123,0.14570286644456035,0.5801886792452831,1.0,,,,0,0,,0.0,,8566.954670435849,13078188439.0,1344983.0,109,109,9723.683079265686,0.5141509433962265,0.8736475343016545,7641.084465724063,11664768446.355148,1344983.0,109,109,8672.79991372021,0.5141509433962265,0.8736475343016545,8244.243920927727,12590607196.0,1344983.0,109,109,9361.164561931266,0.5141509433962265,0.8736475343016545,7353.250551591398,11229882351.472122,1344983.0,109,109,8349.460440371457,0.5141509433962265,0.8736475343016545,,,,0,0,,0.0,,2.3967486422460507,3465192.6112899915,1287254.0,97,97,2.6919260777515484,0.45754716981132076,0.8361490688878164,0.00032594410124204783,3179560.6375482758,9364797243.950516,90,90,0.00033952263511120997,0.42452830188679247,0.8272532370304866
FR,2018,209,209,,,0,0,0,,,,,,,0,0,0,,,,,,,,,15307141196.16,13727515937.259542,14644213637.82,13132999397.185827,864557539.0,775339251.3474492,4260217.0,3820582.564323316,,,,,103,0,0,0.0,False,no_complete_records,0.0,0.0,0.0,True,,,,,,,,,,,,,,,,,,,,,,,,,,,0,0,,0.0,,,,,0,0,,0.0,,,,,0,0,,0.0,,,,,0,0,,0.0,,,,,0,0,,0.0,,,,,0,0,,0.0,,,,,0,0,,0.0,,,,,0,0,,0.0,,0.00029091469882668237,3646871.4968566997,10724120400.351545,95,95,0.0003400625282738482,0.45454545454545453,0.8165781537041369
FR,2019,205,205,1859507.0,1590887.0,196,0,86,0.0,130892.0,762116.0,636922.0,60957.0,277727.0,196,0,86,0.0,13825.0,100896.0,109928.0,25700.0,,,,14156491665.0,13042168765.661852,13557047819.0,12489909915.79452,791164703.0,728888471.956073,4462225.0,4110982.6429834915,9070.765853658537,939.0,0.0,77611.0,102,115,205,0.5609756097560976,False,medium,1.0,0.0,0.0,True,1859507.0,0.08227611389118146,,,0.1056214283531461,0.4790509948223852,,,0.13238929506794242,0.4003565306649687,,,0.17259256235457404,0.03831636062146463,,,0.4216086749676001,,0.03831636062146463,,9070.765853658537,9070.765853658537,9070.765853658537,0.1493551785500135,277727.0,1859507.0,117,117,0.1493551785500135,0.5707317073170731,1.0,,,,0,0,,0.0,,7613.034887741751,13302157610.0,1635202.0,108,108,8134.871171879682,0.526829268292683,0.8793739415877434,7013.777719396513,12255083293.410967,1635202.0,108,108,7494.537857347879,0.526829268292683,0.8793739415877434,7290.667805498984,12753566280.0,1635202.0,108,108,7799.382755158078,0.526829268292683,0.8793739415877434,6716.785640384532,11749674122.936323,1635202.0,108,108,7185.457284749115,0.526829268292683,0.8793739415877434,391.9794181770077,691021003.464033,1481159.0,90,90,466.54073159197156,0.43902439024390244,0.7965331671244045,2.210791700694588,3923864.976415095,1579096.0,91,91,2.484880574971436,0.44390243902439025,0.8492014281204642,0.00032914429893403916,3776723.724941038,10960222728.11026,91,91,0.0003445845781267452,0.44390243902439025,0.8775261632792207
FR,2020,202,202,1883214.0,1646765.0,193,0,84,0.0,133467.0,834013.0,620327.0,58958.0,268700.0,193,0,84,0.0,10902.0,103768.0,106438.0,24179.0,,,,15608328133.0,14387014474.278502,14823821090.0,13663893196.545273,910068562.0,838857913.705537,5053750.0,4658306.372074588,9369.223880597016,1230.0,0.0,77749.0,102,116,201,0.5742574257425742,False,medium,0.995049504950495,0.0,0.0,True,1883214.0,0.08104799409751846,,,0.08168311267953876,0.506455383737206,,,0.12442012294772384,0.3766943067165017,,,0.1715836969856221,0.03580231544877381,,,0.41010549882967534,,0.03580231544877381,,9369.223880597016,9322.841584158416,9322.841584158416,0.14268160708236027,268700.0,1883214.0,116,116,0.14268160708236027,0.5742574257425742,1.0,,,,0,0,,0.0,,8288.133017808916,15169152325.0,1865824.0,114,114,8130.001717739722,0.5643564356435643,0.9907657865755034,7639.6067968263305,13982203103.540453,1865824.0,114,114,7493.848885822271,0.5643564356435643,0.9907657865755034,7871.55420998357,14417625506.0,1865824.0,114,114,7727.216235829317,0.5643564356435643,0.9907657865755034,7255.62426603948,13289481427.610172,1865824.0,114,114,7122.580386794345,0.5643564356435643,0.9907657865755034,445.4395059220763,815039700.7991595,1580147.0,92,92,515.799922918032,0.45544554455445546,0.8390692719998896,2.4735937456256103,4391304.187521317,1763085.0,101,101,2.490693408157472,0.5,0.9362106483915265,0.0003409208711652091,4472058.918415692,12810889780.530746,104,104,0.0003490826160421792,0.5148514851485149,0.9375724470511672
FR,2021,354,354,2242313.0,1859680.0,0,0,58,0.0,90526.0,958557.0,810597.0,,238270.0,0,0,110,0.0,8653.0,116137.0,97610.0,,,,,16453837319.0,14909645350.09107,15558592053.0,14098418816.20559,1041645623.0,943887223.2844316,0.0,0.0,6388.356125356126,1414.0,0.0,75538.0,123,0,351,0.0,False,no_complete_records,0.9915254237288136,0.0,0.0,True,2242313.0,,,,0.09558579855511123,,,,0.12115815752219221,,,,0.12041742074051594,,,,,,,,6388.356125356126,6334.217514124294,6334.217514124294,0.10626081193838684,238270.0,1831602.0,137,137,0.13008830521041143,0.3870056497175141,0.8168360081754866,,,,0,0,,0.0,,7337.886066307425,14386113810.0,1688061.0,74,74,8522.271298252848,0.20903954802259886,0.7528213055001688,6649.225754875019,13035977609.032503,1688061.0,74,74,7722.456480561131,0.20903954802259886,0.7528213055001688,6938.635263230423,13656136440.0,1688061.0,74,74,8089.835876784074,0.20903954802259886,0.7528213055001688,6287.444623567535,12374508585.771631,1688061.0,74,74,7330.605105959815,0.20903954802259886,0.7528213055001688,420.9435628676423,802063324.483268,1527398.0,65,65,525.1174379456226,0.18361581920903955,0.6811707375375338,0.0,0.0,110876.0,43,43,0.0,0.12146892655367232,0.04944715568254744,0.0,0.0,6916889.730601594,1,1,0.0,0.002824858757062147,0.0004906145732208562
FR,2022,782,782,2683891.0,2172553.0,0,0,42,41521.0,34732.0,1155045.0,982776.0,,271989.0,0,0,576,18746.0,7566.0,125694.0,112748.0,,,,,15483227053.95,13999807455.920647,14861773169.67,13437893928.957647,1210047062.0,1094114671.4166877,0.0,0.0,3436.4801536491677,610.0,0.0,72853.0,265,0,781,0.0,False,no_complete_records,0.9987212276214834,0.01547044943330411,0.06892190492997878,True,2683891.0,,,,0.2178394564090752,,,,0.10882173421814735,,,,0.11472400628423975,,,,,,,,3436.4801536491677,3432.0856777493605,3432.0856777493605,0.10134129888285329,271989.0,2531348.0,682,682,0.10744828447135676,0.8721227621483376,0.9431634891282843,,,,0,0,,0.0,,5768.9477903350025,15406061330.95,1573354.0,115,115,9791.859512194967,0.14705882352941177,0.5862212735166965,5216.235478982063,13930034839.370321,1573354.0,115,115,8853.719404133031,0.14705882352941177,0.5862212735166965,5537.398191532368,14792392270.67,1573354.0,115,115,9401.820741339838,0.14705882352941177,0.5862212735166965,5006.870222731715,13375160286.692102,1573354.0,115,115,8501.0495328401,0.14705882352941177,0.5862212735166965,407.65987568671295,1092767015.0819197,1465781.0,98,98,745.5186109534233,0.12531969309462915,0.546140286621178,0.0,0.0,199531.0,68,68,0.0,0.08695652173913043,0.07434392827428536,0.0,0.0,161575065.101812,5,5,0.0,0.00639386189258312,0.012023838404739149
FR,2023,816,816,2545897.0,2077668.0,0,0,169,41152.0,35409.0,1125342.0,916917.0,,280021.0,0,0,636,0.0,7996.0,128552.0,115014.0,,,,,17849213479.940002,16431200846.856298,17372533280.94,15992390022.03811,1420648146.8600001,1307786197.9747767,0.0,0.0,3119.9718137254904,480.0,0.0,71973.0,271,0,816,0.0,False,no_complete_records,1.0,0.016164047485031797,0.0,True,2545897.0,,,,0.22581829478381202,,,,0.11423371739435656,,,,0.12543556286992172,,,,,,,,3119.9718137254904,3119.9718137254904,3119.9718137254904,0.10998913153202977,280021.0,2430200.0,634,634,0.11522549584396347,0.7769607843137255,0.9545555063696607,,,,0,0,,0.0,,7010.9723527464,17844147249.940002,1764872.0,119,119,10110.731684756744,0.14583333333333334,0.6932220745772512,6453.992776163489,16426537098.352203,1764872.0,119,119,9307.494876881838,0.14583333333333334,0.6932220745772512,6823.737677109482,17368570793.940002,1764872.0,119,119,9841.263725607298,0.14583333333333334,0.6932220745772512,6281.63276913328,15988742330.792599,1764872.0,119,119,9059.434526012425,0.14583333333333334,0.6932220745772512,513.6838599420074,1307786197.974777,1633735.0,105,105,800.4885724886698,0.12867647058823528,0.641712920829083,0.0,0.0,111268.0,60,60,0.0,0.07352941176470588,0.04370483173514089,0.0,0.0,188761052.19552606,5,5,0.0,0.006127450980392157,0.01180317963327597
GR,2014,49,49,689135.0,594075.0,48,0,4,0.0,0.0,531115.0,39810.0,23150.0,,0,0,0,,,,,,,,,,,,,,,0.0,0.0,14063.979591836734,7900.0,0.0,113475.0,30,45,49,0.9183673469387755,True,high,1.0,0.0,0.0,True,689135.0,0.0,0.0,0.0,,0.8940201153053066,0.8940201153053066,0.8940201153053066,,0.06701174094180028,0.06701174094180028,0.06701174094180028,,0.038968143752893154,0.038968143752893154,0.038968143752893154,,0.038968143752893154,0.038968143752893154,0.038968143752893154,14063.979591836734,14063.979591836734,14063.979591836734,,,,0,0,,0.0,,,,,0,0,,0.0,,,,,0,0,,0.0,,,,,0,0,,0.0,,,,,0,0,,0.0,,,,,0,0,,0.0,,,,,0,0,,0.0,,0.0,0.0,7200.0,11,11,0.0,0.22448979591836735,0.010447880313726628,,,,0,0,,0.0,
GR,2015,47,47,732625.0,638430.0,47,0,2,0.0,0.0,552760.0,62025.0,23645.0,23450.0,46,0,2,0.0,0.0,21565.0,590.0,490.0,,,,,,,,,,0.0,0.0,15587.765957446809,10640.0,0.0,113780.0,29,45,47,0.9574468085106383,True,high,1.0,0.0,0.0,True,732625.0,0.0,0.0,0.0,,0.8658114436978213,0.8658114436978213,0.8658114436978213,0.039013315001085465,0.09715238945538274,0.09715238945538274,0.09715238945538274,0.00951229343006852,0.037036166846796045,0.037036166846796045,0.037036166846796045,0.02072319729329668,0.037036166846796045,0.037036166846796045,0.037036166846796045,15587.765957446809,15587.765957446809,15587.765957446809,0.03200818972871523,23450.0,732625.0,45,45,0.03200818972871523,0.9574468085106383,1.0,,,,0,0,,0.0,,,,,0,0,,0.0,,,,,0,0,,0.0,,,,,0,0,,0.0,,,,,0,0,,0.0,,,,,0,0,,0.0,,0.0,0.0,7375.0,9,9,0.0,0.19148936170212766,0.010066541545811295,,,,0,0,,0.0,
GR,2016,47,47,733655.0,733660.0,47,0,2,0.0,0.0,632645.0,72325.0,28690.0,25005.0,47,0,2,0.0,0.0,23995.0,650.0,385.0,17105.0,,,,,,,,,0.0,0.0,15609.68085106383,12055.0,0.0,110040.0,29,45,47,0.9574468085106383,True,high,1.0,0.0,0.0,True,733655.0,0.0,0.0,0.0,,0.8623136057574353,0.8623136057574353,0.8623136057574353,0.037928063922104814,0.09858108660687512,0.09858108660687512,0.09858108660687512,0.008987210508123056,0.039105307635689555,0.039105307635689555,0.039105307635689555,0.013419309864064134,0.039105307635689555,0.039105307635689555,0.039105307635689555,15609.68085106383,15609.68085106383,15609.68085106383,0.03408277732721783,25005.0,733655.0,45,45,0.03408277732721783,0.9574468085106383,1.0,42.89125986553639,733655.0,17105.0,45,45,42.89125986553639,0.9574468085106383,1.0,,,,0,0,,0.0,,,,,0,0,,0.0,,,,,0,0,,0.0,,,,,0,0,,0.0,,,,,0,0,,0.0,,0.0,0.0,7555.0,9,9,0.0,0.19148936170212766,0.010297755757133802,,,,0,0,,0.0,
GR,2017,47,47,765100.0,765100.0,47,0,2,0.0,0.0,657515.0,78302.0,29283.0,29462.0,47,0,2,0.0,0.0,25106.0,3938.0,418.0,,,,,,,,,,0.0,0.0,16278.72340425532,12841.0,0.0,111463.0,29,45,47,0.9574468085106383,True,high,1.0,0.0,0.0,True,765100.0,0.0,0.0,0.0,,0.859384394196837,0.859384394196837,0.859384394196837,0.03818315931955925,0.10234217749313815,0.10234217749313815,0.10234217749313815,0.05029245740849531,0.03827342831002483,0.03827342831002483,0.03827342831002483,0.01427449373356555,0.03827342831002483,0.03827342831002483,0.03827342831002483,16278.72340425532,16278.72340425532,16278.72340425532,0.03850738465560057,29462.0,765100.0,45,45,0.03850738465560057,0.9574468085106383,1.0,,,,0,0,,0.0,,,,,0,0,,0.0,,,,,0,0,,0.0,,,,,0,0,,0.0,,,,,0,0,,0.0,,,,,0,0,,0.0,,0.0,0.0,4701.0,5,5,0.0,0.10638297872340426,0.006144294863416547,,,,0,0,,0.0,
GR,2018,46,46,800890.0,800890.0,46,0,2,0.0,0.0,685426.0,84804.0,30660.0,21760.0,46,0,11,0.0,0.0,20877.0,547.0,336.0,,,,0.0,0.0,0.0,0.0,0.0,0.0,0.0,0.0,17410.652173913044,12843.0,0.0,119264.0,29,44,46,0.9565217391304348,True,high,1.0,0.0,0.0,True,800890.0,0.0,0.0,0.0,,0.8558303886925795,0.8558303886925795,0.8558303886925795,0.030458430231709913,0.10588720048945548,0.10588720048945548,0.10588720048945548,0.006450167444931843,0.03828241081796501,0.03828241081796501,0.03828241081796501,0.010958904109589041,0.03828241081796501,0.03828241081796501,0.03828241081796501,17410.652173913044,17410.652173913044,17410.652173913044,0.02716977362684014,21760.0,800890.0,44,44,0.02716977362684014,0.9565217391304348,1.0,,,,0,0,,0.0,,0.0,0.0,12007.0,1,1,0.0,0.021739130434782608,0.01499207132065577,0.0,0.0,12007.0,1,1,0.0,0.021739130434782608,0.01499207132065577,0.0,0.0,12007.0,1,1,0.0,0.021739130434782608,0.01499207132065577,0.0,0.0,12007.0,1,1,0.0,0.021739130434782608,0.01499207132065577,0.0,0.0,12007.0,1,1,0.0,0.021739130434782608,0.01499207132065577,0.0,0.0,25926.0,7,7,0.0,0.15217391304347827,0.032371486721022864,,,,0,0,,0.0,
GR,2019,47,47,824848.0,824848.0,47,0,2,0.0,0.0,709782.0,83961.0,31105.0,21185.0,47,0,2,0.0,0.0,20158.0,739.0,288.0,0.0,0.0,0.0,0.0,0.0,0.0,0.0,0.0,0.0,0.0,0.0,17549.957446808512,12043.0,0.0,118164.0,29,45,47,0.9574468085106383,True,high,1.0,0.0,0.0,True,824848.0,0.0,0.0,0.0,,0.8605003588539949,0.8605003588539949,0.8605003588539949,0.028400269378485225,0.10178966306519505,0.10178966306519505,0.10178966306519505,0.008801705553769011,0.03770997808081004,0.03770997808081004,0.03770997808081004,0.009258961581739271,0.03770997808081004,0.03770997808081004,0.03770997808081004,17549.957446808512,17549.957446808512,17549.957446808512,0.025683519872752313,21185.0,824848.0,45,45,0.025683519872752313,0.9574468085106383,1.0,,,,0,0,,0.0,,0.0,0.0,168323.0,11,11,0.0,0.23404255319148937,0.20406547630593758,0.0,0.0,168323.0,11,11,0.0,0.23404255319148937,0.20406547630593758,0.0,0.0,168323.0,11,11,0.0,0.23404255319148937,0.20406547630593758,0.0,0.0,168323.0,11,11,0.0,0.23404255319148937,0.20406547630593758,0.0,0.0,168323.0,11,11,0.0,0.23404255319148937,0.20406547630593758,0.0,0.0,172924.0,16,16,0.0,0.3404255319148936,0.2096434737066708,,,,0,0,,0.0,
GR,2020,47,47,855462.0,855462.0,47,0,2,0.0,0.0,725630.0,96119.0,33713.0,24699.0,47,0,2,0.0,0.0,23653.0,489.0,557.0,0.0,0.0,0.0,0.0,0.0,0.0,0.0,0.0,0.0,0.0,0.0,18201.31914893617,13389.0,0.0,113994.0,29,45,47,0.9574468085106383,True,high,1.0,0.0,0.0,True,855462.0,0.0,0.0,0.0,,0.8482317157278757,0.8482317157278757,0.8482317157278757,0.032596502349682345,0.11235916966504648,0.11235916966504648,0.11235916966504648,0.005087443689593109,0.039409114607077814,0.039409114607077814,0.039409114607077814,0.016521816509951652,0.039409114607077814,0.039409114607077814,0.039409114607077814,18201.31914893617,18201.31914893617,18201.31914893617,0.028872118223836944,24699.0,855462.0,45,45,0.028872118223836944,0.9574468085106383,1.0,,,,0,0,,0.0,,0.0,0.0,157408.0,11,11,0.0,0.23404255319148937,0.1840034975253138,0.0,0.0,157408.0,11,11,0.0,0.23404255319148937,0.1840034975253138,0.0,0.0,157408.0,11,11,0.0,0.23404255319148937,0.1840034975253138,0.0,0.0,157408.0,11,11,0.0,0.23404255319148937,0.1840034975253138,0.0,0.0,157408.0,11,11,0.0,0.23404255319148937,0.1840034975253138,0.0,0.0,161690.0,16,16,0.0,0.3404255319148936,0.18900897994300156,,,,0,0,,0.0,
GR,2021,47,47,870675.0,870675.0,47,0,2,0.0,0.0,734526.0,103276.0,32873.0,24343.0,47,0,2,0.0,0.0,22842.0,573.0,928.0,,,,,,,,,,0.0,0.0,18525.0,14181.0,0.0,119092.0,29,45,47,0.9574468085106383,True,high,1.0,0.0,0.0,True,870675.0,0.0,0.0,0.0,,0.8436282194848824,0.8436282194848824,0.8436282194848824,0.03109760580292597,0.1186160163091854,0.1186160163091854,0.1186160163091854,0.005548239668461211,0.03775576420593218,0.03775576420593218,0.03775576420593218,0.02822985428771332,0.03775576420593218,0.03775576420593218,0.03775576420593218,18525.0,18525.0,18525.0,0.027958767622821373,24343.0,870675.0,45,45,0.027958767622821373,0.9574468085106383,1.0,,,,0,0,,0.0,,,,,0,0,,0.0,,,,,0,0,,0.0,,,,,0,0,,0.0,,,,,0,0,,0.0,,,,,0,0,,0.0,,0.0,0.0,154541.0,16,16,0.0,0.3404255319148936,0.17749562121342635,,,,0,0,,0.0,
GR,2022,45,45,871725.0,871710.0,45,0,4,33130.0,0.0,733225.0,105965.0,32520.0,23285.0,45,0,5,300.0,0.0,21890.0,640.0,750.0,,,,,,,,,,0.0,0.0,19371.666666666668,14855.0,0.0,116415.0,20,41,45,0.9111111111111111,True,high,1.0,0.03800510482090109,0.012883830792355593,True,871725.0,0.0,0.0,0.0,,0.8411340927602069,0.8411340927602069,0.8411340927602069,0.029854410310614067,0.12155992245127394,0.12155992245127394,0.12155992245127394,0.006039730099561176,0.03730598478851912,0.03730598478851912,0.03730598478851912,0.023062730627306273,0.03730598478851912,0.03730598478851912,0.03730598478851912,19371.666666666668,19371.666666666668,19371.666666666668,0.026711405546473947,23285.0,871725.0,43,43,0.026711405546473947,0.9555555555555556,1.0,,,,0,0,,0.0,,,,,0,0,,0.0,,,,,0,0,,0.0,,,,,0,0,,0.0,,,,,0,0,,0.0,,,,,0,0,,0.0,,0.0,0.0,140720.0,16,16,0.0,0.35555555555555557,0.16142705555077577,,,,0,0,,0.0,
GR,2023,43,43,882145.0,882135.0,43,0,1,3715.0,0.0,741730.0,106805.0,33600.0,22335.0,43,0,1,0.0,0.0,21260.0,635.0,445.0,,,,,,,,,,,,20515.0,14165.0,360.0,122940.0,18,42,43,0.9767441860465116,True,high,1.0,0.004211325802447444,0.0,True,882145.0,0.0,0.0,0.0,,0.8408350195831704,0.8408350195831704,0.8408350195831704,0.02866272093618972,0.12107557233303293,0.12107557233303293,0.12107557233303293,0.005945414540517766,0.0380894080837967,0.0380894080837967,0.0380894080837967,0.013244047619047619,0.0380894080837967,0.0380894080837967,0.0380894080837967,20515.0,20515.0,20515.0,0.025318966836517805,22335.0,882145.0,43,43,0.025318966836517805,1.0,1.0,,,,0,0,,0.0,,,,,0,0,,0.0,,,,,0,0,,0.0,,,,,0,0,,0.0,,,,,0,0,,0.0,,,,,0,0,,0.0,,,,,0,0,,0.0,,,,,0,0,,0.0,
HR,2014,37,37,160770.0,136450.0,37,0,0,,120.0,99895.0,33310.0,3125.0,1000.0,37,0,0,,0.0,325.0,160.0,105.0,11515.0,,,,,,,,,0.0,0.0,4345.135135135135,1060.0,140.0,64980.0,21,37,37,1.0,True,high,1.0,0.0,0.0,True,160770.0,0.0008794430194210333,0.0008794430194210333,0.0008794430194210333,0.0,0.7320996702088677,0.7320996702088677,0.7320996702088677,0.003253416086891236,0.24411872480762184,0.24411872480762184,0.24411872480762184,0.004803362353647553,0.02290216196408941,0.02290216196408941,0.02290216196408941,0.0336,0.02290216196408941,0.02290216196408941,0.02290216196408941,4345.135135135135,4345.135135135135,4345.135135135135,0.006220065932698886,1000.0,160770.0,37,37,0.006220065932698886,1.0,1.0,13.961788970907511,160770.0,11515.0,37,37,13.961788970907511,1.0,1.0,,,,0,0,,0.0,,,,,0,0,,0.0,,,,,0,0,,0.0,,,,,0,0,,0.0,,,,,0,0,,0.0,,0.0,0.0,24950.0,25,25,0.0,0.6756756756756757,0.1551906450208372,,,,0,0,,0.0,
HR,2015,37,37,160515.0,135205.0,37,0,0,,65.0,97400.0,34580.0,3160.0,1125.0,37,0,0,,0.0,370.0,150.0,140.0,11675.0,,,,,,,,,0.0,0.0,4338.243243243243,1020.0,190.0,65160.0,21,37,37,1.0,True,high,1.0,0.0,0.0,True,160515.0,0.0004807514514995747,0.0004807514514995747,0.0004807514514995747,0.0,0.7203875596316704,0.7203875596316704,0.7203875596316704,0.0037987679671457907,0.25575977219777374,0.25575977219777374,0.25575977219777374,0.004337767495662233,0.023371916719056248,0.023371916719056248,0.023371916719056248,0.04430379746835443,0.023371916719056248,0.023371916719056248,0.023371916719056248,4338.243243243243,4338.243243243243,4338.243243243243,0.007008690776562938,1125.0,160515.0,37,37,0.007008690776562938,1.0,1.0,13.748608137044968,160515.0,11675.0,37,37,13.748608137044968,1.0,1.0,,,,0,0,,0.0,,,,,0,0,,0.0,,,,,0,0,,0.0,,,,,0,0,,0.0,,,,,0,0,,0.0,,0.0,0.0,22080.0,24,24,0.0,0.6486486486486487,0.13755723764134192,,,,0,0,,0.0,
HR,2016,37,37,163650.0,137735.0,37,0,0,,45.0,97945.0,36440.0,3305.0,2190.0,37,0,0,,0.0,920.0,445.0,160.0,11795.0,,,,,,,,,0.0,0.0,4422.972972972973,1025.0,175.0,66295.0,21,37,37,1.0,True,high,1.0,0.0,0.0,True,163650.0,0.00032671434275964714,0.00032671434275964714,0.00032671434275964714,0.0,0.711111917813192,0.711111917813192,0.711111917813192,0.00939302669865741,0.2645660144480343,0.2645660144480343,0.2645660144480343,0.01221185510428101,0.023995353396014087,0.023995353396014087,0.023995353396014087,0.048411497730711045,0.023995353396014087,0.023995353396014087,0.023995353396014087,4422.972972972973,4422.972972972973,4422.972972972973,0.013382218148487626,2190.0,163650.0,37,37,0.013382218148487626,1.0,1.0,13.87452310300975,163650.0,11795.0,37,37,13.87452310300975,1.0,1.0,,,,0,0,,0.0,,,,,0,0,,0.0,,,,,0,0,,0.0,,,,,0,0,,0.0,,,,,0,0,,0.0,,0.0,0.0,19660.0,22,22,0.0,0.5945945945945946,0.1201344332416743,,,,0,0,,0.0,
HR,2017,39,39,163671.0,137547.0,39,0,0,,51.0,96924.0,37267.0,3305.0,2496.0,39,0,0,,0.0,1071.0,490.0,148.0,11853.2,,0.0,,,,,,,0.0,0.0,4196.692307692308,1004.0,139.0,66236.0,21,39,39,1.0,True,high,1.0,0.0,0.0,True,163671.0,0.0003707823507601038,0.0003707823507601038,0.0003707823507601038,0.0,0.7046609522563196,0.7046609522563196,0.7046609522563196,0.01104989476290702,0.27094011501523113,0.27094011501523113,0.27094011501523113,0.013148361821450613,0.02402815037768908,0.02402815037768908,0.02402815037768908,0.044780635400907716,0.02402815037768908,0.02402815037768908,0.02402815037768908,4196.692307692308,4196.692307692308,4196.692307692308,0.015250105394358194,2496.0,163671.0,39,39,0.015250105394358194,1.0,1.0,13.808169945668679,163671.0,11853.2,39,39,13.808169945668679,1.0,1.0,,,,0,0,,0.0,,,,,0,0,,0.0,,,,,0,0,,0.0,,,,,0,0,,0.0,,,,,0,0,,0.0,,0.0,0.0,20293.0,24,24,0.0,0.6153846153846154,0.1239865339614226,,,,0,0,,0.0,
HR,2018,39,39,162712.0,136341.0,39,0,0,,53.0,95000.0,38052.0,3236.0,3214.0,39,0,0,,0.0,1507.0,694.0,117.0,12265.899999999998,,,,,,,,,0.0,0.0,4172.102564102564,910.0,0.0,65178.0,21,39,39,1.0,True,high,1.0,0.0,0.0,True,162712.0,0.0003887311960452102,0.0003887311960452102,0.0003887311960452102,0.0,0.6967823325338673,0.6967823325338673,0.6967823325338673,0.015863157894736843,0.27909432965872333,0.27909432965872333,0.27909432965872333,0.018238200357405657,0.023734606611364152,0.023734606611364152,0.023734606611364152,0.0361557478368356,0.023734606611364152,0.023734606611364152,0.023734606611364152,4172.102564102564,4172.102564102564,4172.102564102564,0.019752691872756772,3214.0,162712.0,38,38,0.019752691872756772,0.9743589743589743,1.0,13.26539430453534,162712.0,12265.899999999998,39,39,13.26539430453534,1.0,1.0,,,,0,0,,0.0,,,,,0,0,,0.0,,,,,0,0,,0.0,,,,,0,0,,0.0,,,,,0,0,,0.0,,0.0,0.0,27599.0,26,26,0.0,0.6666666666666666,0.16961871281773933,,,,0,0,,0.0,
HR,2019,39,39,160498.0,134005.0,39,0,0,,23.0,92605.0,37850.0,3527.0,2605.0,39,0,0,,0.0,1132.0,472.0,138.0,12776.8,,,,,,,,,0.0,0.0,4115.333333333333,854.0,0.0,63626.0,21,39,39,1.0,True,high,1.0,0.0,0.0,True,160498.0,0.00017163538673930077,0.00017163538673930077,0.00017163538673930077,0.0,0.6910563038692586,0.6910563038692586,0.6910563038692586,0.012223961989093462,0.2824521473079363,0.2824521473079363,0.2824521473079363,0.012470277410832233,0.02631991343606582,0.02631991343606582,0.02631991343606582,0.03912673660334562,0.02631991343606582,0.02631991343606582,0.02631991343606582,4115.333333333333,4115.333333333333,4115.333333333333,0.016230731847125823,2605.0,160498.0,38,38,0.016230731847125823,0.9743589743589743,1.0,12.561674284640912,160498.0,12776.8,39,39,12.561674284640912,1.0,1.0,,,,0,0,,0.0,,,,,0,0,,0.0,,,,,0,0,,0.0,,,,,0,0,,0.0,,,,,0,0,,0.0,,0.0,0.0,23605.0,24,24,0.0,0.6153846153846154,0.14707348378172938,,,,0,0,,0.0,
HR,2020,40,40,160520.0,133718.0,40,0,0,,12.0,91523.0,38196.0,3987.0,2334.0,40,0,0,,0.0,851.0,428.0,155.0,12609.100000000002,0.0,0.0,,,,,,,0.0,0.0,4013.0,857.5,0.0,64306.0,22,40,40,1.0,True,high,1.0,0.0,0.0,True,160520.0,8.974109693534154e-05,8.974109693534154e-05,8.974109693534154e-05,0.0,0.6844478679011053,0.6844478679011053,0.6844478679011053,0.009298209193317527,0.28564591154519214,0.28564591154519214,0.28564591154519214,0.011205361817991413,0.029816479456767228,0.029816479456767228,0.029816479456767228,0.03887634813142714,0.029816479456767228,0.029816479456767228,0.029816479456767228,4013.0,4013.0,4013.0,0.01454024420632943,2334.0,160520.0,39,39,0.01454024420632943,0.975,1.0,12.730488298133885,160520.0,12609.100000000002,39,39,12.730488298133885,0.975,1.0,,,,0,0,,0.0,,,,,0,0,,0.0,,,,,0,0,,0.0,,,,,0,0,,0.0,,,,,0,0,,0.0,,0.0,0.0,22613.0,24,24,0.0,0.6,0.14087341141290805,,,,0,0,,0.0,
HR,2021,43,43,160979.0,134179.0,43,0,0,,8.0,91222.0,38464.0,4485.0,3456.0,43,0,0,,0.0,1481.0,714.0,159.0,13169.899999999996,,,,,,,,,0.0,0.0,3743.6976744186045,766.0,67.0,65266.0,23,43,43,1.0,True,high,1.0,0.0,0.0,True,160979.0,5.962184842635584e-05,5.962184842635584e-05,5.962184842635584e-05,0.0,0.679853032143629,0.679853032143629,0.679853032143629,0.016235118721361075,0.28666184723391885,0.28666184723391885,0.28666184723391885,0.01856281198003328,0.033425498774025744,0.033425498774025744,0.033425498774025744,0.03545150501672241,0.033425498774025744,0.033425498774025744,0.033425498774025744,3743.6976744186045,3743.6976744186045,3743.6976744186045,0.02146863876654719,3456.0,160979.0,43,43,0.02146863876654719,1.0,1.0,12.223251505326544,160979.0,13169.899999999996,43,43,12.223251505326544,1.0,1.0,,,,0,0,,0.0,,,,,0,0,,0.0,,,,,0,0,,0.0,,,,,0,0,,0.0,,,,,0,0,,0.0,,0.0,0.0,7040.0,14,14,0.0,0.32558139534883723,0.04373241230222576,,,,0,0,,0.0,
HR,2022,38,38,158360.0,132160.0,38,0,0,,5.0,89160.0,38265.0,4730.0,3500.0,38,0,0,,0.0,1395.0,730.0,190.0,13100.0,,,,,,,,,0.0,0.0,4167.368421052632,1040.0,75.0,64670.0,22,38,38,1.0,True,high,1.0,0.0,0.0,True,158360.0,3.7832929782082326e-05,3.7832929782082326e-05,3.7832929782082326e-05,0.0,0.674636803874092,0.674636803874092,0.674636803874092,0.015646029609690443,0.28953541162227603,0.28953541162227603,0.28953541162227603,0.01907748595322096,0.03578995157384988,0.03578995157384988,0.03578995157384988,0.040169133192389,0.03578995157384988,0.03578995157384988,0.03578995157384988,4167.368421052632,4167.368421052632,4167.368421052632,0.02210154079312958,3500.0,158360.0,38,38,0.02210154079312958,1.0,1.0,12.088549618320611,158030.0,13100.0,37,37,12.063358778625954,0.9736842105263158,1.0,,,,0,0,,0.0,,,,,0,0,,0.0,,,,,0,0,,0.0,,,,,0,0,,0.0,,,,,0,0,,0.0,,0.0,0.0,5880.0,10,10,0.0,0.2631578947368421,0.03713058853245769,,,,0,0,,0.0,
HR,2023,37,37,154815.0,128780.0,37,0,0,,30.0,87235.0,36725.0,4790.0,4105.0,37,0,0,,0.0,1880.0,730.0,170.0,12310.0,,,,,,,,,,,4184.189189189189,885.0,170.0,63665.0,22,37,37,1.0,True,high,1.0,0.0,0.0,True,154815.0,0.00023295542786146918,0.00023295542786146918,0.00023295542786146918,0.0,0.6773955583165088,0.6773955583165088,0.6773955583165088,0.021550982977016107,0.28517626960708187,0.28517626960708187,0.28517626960708187,0.019877467665078283,0.03719521664854791,0.03719521664854791,0.03719521664854791,0.03549060542797495,0.03719521664854791,0.03719521664854791,0.03719521664854791,4184.189189189189,4184.189189189189,4184.189189189189,0.02651551852210703,4105.0,154815.0,37,37,0.02651551852210703,1.0,1.0,12.576360682372055,154815.0,12310.0,37,37,12.576360682372055,1.0,1.0,,,,0,0,,0.0,,,,,0,0,,0.0,,,,,0,0,,0.0,,,,,0,0,,0.0,,,,,0,0,,0.0,,,,,0,0,,0.0,,,,,0,0,,0.0,
HU,2014,52,52,302435.0,265675.0,52,0,0,,10435.0,210175.0,37935.0,7130.0,24260.0,52,0,0,,85.0,12295.0,2445.0,600.0,17460.0,46835.0,29385.0,1933680823.426517,3306121063.591755,1568955404.7487938,2682529840.8267703,89368497.94305335,152798264.26965296,,,5816.057692307692,1585.0,210.0,28810.0,22,52,52,1.0,True,high,1.0,0.0,0.0,True,302435.0,0.03927731250588125,0.03927731250588125,0.03927731250588125,0.008145663632007666,0.7910981462312976,0.7910981462312976,0.7910981462312976,0.058498869989294634,0.14278724004893198,0.14278724004893198,0.14278724004893198,0.06445235270858046,0.02683730121388915,0.02683730121388915,0.02683730121388915,0.08415147265077139,0.02683730121388915,0.02683730121388915,0.02683730121388915,5816.057692307692,5816.057692307692,5816.057692307692,0.08021558351381289,24260.0,302435.0,52,52,0.08021558351381289,1.0,1.0,17.32159221076747,302435.0,17460.0,52,52,17.32159221076747,1.0,1.0,6393.707155013531,1933680823.426517,302435.0,52,52,6393.707155013531,1.0,1.0,10931.674784967861,3306121063.591755,302435.0,52,52,10931.674784967861,1.0,1.0,5187.744159071515,1568955404.7487938,302435.0,52,52,5187.744159071515,1.0,1.0,8869.773144069868,2682529840.8267703,302435.0,52,52,8869.773144069868,1.0,1.0,505.22679011904364,152798264.26965296,302435.0,52,52,505.22679011904364,1.0,1.0,,,,0,0,,0.0,,,,,0,0,,0.0,
HU,2015,50,50,290900.0,252980.0,50,0,0,,11960.0,195390.0,38390.0,7240.0,25790.0,50,0,0,,80.0,12745.0,2820.0,825.0,17750.0,48385.0,30655.0,1960367190.3225806,3296521990.778411,1316771277.419355,2214261437.4830484,37723022.58064516,63434429.075128846,,,5818.0,1870.0,200.0,27845.0,22,50,50,1.0,True,high,1.0,0.0,0.0,True,290900.0,0.047276464542651594,0.047276464542651594,0.047276464542651594,0.006688963210702341,0.7723535457348407,0.7723535457348407,0.7723535457348407,0.0652285173243257,0.15175112657127046,0.15175112657127046,0.15175112657127046,0.07345662933055483,0.028618863151237253,0.028618863151237253,0.028618863151237253,0.11395027624309392,0.028618863151237253,0.028618863151237253,0.028618863151237253,5818.0,5818.0,5818.0,0.08865589549673428,25790.0,290900.0,50,50,0.08865589549673428,1.0,1.0,16.388732394366198,290900.0,17750.0,50,50,16.388732394366198,1.0,1.0,6738.972809634171,1960367190.3225806,248640.0,28,28,7884.359677938307,0.56,0.854726710209694,11332.148472940567,3296521990.7784114,248640.0,28,28,13258.212639874564,0.56,0.854726710209694,4526.542720589051,1316771277.4193547,248640.0,28,28,5295.894777265745,0.56,0.854726710209694,7611.761558896695,2214261437.483049,248640.0,28,28,8905.491624368762,0.56,0.854726710209694,218.06266440401802,63434429.07512884,248640.0,28,28,255.12559956213335,0.56,0.854726710209694,,,,0,0,,0.0,,,,,0,0,,0.0,
HU,2016,53,53,277640.0,238115.0,53,0,1,0.0,13295.0,178490.0,38980.0,7350.0,23105.0,53,0,1,0.0,115.0,8445.0,3610.0,1070.0,18020.0,49455.0,31435.0,,,,,,,,,5238.490566037736,1425.0,0.0,26305.0,20,51,53,0.9622641509433962,True,high,1.0,0.0,0.0,True,277640.0,0.055834365747642944,0.055834365747642944,0.055834365747642944,0.008649868371568259,0.7495957835499654,0.7495957835499654,0.7495957835499654,0.04731357499019553,0.16370241269974592,0.16370241269974592,0.16370241269974592,0.09261159569009748,0.03086743800264578,0.03086743800264578,0.03086743800264578,0.145578231292517,0.03086743800264578,0.03086743800264578,0.03086743800264578,5238.490566037736,5238.490566037736,5238.490566037736,0.0832192767612736,23105.0,277640.0,52,52,0.0832192767612736,0.9811320754716981,1.0,15.407325194228635,277640.0,18020.0,52,52,15.407325194228635,0.9811320754716981,1.0,,,,0,0,,0.0,,,,,0,0,,0.0,,,,,0,0,,0.0,,,,,0,0,,0.0,,,,,0,0,,0.0,,,,,0,0,,0.0,,,,,0,0,,0.0,
HU,2017,52,52,274193.0,232740.0,52,0,0,,12179.0,174932.0,37971.0,7658.0,26114.0,52,0,0,,116.0,9739.0,4542.0,1489.0,18387.950000000004,53068.799999999996,34680.850000000006,,,,,,,,,5272.942307692308,1396.0,195.0,28003.0,20,52,52,1.0,True,high,1.0,0.0,0.0,True,274193.0,0.052328778894904185,0.052328778894904185,0.052328778894904185,0.009524591509976189,0.751619833290367,0.751619833290367,0.751619833290367,0.055673061532481194,0.1631477184841454,0.1631477184841454,0.1631477184841454,0.11961760290748202,0.03290366933058348,0.03290366933058348,0.03290366933058348,0.19443718986680594,0.03290366933058348,0.03290366933058348,0.03290366933058348,5272.942307692308,5272.942307692308,5272.942307692308,0.09523948459661626,26114.0,274193.0,52,52,0.09523948459661626,1.0,1.0,14.911558928537435,274193.0,18387.950000000004,52,52,14.911558928537435,1.0,1.0,,,,0,0,,0.0,,,,,0,0,,0.0,,,,,0,0,,0.0,,,,,0,0,,0.0,,,,,0,0,,0.0,,,,,0,0,,0.0,,,,,0,0,,0.0,
HU,2018,52,52,272192.0,229645.0,52,0,0,,11180.0,173468.0,37445.0,7552.0,29113.0,52,0,0,,115.0,11245.0,5386.0,1754.0,18568.799999999996,58800.75,40231.95,,,,,,,,,5234.461538461538,1424.5,145.0,29081.0,20,52,52,1.0,True,high,1.0,0.0,0.0,True,272192.0,0.048683838097933765,0.048683838097933765,0.048683838097933765,0.010286225402504472,0.7553745999259727,0.7553745999259727,0.7553745999259727,0.06482463624414878,0.1630560212501905,0.1630560212501905,0.1630560212501905,0.14383762852183202,0.03288554072590302,0.03288554072590302,0.03288554072590302,0.2322563559322034,0.03288554072590302,0.03288554072590302,0.03288554072590302,5234.461538461538,5234.461538461538,5234.461538461538,0.10695758876087468,29113.0,272192.0,52,52,0.10695758876087468,1.0,1.0,14.658567058722161,272192.0,18568.799999999996,52,52,14.658567058722161,1.0,1.0,,,,0,0,,0.0,,,,,0,0,,0.0,,,,,0,0,,0.0,,,,,0,0,,0.0,,,,,0,0,,0.0,,,,,0,0,,0.0,,,,,0,0,,0.0,
HU,2019,52,52,276030.0,232856.0,52,0,0,,11197.0,176267.0,35998.0,9394.0,32108.0,52,0,0,,127.0,12851.0,5990.0,2397.0,18827.499999999996,58766.62,39939.12,,,,,,,,,5308.2692307692305,1466.5,151.0,30459.0,20,52,52,1.0,True,high,1.0,0.0,0.0,True,276030.0,0.04808551207613289,0.04808551207613289,0.04808551207613289,0.011342323836741984,0.7569785618579723,0.7569785618579723,0.7569785618579723,0.07290644306648436,0.1545933967774075,0.1545933967774075,0.1545933967774075,0.16639813322962388,0.040342529288487305,0.040342529288487305,0.040342529288487305,0.2551628699169683,0.040342529288487305,0.040342529288487305,0.040342529288487305,5308.2692307692305,5308.2692307692305,5308.2692307692305,0.11632068978009637,32108.0,276030.0,52,52,0.11632068978009637,1.0,1.0,14.66100119506042,276030.0,18827.499999999996,52,52,14.66100119506042,1.0,1.0,,,,0,0,,0.0,,,,,0,0,,0.0,,,,,0,0,,0.0,,,,,0,0,,0.0,,,,,0,0,,0.0,,,,,0,0,,0.0,,,,,0,0,,0.0,
HU,2020,51,51,280470.0,280470.0,51,0,0,,11834.0,176619.0,81890.0,10127.0,33871.0,51,0,0,,143.0,13535.0,17358.0,2835.0,18493.900009008124,,,,,,,,,,,5499.411764705882,1389.0,137.0,32429.0,19,51,51,1.0,True,high,1.0,0.0,0.0,True,280470.0,0.04219346097621849,0.04219346097621849,0.04219346097621849,0.01208382626330911,0.6297251042892288,0.6297251042892288,0.6297251042892288,0.07663388423669028,0.291974186187471,0.291974186187471,0.291974186187471,0.21196727317132738,0.03610724854708169,0.03610724854708169,0.03610724854708169,0.2799447022810309,0.03610724854708169,0.03610724854708169,0.03610724854708169,5499.411764705882,5499.411764705882,5499.411764705882,0.12076514422219846,33871.0,280470.0,51,51,0.12076514422219846,1.0,1.0,15.16554106291193,280470.0,18493.900009008124,51,51,15.16554106291193,1.0,1.0,,,,0,0,,0.0,,,,,0,0,,0.0,,,,,0,0,,0.0,,,,,0,0,,0.0,,,,,0,0,,0.0,,,,,0,0,,0.0,,,,,0,0,,0.0,
HU,2021,51,51,285802.0,285802.0,51,0,0,,11935.0,178498.0,84883.0,10486.0,35510.0,51,0,0,,134.0,14265.0,18044.0,3067.0,18703.92501063831,,,,,,,,,,,5603.9607843137255,1324.0,134.0,34650.0,19,51,51,1.0,True,high,1.0,0.0,0.0,True,285802.0,0.04175967977830806,0.04175967977830806,0.04175967977830806,0.01122748219522413,0.624551262762332,0.624551262762332,0.624551262762332,0.07991686181357774,0.296999321208389,0.296999321208389,0.296999321208389,0.21257495611606564,0.03668973625097095,0.03668973625097095,0.03668973625097095,0.29248521838642,0.03668973625097095,0.03668973625097095,0.03668973625097095,5603.9607843137255,5603.9607843137255,5603.9607843137255,0.12424685621514195,35510.0,285802.0,51,51,0.12424685621514195,1.0,1.0,15.280322169675252,285802.0,18703.92501063831,51,51,15.280322169675252,1.0,1.0,,,,0,0,,0.0,,,,,0,0,,0.0,,,,,0,0,,0.0,,,,,0,0,,0.0,,,,,0,0,,0.0,,,,,0,0,,0.0,,,,,0,0,,0.0,
HU,2022,50,50,281757.0,281757.0,50,0,0,,11939.0,176192.0,83099.0,10527.0,40826.0,50,0,0,,125.0,15167.0,18106.0,7428.0,19125.2500104215,,,,,,,,,,,5635.14,1538.5,114.0,35870.0,19,50,50,1.0,True,high,1.0,0.0,0.0,True,281757.0,0.04237339267524853,0.04237339267524853,0.04237339267524853,0.010469888600385292,0.6253331771703986,0.6253331771703986,0.6253331771703986,0.08608222847802398,0.2949314480208123,0.2949314480208123,0.2949314480208123,0.21788469175321,0.037361982133540604,0.037361982133540604,0.037361982133540604,0.7056141350812197,0.037361982133540604,0.037361982133540604,0.037361982133540604,5635.14,5635.14,5635.14,0.14489790848142192,40826.0,281757.0,50,50,0.14489790848142192,1.0,1.0,14.732199571062777,281757.0,19125.2500104215,50,50,14.732199571062777,1.0,1.0,,,,0,0,,0.0,,,,,0,0,,0.0,,,,,0,0,,0.0,,,,,0,0,,0.0,,,,,0,0,,0.0,,,,,0,0,,0.0,,,,,0,0,,0.0,
HU,2023,50,50,301843.0,301843.0,50,0,0,,11007.0,194899.0,85243.0,10694.0,37841.0,50,0,0,,132.0,16146.0,18460.0,3103.0,19503.50001075677,,,,,,,,,,,6036.86,1986.0,123.0,37421.0,19,50,50,1.0,True,high,1.0,0.0,0.0,True,301843.0,0.03646597734583873,0.03646597734583873,0.03646597734583873,0.011992368492777324,0.645696603863598,0.645696603863598,0.645696603863598,0.08284290837818563,0.2824084043691588,0.2824084043691588,0.2824084043691588,0.21655737127975316,0.0354290144214045,0.0354290144214045,0.0354290144214045,0.29016270806059474,0.0354290144214045,0.0354290144214045,0.0354290144214045,6036.86,6036.86,6036.86,0.1253664984776854,37841.0,301843.0,50,50,0.1253664984776854,1.0,1.0,15.476350390110722,301843.0,19503.50001075677,50,50,15.476350390110722,1.0,1.0,,,,0,0,,0.0,,,,,0,0,,0.0,,,,,0,0,,0.0,,,,,0,0,,0.0,,,,,0,0,,0.0,,,,,0,0,,0.0,,,,,0,0,,0.0,
IE,2014,27,27,198035.0,198015.0,27,0,0,,12925.0,151525.0,25405.0,8160.0,29895.0,27,0,0,,1580.0,19855.0,5520.0,2935.0,12755.0,23100.0,10330.0,1997067000.0,1747658636.0493917,1944077000.0,1701286415.626012,563465000.0,493095361.02773225,,,7334.62962962963,4630.0,555.0,23580.0,13,27,27,1.0,True,high,1.0,0.0,0.0,True,198035.0,0.065272832866197,0.065272832866197,0.065272832866197,0.12224371373307544,0.7652198065803095,0.7652198065803095,0.7652198065803095,0.1310344827586207,0.12829836123525995,0.12829836123525995,0.12829836123525995,0.2172800629797284,0.04120899931823347,0.04120899931823347,0.04120899931823347,0.3596813725490196,0.04120899931823347,0.04120899931823347,0.04120899931823347,7334.62962962963,7334.62962962963,7334.62962962963,0.150958163960916,29895.0,198035.0,27,27,0.150958163960916,1.0,1.0,15.526068208545668,194375.0,12755.0,26,26,15.239121912975303,0.9629629629629629,1.0,10084.41437119701,1997067000.0,167550.0,23,23,11919.230080572963,0.8518518518518519,0.8460625646981594,8824.998793392035,1747658636.0493917,167550.0,23,23,10430.66926916975,0.8518518518518519,0.8460625646981594,9816.835407882445,1944077000.0,167550.0,23,23,11602.96627872277,0.8518518518518519,0.8460625646981594,8590.837052167608,1701286415.626012,167550.0,23,23,10153.902808869067,0.8518518518518519,0.8460625646981594,2489.9404702589554,493095361.0277323,167550.0,23,23,2942.9744018366596,0.8518518518518519,0.8460625646981594,,,,0,0,,0.0,,,,,0,0,,0.0,
IE,2015,27,27,204195.0,204210.0,27,0,0,,13315.0,156380.0,26145.0,8370.0,30310.0,27,0,0,,1555.0,19855.0,5745.0,3135.0,13025.0,23550.0,10525.0,2392311750.0,2124459851.875533,2346195715.0,2083507135.3722649,720687308.0,639996543.7624323,,,7562.777777777777,4780.0,400.0,24185.0,13,27,27,1.0,True,high,1.0,0.0,0.0,True,204195.0,0.06520248763527742,0.06520248763527742,0.06520248763527742,0.11678558017273752,0.7657803241760932,0.7657803241760932,0.7657803241760932,0.12696636398516434,0.12802996914940504,0.12802996914940504,0.12802996914940504,0.2197360872059667,0.04098721903922433,0.04098721903922433,0.04098721903922433,0.37455197132616486,0.04098721903922433,0.04098721903922433,0.04098721903922433,7562.777777777777,7562.777777777777,7562.777777777777,0.1484365435000857,30310.0,204195.0,27,27,0.1484365435000857,1.0,1.0,15.677159309021114,200810.0,13025.0,26,26,15.417274472168906,0.9629629629629629,1.0,11715.819437302578,2392311750.0,200810.0,26,26,11913.309845127234,0.9629629629629629,0.9834227086853253,10404.073811187996,2124459851.875533,200810.0,26,26,10579.452476846438,0.9629629629629629,0.9834227086853253,11489.976321653321,2346195715.0,200810.0,26,26,11683.65975300035,0.9629629629629629,0.9834227086853253,10203.51690968077,2083507135.3722649,200810.0,26,26,10375.514841752229,0.9629629629629629,0.9834227086853253,3134.241993008802,639996543.7624323,200810.0,26,26,3187.075064799723,0.9629629629629629,0.9834227086853253,,,,0,0,,0.0,,,,,0,0,,0.0,
IE,2016,25,25,209350.0,209345.0,25,0,0,,15905.0,157870.0,27220.0,8350.0,31770.0,25,0,0,,2165.0,19845.0,6520.0,3225.0,13420.0,24170.0,10740.0,2428778370.0,2124097783.8802211,2372042947.0,2074479594.0320437,705639429.0,617119769.2926606,,,8374.0,5745.0,1045.0,24840.0,13,25,25,1.0,True,high,1.0,0.0,0.0,True,209350.0,0.07597506508395233,0.07597506508395233,0.07597506508395233,0.1361207167557372,0.7541140223076739,0.7541140223076739,0.7541140223076739,0.12570469373535187,0.13002460053977882,0.13002460053977882,0.13002460053977882,0.23952975753122704,0.0398863120685949,0.0398863120685949,0.0398863120685949,0.38622754491017963,0.0398863120685949,0.0398863120685949,0.0398863120685949,8374.0,8374.0,8374.0,0.15175543348459516,31770.0,209350.0,25,25,0.15175543348459516,1.0,1.0,15.599850968703429,205895.0,13420.0,24,24,15.342399403874813,0.96,1.0,11601.520754716981,2428778370.0,205895.0,24,24,11796.198887782608,0.96,0.9834965368999283,10146.156120755773,2124097783.880221,205895.0,24,24,10316.41265635504,0.96,0.9834965368999283,11330.513240983999,2372042947.0,205895.0,24,24,11520.643760169018,0.96,0.9834965368999283,9909.145421695934,2074479594.0320437,205895.0,24,24,10075.424823487912,0.96,0.9834965368999283,2947.7896789713905,617119769.2926607,205895.0,24,24,2997.2547623432365,0.96,0.9834965368999283,,,,0,0,,0.0,,,,,0,0,,0.0,
IE,2017,25,25,214646.0,214646.0,25,0,0,,17130.0,160589.0,28414.0,8513.0,34212.0,25,0,0,,2411.0,20655.0,7738.0,3408.0,13880.669999999998,24884.67,11004.0,2901082534.0,2508393527.301025,2683695663.0,2320432028.8789935,926692851.0,801256193.8524059,,,8585.84,5915.0,1110.0,25007.0,13,25,25,1.0,True,high,1.0,0.0,0.0,True,214646.0,0.07980581981495113,0.07980581981495113,0.07980581981495113,0.1407472270869819,0.7481574313054984,0.7481574313054984,0.7481574313054984,0.1286202666434189,0.1323760983200246,0.1323760983200246,0.1323760983200246,0.27233054128246637,0.03966065055952592,0.03966065055952592,0.03966065055952592,0.400328908727828,0.03966065055952592,0.03966065055952592,0.03966065055952592,8585.84,8585.84,8585.84,0.15938801561641028,34212.0,214646.0,25,25,0.15938801561641028,1.0,1.0,15.46366277708497,211149.0,13880.669999999998,24,24,15.211729693163228,0.96,1.0,13515.660827595204,2901082534.0,214646.0,25,25,13515.660827595204,1.0,1.0,11686.188083174273,2508393527.301025,214646.0,25,25,11686.188083174273,1.0,1.0,12502.891565647624,2683695663.0,214646.0,25,25,12502.891565647624,1.0,1.0,10810.506736109657,2320432028.8789935,214646.0,25,25,10810.506736109657,1.0,1.0,3732.9192896788477,801256193.8524058,211149.0,24,24,3794.743019632609,0.96,0.9837080588503863,,,,0,0,,0.0,,,,,0,0,,0.0,
IE,2018,25,25,220345.0,220345.0,25,0,0,,19975.0,161290.0,30437.0,8643.0,36565.0,25,0,0,,2961.0,21206.0,8796.0,3602.0,14184.5944,25657.655,11473.0606,2958484491.0,2532450365.938215,2887866717.0,2472001846.3829894,954719090.0,817235552.9305015,,,8813.8,6071.0,1171.0,25260.0,13,25,25,1.0,True,high,1.0,0.0,0.0,True,220345.0,0.09065329369851824,0.09065329369851824,0.09065329369851824,0.14823529411764705,0.7319884726224783,0.7319884726224783,0.7319884726224783,0.1314774629549259,0.1381333817422678,0.1381333817422678,0.1381333817422678,0.2889903735584979,0.039224851936735576,0.039224851936735576,0.039224851936735576,0.41675344209186627,0.039224851936735576,0.039224851936735576,0.039224851936735576,8813.8,8813.8,8813.8,0.16594431459756293,36565.0,220345.0,25,25,0.16594431459756293,1.0,1.0,15.534106495142364,216615.0,14184.5944,24,24,15.271145151672437,0.96,1.0,13426.601425038009,2958484491.0,216615.0,24,24,13657.800664773908,0.96,0.983072000726134,11493.114733432638,2532450365.9382143,216615.0,24,24,11691.02031686732,0.96,0.983072000726134,13106.114125575801,2887866717.0,220345.0,25,25,13106.114125575801,1.0,1.0,11218.77894385164,2472001846.3829894,220345.0,25,25,11218.77894385164,1.0,1.0,3708.89084358847,817235552.9305017,216615.0,24,24,3772.756055353977,0.96,0.983072000726134,,,,0,0,,0.0,,,,,0,0,,0.0,
IE,2019,23,23,227818.0,227818.0,23,0,0,,22406.0,163293.0,33229.0,8890.0,39161.0,23,0,0,,3100.0,21786.0,10390.0,3885.0,14822.32488703704,26860.633536410416,12038.308649373374,3067782106.0,2512433749.918103,2910747779.0,2383826720.6643515,1098170744.0,899373275.2407784,0.0,0.0,9905.130434782608,6739.0,1264.0,25650.0,13,23,23,1.0,True,high,1.0,0.0,0.0,True,227818.0,0.098350437630038,0.098350437630038,0.098350437630038,0.13835579755422656,0.7167695265518967,0.7167695265518967,0.7167695265518967,0.13341661920596717,0.1458576583061918,0.1458576583061918,0.1458576583061918,0.31267868428180207,0.03902237751187351,0.03902237751187351,0.03902237751187351,0.43700787401574803,0.03902237751187351,0.03902237751187351,0.03902237751187351,9905.130434782608,9905.130434782608,9905.130434782608,0.1718959871476354,39161.0,227818.0,23,23,0.1718959871476354,1.0,1.0,15.369923526587904,223961.0,14822.32488703704,22,22,15.10970793764388,0.9565217391304348,1.0,13465.933798031761,3067782106.0,223961.0,22,22,13697.84072226861,0.9565217391304348,0.9830698188905179,11028.249523383154,2512433749.918103,223961.0,22,22,11218.175262291663,0.9565217391304348,0.9830698188905179,12776.636521258197,2910747779.0,227818.0,23,23,12776.636521258197,1.0,1.0,10463.732982750931,2383826720.6643515,227818.0,23,23,10463.732982750931,1.0,1.0,3947.7709190703913,899373275.2407786,223961.0,22,22,4015.758436695579,0.9565217391304348,0.9830698188905179,0.0,0.0,1313.0,1,1,0.0,0.043478260869565216,0.005763372516658034,0.0,0.0,7221531.64515495,1,1,0.0,0.043478260869565216,0.003029386147304521
IE,2020,22,22,240745.0,240745.0,22,0,0,,21830.0,170980.0,38410.0,9525.0,39650.0,22,0,0,,3325.0,22495.0,9440.0,4390.0,,,,3093845542.0,2548745369.7677674,3070425388.0,2529451578.8346367,885910335.0,729823074.134792,0.0,0.0,10942.954545454546,8050.0,1300.0,27685.0,12,22,22,1.0,True,high,1.0,0.0,0.0,True,240745.0,0.0906768572556024,0.0906768572556024,0.0906768572556024,0.15231333027943197,0.7102120500944983,0.7102120500944983,0.7102120500944983,0.13156509533278746,0.1595464080250888,0.1595464080250888,0.1595464080250888,0.24576933090341058,0.039564684624810484,0.039564684624810484,0.039564684624810484,0.4608923884514436,0.039564684624810484,0.039564684624810484,0.039564684624810484,10942.954545454546,10942.954545454546,10942.954545454546,0.1646970861284762,39650.0,240745.0,22,22,0.1646970861284762,1.0,1.0,,,,0,0,,0.0,,12851.131039066231,3093845542.0,236475.0,21,21,13083.18233217042,0.9545454545454546,0.9822633907246257,10586.908844494246,2548745369.7677674,236475.0,21,21,10778.075355820985,0.9545454545454546,0.9822633907246257,12753.849043593844,3070425388.0,240745.0,22,22,12753.849043593844,1.0,1.0,10506.76682313085,2529451578.8346367,240745.0,22,22,10506.76682313085,1.0,1.0,3031.519134913672,729823074.134792,236475.0,21,21,3086.258903202419,0.9545454545454546,0.9822633907246257,0.0,0.0,5035.0,1,1,0.0,0.045454545454545456,0.020914245363351264,0.0,0.0,31892212.51040062,1,1,0.0,0.045454545454545456,0.012608350670659577
IE,2021,18,18,239645.0,239645.0,18,0,0,,19590.0,171020.0,39025.0,10010.0,43835.0,18,0,0,,3155.0,24150.0,11810.0,4720.0,,,,2703727490.0,2293743734.8355026,2629537048.0,2230803271.2896824,836071715.0,709292732.0698375,0.0,0.0,13313.611111111111,15135.0,1295.0,28090.0,10,18,18,1.0,True,high,1.0,0.0,0.0,True,239645.0,0.08174591583383756,0.08174591583383756,0.08174591583383756,0.1610515569167943,0.7136389242421081,0.7136389242421081,0.7136389242421081,0.14121155420418666,0.16284504162406893,0.16284504162406893,0.16284504162406893,0.3026265214606022,0.04177011829998539,0.04177011829998539,0.04177011829998539,0.47152847152847155,0.04177011829998539,0.04177011829998539,0.04177011829998539,13313.611111111111,13313.611111111111,13313.611111111111,0.18291639717081518,43835.0,239645.0,18,18,0.18291639717081518,1.0,1.0,,,,0,0,,0.0,,11282.219491330927,2703727490.0,188860.0,14,14,14316.040929789262,0.7777777777777778,0.7880823718416825,9571.423292100826,2293743734.8355026,188860.0,14,14,12145.20668662238,0.7777777777777778,0.7880823718416825,10972.634722193245,2629537048.0,188860.0,14,14,13923.207921211479,0.7777777777777778,0.7880823718416825,9308.78287170474,2230803271.2896824,188860.0,14,14,11811.941497880347,0.7777777777777778,0.7880823718416825,2959.7643684192763,709292732.0698375,188860.0,14,14,3755.6535638559644,0.7777777777777778,0.7880823718416825,0.0,0.0,17500.0,1,1,0.0,0.05555555555555555,0.0730246823426318,0.0,,,0,0,,0.0,
IE,2022,18,18,234485.0,234485.0,18,0,0,,17190.0,170200.0,36615.0,10480.0,45990.0,18,0,0,,3090.0,25780.0,12835.0,4285.0,,,,,,,,,,0.0,0.0,13026.944444444445,14600.0,1355.0,28030.0,10,18,18,1.0,True,high,1.0,0.0,0.0,True,234485.0,0.07330959336418108,0.07330959336418108,0.07330959336418108,0.17975567190226877,0.7258460029426189,0.7258460029426189,0.7258460029426189,0.15146886016451233,0.15615071326524085,0.15615071326524085,0.15615071326524085,0.3505393964222313,0.04469369042795914,0.04469369042795914,0.04469369042795914,0.4088740458015267,0.04469369042795914,0.04469369042795914,0.04469369042795914,13026.944444444445,13026.944444444445,13026.944444444445,0.1961319487387253,45990.0,234485.0,18,18,0.1961319487387253,1.0,1.0,,,,0,0,,0.0,,,,,0,0,,0.0,,,,,0,0,,0.0,,,,,0,0,,0.0,,,,,0,0,,0.0,,,,,0,0,,0.0,,0.0,0.0,15505.0,1,1,0.0,0.05555555555555555,0.06612363264174681,,,,0,0,,0.0,
IE,2023,18,18,236485.0,236485.0,18,0,0,,16715.0,172025.0,37015.0,10730.0,50325.0,18,0,0,,3205.0,27425.0,14210.0,5485.0,,,,4193657000.0,3538204598.186036,4087304000.0,3448474161.569289,1298857000.0,1095850664.41679,,,13138.055555555555,14445.0,1365.0,28980.0,10,18,18,1.0,True,high,1.0,0.0,0.0,True,236485.0,0.0706810157092416,0.0706810157092416,0.0706810157092416,0.191743942566557,0.7274245723830264,0.7274245723830264,0.7274245723830264,0.15942450225257956,0.15652155527834746,0.15652155527834746,0.15652155527834746,0.383898419559638,0.04537285662938453,0.04537285662938453,0.04537285662938453,0.5111835973904939,0.04537285662938453,0.04537285662938453,0.04537285662938453,13138.055555555555,13138.055555555555,13138.055555555555,0.21280419476922427,50325.0,236485.0,18,18,0.21280419476922427,1.0,1.0,,,,0,0,,0.0,,17733.28963782058,4193657000.0,231090.0,16,16,18147.288935046952,0.8888888888888888,0.9771867137450578,14961.644916954716,3538204598.1860366,231090.0,16,16,15310.93772203919,0.8888888888888888,0.9771867137450578,17283.565553840624,4087304000.0,231090.0,16,16,17687.065645419534,0.8888888888888888,0.9771867137450578,14582.210971390528,3448474161.569289,231090.0,16,16,14922.64555614388,0.8888888888888888,0.9771867137450578,4633.911936980316,1095850664.4167898,231090.0,16,16,4742.09470083859,0.8888888888888888,0.9771867137450578,,,,0,0,,0.0,,,,,0,0,,0.0,
IS,2014,7,7,18975.0,18675.0,7,0,0,,365.0,13495.0,4295.0,520.0,,0,0,0,,,,,,,,,,,,,,,,,2710.714285714286,470.0,145.0,12825.0,5,7,7,1.0,True,high,1.0,0.0,0.0,True,18975.0,0.019544846050870146,0.019544846050870146,0.019544846050870146,,0.7226238286479251,0.7226238286479251,0.7226238286479251,,0.22998661311914323,0.22998661311914323,0.22998661311914323,,0.027844712182061578,0.027844712182061578,0.027844712182061578,,0.027844712182061578,0.027844712182061578,0.027844712182061578,2710.714285714286,2710.714285714286,2710.714285714286,,,,0,0,,0.0,,,,,0,0,,0.0,,,,,0,0,,0.0,,,,,0,0,,0.0,,,,,0,0,,0.0,,,,,0,0,,0.0,,,,,0,0,,0.0,,,,,0,0,,0.0,,,,,0,0,,0.0,
IS,2015,7,7,,,0,0,0,,,,,,,0,0,0,,,,,,,,,,,,,,,,,,,,,5,0,0,0.0,False,no_complete_records,0.0,0.0,0.0,True,,,,,,,,,,,,,,,,,,,,,,,,,,,0,0,,0.0,,,,,0,0,,0.0,,,,,0,0,,0.0,,,,,0,0,,0.0,,,,,0,0,,0.0,,,,,0,0,,0.0,,,,,0,0,,0.0,,,,,0,0,,0.0,,,,,0,0,,0.0,
IS,2016,7,7,,,0,0,0,,,,,,,0,0,0,,,,,,,,,,,,,,,,,,,,,5,0,0,0.0,False,no_complete_records,0.0,0.0,0.0,True,,,,,,,,,,,,,,,,,,,,,,,,,,,0,0,,0.0,,,,,0,0,,0.0,,,,,0,0,,0.0,,,,,0,0,,0.0,,,,,0,0,,0.0,,,,,0,0,,0.0,,,,,0,0,,0.0,,,,,0,0,,0.0,,,,,0,0,,0.0,
IS,2017,7,7,17772.0,17772.0,7,0,0,,501.0,12145.0,4489.0,637.0,,0,0,0,,,,,,,,,53376414.46822631,31960146.637325957,51811506.55384105,31023128.16360593,3512651.402024224,2103267.051804901,,,2538.8571428571427,437.0,121.0,11561.0,5,7,7,1.0,True,high,1.0,0.0,0.0,True,17772.0,0.028190411883862256,0.028190411883862256,0.028190411883862256,,0.683378347963088,0.683378347963088,0.683378347963088,,0.2525883412108935,0.2525883412108935,0.2525883412108935,,0.0358428989421562,0.0358428989421562,0.0358428989421562,,0.0358428989421562,0.0358428989421562,0.0358428989421562,2538.8571428571427,2538.8571428571427,2538.8571428571427,,,,0,0,,0.0,,,,,0,0,,0.0,,3003.399418648791,53376414.46822631,3433.0,2,2,15548.03800414399,0.2857142857142857,0.1931690299347288,1798.3427097302474,31960146.637325957,3433.0,2,2,9309.684426835409,0.2857142857142857,0.1931690299347288,2915.3447306910334,51811506.55384105,3433.0,2,2,15092.195325907674,0.2857142857142857,0.1931690299347288,1745.6182851455058,31023128.16360593,3433.0,2,2,9036.739925314863,0.2857142857142857,0.1931690299347288,118.34723451524314,2103267.051804901,3433.0,2,2,612.6615356262456,0.2857142857142857,0.1931690299347288,,,,0,0,,0.0,,,,,0,0,,0.0,
IS,2018,7,7,18225.0,18225.0,7,0,0,,579.0,12394.0,4675.0,577.0,,0,0,0,,,,,,,,,53893838.4549222,33156225.496562902,53114981.624833845,32677062.13710861,4291578.700445696,2640237.830661106,,,2603.5714285714284,522.0,122.0,11686.0,5,7,7,1.0,True,high,1.0,0.0,0.0,True,18225.0,0.03176954732510288,0.03176954732510288,0.03176954732510288,,0.6800548696844994,0.6800548696844994,0.6800548696844994,,0.25651577503429357,0.25651577503429357,0.25651577503429357,,0.03165980795610425,0.03165980795610425,0.03165980795610425,,0.03165980795610425,0.03165980795610425,0.03165980795610425,2603.5714285714284,2603.5714285714284,2603.5714285714284,,,,0,0,,0.0,,,,,0,0,,0.0,,2957.1379124785844,53893838.4549222,3461.0,2,2,15571.753381948049,0.2857142857142857,0.1899039780521262,1819.2716321845214,33156225.496562902,3461.0,2,2,9579.95535872953,0.2857142857142857,0.1899039780521262,2914.4022839415,53114981.624833845,3461.0,2,2,15346.715291775165,0.2857142857142857,0.1899039780521262,1792.9800898276328,32677062.13710861,3461.0,2,2,9441.508852097259,0.2857142857142857,0.1899039780521262,144.86901677152844,2640237.830661106,3461.0,2,2,762.8540394860173,0.2857142857142857,0.1899039780521262,,,,0,0,,0.0,,,,,0,0,,0.0,
IS,2019,7,7,19145.0,19145.0,7,0,0,,792.0,12945.0,4828.0,580.0,,0,0,0,,,,,,,,,46687740.384615384,30061080.91121857,46834651.8065268,30155673.540985607,5034105.4778554775,3241335.966117753,,,2735.0,576.0,118.0,12386.0,5,7,7,1.0,True,high,1.0,0.0,0.0,True,19145.0,0.041368503525724735,0.041368503525724735,0.041368503525724735,,0.6761556542178114,0.6761556542178114,0.6761556542178114,,0.2521807260381301,0.2521807260381301,0.2521807260381301,,0.030295116218333768,0.030295116218333768,0.030295116218333768,,0.030295116218333768,0.030295116218333768,0.030295116218333768,2735.0,2735.0,2735.0,,,,0,0,,0.0,,,,,0,0,,0.0,,2438.6388291781345,46687740.384615384,2988.0,1,1,15625.080450005149,0.14285714285714285,0.15607208148341603,1570.1792066450023,30061080.91121857,2988.0,1,1,10060.602714597915,0.14285714285714285,0.15607208148341603,2446.312447455043,46834651.8065268,2988.0,1,1,15674.247592545784,0.14285714285714285,0.15607208148341603,1575.1200595970545,30155673.540985607,2988.0,1,1,10092.26022121339,0.14285714285714285,0.15607208148341603,169.30456861414223,3241335.966117753,2988.0,1,1,1084.784459878766,0.14285714285714285,0.15607208148341603,,,,0,0,,0.0,,,,,0,0,,0.0,
IS,2020,7,7,21920.0,659.0,6,0,0,,,,,659.0,,0,0,0,,,,,,99.16,1797.94,41.78,49561313.91422472,34166269.86314198,48039221.16566402,33116979.045427587,4788770.295620674,3301252.636601604,,,3131.4285714285716,753.0,125.0,14524.0,5,0,7,0.0,False,no_complete_records,1.0,0.0,0.0,True,21920.0,,,,,,,,,,,,,,,,,,,,3131.4285714285716,3131.4285714285716,3131.4285714285716,,,,0,0,,0.0,,221.0568777732957,673.0,99.16,2,2,6.787010891488504,0.2857142857142857,1.0,2261.0088464518576,49561313.91422472,3326.0,2,2,14901.176763146339,0.2857142857142857,0.15173357664233578,1558.680194486404,34166269.86314198,3326.0,2,2,10272.480415857479,0.2857142857142857,0.15173357664233578,2191.5703086525555,48039221.16566402,3326.0,2,2,14443.542142412512,0.2857142857142857,0.15173357664233578,1510.8110878388497,33116979.045427587,3326.0,2,2,9956.999111673958,0.2857142857142857,0.15173357664233578,150.6045910858396,3301252.636601604,3201.0,1,1,1031.31916169997,0.14285714285714285,0.14603102189781023,,,,0,0,,0.0,,,,,0,0,,0.0,
IS,2021,7,7,23638.0,19402.0,6,0,0,,249.0,14193.0,4256.0,704.0,,0,0,0,,,,,,230.0,1897.0,139.0,64734130.55611055,43482361.61227548,63934753.06027306,42945414.23938086,12219248.391608391,8207753.3540608855,5584502.497502497,3751148.8133849283,3376.8571428571427,769.0,130.0,15849.0,5,3,7,0.42857142857142855,False,low,1.0,0.0,0.0,True,23638.0,0.012833728481599836,,,,0.7315225234511906,,,,0.2193588289867024,,,,0.03628491908050716,,,,,0.03628491908050716,,3376.8571428571427,3376.8571428571427,3376.8571428571427,,,,0,0,,0.0,,102.77391304347826,4071.0,230.0,2,2,17.7,0.2857142857142857,1.0,2738.562084614204,64734130.55611055,3794.0,2,2,17062.23789038233,0.2857142857142857,0.16050427278111515,1839.5110251406836,43482361.61227548,3794.0,2,2,11460.822776034654,0.2857142857142857,0.16050427278111515,2704.7446086924892,63934753.06027306,3794.0,2,2,16851.542714884832,0.2857142857142857,0.16050427278111515,1816.7955935096395,42945414.23938086,3794.0,2,2,11319.29737463913,0.2857142857142857,0.16050427278111515,347.2270646442544,8207753.3540608855,3794.0,2,2,2163.350910400866,0.2857142857142857,0.16050427278111515,158.69146346496862,3751148.8133849283,19318.0,2,2,194.17894261232675,0.2857142857142857,0.8172434216092732,0.08734690024121673,1893998.7026640123,33697904.13134409,1,1,0.056205237432030986,0.14285714285714285,0.7846682754882633
IS,2022,7,7,16569.0,16569.0,6,0,1,0.0,63.0,11309.0,4506.0,691.0,,0,0,0,,,,,,72.0,1621.8,36.0,257436699.00871763,167567994.81523854,262260777.88245225,170708033.61629105,67317633.28880765,43817687.491133735,,,2761.5,591.0,0.0,12686.0,5,2,6,0.2857142857142857,False,low,0.8571428571428571,0.0,0.0,True,16569.0,0.0038022813688212928,,,,0.6825396825396826,,,,0.2719536483795039,,,,0.04170438771199227,,,,,0.04170438771199227,,2761.5,2367.0,2367.0,,,,0,0,,0.0,,230.125,648.0,72.0,1,1,9.0,0.14285714285714285,1.0,15537.250226852413,257436699.00871766,15696.0,3,3,16401.42068098354,0.42857142857142855,0.9473112438891906,10113.343884074991,167567994.81523854,15696.0,3,3,10675.84064826953,0.42857142857142855,0.9473112438891906,15828.401103413136,262260777.88245222,15696.0,3,3,16708.76515560985,0.42857142857142855,0.9473112438891906,10302.856757576863,170708033.61629102,15696.0,3,3,10875.894088703557,0.42857142857142855,0.9473112438891906,2644.558361466216,43817687.491133735,15696.0,3,3,2791.6467565707017,0.42857142857142855,0.9473112438891906,,,,0,0,,0.0,,,,,0,0,,0.0,
IS,2023,7,7,19691.0,14823.0,7,0,0,,373.0,10478.0,3249.0,723.0,0.0,2,0,3,0.0,0.0,,,0.0,72.9,1792.8,36.9,58523784.61744787,39546394.555357195,54326735.06336753,36710313.82819651,8615416.079930263,5821712.416286805,,,2813.0,678.0,125.0,12151.0,5,1,7,0.14285714285714285,False,low,1.0,0.0,0.0,True,19691.0,0.02516359711259529,,,0.0,0.7068744518653444,,,,0.21918639951426835,,,,0.04877555150779195,,,0.0,,0.04877555150779195,,2813.0,2813.0,2813.0,0.0,0.0,1363.0,3,3,0.0,0.42857142857142855,0.06921944035346098,270.1097393689986,560.0,72.9,1,1,7.681755829903977,0.14285714285714285,1.0,2972.1083041718484,58523784.61744787,3300.0,1,1,17734.480187105415,0.14285714285714285,0.1675892539738967,2008.348715421116,39546394.555357195,3300.0,1,1,11983.755925865817,0.14285714285714285,0.1675892539738967,2758.9627273052424,54326735.06336753,3300.0,1,1,16462.64698889925,0.14285714285714285,0.1675892539738967,1864.3194265500233,36710313.82819651,3300.0,1,1,11124.337523695913,0.14285714285714285,0.1675892539738967,295.65346687759916,5821712.416286805,3300.0,1,1,1764.1552776626681,0.14285714285714285,0.1675892539738967,,,,0,0,,0.0,,,,,0,0,,0.0,
IT,2014,215,215,1817445.0,1455100.0,215,0,2,0.0,0.0,1069135.0,353170.0,32795.0,86305.0,215,0,2,0.0,0.0,49285.0,22160.0,4375.0,,,,14096946991.0,13660626578.095623,12726359781.0,12332460977.382404,1607719868.0,1557958668.13962,0.0,0.0,8453.232558139534,650.0,0.0,111620.0,101,213,215,0.9906976744186047,True,high,1.0,0.0,0.0,True,1817445.0,0.0,0.0,0.0,,0.7347501889904474,0.7347501889904474,0.7347501889904474,0.04609801381490644,0.2427118411105766,0.2427118411105766,0.2427118411105766,0.06274598635218166,0.022537969898976017,0.022537969898976017,0.022537969898976017,0.13340448239060831,0.022537969898976017,0.022537969898976017,0.022537969898976017,8453.232558139534,8453.232558139534,8453.232558139534,0.047486994104360795,86305.0,1817445.0,213,213,0.047486994104360795,0.9906976744186047,1.0,,,,0,0,,0.0,,7756.464152147658,14096946991.0,1735190.0,90,90,8124.151816803924,0.4186046511627907,0.9547414089559794,7516.39063525753,13660626578.095623,1735190.0,90,90,7872.697847553077,0.4186046511627907,0.9547414089559794,7002.335576042191,12726359781.0,1735190.0,90,90,7334.274506538189,0.4186046511627907,0.9547414089559794,6785.603403339525,12332460977.382406,1735190.0,90,90,7107.268355270839,0.4186046511627907,0.9547414089559794,857.2246577693521,1557958668.1396203,1735190.0,90,90,897.8605617480623,0.4186046511627907,0.9547414089559794,0.0,0.0,90960.0,128,128,0.0,0.5953488372093023,0.05004828206630737,0.0,0.0,57569514.70046708,8,8,0.0,0.037209302325581395,0.004668128673267154
IT,2015,215,215,1768015.0,1418510.0,212,0,1,0.0,0.0,1067495.0,321400.0,29615.0,86315.0,0,0,1,0.0,0.0,53685.0,22555.0,,,,,13870001284.0,13500755617.851755,12296347411.0,11968995387.161146,1398440799.0,1361211660.0963645,0.0,0.0,8223.32558139535,660.0,0.0,105355.0,101,211,215,0.9813953488372092,True,high,1.0,0.0,0.0,True,1768015.0,0.0,0.0,0.0,,0.7525466863116933,0.7525466863116933,0.7525466863116933,0.050290633679783044,0.2265757731704394,0.2265757731704394,0.2265757731704394,0.07017734909769757,0.02087754051786734,0.02087754051786734,0.02087754051786734,,0.02087754051786734,0.02087754051786734,0.02087754051786734,8223.32558139535,8223.32558139535,8223.32558139535,0.04882028715819719,86315.0,1768015.0,214,214,0.04882028715819719,0.9953488372093023,1.0,,,,0,0,,0.0,,7844.956792787391,13870001284.0,1646370.0,89,89,8424.59549432995,0.413953488372093,0.9311968507054521,7636.109206003204,13500755617.851753,1646370.0,89,89,8200.316829055288,0.413953488372093,0.9311968507054521,6954.888624248098,12296347411.0,1646370.0,89,89,7468.7630429368855,0.413953488372093,0.9311968507054521,6769.736335472915,11968995387.161144,1646370.0,89,89,7269.930445259051,0.413953488372093,0.9311968507054521,769.9095653014056,1361211660.0963645,1646370.0,89,89,826.7957142661519,0.413953488372093,0.9311968507054521,0.0,0.0,96010.0,129,129,0.0,0.6,0.05430383791992715,0.0,0.0,64914216.18727794,8,8,0.0,0.037209302325581395,0.005423530888558104
IT,2016,216,216,1825660.0,1481595.0,214,0,2,0.0,0.0,1094285.0,359620.0,27690.0,102690.0,0,0,2,0.0,0.0,56050.0,36485.0,,,,,,,,,,,0.0,0.0,8452.12962962963,755.0,0.0,108560.0,102,211,216,0.9768518518518519,True,high,1.0,0.0,0.0,True,1825660.0,0.0,0.0,0.0,,0.7385857808645413,0.7385857808645413,0.7385857808645413,0.051220660065705005,0.2427249012044452,0.2427249012044452,0.2427249012044452,0.10145431288582392,0.018689317931013538,0.018689317931013538,0.018689317931013538,,0.018689317931013538,0.018689317931013538,0.018689317931013538,8452.12962962963,8452.12962962963,8452.12962962963,0.05624815135348312,102690.0,1825660.0,214,214,0.05624815135348312,0.9907407407407407,1.0,,,,0,0,,0.0,,,,,0,0,,0.0,,,,,0,0,,0.0,,,,,0,0,,0.0,,,,,0,0,,0.0,,,,,0,0,,0.0,,0.0,0.0,120085.0,128,128,0.0,0.5925925925925926,0.06577621243824151,,,,0,0,,0.0,
IT,2017,206,206,1881745.0,1548445.0,206,0,0,,0.0,1132835.0,386925.0,28685.0,105365.0,206,0,0,,0.0,58690.0,31300.0,4640.0,,,,,,,,,,0.0,0.0,9134.684466019418,907.5,40.0,109120.0,97,206,206,1.0,True,high,1.0,0.0,0.0,True,1881745.0,0.0,0.0,0.0,,0.7315952455527965,0.7315952455527965,0.7315952455527965,0.05180807443272851,0.24987971803971082,0.24987971803971082,0.24987971803971082,0.08089423014796149,0.018525036407492677,0.018525036407492677,0.018525036407492677,0.16175701586194877,0.018525036407492677,0.018525036407492677,0.018525036407492677,9134.684466019418,9134.684466019418,9134.684466019418,0.05599324031683358,105365.0,1881745.0,206,206,0.05599324031683358,1.0,1.0,,,,0,0,,0.0,,,,,0,0,,0.0,,,,,0,0,,0.0,,,,,0,0,,0.0,,,,,0,0,,0.0,,,,,0,0,,0.0,,0.0,0.0,138505.0,119,119,0.0,0.5776699029126213,0.07360455322054794,,,,0,0,,0.0,
IT,2018,207,207,1915400.0,1593575.0,207,0,0,,0.0,1153105.0,410630.0,29840.0,111750.0,207,0,0,,0.0,60950.0,34740.0,4935.0,,,,,,,,,,0.0,0.0,9253.140096618357,925.0,50.0,110425.0,97,207,207,1.0,True,high,1.0,0.0,0.0,True,1915400.0,0.0,0.0,0.0,,0.7235963164582778,0.7235963164582778,0.7235963164582778,0.05285728532961005,0.2576784901871578,0.2576784901871578,0.2576784901871578,0.08460170956822444,0.018725193354564424,0.018725193354564424,0.018725193354564424,0.16538203753351208,0.018725193354564424,0.018725193354564424,0.018725193354564424,9253.140096618357,9253.140096618357,9253.140096618357,0.058342904876266054,111750.0,1915400.0,207,207,0.058342904876266054,1.0,1.0,,,,0,0,,0.0,,,,,0,0,,0.0,,,,,0,0,,0.0,,,,,0,0,,0.0,,,,,0,0,,0.0,,,,,0,0,,0.0,,0.0,0.0,149525.0,118,118,0.0,0.5700483091787439,0.07806463401900386,,,,0,0,,0.0,
IT,2019,207,207,1998330.0,1685610.0,207,0,0,,0.0,1214020.0,440035.0,31555.0,119135.0,207,0,0,,0.0,64000.0,38375.0,5240.0,,,,,,,,,,0.0,0.0,9653.768115942028,1020.0,50.0,112045.0,97,207,207,1.0,True,high,1.0,0.0,0.0,True,1998330.0,0.0,0.0,0.0,,0.720225912281014,0.720225912281014,0.720225912281014,0.0527174181644454,0.261053861806705,0.261053861806705,0.261053861806705,0.08720897201358983,0.018720225912281015,0.018720225912281015,0.018720225912281015,0.16605926160671844,0.018720225912281015,0.018720225912281015,0.018720225912281015,9653.768115942028,9653.768115942028,9653.768115942028,0.05961728042915835,119135.0,1998330.0,207,207,0.05961728042915835,1.0,1.0,,,,0,0,,0.0,,,,,0,0,,0.0,,,,,0,0,,0.0,,,,,0,0,,0.0,,,,,0,0,,0.0,,,,,0,0,,0.0,,0.0,0.0,190625.0,117,117,0.0,0.5652173913043478,0.09539215244729349,,,,0,0,,0.0,
IT,2020,208,208,2060350.0,1750435.0,208,0,0,,0.0,1231165.0,485960.0,33310.0,125115.0,208,0,0,,0.0,65955.0,41525.0,5435.0,,,,,,,,,,0.0,0.0,9905.528846153846,1057.5,60.0,113205.0,97,208,208,1.0,True,high,1.0,0.0,0.0,True,2060350.0,0.0,0.0,0.0,,0.70334802491952,0.70334802491952,0.70334802491952,0.053571211007460415,0.2776224195699926,0.2776224195699926,0.2776224195699926,0.08544941970532555,0.019029555510487392,0.019029555510487392,0.019029555510487392,0.16316421495046532,0.019029555510487392,0.019029555510487392,0.019029555510487392,9905.528846153846,9905.528846153846,9905.528846153846,0.06072511951852841,125115.0,2060350.0,208,208,0.06072511951852841,1.0,1.0,,,,0,0,,0.0,,,,,0,0,,0.0,,,,,0,0,,0.0,,,,,0,0,,0.0,,,,,0,0,,0.0,,,,,0,0,,0.0,,0.0,0.0,166450.0,117,117,0.0,0.5625,0.08078724488557769,,,,0,0,,0.0,
IT,2021,208,208,2063160.0,1760030.0,208,0,0,,0.0,1225720.0,496385.0,37925.0,135220.0,208,0,0,,0.0,69160.0,47150.0,6025.0,,,,,,,,,,0.0,0.0,9919.038461538461,1065.0,60.0,116890.0,97,208,208,1.0,True,high,1.0,0.0,0.0,True,2063160.0,0.0,0.0,0.0,,0.6964199473872604,0.6964199473872604,0.6964199473872604,0.056423979375387526,0.2820321244524241,0.2820321244524241,0.2820321244524241,0.09498675423310535,0.02154792816031545,0.02154792816031545,0.02154792816031545,0.15886618325642715,0.02154792816031545,0.02154792816031545,0.02154792816031545,9919.038461538461,9919.038461538461,9919.038461538461,0.06554023924465383,135220.0,2063160.0,208,208,0.06554023924465383,1.0,1.0,,,,0,0,,0.0,,,,,0,0,,0.0,,,,,0,0,,0.0,,,,,0,0,,0.0,,,,,0,0,,0.0,,,,,0,0,,0.0,,0.0,0.0,159365.0,119,119,0.0,0.5721153846153846,0.07724316097636635,,,,0,0,,0.0,
IT,2022,210,210,2148860.0,1845705.0,209,0,0,,0.0,1288835.0,514240.0,42630.0,149205.0,209,0,0,,0.0,75205.0,52840.0,7095.0,107150.0,163630.0,56440.0,,,,,,,0.0,0.0,10281.626794258373,1010.0,0.0,117500.0,98,209,209,0.9952380952380953,True,high,0.9952380952380953,0.0,0.0,True,2148860.0,0.0,0.0,0.0,,0.6982887297807613,0.6982887297807613,0.6982887297807613,0.05835114657811124,0.27861440479383215,0.27861440479383215,0.27861440479383215,0.10275357809583074,0.02309686542540655,0.02309686542540655,0.02309686542540655,0.16643209007741028,0.02309686542540655,0.02309686542540655,0.02309686542540655,10281.626794258373,10232.666666666666,10232.666666666666,0.0694344908463092,149205.0,2148860.0,208,208,0.0694344908463092,0.9904761904761905,1.0,20.054689687354177,2148860.0,107150.0,208,208,20.054689687354177,0.9904761904761905,1.0,,,,0,0,,0.0,,,,,0,0,,0.0,,,,,0,0,,0.0,,,,,0,0,,0.0,,,,,0,0,,0.0,,0.0,0.0,231165.0,119,119,0.0,0.5666666666666667,0.10757564476047765,,,,0,0,,0.0,
IT,2023,209,209,2262370.0,1931940.0,209,0,0,,0.0,1348625.0,535365.0,47950.0,166240.0,209,0,0,,0.0,83210.0,58465.0,8635.0,112705.0,171490.0,58775.0,,,,,,,0.0,0.0,10824.736842105263,1090.0,25.0,123375.0,95,209,209,1.0,True,high,1.0,0.0,0.0,True,2262370.0,0.0,0.0,0.0,,0.6980677453751152,0.6980677453751152,0.6980677453751152,0.061699879506905184,0.27711264324979035,0.27711264324979035,0.27711264324979035,0.10920586889318502,0.024819611375094464,0.024819611375094464,0.024819611375094464,0.18008342022940563,0.024819611375094464,0.024819611375094464,0.024819611375094464,10824.736842105263,10824.736842105263,10824.736842105263,0.07348046517589961,166240.0,2262370.0,209,209,0.07348046517589961,1.0,1.0,20.07337740118007,2262285.0,112705.0,208,208,20.072623219910387,0.9952153110047847,1.0,,,,0,0,,0.0,,,,,0,0,,0.0,,,,,0,0,,0.0,,,,,0,0,,0.0,,,,,0,0,,0.0,,0.0,0.0,218900.0,115,115,0.0,0.5502392344497608,0.0967569407302961,,,,0,0,,0.0,
LI,2014,1,1,655.0,660.0,1,0,0,,0.0,395.0,245.0,20.0,600.0,1,0,0,,0.0,350.0,230.0,20.0,70.0,125.0,55.0,18715726.280256875,12711652.550760783,18248759.44343817,12394490.390261088,3590564.7620615843,2438698.3990292405,,,655.0,655.0,655.0,655.0,1,1,1,1.0,True,high,1.0,0.0,0.0,True,655.0,0.0,0.0,0.0,,0.5984848484848485,0.5984848484848485,0.5984848484848485,0.8860759493670886,0.3712121212121212,0.3712121212121212,0.3712121212121212,0.9387755102040817,0.030303030303030304,0.030303030303030304,0.030303030303030304,1.0,0.030303030303030304,0.030303030303030304,0.030303030303030304,655.0,655.0,655.0,0.916030534351145,600.0,655.0,1,1,0.916030534351145,1.0,1.0,9.357142857142858,655.0,70.0,1,1,9.357142857142858,1.0,1.0,28573.627908789123,18715726.280256875,655.0,1,1,28573.627908789123,1.0,1.0,19407.103130932494,12711652.550760783,655.0,1,1,19407.103130932494,1.0,1.0,27860.701440363617,18248759.44343817,655.0,1,1,27860.701440363617,1.0,1.0,18922.88609200166,12394490.390261088,655.0,1,1,18922.88609200166,1.0,1.0,3723.203662640062,2438698.3990292405,655.0,1,1,3723.203662640062,1.0,1.0,,,,0,0,,0.0,,,,,0,0,,0.0,
LI,2015,1,1,655.0,655.0,1,0,0,,0.0,370.0,260.0,25.0,605.0,1,0,0,,0.0,330.0,250.0,25.0,65.0,125.0,55.0,22865988.144957393,14207674.88028673,22168531.9037363,13774313.70404203,5619705.674688641,3491777.8598816544,,,655.0,655.0,655.0,655.0,1,1,1,1.0,True,high,1.0,0.0,0.0,True,655.0,0.0,0.0,0.0,,0.5648854961832062,0.5648854961832062,0.5648854961832062,0.8918918918918919,0.3969465648854962,0.3969465648854962,0.3969465648854962,0.9615384615384616,0.03816793893129771,0.03816793893129771,0.03816793893129771,1.0,0.03816793893129771,0.03816793893129771,0.03816793893129771,655.0,655.0,655.0,0.9236641221374046,605.0,655.0,1,1,0.9236641221374046,1.0,1.0,10.076923076923077,655.0,65.0,1,1,10.076923076923077,1.0,1.0,34909.905564820445,22865988.144957393,655.0,1,1,34909.905564820445,1.0,1.0,21691.10668746066,14207674.88028673,655.0,1,1,21691.10668746066,1.0,1.0,33845.08687593328,22168531.9037363,655.0,1,1,33845.08687593328,1.0,1.0,21029.486571056535,13774313.70404203,655.0,1,1,21029.486571056535,1.0,1.0,5330.958564704816,3491777.8598816544,655.0,1,1,5330.958564704816,1.0,1.0,,,,0,0,,0.0,,,,,0,0,,0.0,
LI,2016,1,1,655.0,655.0,1,0,0,,0.0,335.0,285.0,35.0,600.0,1,0,0,,0.0,290.0,270.0,35.0,65.0,120.0,55.0,20173523.491102543,12710467.029220028,19222361.83269125,12111181.093670536,3573279.499174463,2251369.290073512,,,655.0,655.0,655.0,655.0,1,1,1,1.0,True,high,1.0,0.0,0.0,True,655.0,0.0,0.0,0.0,,0.5114503816793893,0.5114503816793893,0.5114503816793893,0.8656716417910447,0.4351145038167939,0.4351145038167939,0.4351145038167939,0.9473684210526315,0.05343511450381679,0.05343511450381679,0.05343511450381679,1.0,0.05343511450381679,0.05343511450381679,0.05343511450381679,655.0,655.0,655.0,0.916030534351145,600.0,655.0,1,1,0.916030534351145,1.0,1.0,10.076923076923077,655.0,65.0,1,1,10.076923076923077,1.0,1.0,30799.272505500066,20173523.491102543,655.0,1,1,30799.272505500066,1.0,1.0,19405.29317438172,12710467.029220028,655.0,1,1,19405.29317438172,1.0,1.0,29347.1173018187,19222361.83269125,655.0,1,1,29347.1173018187,1.0,1.0,18490.352814764177,12111181.093670536,655.0,1,1,18490.352814764177,1.0,1.0,3437.2050230129958,2251369.290073512,655.0,1,1,3437.2050230129958,1.0,1.0,,,,0,0,,0.0,,,,,0,0,,0.0,
LI,2017,2,2,770.0,770.0,2,0,0,,0.0,335.0,285.0,150.0,710.0,2,0,0,,0.0,290.0,270.0,145.0,65.0,130.0,65.0,18975851.96545831,12199757.473238606,19292320.23027795,12403217.960061762,2393682.648196456,1538921.5635246967,,,385.0,385.0,115.0,655.0,2,2,2,1.0,True,high,1.0,0.0,0.0,True,770.0,0.0,0.0,0.0,,0.43506493506493504,0.43506493506493504,0.43506493506493504,0.8656716417910447,0.37012987012987014,0.37012987012987014,0.37012987012987014,0.9473684210526315,0.19480519480519481,0.19480519480519481,0.19480519480519481,0.9666666666666667,0.19480519480519481,0.19480519480519481,0.19480519480519481,385.0,385.0,385.0,0.922077922077922,710.0,770.0,2,2,0.922077922077922,1.0,1.0,11.846153846153847,655.0,65.0,1,1,10.076923076923077,0.5,1.0,24643.9635915043,18975851.96545831,655.0,1,1,28970.766359478337,0.5,0.8506493506493507,15843.840874335852,12199757.473238606,655.0,1,1,18625.583928608557,0.5,0.8506493506493507,25054.961338023313,19292320.23027795,655.0,1,1,29453.92401569153,0.5,0.8506493506493507,16108.075272807484,12403217.960061762,655.0,1,1,18936.21062604849,0.5,0.8506493506493507,1998.599433148957,1538921.5635246967,655.0,1,1,2349.4985702667127,0.5,0.8506493506493507,,,,0,0,,0.0,,,,,0,0,,0.0,
LI,2018,2,2,810.0,810.0,2,0,0,,0.0,365.0,285.0,160.0,735.0,2,0,0,,0.0,315.0,275.0,145.0,65.0,130.0,65.0,19383640.173160173,12878643.112305062,20095510.857142854,13351615.598340992,2435413.2987012984,1618107.7663815368,,,405.0,405.0,125.0,685.0,2,2,2,1.0,True,high,1.0,0.0,0.0,True,810.0,0.0,0.0,0.0,,0.4506172839506173,0.4506172839506173,0.4506172839506173,0.863013698630137,0.35185185185185186,0.35185185185185186,0.35185185185185186,0.9649122807017544,0.19753086419753085,0.19753086419753085,0.19753086419753085,0.90625,0.19753086419753085,0.19753086419753085,0.19753086419753085,405.0,405.0,405.0,0.9074074074074074,735.0,810.0,2,2,0.9074074074074074,1.0,1.0,12.461538461538462,685.0,65.0,1,1,10.538461538461538,0.5,1.0,23930.41996686441,19383640.173160173,685.0,1,1,28297.28492432142,0.5,0.845679012345679,15899.559397907484,12878643.112305062,685.0,1,1,18800.938850080383,0.5,0.845679012345679,24809.272663139327,20095510.857142854,685.0,1,1,29336.512200208548,0.5,0.845679012345679,16483.47604733456,13351615.598340992,685.0,1,1,19491.40963261459,0.5,0.845679012345679,1997.6639091130085,1618107.7663815368,685.0,1,1,2362.2011188051633,0.5,0.845679012345679,,,,0,0,,0.0,,,,,0,0,,0.0,
LI,2019,2,2,825.0,825.0,2,0,0,,0.0,360.0,280.0,185.0,760.0,2,0,0,,0.0,315.0,275.0,170.0,70.0,140.0,70.0,21308577.849694353,13597084.822376082,20535269.68716289,13103633.933539458,3174444.4444444445,2025625.11114043,,,412.5,412.5,145.0,680.0,2,2,2,1.0,True,high,1.0,0.0,0.0,True,825.0,0.0,0.0,0.0,,0.43636363636363634,0.43636363636363634,0.43636363636363634,0.875,0.3393939393939394,0.3393939393939394,0.3393939393939394,0.9821428571428571,0.22424242424242424,0.22424242424242424,0.22424242424242424,0.918918918918919,0.22424242424242424,0.22424242424242424,0.22424242424242424,412.5,412.5,412.5,0.9212121212121213,760.0,825.0,2,2,0.9212121212121213,1.0,1.0,11.785714285714286,680.0,70.0,1,1,9.714285714285714,0.5,1.0,25828.57921175073,21308577.849694353,680.0,1,1,31336.14389660934,0.5,0.8242424242424242,16481.31493621343,13597084.822376082,680.0,1,1,19995.712974082475,0.5,0.8242424242424242,24891.235984439867,20535269.68716289,680.0,1,1,30198.92601053366,0.5,0.8242424242424242,15883.192646714495,13103633.933539458,680.0,1,1,19270.04990226391,0.5,0.8242424242424242,2455.303165018703,2025625.11114043,680.0,1,1,2978.860457559456,0.5,0.8242424242424242,,,,0,0,,0.0,,,,,0,0,,0.0,
LI,2020,2,2,875.0,875.0,2,0,0,,0.0,345.0,325.0,205.0,790.0,2,0,0,,0.0,300.0,305.0,185.0,70.0,205.0,65.0,25462419.430172816,15761622.796872832,29534946.286781877,18282578.52615997,3228641.7561886967,1998578.0866910303,,,437.5,437.5,165.0,710.0,2,2,2,1.0,True,high,1.0,0.0,0.0,True,875.0,0.0,0.0,0.0,,0.3942857142857143,0.3942857142857143,0.3942857142857143,0.8695652173913043,0.37142857142857144,0.37142857142857144,0.37142857142857144,0.9384615384615385,0.2342857142857143,0.2342857142857143,0.2342857142857143,0.9024390243902439,0.2342857142857143,0.2342857142857143,0.2342857142857143,437.5,437.5,437.5,0.9028571428571428,790.0,875.0,2,2,0.9028571428571428,1.0,1.0,12.5,710.0,70.0,1,1,10.142857142857142,0.5,1.0,29099.907920197504,25462419.430172816,710.0,1,1,35862.562577708195,0.5,0.8114285714285714,18013.283196426095,15761622.796872832,710.0,1,1,22199.468727989904,0.5,0.8114285714285714,33754.224327750715,29534946.286781877,710.0,1,1,41598.515896875884,0.5,0.8114285714285714,20894.375458468534,18282578.52615997,710.0,1,1,25750.110600225307,0.5,0.8114285714285714,2284.089241932606,1998578.0866910303,710.0,1,1,2814.8987136493383,0.5,0.8114285714285714,,,,0,0,,0.0,,,,,0,0,,0.0,
LI,2021,2,2,865.0,865.0,2,0,0,,0.0,340.0,305.0,220.0,520.0,2,0,0,,0.0,35.0,285.0,200.0,80.0,155.0,75.0,20708151.88234206,13514175.419533985,22786367.5885672,14870422.55221538,2349850.152622329,1533516.238077991,,,432.5,432.5,175.0,690.0,2,2,2,1.0,True,high,1.0,0.0,0.0,True,865.0,0.0,0.0,0.0,,0.3930635838150289,0.3930635838150289,0.3930635838150289,0.10294117647058823,0.35260115606936415,0.35260115606936415,0.35260115606936415,0.9344262295081968,0.2543352601156069,0.2543352601156069,0.2543352601156069,0.9090909090909091,0.2543352601156069,0.2543352601156069,0.2543352601156069,432.5,432.5,432.5,0.6011560693641619,520.0,865.0,2,2,0.6011560693641619,1.0,1.0,10.8125,865.0,80.0,2,2,10.8125,1.0,1.0,23940.059979586196,20708151.88234206,690.0,1,1,30011.81432223487,0.5,0.7976878612716763,15623.324184432353,13514175.419533985,690.0,1,1,19585.761477585485,0.5,0.7976878612716763,26342.621489673063,22786367.5885672,690.0,1,1,33023.72114285101,0.5,0.7976878612716763,17191.239944757664,14870422.55221538,690.0,1,1,21551.337032196203,0.5,0.7976878612716763,1772.8511422866948,1533516.238077991,690.0,1,1,2222.4873015623057,0.5,0.7976878612716763,,,,0,0,,0.0,,,,,0,0,,0.0,
LI,2022,2,2,850.0,850.0,2,0,0,,0.0,390.0,230.0,230.0,760.0,2,0,0,,0.0,340.0,215.0,205.0,75.0,155.0,80.0,24539835.771872204,15944624.58772554,24082542.052353937,15647500.48502878,2290934.6073454763,1488522.2789885532,,,425.0,425.0,175.0,675.0,2,2,2,1.0,True,high,1.0,0.0,0.0,True,850.0,0.0,0.0,0.0,,0.4588235294117647,0.4588235294117647,0.4588235294117647,0.8717948717948718,0.27058823529411763,0.27058823529411763,0.27058823529411763,0.9347826086956522,0.27058823529411763,0.27058823529411763,0.27058823529411763,0.8913043478260869,0.27058823529411763,0.27058823529411763,0.27058823529411763,425.0,425.0,425.0,0.8941176470588236,760.0,850.0,2,2,0.8941176470588236,1.0,1.0,11.333333333333334,850.0,75.0,2,2,11.333333333333334,1.0,1.0,28870.395025732003,24539835.771872204,675.0,1,1,36355.31225462549,0.5,0.7941176470588235,18758.3818679124,15944624.58772554,675.0,1,1,23621.66605588969,0.5,0.7941176470588235,28332.402414534045,24082542.052353937,675.0,1,1,35677.84007756139,0.5,0.7941176470588235,18408.824100033857,15647500.48502878,675.0,1,1,23181.482200042636,0.5,0.7941176470588235,1751.2026811630037,1488522.2789885532,675.0,1,1,2205.218191094153,0.5,0.7941176470588235,,,,0,0,,0.0,,,,,0,0,,0.0,
LI,2023,2,2,830.0,830.0,2,0,0,,0.0,405.0,200.0,225.0,750.0,2,0,0,,0.0,350.0,185.0,210.0,75.0,155.0,85.0,25466467.380119365,16267443.832410902,25013756.945873637,15978261.926985422,3200454.8260959047,2044383.2410900916,,,415.0,415.0,175.0,655.0,2,2,2,1.0,True,high,1.0,0.0,0.0,True,830.0,0.0,0.0,0.0,,0.4879518072289157,0.4879518072289157,0.4879518072289157,0.8641975308641975,0.24096385542168675,0.24096385542168675,0.24096385542168675,0.925,0.2710843373493976,0.2710843373493976,0.2710843373493976,0.9333333333333333,0.2710843373493976,0.2710843373493976,0.2710843373493976,415.0,415.0,415.0,0.9036144578313253,750.0,830.0,2,2,0.9036144578313253,1.0,1.0,11.066666666666666,830.0,75.0,2,2,11.066666666666666,1.0,1.0,30682.49081942092,25466467.380119365,655.0,1,1,38880.10287041125,0.5,0.7891566265060241,19599.329918567353,16267443.832410902,655.0,1,1,24835.792110550996,0.5,0.7891566265060241,30137.05656129354,25013756.945873637,655.0,1,1,38188.941902097155,0.5,0.7891566265060241,19250.917984319785,15978261.926985422,655.0,1,1,24394.293018298355,0.5,0.7891566265060241,2463.112338662761,2044383.2410900916,655.0,1,1,3121.195787923804,0.5,0.7891566265060241,,,,0,0,,0.0,,,,,0,0,,0.0,
LT,2014,43,43,136935.0,128360.0,43,0,3,0.0,0.0,106605.0,19395.0,2360.0,4590.0,43,0,5,0.0,0.0,2705.0,1030.0,55.0,9545.0,20115.0,10570.0,456980908.2483781,2555087589.7515616,415020780.2363299,2320478658.8031826,179859789.1566265,1005638325.0909255,182617875.347544,1021059432.7798452,3184.5348837209303,1540.0,0.0,18985.0,11,40,43,0.9302325581395349,True,high,1.0,0.0,0.0,True,136935.0,0.0,0.0,0.0,,0.8305157369897164,0.8305157369897164,0.8305157369897164,0.02537404436940106,0.15109847304456217,0.15109847304456217,0.15109847304456217,0.053106470739881416,0.01838578996572141,0.01838578996572141,0.01838578996572141,0.023305084745762712,0.01838578996572141,0.01838578996572141,0.01838578996572141,3184.5348837209303,3184.5348837209303,3184.5348837209303,0.0335195530726257,4590.0,136935.0,40,40,0.0335195530726257,0.9302325581395349,1.0,14.346254583551598,136430.0,9545.0,39,39,14.293347302252489,0.9069767441860465,1.0,3337.21041551377,456980908.24837804,128220.0,37,37,3564.0376559692563,0.8604651162790697,0.9363566655712564,18659.127248340905,2555087589.7515616,128220.0,37,37,19927.371624953685,0.8604651162790697,0.9363566655712564,3030.7867253538534,415020780.2363299,128220.0,37,37,3236.7866185956163,0.8604651162790697,0.9363566655712564,16945.840426502957,2320478658.8031826,128220.0,37,37,18097.634213096106,0.8604651162790697,0.9363566655712564,7343.910067484028,1005638325.0909257,128220.0,37,37,7843.069139689016,0.8604651162790697,0.9363566655712564,7456.526328402857,1021059432.779845,128220.0,37,37,7963.339828262712,0.8604651162790697,0.9363566655712564,0.4400210400152829,1021059432.779845,2320478658.8031826,37,37,0.4400210400152828,0.8604651162790697,1.0
LT,2015,43,43,122910.0,114555.0,40,0,10,0.0,0.0,94265.0,17855.0,2435.0,3925.0,40,0,10,0.0,0.0,1965.0,1095.0,75.0,6895.0,14785.0,7900.0,503695720.0,812303707.7294489,404603610.0,652499117.0536847,229469630.0,370062765.79103106,210904000.0,340122209.4461547,2858.3720930232557,1520.0,0.0,18915.0,11,33,43,0.7674418604651163,False,medium,1.0,0.0,0.0,True,122910.0,0.0,,,,0.8228798393784645,,,0.020845488781626266,0.15586399546069574,,,0.061327359283113975,0.021256165160839773,,,0.030800821355236138,,0.021256165160839773,,2858.3720930232557,2858.3720930232557,2858.3720930232557,0.03193393539988609,3925.0,122910.0,33,33,0.03193393539988609,0.7674418604651163,1.0,17.825960841189268,103995.0,6895.0,32,32,15.082668600435097,0.7441860465116279,1.0,4098.085753803596,503695720.0,121315.0,30,30,4151.965709104397,0.6976744186046512,0.987023024977626,6608.930987954185,812303707.729449,121315.0,30,30,6695.82250941309,0.6976744186046512,0.987023024977626,3291.8689284842567,404603610.0,121315.0,30,30,3335.149074722829,0.6976744186046512,0.987023024977626,5308.755325471358,652499117.0536847,121315.0,30,30,5378.552669114987,0.6976744186046512,0.987023024977626,3010.8434284519653,370062765.7910312,121315.0,30,30,3050.4287663605587,0.6976744186046512,0.987023024977626,2767.2460291770785,340122209.44615483,121315.0,30,30,2803.628648115689,0.6976744186046512,0.987023024977626,0.5212607964619989,340122209.44615483,652499117.0536847,30,30,0.5212607964619991,0.6976744186046512,1.0
LT,2016,43,43,116845.0,108585.0,40,0,10,0.0,0.0,88950.0,17220.0,2415.0,4355.0,40,0,10,0.0,0.0,2040.0,1290.0,85.0,6780.0,14115.0,7360.0,398372990.0,631166914.0911547,374958220.0,594069448.9114643,118151130.0,187194127.08799067,124209000.0,196791984.3972058,2717.3255813953488,1385.0,0.0,18625.0,11,33,43,0.7674418604651163,False,medium,1.0,0.0,0.0,True,116845.0,0.0,,,,0.8191739190495925,,,0.022934232715008433,0.1585854399778975,,,0.07491289198606271,0.022240640972510016,,,0.035196687370600416,,0.022240640972510016,,2717.3255813953488,2717.3255813953488,2717.3255813953488,0.03727159912704865,4355.0,116845.0,33,33,0.03727159912704865,0.7674418604651163,1.0,17.23377581120944,98220.0,6780.0,32,32,14.486725663716815,0.7441860465116279,1.0,3409.414095596731,398372990.0,115310.0,30,30,3454.8000173445494,0.6976744186046512,0.9868629380803629,5401.7451674539325,631166914.0911548,115310.0,30,30,5473.65288432187,0.6976744186046512,0.9868629380803629,3209.022380076169,374958220.0,115310.0,30,30,3251.740698985344,0.6976744186046512,0.9868629380803629,5084.252205156098,594069448.9114642,115310.0,30,30,5151.933474212681,0.6976744186046512,0.9868629380803629,1602.0722075227068,187194127.08799067,115310.0,30,30,1623.3988993841876,0.6976744186046512,0.9868629380803629,1684.2139962959973,196791984.39720583,115310.0,30,30,1706.634154862595,0.6976744186046512,0.9868629380803629,0.3312609068818387,196791984.39720583,594069448.9114642,30,30,0.3312609068818388,0.6976744186046512,0.9999999999999998
LT,2017,41,41,98805.0,90695.0,38,0,8,0.0,0.0,76325.0,12330.0,2040.0,5040.0,38,0,9,0.0,0.0,2600.0,1025.0,125.0,7230.0,14700.0,2230.0,367281380.0,569835774.0959042,337268510.0,523270911.4576465,123454520.0,191539255.1885922,115248000.0,178806868.16468826,2409.878048780488,1180.0,0.0,18235.0,10,33,41,0.8048780487804879,True,high,1.0,0.0,0.0,True,98805.0,0.0,0.0,0.0,,0.84155686642042,0.84155686642042,0.84155686642042,0.03406485424172945,0.13595016263300072,0.13595016263300072,0.13595016263300072,0.08313057583130576,0.022492970946579195,0.022492970946579195,0.022492970946579195,0.061274509803921566,0.022492970946579195,0.022492970946579195,0.022492970946579195,2409.878048780488,2409.878048780488,2409.878048780488,0.05100956429330499,5040.0,98805.0,33,33,0.05100956429330499,0.8048780487804879,1.0,13.66597510373444,94095.0,7230.0,31,31,13.014522821576763,0.7560975609756098,1.0,3717.2347553261475,367281380.0,93040.0,26,26,3947.5642734307826,0.6341463414634146,0.9416527503668842,5767.276697494097,569835774.0959041,93040.0,26,26,6124.6321377461745,0.6341463414634146,0.9416527503668842,3413.476139871464,337268510.0,93040.0,26,26,3624.983985382631,0.6341463414634146,0.9416527503668842,5295.996270003001,523270911.4576465,93040.0,26,26,5624.149951178488,0.6341463414634146,0.9416527503668842,1938.5583238560012,191539255.1885922,93040.0,26,26,2058.6764315196924,0.6341463414634146,0.9416527503668842,1809.6945312958683,178803765.17169636,93245.0,27,27,1917.5694693731177,0.6585365853658537,0.9437275441526238,0.3417099331330992,178785147.21374503,523270911.4576465,26,26,0.3416684231800947,0.6341463414634146,1.0
LT,2018,38,38,90680.0,82455.0,35,0,7,0.0,0.0,69745.0,10745.0,1965.0,4995.0,35,0,8,0.0,0.0,2345.0,1015.0,135.0,6630.0,13660.0,2325.0,410037330.0,622588380.5217423,366527240.0,556523965.1928861,132081080.0,200547949.36539727,129397000.0,196472522.81730518,2386.315789473684,1200.0,0.0,18570.0,10,30,38,0.7894736842105263,False,medium,1.0,0.0,0.0,True,90680.0,0.0,,,,0.8458553150203141,,,0.033622481898343964,0.13031350433569827,,,0.09446254071661238,0.02383118064398763,,,0.06870229007633588,,0.02383118064398763,,2386.315789473684,2386.315789473684,2386.315789473684,0.055083811204234674,4995.0,90680.0,31,31,0.055083811204234674,0.8157894736842105,1.0,13.677224736048265,86360.0,6630.0,29,29,13.025641025641026,0.7631578947368421,1.0,4521.805580061756,410037330.0,85095.0,24,24,4818.583112991362,0.631578947368421,0.9384097926775474,6865.773936058032,622588380.5217423,85095.0,24,24,7316.392038565631,0.631578947368421,0.9384097926775474,4041.985443317159,366527240.0,85095.0,24,24,4307.271167518656,0.631578947368421,0.9384097926775474,6137.2294352987,556523965.1928861,85095.0,24,24,6540.0313202054895,0.631578947368421,0.9384097926775474,2211.6006767247163,200547949.36539727,85095.0,24,24,2356.7536208402053,0.631578947368421,0.9384097926775474,2166.6577284660916,196472522.81730518,85300.0,25,25,2303.312108057505,0.6578947368421053,0.9406704896338773,0.3530351523122811,196451265.63731304,556523965.1928861,24,24,0.35299695596976643,0.631578947368421,1.0
LT,2019,36,36,85865.0,77580.0,33,0,6,0.0,0.0,64935.0,10795.0,1850.0,5455.0,33,0,7,0.0,0.0,2580.0,995.0,150.0,6390.0,13085.0,2130.0,432945730.0,652086607.3539889,391987750.0,590397235.2881817,169600060.0,255445244.2167127,146360000.0,220441938.19010484,2385.1388888888887,1160.0,0.0,18895.0,9,30,36,0.8333333333333334,True,high,1.0,0.0,0.0,True,85865.0,0.0,0.0,0.0,,0.8370069605568445,0.8370069605568445,0.8370069605568445,0.03973203973203973,0.1391466872905388,0.1391466872905388,0.1391466872905388,0.0921723019916628,0.023846352152616653,0.023846352152616653,0.023846352152616653,0.08108108108108109,0.023846352152616653,0.023846352152616653,0.023846352152616653,2385.1388888888887,2385.1388888888887,2385.1388888888887,0.0635299598206487,5455.0,85865.0,30,30,0.0635299598206487,0.8333333333333334,1.0,13.437402190923319,84260.0,6390.0,29,29,13.18622848200313,0.8055555555555556,1.0,5042.1677051185,432945730.0,80595.0,23,23,5371.86835411626,0.6388888888888888,0.9386245851045245,7594.323733232271,652086607.353989,80595.0,23,23,8090.906475016925,0.6388888888888888,0.9386245851045245,4565.163337797706,391987750.0,80595.0,23,23,4863.673304795583,0.6388888888888888,0.9386245851045245,6875.8776601430345,590397235.2881817,80595.0,23,23,7325.482167481626,0.6388888888888888,0.9386245851045245,2974.963538306792,255445244.21671265,80595.0,23,23,3169.4924525927495,0.6388888888888888,0.9386245851045245,2567.3084282315826,220441938.19010484,80830.0,24,24,2727.22922417549,0.6666666666666666,0.9413614394689338,0.3733790150329953,220416333.42822158,590397235.2881817,23,23,0.37333564633078453,0.6388888888888888,1.0
LT,2020,36,36,65680.0,62230.0,30,0,10,0.0,0.0,52805.0,8175.0,1250.0,3670.0,30,0,10,0.0,0.0,2130.0,755.0,95.0,4460.0,9165.0,1345.0,323983760.0,477486643.7048925,269806170.0,397639815.5394323,138034450.0,203434907.49706343,131069000.0,193169240.65501484,1824.4444444444443,932.5,0.0,18320.0,9,26,36,0.7222222222222222,False,medium,1.0,0.0,0.0,True,65680.0,0.0,,,,0.8485457174995983,,,0.04033708929078686,0.13136750763297445,,,0.09235474006116208,0.020086774867427284,,,0.076,,0.020086774867427284,,1824.4444444444443,1824.4444444444443,1824.4444444444443,0.05587697929354446,3670.0,65680.0,26,26,0.05587697929354446,0.7222222222222222,1.0,14.72645739910314,62930.0,4460.0,24,24,14.109865470852018,0.6666666666666666,1.0,4932.761266747869,323983760.0,60280.0,20,20,5374.647644326476,0.5555555555555556,0.917783191230207,7269.894088076926,477486643.7048925,60280.0,20,20,7921.145383292842,0.5555555555555556,0.917783191230207,4107.88931181486,269806170.0,60280.0,20,20,4475.882050431321,0.5555555555555556,0.917783191230207,6054.199383974304,397639815.5394322,60280.0,20,20,6596.54637590299,0.5555555555555556,0.917783191230207,3097.364608664181,203434907.49706346,60280.0,20,20,3374.8325729439857,0.5555555555555556,0.917783191230207,2941.0663924332343,193169240.65501487,65680.0,26,26,2941.066392433235,0.7222222222222222,1.0,0.4857894836133658,189654232.2322588,397639815.5394322,20,20,0.47694980437252416,0.5555555555555556,0.9999999999999999
LT,2021,35,35,70330.0,66150.0,29,0,10,0.0,0.0,55675.0,9255.0,1220.0,4545.0,29,0,10,0.0,0.0,2765.0,890.0,105.0,4310.0,9270.0,1695.0,300493820.0,435676980.55869293,261690100.0,379416630.2990936,130454190.0,189141618.9538608,133888000.0,194120197.1243278,2009.4285714285713,915.0,0.0,22635.0,9,25,35,0.7142857142857143,False,medium,1.0,0.0,0.0,True,70330.0,0.0,,,,0.8416477702191988,,,0.049663224068253256,0.13990929705215419,,,0.09616423554835224,0.018442932728647013,,,0.0860655737704918,,0.018442932728647013,,2009.4285714285713,2009.4285714285713,2009.4285714285713,0.06462391582539456,4545.0,70330.0,25,25,0.06462391582539456,0.7142857142857143,1.0,16.317865429234338,66995.0,4310.0,22,22,15.544083526682135,0.6285714285714286,1.0,4272.626475188397,300493820.0,51090.0,13,13,5881.656292816599,0.37142857142857144,0.7264325323475046,6194.75302941409,435676980.55869293,51090.0,13,13,8527.637121916088,0.37142857142857144,0.7264325323475046,3720.88866770937,261690100.0,51090.0,13,13,5122.139361910355,0.37142857142857144,0.7264325323475046,5394.804923917156,379416630.2990936,51090.0,13,13,7426.436294756188,0.37142857142857144,0.7264325323475046,2689.3447881965135,189141618.9538608,51090.0,13,13,3702.1260315885847,0.37142857142857144,0.7264325323475046,2760.133614735217,194120197.12432778,70330.0,25,25,2760.1336147352167,0.7142857142857143,1.0,0.5116280669387189,181165608.50319767,379416630.2990936,13,13,0.47748462780976436,0.37142857142857144,1.0
LT,2022,35,35,69655.0,64280.0,32,0,6,0.0,15.0,52400.0,10670.0,1195.0,7590.0,32,0,8,85.0,0.0,4640.0,1165.0,180.0,5470.0,6965.0,1490.0,465784570.0,614807031.576891,390787270.0,515815200.6768644,160090920.0,211310184.25022867,124686000.0,164577863.83777428,1990.142857142857,1085.0,0.0,7860.0,9,29,35,0.8285714285714286,True,high,1.0,0.0,0.011198945981554678,True,69655.0,0.00023335407591785936,0.00023335407591785936,0.00023335407591785936,0.0,0.8151835718730553,0.8151835718730553,0.8151835718730553,0.08854961832061069,0.16599253266957062,0.16599253266957062,0.16599253266957062,0.10918462980318651,0.01859054138145613,0.01859054138145613,0.01859054138145613,0.1506276150627615,0.01859054138145613,0.01859054138145613,0.01859054138145613,1990.142857142857,1990.142857142857,1990.142857142857,0.10896561625152537,7590.0,69655.0,29,29,0.10896561625152537,0.8285714285714286,1.0,12.734003656307129,61795.0,5470.0,28,28,11.29707495429616,0.8,1.0,6687.022755006819,465784570.0,64970.0,25,25,7169.225334769893,0.7142857142857143,0.9327399325245854,8826.45942971633,614807031.576891,64970.0,25,25,9462.937226056501,0.7142857142857143,0.9327399325245854,5610.326179025195,390787270.0,64970.0,25,25,6014.887948283823,0.7142857142857143,0.9327399325245854,7405.286062405633,515815200.6768645,64970.0,25,25,7939.282756300823,0.7142857142857143,0.9327399325245854,3033.6685700987537,211310184.25022864,64970.0,25,25,3252.427031710461,0.7142857142857143,0.9327399325245854,2362.7573589516082,164577863.83777428,65995.0,25,25,2493.7929212481895,0.7142857142857143,0.9474553154834542,0.3190636173998197,163029575.8641308,498259687.35934395,24,24,0.3271980053777744,0.6857142857142857,0.9659654983131871
LT,2023,34,34,69260.0,63860.0,31,0,6,0.0,45.0,52130.0,10535.0,1150.0,8555.0,31,0,10,505.0,0.0,5390.0,1370.0,185.0,5695.0,10120.0,1475.0,477693905.0,607821111.0149736,460400492.0,585816849.7236332,165451505.0,210521667.82031575,141664000.0,180254277.83263266,2037.0588235294117,1217.5,0.0,7855.0,9,28,34,0.8235294117647058,True,high,1.0,0.0,0.05902980713033314,True,69260.0,0.0007046664578766051,0.0007046664578766051,0.0007046664578766051,0.0,0.8163169433134982,0.8163169433134982,0.8163169433134982,0.10339535775944754,0.164970247416223,0.164970247416223,0.164970247416223,0.13004271476032273,0.01800814281240213,0.01800814281240213,0.01800814281240213,0.1608695652173913,0.01800814281240213,0.01800814281240213,0.01800814281240213,2037.0588235294117,2037.0588235294117,2037.0588235294117,0.12352006930407161,8555.0,69260.0,28,28,0.12352006930407161,0.8235294117647058,1.0,12.161545215100967,69260.0,5695.0,28,28,12.161545215100967,0.8235294117647058,1.0,6897.110958706324,477693905.0,62980.0,23,23,7584.850825658939,0.6764705882352942,0.9093271729714121,8775.932876335166,607821111.0149735,62980.0,23,23,9651.01795831968,0.6764705882352942,0.9093271729714121,6647.4226393300605,460400492.0,62980.0,23,23,7310.26503651953,0.6764705882352942,0.9093271729714121,8458.227688761668,585816849.7236332,62980.0,23,23,9301.633053725518,0.6764705882352942,0.9093271729714121,3039.5851547836523,210521667.82031566,62980.0,23,23,3342.674941573764,0.6764705882352942,0.9093271729714121,2602.574037433333,180254277.83263266,69260.0,28,28,2602.574037433333,0.8235294117647058,1.0,0.30769732539729777,174650597.01340607,585816849.7236332,23,23,0.2981317404847604,0.6764705882352942,1.0
LU,2014,1,1,5085.0,5085.0,1,0,0,,0.0,3230.0,1285.0,570.0,0.0,0,0,1,0.0,0.0,,,,1090.0,1445.0,355.0,175773048.03,142494810.08317524,168255265.92,136400332.31188285,40560091.12,32881050.5699045,21849123.59,17712537.566678014,5085.0,5085.0,5085.0,5085.0,1,1,1,1.0,True,high,1.0,0.0,0.0,True,5085.0,0.0,0.0,0.0,,0.6352015732546706,0.6352015732546706,0.6352015732546706,,0.2527040314650934,0.2527040314650934,0.2527040314650934,,0.11209439528023599,0.11209439528023599,0.11209439528023599,,0.11209439528023599,0.11209439528023599,0.11209439528023599,5085.0,5085.0,5085.0,0.0,0.0,5085.0,1,1,0.0,1.0,1.0,4.665137614678899,5085.0,1090.0,1,1,4.665137614678899,1.0,1.0,34566.97109734514,175773048.03,5085.0,1,1,34566.97109734514,1.0,1.0,28022.578187448424,142494810.08317524,5085.0,1,1,28022.578187448424,1.0,1.0,33088.54787020649,168255265.92,5085.0,1,1,33088.54787020649,1.0,1.0,26824.05748512937,136400332.31188285,5085.0,1,1,26824.05748512937,1.0,1.0,6466.283297916322,32881050.5699045,5085.0,1,1,6466.283297916322,1.0,1.0,3483.2915568688327,17712537.566678014,5085.0,1,1,3483.2915568688327,1.0,1.0,0.12985699716755705,17712537.566678014,136400332.31188285,1,1,0.12985699716755705,1.0,1.0
LU,2015,2,2,5055.0,5060.0,2,0,0,,0.0,3045.0,1410.0,605.0,0.0,1,0,1,0.0,0.0,0.0,0.0,0.0,1135.0,1540.0,405.0,200394543.50999996,163503295.04826087,186567545.39,152221751.58081967,40603328.1,33128536.426164504,21849123.59,17826851.16225941,2527.5,2527.5,0.0,5055.0,2,2,2,1.0,True,high,1.0,0.0,0.0,True,5055.0,0.0,0.0,0.0,,0.6017786561264822,0.6017786561264822,0.6017786561264822,0.0,0.27865612648221344,0.27865612648221344,0.27865612648221344,0.0,0.11956521739130435,0.11956521739130435,0.11956521739130435,0.0,0.11956521739130435,0.11956521739130435,0.11956521739130435,2527.5,2527.5,2527.5,0.0,0.0,5055.0,1,1,0.0,0.5,1.0,4.453744493392071,5055.0,1135.0,1,1,4.453744493392071,0.5,1.0,39642.837489614234,200394543.50999996,5055.0,1,1,39642.837489614234,0.5,1.0,32344.8654892702,163503295.04826087,5055.0,1,1,32344.8654892702,0.5,1.0,36907.52628882295,186567545.39,5055.0,1,1,36907.52628882295,0.5,1.0,30113.106148530103,152221751.58081967,5055.0,1,1,30113.106148530103,0.5,1.0,6553.617492811969,33128536.426164504,5055.0,1,1,6553.617492811969,0.5,1.0,3526.5778758178853,17826851.16225941,5055.0,1,1,3526.5778758178853,0.5,1.0,0.11711106315048894,17826851.16225941,152221751.58081967,1,1,0.11711106315048894,0.5,1.0
LU,2016,2,2,5140.0,5140.0,2,0,1,0.0,0.0,3015.0,1520.0,605.0,0.0,1,0,2,0.0,0.0,,,0.0,1175.0,1660.0,485.0,221373464.66,180511154.5944535,188066873.46,153352473.93527237,50100678.22,40852824.367849834,21849123.59,17816094.3190065,2570.0,2570.0,0.0,5140.0,2,1,2,0.5,False,low,1.0,0.0,0.0,True,5140.0,0.0,,,,0.5865758754863813,,,,0.29571984435797666,,,,0.11770428015564202,,,0.0,,0.11770428015564202,,2570.0,2570.0,2570.0,0.0,0.0,5140.0,1,1,0.0,0.5,1.0,4.374468085106383,5140.0,1175.0,1,1,4.374468085106383,0.5,1.0,43068.76744357977,221373464.66,5140.0,1,1,43068.76744357977,0.5,1.0,35118.901672072665,180511154.5944535,5140.0,1,1,35118.901672072665,0.5,1.0,36588.88588715954,188066873.46,5140.0,1,1,36588.88588715954,0.5,1.0,29835.111660558825,153352473.93527237,5140.0,1,1,29835.111660558825,0.5,1.0,7948.02030502915,40852824.367849834,5140.0,1,1,7948.02030502915,0.5,1.0,3466.166209923443,17816094.3190065,5140.0,1,1,3466.166209923443,0.5,1.0,0.11617741704334283,17816094.3190065,153352473.93527237,1,1,0.11617741704334283,0.5,1.0
LU,2017,3,3,6244.0,6244.0,2,0,1,0.0,0.0,3047.0,2506.0,691.0,3309.0,2,0,1,0.0,0.0,838.0,1896.0,575.0,1224.3,1741.4499999999998,517.15,230345989.83,186510440.90426955,207648427.37000167,168132294.25196284,58194035.989999995,47119532.310956,146828337.0,118886453.77035376,3122.0,3122.0,0.0,6244.0,2,1,2,0.3333333333333333,False,low,0.6666666666666666,0.0,0.0,True,6244.0,0.0,,,,0.48798846893017295,,,0.27502461437479486,0.4013452914798206,,,0.75658419792498,0.1106662395900064,,,0.8321273516642547,,0.1106662395900064,,3122.0,2081.3333333333335,2081.3333333333335,0.5299487508007688,3309.0,6244.0,1,1,0.5299487508007688,0.3333333333333333,1.0,5.100057175528874,6244.0,1224.3,1,1,5.100057175528874,0.3333333333333333,1.0,36890.77351537476,230345989.83,6244.0,1,1,36890.77351537476,0.3333333333333333,1.0,29870.34607691697,186510440.90426955,6244.0,1,1,29870.34607691697,0.3333333333333333,1.0,33255.6738260733,207648427.37000167,6244.0,1,1,33255.6738260733,0.3333333333333333,1.0,26927.01701665004,168132294.25196284,6244.0,1,1,26927.01701665004,0.3333333333333333,1.0,7546.369684650224,47119532.310956,6244.0,1,1,7546.369684650224,0.3333333333333333,1.0,19040.111109922127,118886453.77035376,6244.0,1,1,19040.111109922127,0.3333333333333333,1.0,0.7071006453536564,118886453.77035376,168132294.25196284,1,1,0.7071006453536564,0.3333333333333333,1.0
LU,2018,3,3,6283.0,6283.0,2,0,1,0.0,0.0,2940.0,2524.0,819.0,3421.0,2,0,1,0.0,0.0,833.0,1891.0,697.0,1201.55,1788.88,587.33,249943671.14,199672201.0752774,215145742.3300025,171873221.38252434,57007397.32000001,45541431.189435765,145870135.0,116531099.96245316,3141.5,3141.5,0.0,6283.0,2,1,2,0.3333333333333333,False,low,0.6666666666666666,0.0,0.0,True,6283.0,0.0,,,,0.4679293331211205,,,0.2833333333333333,0.4017189240808531,,,0.7492076069730587,0.13035174279802642,,,0.851037851037851,,0.13035174279802642,,3141.5,2094.3333333333335,2094.3333333333335,0.5444851185739297,3421.0,6283.0,1,1,0.5444851185739297,0.3333333333333333,1.0,5.2290791061545505,6283.0,1201.55,1,1,5.2290791061545505,0.3333333333333333,1.0,39780.94399809008,249943671.14,6283.0,1,1,39780.94399809008,0.3333333333333333,1.0,31779.7550652996,199672201.0752774,6283.0,1,1,31779.7550652996,0.3333333333333333,1.0,34242.518276301525,215145742.3300025,6283.0,1,1,34242.518276301525,0.3333333333333333,1.0,27355.279545205212,171873221.38252434,6283.0,1,1,27355.279545205212,0.3333333333333333,1.0,7248.357661855127,45541431.189435765,6283.0,1,1,7248.357661855127,0.3333333333333333,1.0,18547.047582755557,116531099.96245316,6283.0,1,1,18547.047582755557,0.3333333333333333,1.0,0.6780061432787094,116531099.96245316,171873221.38252434,1,1,0.6780061432787094,0.3333333333333333,1.0
LU,2019,3,3,6615.0,6615.0,2,0,1,0.0,0.0,3056.0,2661.0,898.0,3536.0,2,0,1,0.0,0.0,864.0,1892.0,780.0,1291.65,1932.25,640.6,276124133.73,216518700.63279724,233620241.90999112,183189895.56100267,66216311.03000003,51922551.75685533,161264757.0,126453400.40304558,3307.5,3307.5,0.0,6615.0,2,1,2,0.3333333333333333,False,low,0.6666666666666666,0.0,0.0,True,6615.0,0.0,,,,0.4619803476946334,,,0.28272251308900526,0.40226757369614513,,,0.711010898158587,0.13575207860922148,,,0.8685968819599109,,0.13575207860922148,,3307.5,2205.0,2205.0,0.5345427059712774,3536.0,6615.0,1,1,0.5345427059712774,0.3333333333333333,1.0,5.121356404598768,6615.0,1291.65,1,1,5.121356404598768,0.3333333333333333,1.0,41742.12150113379,276124133.73,6615.0,1,1,41742.12150113379,0.3333333333333333,1.0,32731.474018563455,216518700.63279724,6615.0,1,1,32731.474018563455,0.3333333333333333,1.0,35316.74102947712,233620241.90999112,6615.0,1,1,35316.74102947712,0.3333333333333333,1.0,27693.105904913482,183189895.56100267,6615.0,1,1,27693.105904913482,0.3333333333333333,1.0,7849.214173371932,51922551.75685533,6615.0,1,1,7849.214173371932,0.3333333333333333,1.0,19116.160302803564,126453400.40304558,6615.0,1,1,19116.160302803564,0.3333333333333333,1.0,0.6902858916742834,126453400.40304558,183189895.56100267,1,1,0.6902858916742834,0.3333333333333333,1.0
LU,2020,3,3,6785.0,6785.0,2,0,1,0.0,0.0,3085.0,2768.0,932.0,3679.0,2,0,1,0.0,0.0,845.0,2019.0,815.0,1370.25,2109.25,739.0,297311807.91,226600973.9796502,244316251.799985,186209558.9344804,61073181.77,46547907.297740184,171245357.0,130517401.77584696,3392.5,3392.5,0.0,6785.0,2,1,2,0.3333333333333333,False,low,0.6666666666666666,0.0,0.0,True,6785.0,0.0,,,,0.4546794399410464,,,0.2739059967585089,0.40795873249815773,,,0.729407514450867,0.13736182756079587,,,0.8744635193133047,,0.13736182756079587,,3392.5,2261.6666666666665,2261.6666666666665,0.5422254974207812,3679.0,6785.0,1,1,0.5422254974207812,0.3333333333333333,1.0,4.95165115854771,6785.0,1370.25,1,1,4.95165115854771,0.3333333333333333,1.0,43818.98421665439,297311807.91,6785.0,1,1,43818.98421665439,0.3333333333333333,1.0,33397.34325418573,226600973.9796502,6785.0,1,1,33397.34325418573,0.3333333333333333,1.0,36008.29061164112,244316251.799985,6785.0,1,1,36008.29061164112,0.3333333333333333,1.0,27444.297558508533,186209558.9344804,6785.0,1,1,27444.297558508533,0.3333333333333333,1.0,6860.413750588089,46547907.297740184,6785.0,1,1,6860.413750588089,0.3333333333333333,1.0,19236.168279417387,130517401.77584696,6785.0,1,1,19236.168279417387,0.3333333333333333,1.0,0.7009167656198076,130517401.77584696,186209558.9344804,1,1,0.7009167656198076,0.3333333333333333,1.0
LU,2021,3,3,6859.0,6859.0,2,0,1,0.0,0.0,3065.0,2765.0,1029.0,3777.0,2,0,1,0.0,0.0,853.0,2019.0,905.0,1487.4,2271.875,784.475,320645733.4599999,245147620.70995504,263503347.96999305,201459779.63561323,74926193.4899999,57284336.40679824,188118475.0,143824762.80037004,3429.5,3429.5,0.0,6859.0,2,1,2,0.3333333333333333,False,low,0.6666666666666666,0.0,0.0,True,6859.0,0.0,,,,0.44685814258638284,,,0.27830342577487766,0.4031199883364922,,,0.7301989150090415,0.15002186907712495,,,0.8794946550048591,,0.15002186907712495,,3429.5,2286.3333333333335,2286.3333333333335,0.5506633620061233,3777.0,6859.0,1,1,0.5506633620061233,0.3333333333333333,1.0,4.611402447223343,6859.0,1487.4,1,1,4.611402447223343,0.3333333333333333,1.0,46748.17516547601,320645733.4599999,6859.0,1,1,46748.17516547601,0.3333333333333333,1.0,35741.01482868567,245147620.70995504,6859.0,1,1,35741.01482868567,0.3333333333333333,1.0,38417.16692958056,263503347.96999305,6859.0,1,1,38417.16692958056,0.3333333333333333,1.0,29371.59638950477,201459779.63561323,6859.0,1,1,29371.59638950477,0.3333333333333333,1.0,8351.703806210562,57284336.40679824,6859.0,1,1,8351.703806210562,0.3333333333333333,1.0,20968.7655343884,143824762.80037004,6859.0,1,1,20968.7655343884,0.3333333333333333,1.0,0.7139130354481202,143824762.80037004,201459779.63561323,1,1,0.7139130354481202,0.3333333333333333,1.0
LU,2022,3,3,7132.0,7132.0,2,0,1,0.0,0.0,3051.0,3071.0,1010.0,4099.0,2,0,1,0.0,0.0,859.0,2349.0,891.0,1511.25,2319.65,808.4,327355992.65,252706494.24888065,291959506.65,225381740.50486332,77171031.54000002,59573129.18017602,212102916.0,163735460.86150995,3566.0,3566.0,0.0,7132.0,2,1,2,0.3333333333333333,False,low,0.6666666666666666,0.0,0.0,True,7132.0,0.0,,,,0.4277902411665732,,,0.28154703375942314,0.43059450364554125,,,0.7648974275480299,0.1416152551878856,,,0.8821782178217822,,0.1416152551878856,,3566.0,2377.3333333333335,2377.3333333333335,0.5747335950644981,4099.0,7132.0,1,1,0.5747335950644981,0.3333333333333333,1.0,4.719272125723738,7132.0,1511.25,1,1,4.719272125723738,0.3333333333333333,1.0,45899.60637268648,327355992.65,7132.0,1,1,45899.60637268648,0.3333333333333333,1.0,35432.76700068433,252706494.24888065,7132.0,1,1,35432.76700068433,0.3333333333333333,1.0,40936.55449383062,291959506.65,7132.0,1,1,40936.55449383062,0.3333333333333333,1.0,31601.47791711488,225381740.50486332,7132.0,1,1,31601.47791711488,0.3333333333333333,1.0,8352.934545734159,59573129.18017602,7132.0,1,1,8352.934545734159,0.3333333333333333,1.0,22957.860468523548,163735460.86150995,7132.0,1,1,22957.860468523548,0.3333333333333333,1.0,0.7264805946335162,163735460.86150995,225381740.50486332,1,1,0.7264805946335162,0.3333333333333333,1.0
LU,2023,3,3,7535.0,7535.0,2,0,1,0.0,0.0,3277.0,3201.0,1057.0,4253.0,2,0,1,0.0,0.0,942.0,2391.0,920.0,1576.8,2413.25,836.45,354648640.64,274338722.8986494,319627302.79,247247940.64545077,96508531.0,74654246.79363213,249873417.0,193289769.791296,3767.5,3767.5,0.0,7535.0,2,1,2,0.3333333333333333,False,low,0.6666666666666666,0.0,0.0,True,7535.0,0.0,,,,0.4349037823490378,,,0.2874580408910589,0.4248175182481752,,,0.746954076850984,0.140278699402787,,,0.8703878902554399,,0.140278699402787,,3767.5,2511.6666666666665,2511.6666666666665,0.5644326476443264,4253.0,7535.0,1,1,0.5644326476443264,0.3333333333333333,1.0,4.7786656519533235,7535.0,1576.8,1,1,4.7786656519533235,0.3333333333333333,1.0,47066.84016456536,354648640.64,7535.0,1,1,47066.84016456536,0.3333333333333333,1.0,36408.58963485725,274338722.8986494,7535.0,1,1,36408.58963485725,0.3333333333333333,1.0,42419.01828666225,319627302.79,7535.0,1,1,42419.01828666225,0.3333333333333333,1.0,32813.26352295299,247247940.64545077,7535.0,1,1,32813.26352295299,0.3333333333333333,1.0,9907.663808046733,74654246.79363213,7535.0,1,1,9907.663808046733,0.3333333333333333,1.0,25652.258764604645,193289769.791296,7535.0,1,1,25652.258764604645,0.3333333333333333,1.0,0.7817649331545704,193289769.791296,247247940.64545077,1,1,0.7817649331545704,0.3333333333333333,1.0
LV,2014,45,45,83065.0,78385.0,44,0,0,,14900.0,49185.0,12095.0,2205.0,,0,0,0,,,,,,,,,217157918.0,312822921.168329,204845420.0,295086374.2963001,35172490.0,50667095.94519063,49294512.0,71010319.97095889,1887.840909090909,852.5,210.0,14455.0,10,44,44,0.9777777777777777,True,high,0.9777777777777777,0.0,0.0,True,83065.0,0.19008738916884607,0.19008738916884607,0.19008738916884607,,0.6274797474006506,0.6274797474006506,0.6274797474006506,,0.1543024813420935,0.1543024813420935,0.1543024813420935,,0.02813038208840977,0.02813038208840977,0.02813038208840977,,0.02813038208840977,0.02813038208840977,0.02813038208840977,1887.840909090909,1845.888888888889,1845.888888888889,,,,0,0,,0.0,,,,,0,0,,0.0,,2614.3131041955094,217157918.0,62845.0,29,29,3455.4525897048293,0.6444444444444445,0.7565761752844158,3766.001579104665,312822921.16832906,62845.0,29,29,4977.689890497718,0.6444444444444445,0.7565761752844158,2466.085836393186,204845420.0,62845.0,29,29,3259.534091813191,0.6444444444444445,0.7565761752844158,3552.4754625449964,295086374.29630005,62845.0,29,29,4695.4630327997465,0.6444444444444445,0.7565761752844158,609.9692523348057,50667095.945190646,62845.0,29,29,806.223183152051,0.6444444444444445,0.7565761752844158,854.8765421171238,71010319.97095887,83065.0,44,44,854.8765421171237,0.9777777777777777,1.0,0.2406424903227029,68951811.32488605,295086374.29630005,29,29,0.23366653743100535,0.6444444444444445,0.9999999999999998
LV,2015,44,44,81750.0,76800.0,43,0,0,,13860.0,48325.0,12310.0,2305.0,,0,0,0,,,,,,,,,228655001.0,330425824.5291554,221928194.0,320705019.2124,29540619.0,42688694.09148253,56454673.0,81581779.50609899,1901.1627906976744,825.0,140.0,14795.0,9,43,43,0.9772727272727273,True,high,0.9772727272727273,0.0,0.0,True,81750.0,0.18046875,0.18046875,0.18046875,,0.6292317708333334,0.6292317708333334,0.6292317708333334,,0.16028645833333333,0.16028645833333333,0.16028645833333333,,0.030013020833333334,0.030013020833333334,0.030013020833333334,,0.030013020833333334,0.030013020833333334,0.030013020833333334,1901.1627906976744,1857.9545454545455,1857.9545454545455,,,,0,0,,0.0,,,,,0,0,,0.0,,2797.0030703363914,228655001.0,62845.0,28,28,3638.396069695282,0.6363636363636364,0.7687461773700306,4041.906110448384,330425824.5291553,62845.0,28,28,5257.790190614294,0.6363636363636364,0.7687461773700306,2714.7179694189604,221928194.0,62845.0,28,28,3531.358007796961,0.6363636363636364,0.7687461773700306,3922.997176910092,320705019.2124,62845.0,28,28,5103.111133939056,0.6363636363636364,0.7687461773700306,522.1858604462694,42688694.09148252,62845.0,28,28,679.2695376160796,0.6363636363636364,0.7687461773700306,997.9422569553393,81581779.50609899,81750.0,43,43,997.9422569553393,0.9772727272727273,1.0,0.25438260899829607,79628435.50804119,320705019.2124,28,28,0.24829182812166714,0.6363636363636364,1.0
LV,2016,44,44,80510.0,75190.0,43,0,0,,13350.0,47210.0,12335.0,2295.0,,0,0,0,,,,,,,,,211529805.0,303257233.4221234,207105979.0,296915066.9652457,15654352.0,22442678.839211732,38190852.0,54751868.747544914,1872.3255813953488,790.0,110.0,15000.0,9,43,43,0.9772727272727273,True,high,0.9772727272727273,0.0,0.0,True,80510.0,0.1775502061444341,0.1775502061444341,0.1775502061444341,,0.6278760473467216,0.6278760473467216,0.6278760473467216,,0.16405107062109323,0.16405107062109323,0.16405107062109323,,0.03052267588775103,0.03052267588775103,0.03052267588775103,,0.03052267588775103,0.03052267588775103,0.03052267588775103,1872.3255813953488,1829.7727272727273,1829.7727272727273,,,,0,0,,0.0,,,,,0,0,,0.0,,2627.3730592472984,211529805.0,59150.0,27,27,3576.1590025359255,0.6136363636363636,0.734691342690349,3766.702688139652,303257233.4221233,59150.0,27,27,5126.918570111975,0.6136363636363636,0.734691342690349,2572.4255247795304,207105979.0,59150.0,27,27,3501.3690448013526,0.6136363636363636,0.734691342690349,3687.927797357418,296915066.9652458,59150.0,27,27,5019.696821052338,0.6136363636363636,0.734691342690349,278.7564133550085,22442678.83921173,59150.0,27,27,379.4197605952955,0.6136363636363636,0.734691342690349,680.0629579871434,54751868.7475449,65125.0,33,33,840.7196736667163,0.75,0.8089057259967706,0.18440245995988372,54058177.04286292,296915066.9652458,27,27,0.18206612953457996,0.6136363636363636,1.0
LV,2017,42,42,79343.0,73595.0,41,0,0,,13646.0,45276.0,12477.0,2196.0,,0,0,0,,,,,,,,,286269697.0,405814545.9442601,230822077.0,327212266.4511921,23642073.0,33514889.002296504,52686370.0,74687944.77049133,1935.1951219512196,768.0,108.0,15500.0,9,41,41,0.9761904761904762,True,high,0.9761904761904762,0.0,0.0,True,79343.0,0.18542020517698213,0.18542020517698213,0.18542020517698213,,0.6152048372851416,0.6152048372851416,0.6152048372851416,,0.16953597391127115,0.16953597391127115,0.16953597391127115,,0.02983898362660507,0.02983898362660507,0.02983898362660507,,0.02983898362660507,0.02983898362660507,0.02983898362660507,1935.1951219512196,1889.1190476190477,1889.1190476190477,,,,0,0,,0.0,,,,,0,0,,0.0,,3608.001928336463,286269697.0,62094.0,28,28,4610.263423197088,0.6666666666666666,0.7826021199097589,5114.686184594231,405814545.9442602,62094.0,28,28,6535.487260351406,0.6666666666666666,0.7826021199097589,2909.1675005986667,230822077.0,62094.0,28,28,3717.3008181144714,0.6666666666666666,0.7826021199097589,4124.021860166518,327212266.4511921,62094.0,28,28,5269.627765181694,0.6666666666666666,0.7826021199097589,422.4051145317987,33514889.002296507,62094.0,28,28,539.7444036830693,0.6666666666666666,0.7826021199097589,941.3299821092136,74687944.77049132,65140.0,32,32,1146.575756378436,0.7619047619047619,0.8209924000857038,0.2282553327860403,74687944.77049133,327212266.4511921,28,28,0.2282553327860403,0.6666666666666666,1.0
LV,2018,41,41,77957.0,72042.0,41,0,1,0.0,13288.0,44420.0,12208.0,2126.0,,0,0,0,,,,,,,,,360980788.0,499649518.0409374,259523193.0,359217561.1930217,40981858.0,56724807.1886921,82380483.0,114026480.06555307,1901.3902439024391,742.0,0.0,15200.0,9,40,41,0.975609756097561,True,high,1.0,0.0,0.0,True,77957.0,0.1844479609116904,0.1844479609116904,0.1844479609116904,,0.6165847699952806,0.6165847699952806,0.6165847699952806,,0.16945670581049943,0.16945670581049943,0.16945670581049943,,0.029510563282529635,0.029510563282529635,0.029510563282529635,,0.029510563282529635,0.029510563282529635,0.029510563282529635,1901.3902439024391,1901.3902439024391,1901.3902439024391,,,,0,0,,0.0,,,,,0,0,,0.0,,4630.511538412202,360980788.0,60686.0,27,27,5948.337145305342,0.6585365853658537,0.7784547891786497,6409.296381863558,499649518.0409374,60686.0,27,27,8233.357249463425,0.6585365853658537,0.7784547891786497,3329.055671716459,259523193.0,60686.0,27,27,4276.491991563128,0.6585365853658537,0.7784547891786497,4607.893597663093,359217561.1930218,60686.0,27,27,5919.2822264282,0.6585365853658537,0.7784547891786497,727.6422539180843,56724807.188692085,60686.0,27,27,934.7264144727299,0.6585365853658537,0.7784547891786497,1462.6843011602944,114026480.06555307,63872.0,31,31,1785.234219463193,0.7560975609756098,0.8193234731967624,0.31743013812256843,114026480.06555307,359217561.1930218,27,27,0.31743013812256843,0.6585365853658537,1.0
LV,2019,41,41,77048.0,70896.0,40,0,0,,12526.0,43968.0,12350.0,2052.0,,0,0,0,,,,,,,,,382127015.0,517983106.07939863,292001194.0,395815211.9839344,39993195.0,54211815.84908116,85839510.0,116357688.06906675,1926.2,703.0,149.0,15250.0,9,40,40,0.975609756097561,True,high,0.975609756097561,0.0,0.0,True,77048.0,0.1766813360415256,0.1766813360415256,0.1766813360415256,,0.6201760324983073,0.6201760324983073,0.6201760324983073,,0.17419882645001128,0.17419882645001128,0.17419882645001128,,0.02894380501015572,0.02894380501015572,0.02894380501015572,,0.02894380501015572,0.02894380501015572,0.02894380501015572,1926.2,1879.219512195122,1879.219512195122,,,,0,0,,0.0,,,,,0,0,,0.0,,4959.5968097809155,382127015.0,60378.0,27,27,6328.911441253436,0.6585365853658537,0.7836413664209324,6722.862450412712,517983106.0793986,60378.0,27,27,8579.004042522087,0.6585365853658537,0.7836413664209324,3789.860788080158,292001194.0,60378.0,27,27,4836.218390804598,0.6585365853658537,0.7836413664209324,5137.2548539084,395815211.9839342,60378.0,27,27,6555.619795023588,0.6585365853658537,0.7836413664209324,703.6109418684607,54211815.849081166,60378.0,27,27,897.8736600927683,0.6585365853658537,0.7836413664209324,1510.1973843456904,116357688.06906675,62987.0,31,31,1847.3286244632504,0.7560975609756098,0.8175033745197798,0.2939697226032575,116357688.06906675,395815211.9839342,27,27,0.2939697226032576,0.6585365853658537,0.9999999999999996
LV,2020,41,41,76233.0,69811.0,40,0,0,,12916.0,43227.0,11629.0,2039.0,0.0,20,0,25,0.0,0.0,0.0,0.0,0.0,,,,387595795.0,527189874.74344105,306901280.0,417432927.4181153,30520327.0,41512337.27460552,84913306.0,115495151.73195177,1905.825,668.5,150.0,15260.0,9,40,40,0.975609756097561,True,high,0.975609756097561,0.0,0.0,True,76233.0,0.18501382303648423,0.18501382303648423,0.18501382303648423,0.0,0.619200412542436,0.619200412542436,0.619200412542436,0.0,0.16657833292747562,0.16657833292747562,0.16657833292747562,0.0,0.02920743149360416,0.02920743149360416,0.02920743149360416,0.0,0.02920743149360416,0.02920743149360416,0.02920743149360416,1905.825,1859.341463414634,1859.341463414634,0.0,0.0,14966.0,25,25,0.0,0.6097560975609756,0.19631917935802082,,,,0,0,,0.0,,5084.35710256713,387595795.0,59997.0,27,27,6460.252929313132,0.6585365853658537,0.7870213686985951,6915.507388446487,527189874.74344105,59997.0,27,27,8786.937259253647,0.6585365853658537,0.7870213686985951,4025.832382301628,306901280.0,59997.0,27,27,5115.277097188193,0.6585365853658537,0.7870213686985951,5475.751018825382,417432927.41811544,59997.0,27,27,6957.563335135347,0.6585365853658537,0.7870213686985951,544.5455022707426,41512337.27460552,59997.0,27,27,691.9068832542547,0.6585365853658537,0.7870213686985951,1515.028291316776,115495151.73195179,76233.0,40,40,1515.028291316776,0.975609756097561,1.0,0.27667954333719297,112691718.43185155,417432927.41811544,27,27,0.2699636541105335,0.6585365853658537,1.0
LV,2021,41,41,75019.0,68550.0,40,0,0,,13121.0,42572.0,10825.0,2032.0,,0,0,0,,,,,,5039.0,5039.0,,403341443.0,554355695.4092026,309841953.0,425849250.81021345,19311842.0,26542349.632895634,91186448.0,125327381.23053499,1875.475,660.0,162.0,15590.0,9,40,40,0.975609756097561,True,high,0.975609756097561,0.0,0.0,True,75019.0,0.1914077315827863,0.1914077315827863,0.1914077315827863,,0.6210357403355216,0.6210357403355216,0.6210357403355216,,0.15791393143690738,0.15791393143690738,0.15791393143690738,,0.02964259664478483,0.02964259664478483,0.02964259664478483,,0.02964259664478483,0.02964259664478483,0.02964259664478483,1875.475,1829.7317073170732,1829.7317073170732,,,,0,0,,0.0,,14.887676126215519,75019.0,5039.0,40,40,14.887676126215519,0.975609756097561,1.0,5376.523853956997,403341443.0,59145.0,27,27,6819.535768027728,0.6585365853658537,0.7884002719311107,7389.537256017843,554355695.4092027,59145.0,27,27,9372.824336954987,0.6585365853658537,0.7884002719311107,4130.1797278022905,309841953.0,59145.0,27,27,5238.683794065432,0.6585365853658537,0.7884002719311107,5676.551950975266,425849250.8102135,59145.0,27,27,7200.088778598589,0.6585365853658537,0.7884002719311107,353.8083636531496,26542349.632895634,59145.0,27,27,448.7674297556114,0.6585365853658537,0.7884002719311107,1670.6085289131418,125327381.23053496,75019.0,40,40,1670.6085289131415,0.975609756097561,1.0,0.2942998748784676,122546483.85208072,425849250.81021357,26,26,0.28776963589562704,0.6341463414634146,1.0
LV,2022,40,40,73040.0,67575.0,39,0,0,,11946.0,42021.0,10331.0,3277.0,,0,0,0,,,,,,,,,433062671.0,564490072.0174667,375083031.0,488914564.47355556,35288726.0,45998274.187766805,114144707.0,148785749.01424053,1872.820512820513,648.0,221.0,15250.0,8,39,39,0.975,True,high,0.975,0.0,0.0,True,73040.0,0.17678135405105438,0.17678135405105438,0.17678135405105438,,0.621842397336293,0.621842397336293,0.621842397336293,,0.152881982981872,0.152881982981872,0.152881982981872,,0.04849426563078062,0.04849426563078062,0.04849426563078062,,0.04849426563078062,0.04849426563078062,0.04849426563078062,1872.820512820513,1826.0,1826.0,,,,0,0,,0.0,,,,,0,0,,0.0,,5929.1165251916755,433062671.0,57383.0,25,25,7546.880975201715,0.625,0.7856380065717415,7728.505914806498,564490072.0174667,57383.0,25,25,9837.235279045479,0.625,0.7856380065717415,5135.309843921139,375083031.0,57383.0,25,25,6536.483470714323,0.625,0.7856380065717415,6693.791956100158,488914564.47355556,57383.0,25,25,8520.198743069473,0.625,0.7856380065717415,629.7682665356901,45998274.187766805,57383.0,25,25,801.6010697901261,0.625,0.7856380065717415,2037.044756492888,148785749.0142405,72210.0,37,37,2060.459064038783,0.925,0.9886363636363636,0.30431850434737473,146480207.253886,487372635.9696288,24,24,0.30055074175935903,0.6,0.9968462209638057
LV,2023,42,42,57518.0,51930.0,34,0,11,0.0,8273.0,32208.0,8376.0,3073.0,,0,0,0,,,,,,,,,453210405.0,576643185.4096845,393846966.0,501111992.4269606,52833920.0,67223346.13319488,118417812.16,150669145.41202578,1554.5405405405406,413.0,0.0,15075.0,9,26,37,0.6190476190476191,False,medium,0.8809523809523809,0.0,0.0,True,57518.0,0.1593106104371269,,,,0.6202195262853841,,,,0.1612940496822646,,,,0.05917581359522434,,,,,0.05917581359522434,,1554.5405405405406,1369.4761904761904,1369.4761904761904,,,,0,0,,0.0,,,,,0,0,,0.0,,7879.453475433777,453210405.0,54936.0,24,24,8249.788936216688,0.5714285714285714,0.9551097047880663,10025.438739345675,576643185.4096845,54936.0,24,24,10496.6358200394,0.5714285714285714,0.9551097047880663,6847.368927987761,393846966.0,54936.0,24,24,7169.19626474443,0.5714285714285714,0.9551097047880663,8712.263855262016,501111992.4269606,54936.0,24,24,9121.741525174031,0.5714285714285714,0.9551097047880663,1168.735806759534,67223346.13319488,54936.0,24,24,1223.6665598732138,0.5714285714285714,0.9551097047880663,2619.5129422446153,150669145.41202575,57518.0,26,26,2619.512942244615,0.6190476190476191,1.0,0.3006696061738864,147758216.41690394,501111992.4269606,24,24,0.2948606671759914,0.5714285714285714,1.0
ME,2014,10,10,,,0,0,0,,,,,,,0,0,0,,,,,,,,,,,,,,,,,,,,,5,0,0,0.0,False,no_complete_records,0.0,0.0,0.0,True,,,,,,,,,,,,,,,,,,,,,,,,,,,0,0,,0.0,,,,,0,0,,0.0,,,,,0,0,,0.0,,,,,0,0,,0.0,,,,,0,0,,0.0,,,,,0,0,,0.0,,,,,0,0,,0.0,,,,,0,0,,0.0,,,,,0,0,,0.0,
ME,2015,10,10,,,0,0,0,,,,,,,0,0,0,,,,,,,,,,,,,,,,,,,,,5,0,0,0.0,False,no_complete_records,0.0,0.0,0.0,True,,,,,,,,,,,,,,,,,,,,,,,,,,,0,0,,0.0,,,,,0,0,,0.0,,,,,0,0,,0.0,,,,,0,0,,0.0,,,,,0,0,,0.0,,,,,0,0,,0.0,,,,,0,0,,0.0,,,,,0,0,,0.0,,,,,0,0,,0.0,
ME,2016,10,10,,,0,0,0,,,,,,,0,0,0,,,,,,,,,,,,,,,,,,,,,5,0,0,0.0,False,no_complete_records,0.0,0.0,0.0,True,,,,,,,,,,,,,,,,,,,,,,,,,,,0,0,,0.0,,,,,0,0,,0.0,,,,,0,0,,0.0,,,,,0,0,,0.0,,,,,0,0,,0.0,,,,,0,0,,0.0,,,,,0,0,,0.0,,,,,0,0,,0.0,,,,,0,0,,0.0,
ME,2022,7,7,7591.0,7531.0,4,0,1,0.0,0.0,5283.0,2146.0,102.0,107.0,4,0,1,0.0,0.0,76.0,26.0,4.0,,,,38191094.18,69373142.30078273,21770857.0,39546202.93287945,17218150.47,31276328.378596842,,,1518.2,135.0,0.0,6438.0,3,3,5,0.42857142857142855,False,low,0.7142857142857143,0.0,0.0,True,7591.0,0.0,,,,0.7015004647457177,,,0.014385765663448798,0.28495551719559153,,,0.012115563839701771,0.013544018058690745,,,0.0392156862745098,,0.013544018058690745,,1518.2,1084.4285714285713,1084.4285714285713,0.014095639573178765,107.0,7591.0,4,4,0.014095639573178765,0.5714285714285714,1.0,,,,0,0,,0.0,,5031.101854828086,38191094.18,7563.0,3,3,5049.728174005025,0.42857142857142855,0.9963114214201028,9138.86738252967,69373142.30078273,7563.0,3,3,9172.701613219982,0.42857142857142855,0.9963114214201028,2867.982742721644,21770857.0,7591.0,4,4,2867.982742721644,0.5714285714285714,1.0,5209.617037660315,39546202.93287945,7591.0,4,4,5209.617037660315,0.5714285714285714,1.0,4120.185532683025,31276328.378596842,6601.0,3,3,4738.119736191008,0.42857142857142855,0.8695824002107759,,,,0,0,,0.0,,,,,0,0,,0.0,
MK,2014,13,13,55283.0,55283.0,8,0,1,0.0,0.0,38180.0,16719.0,384.0,1816.0,7,0,4,4.0,0.0,1379.0,350.0,87.0,,,,,,,,,,,,5528.3,2423.5,0.0,27193.0,6,5,10,0.38461538461538464,False,low,0.7692307692307693,0.0,0.0022026431718061676,True,55283.0,0.0,,,,0.6906282220574137,,,0.03611838658983761,0.3024257004865872,,,0.02093426640349303,0.006946077455999132,,,0.2265625,,0.006946077455999132,,5528.3,4252.538461538462,4252.538461538462,0.032849157968995894,1816.0,55283.0,9,9,0.032849157968995894,0.6923076923076923,1.0,,,,0,0,,0.0,,,,,0,0,,0.0,,,,,0,0,,0.0,,,,,0,0,,0.0,,,,,0,0,,0.0,,,,,0,0,,0.0,,,,,0,0,,0.0,,,,,0,0,,0.0,
MK,2015,14,14,49635.0,49635.0,0,0,0,,,,49635.0,,,0,0,0,,,,,,,,,,,,,,,,,5515.0,1985.0,513.0,28929.0,7,0,9,0.0,False,no_complete_records,0.6428571428571429,0.0,0.0,True,49635.0,,,,,,,,,,,,,,,,,,,,5515.0,3545.3571428571427,3545.3571428571427,,,,0,0,,0.0,,,,,0,0,,0.0,,,,,0,0,,0.0,,,,,0,0,,0.0,,,,,0,0,,0.0,,,,,0,0,,0.0,,,,,0,0,,0.0,,,,,0,0,,0.0,,,,,0,0,,0.0,
MK,2016,16,16,48822.0,48822.0,0,0,0,,,,48822.0,,,0,0,0,,,,,,,,,,,,,,,,,3254.8,708.0,129.0,25250.0,8,0,15,0.0,False,no_complete_records,0.9375,0.0,0.0,True,48822.0,,,,,,,,,,,,,,,,,,,,3254.8,3051.375,3051.375,,,,0,0,,0.0,,,,,0,0,,0.0,,,,,0,0,,0.0,,,,,0,0,,0.0,,,,,0,0,,0.0,,,,,0,0,,0.0,,,,,0,0,,0.0,,,,,0,0,,0.0,,,,,0,0,,0.0,
MK,2017,17,17,59299.0,59299.0,12,0,6,1642.0,0.0,56375.0,2531.0,393.0,3048.0,12,0,6,58.0,0.0,2468.0,436.0,144.0,3698.5,,,,,,,,,,,3488.176470588235,731.0,0.0,26830.0,8,7,17,0.4117647058823529,False,low,1.0,0.02769018027285452,0.019028871391076115,True,59299.0,0.0,,,,0.9506905681377427,,,0.043778270509977825,0.042682001382822646,,,0.17226392730146187,0.006627430479434729,,,0.366412213740458,,0.006627430479434729,,3488.176470588235,3488.176470588235,3488.176470588235,0.05140052951989072,3048.0,59299.0,16,16,0.05140052951989072,0.9411764705882353,1.0,16.03325672569961,57971.0,3698.5,15,15,15.674192240097337,0.8823529411764706,1.0,,,,0,0,,0.0,,,,,0,0,,0.0,,,,,0,0,,0.0,,,,,0,0,,0.0,,,,,0,0,,0.0,,,,,0,0,,0.0,,,,,0,0,,0.0,
MK,2018,17,17,55941.0,55941.0,12,0,4,1481.0,0.0,53044.0,2468.0,429.0,2860.0,12,0,4,18.0,0.0,2340.0,364.0,156.0,3858.0,,,,,,,,,,,3290.6470588235293,861.0,0.0,26369.0,8,10,17,0.5882352941176471,False,medium,1.0,0.026474321159793354,0.006293706293706294,True,55941.0,0.0,,,,0.9482132961513022,,,0.044114320187014555,0.044117909940830514,,,0.14748784440842788,0.007668793907867217,,,0.36363636363636365,,0.007668793907867217,,3290.6470588235293,3290.6470588235293,3290.6470588235293,0.051125292719114784,2860.0,55941.0,15,15,0.051125292719114784,0.8823529411764706,1.0,14.5,54830.0,3858.0,15,15,14.212026956972524,0.8823529411764706,1.0,,,,0,0,,0.0,,,,,0,0,,0.0,,,,,0,0,,0.0,,,,,0,0,,0.0,,,,,0,0,,0.0,,,,,0,0,,0.0,,,,,0,0,,0.0,
MK,2019,17,17,55290.0,55290.0,13,0,1,0.0,0.0,51011.0,3826.0,453.0,3632.0,13,0,2,3.0,0.0,2604.0,739.0,289.0,3952.0,,,,,,,,,,,3252.3529411764707,724.0,0.0,25154.0,8,13,17,0.7647058823529411,False,medium,1.0,0.0,0.0008259911894273128,True,55290.0,0.0,,,,0.922608066558148,,,0.05104781321675717,0.06919877012117924,,,0.1931521170935703,0.008193163320672816,,,0.6379690949227373,,0.008193163320672816,,3252.3529411764707,3252.3529411764707,3252.3529411764707,0.06568999819135468,3632.0,55290.0,16,16,0.06568999819135468,0.9411764705882353,1.0,13.990384615384615,53825.0,3952.0,15,15,13.619686234817813,0.8823529411764706,1.0,,,,0,0,,0.0,,,,,0,0,,0.0,,,,,0,0,,0.0,,,,,0,0,,0.0,,,,,0,0,,0.0,,,,,0,0,,0.0,,,,,0,0,,0.0,
MT,2014,2,2,12805.0,12010.0,2,0,0,,2425.0,6870.0,2600.0,115.0,730.0,2,0,0,,35.0,210.0,225.0,15.0,1195.0,2075.0,880.0,80185172.17959183,98016416.72698094,78121112.6367347,95493360.22161025,4217043.0,5154811.4546394665,21037154.0,25715308.668233752,6402.5,6402.5,1755.0,11050.0,2,2,2,1.0,True,high,1.0,0.0,0.0,True,12805.0,0.2019150707743547,0.2019150707743547,0.2019150707743547,0.01443298969072165,0.5720233139050791,0.5720233139050791,0.5720233139050791,0.03056768558951965,0.21648626144879268,0.21648626144879268,0.21648626144879268,0.08653846153846154,0.009575353871773521,0.009575353871773521,0.009575353871773521,0.13043478260869565,0.009575353871773521,0.009575353871773521,0.009575353871773521,6402.5,6402.5,6402.5,0.057008980866848885,730.0,12805.0,2,2,0.057008980866848885,1.0,1.0,10.715481171548117,12805.0,1195.0,2,2,10.715481171548117,1.0,1.0,6262.02047478265,80185172.17959183,12805.0,2,2,6262.02047478265,1.0,1.0,7654.542501130882,98016416.72698094,12805.0,2,2,7654.542501130882,1.0,1.0,6100.828788499391,78121112.6367347,12805.0,2,2,6100.828788499391,1.0,1.0,7457.50567915738,95493360.22161025,12805.0,2,2,7457.50567915738,1.0,1.0,402.56239395856824,5154811.4546394665,12805.0,2,2,402.56239395856824,1.0,1.0,2008.224027195139,25715308.668233752,12805.0,2,2,2008.224027195139,1.0,1.0,0.2692889705478638,25715308.668233752,95493360.22161025,2,2,0.2692889705478638,1.0,1.0
MT,2015,2,2,12910.0,12095.0,2,0,0,,1805.0,7660.0,2500.0,130.0,895.0,2,0,0,,55.0,280.0,285.0,15.0,1240.0,2140.0,900.0,86233068.14546192,103391757.4240409,82997903.02269043,99512857.89287643,4444356.0,5328695.677196112,22959606.0,27528117.28905739,6455.0,6455.0,1930.0,10980.0,2,2,2,1.0,True,high,1.0,0.0,0.0,True,12910.0,0.14923522116577098,0.14923522116577098,0.14923522116577098,0.030470914127423823,0.6333195535345184,0.6333195535345184,0.6333195535345184,0.03655352480417755,0.20669698222405952,0.20669698222405952,0.20669698222405952,0.114,0.010748243075651096,0.010748243075651096,0.010748243075651096,0.11538461538461539,0.010748243075651096,0.010748243075651096,0.010748243075651096,6455.0,6455.0,6455.0,0.06932610379550735,895.0,12910.0,2,2,0.06932610379550735,1.0,1.0,10.411290322580646,12910.0,1240.0,2,2,10.411290322580646,1.0,1.0,6679.556014365757,86233068.14546192,12910.0,2,2,6679.556014365757,1.0,1.0,8008.65665561897,103391757.4240409,12910.0,2,2,8008.65665561897,1.0,1.0,6428.962279062001,82997903.02269043,12910.0,2,2,6428.962279062001,1.0,1.0,7708.199681864944,99512857.89287643,12910.0,2,2,7708.199681864944,1.0,1.0,412.75721744354087,5328695.677196112,12910.0,2,2,412.75721744354087,1.0,1.0,2132.3096273475903,27528117.28905739,12910.0,2,2,2132.3096273475903,1.0,1.0,0.2766287480025028,27528117.28905739,99512857.89287643,2,2,0.2766287480025028,1.0,1.0
MT,2016,2,2,13335.0,12475.0,2,0,0,,1485.0,8080.0,2760.0,150.0,975.0,2,0,0,,55.0,315.0,335.0,20.0,1265.0,2130.0,795.0,86624945.77771474,103210944.57013552,86088486.41790923,102571769.82951178,4835161.0,5760944.834981532,21571459.0,25701726.438698914,6667.5,6667.5,2310.0,11025.0,2,2,2,1.0,True,high,1.0,0.0,0.0,True,13335.0,0.1190380761523046,0.1190380761523046,0.1190380761523046,0.037037037037037035,0.6476953907815631,0.6476953907815631,0.6476953907815631,0.038985148514851485,0.22124248496993987,0.22124248496993987,0.22124248496993987,0.1213768115942029,0.012024048096192385,0.012024048096192385,0.012024048096192385,0.13333333333333333,0.012024048096192385,0.012024048096192385,0.012024048096192385,6667.5,6667.5,6667.5,0.07311586051743532,975.0,13335.0,2,2,0.07311586051743532,1.0,1.0,10.541501976284586,13335.0,1265.0,2,2,10.541501976284586,1.0,1.0,6496.0589259628605,86624945.77771474,13335.0,2,2,6496.0589259628605,1.0,1.0,7739.853361090028,103210944.57013552,13335.0,2,2,7739.853361090028,1.0,1.0,6455.829502655361,86088486.41790923,13335.0,2,2,6455.829502655361,1.0,1.0,7691.921247057501,102571769.82951178,13335.0,2,2,7691.921247057501,1.0,1.0,432.0168605160504,5760944.834981532,13335.0,2,2,432.0168605160504,1.0,1.0,1927.388559332502,25701726.438698914,13335.0,2,2,1927.388559332502,1.0,1.0,0.25057310097523594,25701726.438698914,102571769.82951178,2,2,0.25057310097523594,1.0,1.0
MT,2017,4,4,13340.0,12494.0,4,0,1,0.0,1416.0,8133.0,2798.0,147.0,1068.0,4,0,1,0.0,61.0,356.0,403.0,20.0,1345.0,2455.0,1001.0,99879607.08487298,116988879.78709647,94243793.37463534,110387657.05612202,5184755.0,6072898.133300849,22248353.0,26059472.704634715,3335.0,1207.5,0.0,10925.0,4,3,4,0.75,False,medium,1.0,0.0,0.0,True,13340.0,0.11333440051224587,,,0.04307909604519774,0.6509524571794462,,,0.04377228574941596,0.2239474947975028,,,0.14403145103645462,0.011765647510805187,,,0.1360544217687075,,0.011765647510805187,,3335.0,3335.0,3335.0,0.0800599700149925,1068.0,13340.0,3,3,0.0800599700149925,0.75,1.0,9.9182156133829,13340.0,1345.0,3,3,9.9182156133829,0.75,1.0,7487.22691790652,99671785.66487297,13340.0,3,3,7471.648100815066,0.75,1.0,8769.781093485493,116745458.77422741,13340.0,3,3,8751.533641246433,0.75,1.0,7064.752127034133,94039374.37463534,13340.0,3,3,7049.428363915693,0.75,1.0,8274.936810803749,110148221.29425646,13340.0,3,3,8256.988103017726,0.75,1.0,455.23974012749994,6072898.133300849,13340.0,3,3,455.23974012749994,0.75,1.0,1953.4837109921075,26059472.704634715,13340.0,3,3,1953.4837109921075,0.75,1.0,0.23607234177808356,26059472.704634715,110387657.05612202,4,4,0.23607234177808356,1.0,1.0
MT,2018,4,4,13898.49,13065.84,4,0,0,,1319.3899999999999,8344.17,3238.93,163.35000000000002,1214.29,4,0,0,,120.94999999999999,365.89,501.0,30.680000000000007,1401.0,2525.0,1035.0,111005797.92444618,128301330.47823405,107340829.16031383,124065332.2025458,5719146.0,6610231.67004933,26773033.000000004,30944471.541708477,3474.6225,1410.7200000000003,113.47,10963.58,4,4,4,1.0,True,high,1.0,0.0,0.0,True,13898.49,0.10098011302755888,0.10098011302755888,0.10098011302755888,0.09167115106223331,0.6386248415716096,0.6386248415716096,0.6386248415716096,0.043849777749015176,0.2478929789435658,0.2478929789435658,0.2478929789435658,0.1546807124575091,0.012502066457265665,0.012502066457265665,0.012502066457265665,0.18781756963575147,0.012502066457265665,0.012502066457265665,0.012502066457265665,3474.6225,3474.6225,3474.6225,0.08736848391443962,1214.29,13898.49,4,4,0.08736848391443962,1.0,1.0,9.920406852248394,13785.02,1401.0,3,3,9.839414703783012,0.75,1.0,7986.896268907355,111005797.92444618,13898.49,4,4,7986.896268907355,1.0,1.0,9231.314371434168,128301330.47823405,13898.49,4,4,9231.314371434168,1.0,1.0,7723.2008052899155,107340829.16031383,13898.49,4,4,7723.2008052899155,1.0,1.0,8926.533184723363,124065332.2025458,13898.49,4,4,8926.533184723363,1.0,1.0,475.6079020130482,6610231.67004933,13898.49,4,4,475.6079020130482,1.0,1.0,2226.462841769752,30944471.541708477,13898.49,4,4,2226.462841769752,1.0,1.0,0.24942077687898617,30944471.541708477,124065332.2025458,4,4,0.24942077687898617,1.0,1.0
MT,2019,4,4,13827.953796203794,13045.790334665333,4,0,0,,1150.6449494949495,7976.431857031856,3742.3468614718613,176.36666666666665,1457.2608974358977,4,0,0,,173.96666666666667,432.6666666666667,671.5666666666666,40.666666666666664,1458.0,2747.0,1160.0,119275838.50601251,137657046.23237538,117342426.10533911,135425681.99667287,7849469.0,9059124.887041803,29689367.0,34264697.837550245,3456.9884490509485,1516.4714299589302,185.43333333333337,10609.5776029526,4,4,4,1.0,True,high,1.0,0.0,0.0,True,13827.953796203794,0.08820047846679327,0.08820047846679327,0.08820047846679327,0.15119057076905046,0.6114180630235062,0.6114180630235062,0.6114180630235062,0.054243134577177735,0.28686241043807675,0.28686241043807675,0.28686241043807675,0.17945067400902012,0.013519048071623867,0.013519048071623867,0.013519048071623867,0.23058023058023058,0.013519048071623867,0.013519048071623867,0.013519048071623867,3456.9884490509485,3456.9884490509485,3456.9884490509485,0.10538514366716799,1457.2608974358977,13827.953796203794,4,4,0.10538514366716799,1.0,1.0,9.48419327585994,13610.503796203793,1458.0,3,3,9.335050614680242,0.75,1.0,8625.704154345487,119275838.50601251,13827.953796203794,4,4,8625.704154345487,1.0,1.0,9954.98309158124,137657046.23237538,13827.953796203794,4,4,9954.98309158124,1.0,1.0,8485.885029320338,117342426.10533911,13827.953796203794,4,4,8485.885029320338,1.0,1.0,9793.616900415986,135425681.99667287,13827.953796203794,4,4,9793.616900415986,1.0,1.0,655.1312667481444,9059124.887041803,13827.953796203794,4,4,655.1312667481444,1.0,1.0,2477.929731509298,34264697.837550245,13827.953796203794,4,4,2477.929731509298,1.0,1.0,0.2530147704066357,34264697.837550245,135425681.99667287,4,4,0.2530147704066357,1.0,1.0
MT,2020,7,7,15787.4,14991.6,7,0,0,,1423.7999999999997,8590.8,4428.0,549.0,2125.7,7,0,0,,163.7,649.5,775.4,417.3,1465.0,2792.0,1145.0,129727043.39999999,148638123.17320353,119264505.73667404,136650399.40221897,8126522.85,9311174.236999167,30736208.0,35216807.15789136,2255.3428571428567,471.6,293.1,11043.8,7,7,7,1.0,True,high,1.0,0.0,0.0,True,15787.4,0.0949731849835908,0.0949731849835908,0.0949731849835908,0.11497401320410171,0.573040902905627,0.573040902905627,0.573040902905627,0.07560413465567817,0.2953654046265909,0.2953654046265909,0.2953654046265909,0.17511291779584462,0.03662050748419115,0.03662050748419115,0.03662050748419115,0.7601092896174864,0.03662050748419115,0.03662050748419115,0.03662050748419115,2255.342857142857,2255.342857142857,2255.342857142857,0.13464535008931172,2125.7,15787.4,7,7,0.13464535008931172,1.0,1.0,10.776382252559726,15060.1,1465.0,5,5,10.279931740614336,0.7142857142857143,1.0,8217.125264451397,129727043.39999999,15787.4,7,7,8217.125264451397,1.0,1.0,9414.984302241251,148638123.17320353,15787.4,7,7,9414.984302241251,1.0,1.0,7554.4108426133525,119264505.73667404,15376.4,6,6,7756.334755643326,0.8571428571428571,0.9739665809442973,8655.662072426047,136650399.40221897,15376.4,6,6,8887.021630695024,0.8571428571428571,0.9739665809442973,589.7851601276441,9311174.236999167,15376.4,6,6,605.5496889388393,0.8571428571428571,0.9739665809442973,2230.6907507183805,35216807.15789136,15787.4,7,7,2230.6907507183805,1.0,1.0,0.25771463026780955,35216807.15789136,136650399.40221897,6,6,0.25771463026780955,0.8571428571428571,1.0
MT,2021,8,8,15462.599999999999,14676.200000000003,8,0,0,,1448.3000000000002,9008.3,3888.7000000000007,330.9,2839.2999999999997,8,0,0,,126.69999999999997,1645.6,775.7,179.5,1636.0,3042.0,1188.0,146326468.230235,164743655.73592082,105566214.19569099,118853166.2052776,9171161.0,10325477.056587037,34073710.0,38362352.46963827,1932.825,514.85,213.1,10240.1,8,8,8,1.0,True,high,1.0,0.0,0.0,True,15462.599999999999,0.09868358294381378,0.09868358294381378,0.09868358294381378,0.08748187530207827,0.6138033005818944,0.6138033005818944,0.6138033005818944,0.1826759765993584,0.26496640819830747,0.26496640819830747,0.26496640819830747,0.19947540309100725,0.02254670827598424,0.02254670827598424,0.02254670827598424,0.5424599576911454,0.02254670827598424,0.02254670827598424,0.02254670827598424,1932.8249999999998,1932.8249999999998,1932.8249999999998,0.18362371140687853,2839.2999999999997,15462.599999999999,8,8,0.18362371140687853,1.0,1.0,9.451466992665036,15462.599999999999,1636.0,8,8,9.451466992665036,1.0,1.0,9463.251214558679,146326468.230235,15462.599999999999,8,8,9463.251214558679,1.0,1.0,10654.330819908737,164743655.73592082,15462.599999999999,8,8,10654.330819908737,1.0,1.0,6827.196861827312,105566214.19569099,15462.599999999999,8,8,6827.196861827312,1.0,1.0,7686.492970475704,118853166.2052776,15462.599999999999,8,8,7686.492970475704,1.0,1.0,667.7710770883964,10325477.056587037,15462.599999999999,8,8,667.7710770883964,1.0,1.0,2480.976838929952,38362352.46963827,15462.599999999999,8,8,2480.976838929952,1.0,1.0,0.32277097610829,38362352.46963827,118853166.2052776,8,8,0.32277097610829,1.0,1.0
MT,2022,11,11,17015.0,16220.0,11,0,0,,1300.0,9930.0,4355.0,635.0,4015.0,10,0,0,,165.0,2505.0,1030.0,205.0,1685.0,3110.0,1205.0,171899213.79312623,189976629.9971334,119577870.84584467,132153023.99733506,11717696.0,12949962.645494694,38091401.0,42097202.390688345,1546.8181818181818,525.0,185.0,10415.0,11,11,11,1.0,True,high,1.0,0.0,0.0,True,17015.0,0.08014796547472257,0.08014796547472257,0.08014796547472257,0.12692307692307692,0.6122071516646116,0.6122071516646116,0.6122071516646116,0.25226586102719034,0.2684956843403206,0.2684956843403206,0.2684956843403206,0.2365097588978186,0.039149198520345256,0.039149198520345256,0.039149198520345256,0.3228346456692913,0.039149198520345256,0.039149198520345256,0.039149198520345256,1546.8181818181818,1546.8181818181818,1546.8181818181818,0.2359682632970908,4015.0,17015.0,11,11,0.2359682632970908,1.0,1.0,10.09792284866469,17015.0,1685.0,11,11,10.09792284866469,1.0,1.0,10102.80421940207,171899213.79312623,17015.0,11,11,10102.80421940207,1.0,1.0,11165.24419612891,189976629.9971334,17015.0,11,11,11165.24419612891,1.0,1.0,7027.791410275913,119577870.84584467,17015.0,11,11,7027.791410275913,1.0,1.0,7766.854187325011,132153023.99733506,17015.0,11,11,7766.854187325011,1.0,1.0,761.0909577134701,12949962.645494694,17015.0,11,11,761.0909577134701,1.0,1.0,2474.1229732993443,42097202.390688345,17015.0,11,11,2474.1229732993443,1.0,1.0,0.31854891486658116,42097202.390688345,132153023.99733506,11,11,0.31854891486658116,1.0,1.0
MT,2023,13,13,17595.0,16525.0,13,0,0,,1485.0,9665.0,4840.0,535.0,5420.0,13,0,0,,485.0,2485.0,1735.0,345.0,1695.0,3225.0,1260.0,185467411.18991318,205342285.67844415,139810340.73113436,154792557.58746776,14230254.327,15755182.705923643,41260083.48,45681555.56121438,1353.4615384615386,480.0,175.0,10040.0,12,13,13,1.0,True,high,1.0,0.0,0.0,True,17595.0,0.08986384266263238,0.08986384266263238,0.08986384266263238,0.3265993265993266,0.5848714069591529,0.5848714069591529,0.5848714069591529,0.2571132953957579,0.2928895612708018,0.2928895612708018,0.2928895612708018,0.3584710743801653,0.03237518910741301,0.03237518910741301,0.03237518910741301,0.6448598130841121,0.03237518910741301,0.03237518910741301,0.03237518910741301,1353.4615384615386,1353.4615384615386,1353.4615384615386,0.3080420574026712,5420.0,17595.0,13,13,0.3080420574026712,1.0,1.0,10.380530973451327,17595.0,1695.0,13,13,10.380530973451327,1.0,1.0,10540.915668650934,185467411.18991318,17595.0,13,13,10540.915668650934,1.0,1.0,11670.490802980628,205342285.67844415,17595.0,13,13,11670.490802980628,1.0,1.0,7946.026753687659,139810340.73113436,17595.0,13,13,7946.026753687659,1.0,1.0,8797.530979679896,154792557.58746776,17595.0,13,13,8797.530979679896,1.0,1.0,895.435220569687,15755182.705923643,17595.0,13,13,895.435220569687,1.0,1.0,2596.2805093045968,45681555.56121438,16345.0,9,9,2794.833622588827,0.6923076923076923,0.9289570900824098,0.29511467652701173,45681555.56121438,141493436.4661192,9,9,0.32285282414603655,0.6923076923076923,0.9140842342253199
NL,2014,56,56,709445.0,709465.0,56,0,2,65.0,3575.0,590410.0,106415.0,9065.0,,0,0,0,,,,,,37425.0,77625.0,31600.0,10420825499.0,9234881957.958914,9421107521.0,8348937027.879689,1885768695.0,1671158518.1049607,,,12668.660714285714,8432.5,15.0,48020.0,29,54,56,0.9642857142857143,True,high,1.0,9.162091494055212e-05,0.0,True,709445.0,0.005039008266792583,0.005039008266792583,0.005039008266792583,,0.8321904533697927,0.8321904533697927,0.8321904533697927,,0.149993304814191,0.149993304814191,0.149993304814191,,0.01277723354922371,0.01277723354922371,0.01277723354922371,,0.01277723354922371,0.01277723354922371,0.01277723354922371,12668.660714285714,12668.660714285714,12668.660714285714,,,,0,0,,0.0,,18.9564462257849,709430.0,37425.0,55,55,18.956045424181696,0.9821428571428571,1.0,14688.70102544947,10420825499.0,706635.0,55,55,14747.112015396917,0.9821428571428571,0.996039157369493,13017.051297787586,9234881957.958914,706635.0,55,55,13068.814816643548,0.9821428571428571,0.996039157369493,13279.546012728259,9421107521.0,706635.0,55,55,13332.353366306508,0.9821428571428571,0.996039157369493,11768.265373467555,8348937027.879689,706635.0,55,55,11815.062978595299,0.9821428571428571,0.996039157369493,2355.5857298380574,1671158518.1049612,706620.0,54,54,2365.00313903507,0.9642857142857143,0.9960180140814299,,,,0,0,,0.0,,,,,0,0,,0.0,
NL,2015,56,56,719535.0,714830.0,56,0,1,40.0,6205.0,587965.0,111630.0,9030.0,,0,0,0,,,,,,38790.0,79375.0,31925.0,10736820520.0,9531216894.956902,9906192047.0,8793857066.640629,2012282001.0,1786329218.1910179,,,12848.839285714286,8597.5,40.0,46335.0,29,54,56,0.9642857142857143,True,high,1.0,5.559145837242108e-05,0.0,True,719535.0,0.008680385546213785,0.008680385546213785,0.008680385546213785,,0.8225242365317628,0.8225242365317628,0.8225242365317628,,0.15616300379111117,0.15616300379111117,0.15616300379111117,,0.012632374130912245,0.012632374130912245,0.012632374130912245,,0.012632374130912245,0.012632374130912245,0.012632374130912245,12848.839285714286,12848.839285714286,12848.839285714286,,,,0,0,,0.0,,18.549497293116783,714790.0,38790.0,55,55,18.4271719515339,0.9821428571428571,1.0,14921.88777474341,10736820520.0,716525.0,55,55,14984.572094483794,0.9821428571428571,0.9958167427574753,13246.356181362828,9531216894.956902,716525.0,55,55,13302.001877055094,0.9821428571428571,0.9958167427574753,13767.491570250231,9906192047.0,716525.0,55,55,13825.326467324936,0.9821428571428571,0.9958167427574753,12221.583476329337,8793857066.640629,716525.0,55,55,12272.924275692583,0.9821428571428571,0.9958167427574753,2482.6161593126362,1786329218.191018,711780.0,54,54,2509.664809619571,0.9642857142857143,0.9892222060080469,,,,0,0,,0.0,,,,,0,0,,0.0,
NL,2016,56,56,729795.0,725775.0,56,0,1,30.0,7060.0,595370.0,114120.0,9225.0,,0,0,0,,,,,,39985.0,81270.0,32485.0,10953034307.0,9565049913.98206,10181434329.0,8891228204.277319,2001898822.0,1748215299.8401897,,,13032.05357142857,8852.5,30.0,45720.0,29,54,56,0.9642857142857143,True,high,1.0,4.110743427948944e-05,0.0,True,729795.0,0.009727532637525405,0.009727532637525405,0.009727532637525405,,0.8203231028900141,0.8203231028900141,0.8203231028900141,,0.15723881368192621,0.15723881368192621,0.15723881368192621,,0.012710550790534257,0.012710550790534257,0.012710550790534257,,0.012710550790534257,0.012710550790534257,0.012710550790534257,13032.05357142857,13032.05357142857,13032.05357142857,,,,0,0,,0.0,,18.25171939477304,725715.0,39985.0,55,55,18.149681130423907,0.9821428571428571,1.0,15008.37126453319,10953034307.0,726610.0,55,55,15074.158499057266,0.9821428571428571,0.9956357607273275,13106.488690635122,9565049913.98206,726610.0,55,55,13163.939271386382,0.9821428571428571,0.9956357607273275,13951.088085010175,10181434329.0,726610.0,55,55,14012.24085685581,0.9821428571428571,0.9956357607273275,12183.185969042428,8891228204.277319,726610.0,55,55,12236.589372947412,0.9821428571428571,0.9956357607273275,2395.4881848192845,1748215299.84019,722530.0,54,54,2419.5746887190703,0.9642857142857143,0.990045149665317,,,,0,0,,0.0,,,,,0,0,,0.0,
NL,2017,58,58,742646.0,742646.0,57,0,2,38.0,8578.0,605098.0,119572.0,9398.0,74286.0,0,0,28,20896.0,0.0,48475.0,25811.0,,40332.41,81071.08,32577.97,11253693062.0,9882930589.268465,10436112631.0,9164936006.849916,2056064655.0,1805624532.361465,,,12804.241379310344,6080.0,0.0,46066.0,29,55,58,0.9482758620689655,True,high,1.0,5.116838978463494e-05,0.28129122580297766,True,742646.0,0.011550590725594698,0.011550590725594698,0.011550590725594698,0.0,0.8147865874185009,0.8147865874185009,0.8147865874185009,0.08011099028587104,0.16100807114022023,0.16100807114022023,0.16100807114022023,0.21586157294349848,0.012654750715684188,0.012654750715684188,0.012654750715684188,,0.012654750715684188,0.012654750715684188,0.012654750715684188,12804.241379310344,12804.241379310344,12804.241379310344,0.1000288158826682,74286.0,720020.0,55,55,0.1031721341073859,0.9482758620689655,0.9695332634929698,18.413132267573395,739160.0,40332.41,55,55,18.326700536863527,0.9482758620689655,1.0,15153.509292448893,11253693062.0,738937.0,55,55,15229.570399100328,0.9482758620689655,0.995005695849705,13307.727489636334,9882930589.268465,738937.0,55,55,13374.523930008194,0.9482758620689655,0.995005695849705,14052.607340509476,10436112631.0,738937.0,55,55,14123.142610263121,0.9482758620689655,0.995005695849705,12340.921524992953,9164936006.849916,738937.0,55,55,12402.865206167666,0.9482758620689655,0.995005695849705,2431.339470436069,1805624532.361465,723807.0,53,53,2494.6215391139694,0.9137931034482759,0.9746325974959806,,,,0,0,,0.0,,,,,0,0,,0.0,
NL,2018,57,57,757339.0,757339.0,54,0,3,42.0,10845.0,615577.0,121421.0,9496.0,85050.0,0,0,29,25494.0,0.0,56943.0,28107.0,,40880.0,83768.5,33736.81,11801083537.0,10302843967.278376,10832597308.0,9457314616.472559,2123694722.0,1854075118.297218,,,13286.649122807017,4762.0,0.0,44892.0,29,52,57,0.9122807017543859,True,high,1.0,5.545733152524827e-05,0.29975308641975307,True,757339.0,0.01431987524741232,0.01431987524741232,0.01431987524741232,0.0,0.8128156611504227,0.8128156611504227,0.8128156611504227,0.09250345610703453,0.1603258250268374,0.1603258250268374,0.1603258250268374,0.23148384546330536,0.012538638575327561,0.012538638575327561,0.012538638575327561,,0.012538638575327561,0.012538638575327561,0.012538638575327561,13286.649122807017,13286.649122807017,13286.649122807017,0.11230109633862775,85050.0,757297.0,54,54,0.11230732460316098,0.9473684210526315,0.9999445426684748,18.525905088062622,756384.0,40880.0,52,52,18.502544031311153,0.9122807017543859,1.0,15582.300049251393,11743511537.0,753523.0,53,53,15584.808342943745,0.9298245614035088,0.9949613053071346,13604.005560625263,10252581181.575317,753523.0,53,53,13606.195406875859,0.9298245614035088,0.9949613053071346,14303.498575934951,10781397308.0,753523.0,53,53,14307.987026275243,0.9298245614035088,0.9949613053071346,12487.557905340354,9412614855.686121,753523.0,53,53,12491.47651191287,0.9298245614035088,0.9949613053071346,2448.1442501933984,1854075118.2972188,753523.0,53,53,2460.5421709718466,0.9298245614035088,0.9949613053071346,,,,0,0,,0.0,,,,,0,0,,0.0,
NL,2019,57,57,777452.0,777452.0,54,0,3,47.0,13907.0,628670.0,125058.0,9817.0,94583.0,0,0,33,28641.0,0.0,64555.0,30028.0,,42373.18,86771.92,34915.68,12259938455.0,10391451551.521008,11351324345.0,9621315588.950762,2241445546.0,1899836029.5301785,,,13639.508771929824,4848.0,0.0,45331.0,29,52,57,0.9122807017543859,True,high,1.0,6.045389297345688e-05,0.3028134019855577,True,777452.0,0.017887921054933295,0.017887921054933295,0.017887921054933295,0.0,0.8086286999068752,0.8086286999068752,0.8086286999068752,0.10268503348338556,0.16085623292499088,0.16085623292499088,0.16085623292499088,0.24011258775927968,0.012627146113200557,0.012627146113200557,0.012627146113200557,,0.012627146113200557,0.012627146113200557,0.012627146113200557,13639.508771929824,13639.508771929824,13639.508771929824,0.12165767147039303,94583.0,776076.0,53,53,0.1218733732263335,0.9298245614035088,0.9982301158142239,18.347737885143385,776453.0,42373.18,52,52,18.324161651308682,0.9122807017543859,1.0,15769.383132334859,12259938455.0,773408.0,53,53,15851.838169504324,0.9298245614035088,0.9947983926981987,13366.036168819435,10391451551.521008,773408.0,53,53,13435.92457218054,0.9298245614035088,0.9947983926981987,14600.675469353735,11351324345.0,773408.0,53,53,14677.019561473375,0.9298245614035088,0.9947983926981987,12375.446444218758,9621315588.950764,773408.0,53,53,12440.155246584938,0.9298245614035088,0.9947983926981987,2443.66987226244,1899836029.530179,773408.0,53,53,2456.447346717617,0.9298245614035088,0.9947983926981987,,,,0,0,,0.0,,,,,0,0,,0.0,
NL,2020,57,57,829670.0,829670.0,56,0,4,564.0,18138.0,665211.0,135804.0,10517.0,104017.0,0,0,23,10826.0,112.0,71055.0,32850.0,,44472.69,91015.31,36484.259999999995,12601582274.0,10764694760.13121,11741917034.0,10030339843.162718,2142202918.0,1829941671.222579,,,14555.61403508772,5152.0,0.0,48213.0,29,52,57,0.9122807017543859,True,high,1.0,0.0006797883495847747,0.104079140909659,True,829670.0,0.02186170405100823,0.02186170405100823,0.02186170405100823,0.006174881464329033,0.801777815275953,0.801777815275953,0.801777815275953,0.10681573215115205,0.1636843564308701,0.1636843564308701,0.1636843564308701,0.2418927277547053,0.012676124242168574,0.012676124242168574,0.012676124242168574,,0.012676124242168574,0.012676124242168574,0.012676124242168574,14555.61403508772,14555.61403508772,14555.61403508772,0.1253715332602119,104017.0,829670.0,56,56,0.1253715332602119,0.9824561403508771,1.0,18.65571882429419,829152.0,44472.689999999995,55,55,18.644071226633695,0.9649122807017544,0.9999999999999999,15188.66811382839,12601582274.0,825300.0,54,54,15269.09278323034,0.9473684210526315,0.9947328455892102,12974.670363073523,10764694760.13121,825300.0,54,54,13043.371816468205,0.9473684210526315,0.9947328455892102,14152.514896284065,11741917034.0,825300.0,54,54,14227.453088573851,0.9473684210526315,0.9947328455892102,12089.55348893261,10030339843.162718,825300.0,54,54,12153.568209333234,0.9473684210526315,0.9947328455892102,2205.6259370865273,1829941671.2225795,825164.0,52,52,2217.6702706644733,0.9122807017543859,0.9945689249942748,,,,0,0,,0.0,,,,,0,0,,0.0,
NL,2021,57,57,845711.0,845711.0,53,0,3,62.0,20336.0,671321.0,142878.0,11176.0,115201.0,0,0,28,14903.0,146.0,78761.0,36294.0,,47154.53,96809.45000000001,38507.96,13935528713.0,11987551581.075268,12647917887.0,10879929365.16129,2329053486.0,2003486869.6774192,,,14837.035087719298,5162.0,0.0,48212.0,29,51,57,0.8947368421052632,True,high,1.0,7.331109563432426e-05,0.12936519648266942,True,845711.0,0.024046039368058356,0.024046039368058356,0.024046039368058356,0.007179386309992132,0.7937948069730676,0.7937948069730676,0.7937948069730676,0.1173224135696634,0.16894423745227388,0.16894423745227388,0.16894423745227388,0.25402091294670975,0.013214916206600128,0.013214916206600128,0.013214916206600128,,0.013214916206600128,0.013214916206600128,0.013214916206600128,14837.035087719298,14837.035087719298,14837.035087719298,0.13621792787370626,115201.0,845711.0,55,55,0.13621792787370626,0.9649122807017544,1.0,17.934883456584128,845119.0,47154.53,54,54,17.92232898938872,0.9473684210526315,1.0,16477.885132155076,13875719713.0,841120.0,53,53,16496.718319621457,0.9298245614035088,0.9945714316119809,14174.524844864578,11936102978.92473,841120.0,53,53,14190.72543623351,0.9298245614035088,0.9945714316119809,14955.366415950602,12594783887.0,841120.0,53,53,14973.825241344874,0.9298245614035088,0.9945714316119809,12864.831325548905,10834222698.494623,841120.0,53,53,12880.709885027847,0.9298245614035088,0.9945714316119809,2368.99705653281,2003486869.6774192,841120.0,53,53,2381.927512932066,0.9298245614035088,0.9945714316119809,,,,0,0,,0.0,,,,,0,0,,0.0,
NL,2022,57,57,831025.0,831010.0,54,0,3,70.0,21600.0,658610.0,139155.0,11645.0,122390.0,0,0,22,7800.0,185.0,85545.0,36670.0,,49095.0,101545.0,40765.0,14884302539.0,12868236004.21901,13877689835.0,11997968162.915955,2437137287.0,2107029046.3139875,,,14579.38596491228,5045.0,0.0,46460.0,28,51,57,0.8947368421052632,True,high,1.0,8.423332631388947e-05,0.06373069695236538,True,831025.0,0.025992466997990397,0.025992466997990397,0.025992466997990397,0.008564814814814815,0.7925416059975211,0.7925416059975211,0.7925416059975211,0.1298871866506734,0.1674528585696923,0.1674528585696923,0.1674528585696923,0.26351909740936363,0.014013068434796211,0.014013068434796211,0.014013068434796211,,0.014013068434796211,0.014013068434796211,0.014013068434796211,14579.38596491228,14579.38596491228,14579.38596491228,0.14727595439367047,122390.0,831025.0,56,56,0.14727595439367047,0.9824561403508771,1.0,16.926876463998372,830460.0,49095.0,55,55,16.915368163764132,0.9649122807017544,1.0,17910.77589603201,14884302539.0,826585.0,54,54,18006.98359999274,0.9473684210526315,0.9946572004452333,15484.776034678871,12868236004.219011,826585.0,54,54,15567.952484280517,0.9473684210526315,0.9946572004452333,16699.485376492885,13877689835.0,826585.0,54,54,16789.18663537325,0.9473684210526315,0.9946572004452333,14437.55381957938,11997968162.915953,826585.0,54,54,14515.10511673446,0.9473684210526315,0.9946572004452333,2535.4580744429923,2107029046.3139875,826580.0,53,53,2549.0927028406054,0.9298245614035088,0.994651183779068,,,,0,0,,0.0,,,,,0,0,,0.0,
NL,2023,57,57,803050.0,803060.0,38,0,3,0.0,24640.0,641300.0,137120.0,0.0,128340.0,0,0,8,0.0,175.0,90740.0,37430.0,,50190.0,104760.0,42240.0,15965136740.0,13647515634.884,15303116546.0,13081599345.198404,2665575428.0,2278620153.5278926,,,14088.59649122807,4965.0,0.0,44245.0,28,37,57,0.6491228070175439,False,medium,1.0,0.0,0.0,True,803050.0,0.03068263890618385,,,0.007102272727272727,0.7985704679600528,,,0.1414938406362077,0.17074689313376334,,,0.2729725787631272,0.0,,,,,0.0,,14088.59649122807,14088.59649122807,14088.59649122807,0.15981570263370898,128340.0,803050.0,54,54,0.15981570263370898,0.9473684210526315,1.0,16.000199242877066,801620.0,50190.0,50,50,15.971707511456465,0.8771929824561403,1.0,19880.62603822925,15807576740.0,798750.0,52,52,19790.393414710485,0.9122807017543859,0.994645414357761,16994.60262111201,13512828247.080748,798750.0,52,52,16917.46885393521,0.9122807017543859,0.994645414357761,19056.24375319096,15137261546.0,798750.0,52,52,18951.18816400626,0.9122807017543859,0.994645414357761,16289.89396077256,12939821122.907797,798750.0,52,52,16200.089042764064,0.9122807017543859,0.994645414357761,2837.4573856271622,2274970019.319211,798750.0,52,52,2848.162778490405,0.9122807017543859,0.994645414357761,,,,0,0,,0.0,,,,,0,0,,0.0,
NO,2014,48,48,261530.0,233585.0,48,0,1,0.0,0.0,184595.0,39405.0,9585.0,22295.0,0,0,0,,0.0,14065.0,7080.0,,19975.0,34535.0,14240.0,4803857282.629512,3100249148.873714,4536604914.416355,2927773390.6776257,624408738.2696543,402972558.40002465,,,5448.541666666667,2700.0,0.0,30185.0,25,47,48,0.9791666666666666,True,high,1.0,0.0,0.0,True,261530.0,0.0,0.0,0.0,,0.7902690669349487,0.7902690669349487,0.7902690669349487,0.07619382973536662,0.16869662007406297,0.16869662007406297,0.16869662007406297,0.17967263037685574,0.04103431299098829,0.04103431299098829,0.04103431299098829,,0.04103431299098829,0.04103431299098829,0.04103431299098829,5448.541666666667,5448.541666666667,5448.541666666667,0.08524834627002638,22295.0,261530.0,47,47,0.08524834627002638,0.9791666666666666,1.0,13.092866082603255,261530.0,19975.0,47,47,13.092866082603255,0.9791666666666666,1.0,18368.283878061837,4803857282.629514,261530.0,47,47,18368.283878061844,0.9791666666666666,1.0,11854.277325254136,3100249148.8737135,261530.0,47,47,11854.277325254134,0.9791666666666666,1.0,17346.403527000173,4492656336.421526,261530.0,47,47,17178.359409710265,0.9791666666666666,1.0,11194.78985461563,2899410445.338813,261530.0,47,47,11086.339790229851,0.9791666666666666,1.0,1540.8272794709007,402972558.4000247,258925.0,46,46,1556.3292783625557,0.9583333333333334,0.9900393836271173,,,,0,0,,0.0,,,,,0,0,,0.0,
NO,2015,48,48,273075.0,244300.0,44,0,0,,0.0,192970.0,41465.0,9865.0,24200.0,0,0,0,,0.0,15435.0,7570.0,,20850.0,35570.0,14705.0,4746811494.256727,3075335110.4692407,4431563362.608385,2871094084.9006066,725858658.4875301,470264854.710507,1629838205.0594442,1055929577.6687081,5810.106382978724,3210.0,160.0,30865.0,25,44,47,0.9166666666666666,True,high,0.9791666666666666,0.0,0.0,True,273075.0,0.0,0.0,0.0,,0.7898894801473598,0.7898894801473598,0.7898894801473598,0.07998652640306783,0.16972984036021285,0.16972984036021285,0.16972984036021285,0.18256360786205234,0.040380679492427345,0.040380679492427345,0.040380679492427345,,0.040380679492427345,0.040380679492427345,0.040380679492427345,5810.106382978724,5689.0625,5689.0625,0.08862034239677745,24200.0,273075.0,47,47,0.08862034239677745,0.9791666666666666,1.0,13.097122302158274,273075.0,20850.0,47,47,13.097122302158274,0.9791666666666666,1.0,17382.81239314008,4746811494.256726,273075.0,47,47,17382.812393140077,0.9791666666666666,1.0,11261.869854322955,3075335110.469241,273075.0,47,47,11261.869854322957,0.9791666666666666,1.0,16228.37448542849,4394803395.682488,273075.0,47,47,16093.759574045549,0.9791666666666666,1.0,10513.939704845214,2847278263.041307,273075.0,47,47,10426.726221885221,0.9791666666666666,1.0,1722.1087785791706,470264854.7105069,270470.0,46,46,1738.6950667745293,0.9583333333333334,0.9904604962006774,3866.811599995269,1055929577.6687081,227820.0,27,27,4634.929232151295,0.5625,0.8342762977204065,0.3677795106826891,1055929577.6687081,2526764302.871042,27,27,0.4178979323354005,0.5625,0.8800701851463412
NO,2016,37,37,279810.0,250295.0,37,0,1,0.0,0.0,197195.0,42810.0,10290.0,12740.0,0,0,1,0.0,0.0,7455.0,4595.0,,21790.0,36855.0,15040.0,4730347656.920974,3040084666.0849056,4475074651.045142,2876026629.1046686,752660709.1059781,483717571.4072261,,,7562.4324324324325,3525.0,0.0,42020.0,17,36,37,0.972972972972973,True,high,1.0,0.0,0.0,True,279810.0,0.0,0.0,0.0,,0.7878503366028087,0.7878503366028087,0.7878503366028087,0.03780521818504526,0.1710381749535548,0.1710381749535548,0.1710381749535548,0.1073347348750292,0.04111148844363651,0.04111148844363651,0.04111148844363651,,0.04111148844363651,0.04111148844363651,0.04111148844363651,7562.4324324324325,7562.4324324324325,7562.4324324324325,0.04553089596511919,12740.0,279810.0,36,36,0.04553089596511919,0.972972972972973,1.0,12.841211564938044,279810.0,21790.0,36,36,12.841211564938044,0.972972972972973,1.0,16905.5704117829,4730347656.920975,277335.0,35,35,17056.439529525574,0.9459459459459459,0.9911547121260855,10864.81779094709,3040084666.0849056,277335.0,35,35,10961.777871833363,0.9459459459459459,0.9911547121260855,15993.262038687475,4475074651.045143,277335.0,35,35,16135.989511043117,0.9459459459459459,0.9911547121260855,10278.498370696789,2876026629.1046686,277335.0,35,35,10370.226005028822,0.9459459459459459,0.9911547121260855,1728.7358257647193,483717571.4072261,277335.0,35,35,1744.16345361107,0.9459459459459459,0.9911547121260855,,,,0,0,,0.0,,,,,0,0,,0.0,
NO,2017,32,32,286710.0,254493.0,31,0,1,0.0,1549.0,197903.0,44336.0,10705.0,24708.0,0,0,1,0.0,71.0,15400.0,8146.0,,17327.020000000004,37768.5,14855.17,4948703411.690795,3251744118.866597,4634299687.755978,3045152538.162937,830022720.1736891,545399728.8409514,2068482024.2307277,1359179101.617539,8959.6875,3959.5,0.0,43340.0,15,26,32,0.8125,True,high,1.0,0.0,0.0,True,286710.0,0.006086611419567532,0.006086611419567532,0.006086611419567532,0.045836023240800515,0.7776363200559544,0.7776363200559544,0.7776363200559544,0.07781589970844302,0.17421304318782835,0.17421304318782835,0.17421304318782835,0.1837333092746301,0.042064025336649734,0.042064025336649734,0.042064025336649734,,0.042064025336649734,0.042064025336649734,0.042064025336649734,8959.6875,8959.6875,8959.6875,0.08617767081720205,24708.0,286710.0,31,31,0.08617767081720205,0.96875,1.0,16.546988460797063,285728.0,17327.02,30,30,16.49031397205059,0.9375,0.9999999999999998,17260.309761399305,4932797865.320042,282618.0,29,29,17453.940886001747,0.90625,0.9857277388301768,11341.579013172184,3241292741.492422,282618.0,29,29,11468.81211208211,0.90625,0.9857277388301768,16163.7183487007,4622468633.076015,283600.0,30,30,16299.254700550126,0.9375,0.9891528024833456,10621.019630159175,3037378469.0229945,283600.0,30,30,10710.079227866694,0.9375,0.9891528024833456,1902.2696412435962,543961615.2891281,282618.0,29,29,1924.7238862674283,0.90625,0.9857277388301768,4740.605844294021,1356183752.7475622,249249.0,23,23,5441.08001535638,0.71875,0.8693418436747934,0.4463418776510608,1353112248.492363,2851792148.072479,23,23,0.4744778645270235,0.71875,0.9365022317709222
NO,2018,33,33,292001.0,256794.0,32,0,1,0.0,1568.0,198380.0,45537.0,11309.0,23933.0,0,0,1,0.0,65.0,14593.0,8263.0,,17893.52,38712.78,14901.64,4956741421.106543,3366069652.305617,4702737522.713308,3193578343.739855,827202998.2047409,561744636.6471143,,,8848.515151515152,4111.0,0.0,44394.0,16,28,33,0.8484848484848485,True,high,1.0,0.0,0.0,True,292001.0,0.006106061668107511,0.006106061668107511,0.006106061668107511,0.04145408163265306,0.772525837831102,0.772525837831102,0.772525837831102,0.07356084282689787,0.17732890955396155,0.17732890955396155,0.17732890955396155,0.181456837297143,0.044039190946828975,0.044039190946828975,0.044039190946828975,,0.044039190946828975,0.044039190946828975,0.044039190946828975,8848.515151515152,8848.515151515152,8848.515151515152,0.08196204807517782,23933.0,292001.0,32,32,0.08196204807517782,0.9696969696969697,1.0,16.31881262043466,290828.0,17893.52,30,30,16.253258162731537,0.9090909090909091,1.0,16975.083719256243,4956741421.106544,287786.0,29,29,17223.70588251876,0.8787878787878788,0.9855651179276783,11527.5963174976,3366069652.3056164,287786.0,29,29,11696.43294776541,0.8787878787878788,0.9855651179276783,16105.210333914296,4691586611.121748,288229.0,30,30,16277.288583458805,0.9090909090909091,0.9870822360197397,10936.874681045116,3186005879.9143124,288229.0,30,30,11053.731164852643,0.9090909090909091,0.9870822360197397,1923.7764139407545,561744636.6471143,287786.0,29,29,1951.9526198185954,0.8787878787878788,0.9855651179276783,,,,0,0,,0.0,,,,,0,0,,0.0,
NO,2019,33,33,295174.0,257198.0,32,0,1,0.0,1416.0,195618.0,48804.0,11360.0,23425.0,0,0,1,0.0,64.0,13796.0,8664.0,,18390.370000000003,39841.450000000004,15250.909999999998,5022416599.925544,3393950264.616508,4826942479.715972,3261856594.405878,879656027.2428694,594436711.29884,2218833784.044421,1499400011.6615674,8944.666666666666,4515.0,0.0,45304.0,16,31,33,0.9393939393939394,True,high,1.0,0.0,0.0,True,295174.0,0.005505486045770185,0.005505486045770185,0.005505486045770185,0.04519774011299435,0.7605735658908701,0.7605735658908701,0.7605735658908701,0.07052520729176252,0.18975264193345204,0.18975264193345204,0.18975264193345204,0.17752643225965084,0.0441683061299077,0.0441683061299077,0.0441683061299077,,0.0441683061299077,0.0441683061299077,0.0441683061299077,8944.666666666666,8944.666666666666,8944.666666666666,0.07935997072912926,23425.0,295174.0,32,32,0.07935997072912926,0.9696969696969697,1.0,16.05046554256385,294304.0,18390.37,30,30,16.003158174631615,0.9090909090909091,0.9999999999999998,17015.104988669544,5022416599.925545,291361.0,29,29,17237.7792495411,0.8787878787878788,0.9870821955863321,11498.134200900175,3393950264.616508,291361.0,29,29,11648.608649120877,0.8787878787878788,0.9870821955863321,16352.871457906089,4816108839.716377,291737.0,30,30,16508.3922838597,0.9090909090909091,0.9883560205167122,11050.623003400971,3254535649.475917,291737.0,30,30,11155.717819391839,0.9090909090909091,0.9883560205167122,2013.8518680467794,594436711.29884,291361.0,29,29,2040.2068612437492,0.8787878787878788,0.9870821955863321,5079.715732624037,1495638830.962148,254364.0,24,24,5879.915518556667,0.7272727272727273,0.8617425654021018,0.4596768644682467,1489071125.272675,3033858485.200786,23,23,0.4908175949987086,0.696969696969697,0.9301017372756021
NO,2020,34,34,308374.0,266956.0,33,0,2,0.0,1469.0,200912.0,53003.0,11572.0,17365.0,0,0,1,0.0,81.0,8530.0,8141.0,,25045.000000000004,40677.65000000001,15268.0,4796378495.940422,3426559844.915182,4389206617.205393,3135673958.6505785,787154863.5319133,562347873.3780165,,,9069.823529411764,4245.0,0.0,45831.0,16,32,34,0.9411764705882353,True,high,1.0,0.0,0.0,True,308374.0,0.005502779484259578,0.005502779484259578,0.005502779484259578,0.05513955071477195,0.7526034252835674,0.7526034252835674,0.7526034252835674,0.04245639882137453,0.1985458277768621,0.1985458277768621,0.1985458277768621,0.15359507952380053,0.043347967455310984,0.043347967455310984,0.043347967455310984,,0.043347967455310984,0.043347967455310984,0.043347967455310984,9069.823529411764,9069.823529411764,9069.823529411764,0.05631149188971833,17365.0,308374.0,32,32,0.05631149188971833,0.9411764705882353,1.0,12.312796965462166,307092.0,25045.000000000007,30,30,12.261609103613493,0.8823529411764706,1.0,15553.77073274797,4796378495.940421,304851.0,29,29,15733.51734434337,0.8529411764705882,0.988575560844948,11111.701521254003,3426559844.9151826,304851.0,29,29,11240.113514192779,0.8529411764705882,0.988575560844948,14233.387436052952,4389206617.205393,304851.0,29,29,14397.875083911133,0.8529411764705882,0.988575560844948,10168.412248278319,3135673958.6505785,304851.0,29,29,10285.923151475896,0.8529411764705882,0.988575560844948,1823.5904238944154,562347873.3780166,304851.0,29,29,1844.6646833305995,0.8529411764705882,0.988575560844948,,,,0,0,,0.0,,,,,0,0,,0.0,
NO,2021,34,34,252819.0,209218.0,33,0,0,,1447.0,138755.0,57070.0,11946.0,13656.0,0,0,0,,56.0,3923.0,9076.0,,26122.6,42305.439999999995,15782.83,5412181601.959003,3905179532.9307823,4943239637.405173,3566812734.3286963,908805031.2723234,655751611.5616992,2140640147.3930714,1544586768.4749343,7435.85294117647,3165.5,0.0,41247.0,16,32,34,0.9411764705882353,True,high,1.0,0.0,0.0,True,252819.0,0.006916230917033907,0.006916230917033907,0.006916230917033907,0.038700760193503804,0.6632077545909052,0.6632077545909052,0.6632077545909052,0.02827285503225109,0.2727776768729268,0.2727776768729268,0.2727776768729268,0.1590327667776415,0.05709833761913411,0.05709833761913411,0.05709833761913411,,0.05709833761913411,0.05709833761913411,0.05709833761913411,7435.85294117647,7435.85294117647,7435.85294117647,0.05401492767553072,13656.0,252819.0,32,32,0.05401492767553072,0.9411764705882353,1.0,9.67817139182164,250396.0,26122.6,30,30,9.585416459311094,0.8823529411764706,1.0,21407.3372727485,5412181601.959003,248939.0,29,29,21740.995191428436,0.8529411764705882,0.984653052183578,15446.542913826817,3905179532.9307814,248939.0,29,29,15687.295011753005,0.8529411764705882,0.984653052183578,19552.484731785084,4943239637.405172,248939.0,29,29,19857.232644965923,0.8529411764705882,0.984653052183578,14108.167243477335,3566812734.3286963,248939.0,29,29,14328.059220647212,0.8529411764705882,0.984653052183578,2593.759217312382,655751611.5616994,248939.0,29,29,2634.185931339402,0.8529411764705882,0.984653052183578,6109.456838587821,1535555548.6926084,214914.0,23,23,7144.9768218571535,0.6764705882352942,0.8500706038707534,0.4330439760991933,1522201411.400538,3284811352.096156,21,21,0.46340603713183304,0.6176470588235294,0.9209374297903489
NO,2022,34,34,258520.0,222406.0,33,0,1,0.0,1488.0,159776.0,48746.0,12396.0,19368.0,33,0,1,0.0,51.0,5668.0,8410.0,4858.0,26835.560000000005,43335.46000000001,16140.61,5709302252.6874275,4253253566.3036184,5453681523.370221,4062824030.35152,1060519173.7770474,790053978.2908467,,,7603.529411764706,3171.0,0.0,39509.0,15,33,34,0.9705882352941176,True,high,1.0,0.0,0.0,True,258520.0,0.006690466983804394,0.006690466983804394,0.006690466983804394,0.034274193548387094,0.718397884949147,0.718397884949147,0.718397884949147,0.03547466453034248,0.21917574166164583,0.21917574166164583,0.21917574166164583,0.1725269765724367,0.055735906405402734,0.055735906405402734,0.055735906405402734,0.39190061310100033,0.055735906405402734,0.055735906405402734,0.055735906405402734,7603.529411764706,7603.529411764706,7603.529411764706,0.07491876837382021,19368.0,258520.0,33,33,0.07491876837382021,0.9705882352941176,1.0,9.633486314427572,255096.0,26835.56,30,30,9.505894417705463,0.8823529411764706,0.9999999999999999,22084.56696846444,5709302252.687427,253620.0,29,29,22511.24616626223,0.8529411764705882,0.9810459538913817,16452.319225992644,4253253566.3036184,253620.0,29,29,16770.18202942835,0.8529411764705882,0.9810459538913817,21095.781848097715,5453681523.370221,253620.0,29,29,21503.35747721087,0.8529411764705882,0.9810459538913817,15715.704898466347,4062824030.35152,253620.0,29,29,16019.33613418311,0.8529411764705882,0.9810459538913817,3056.0652107800042,790053978.2908467,253620.0,29,29,3115.109132918724,0.8529411764705882,0.9810459538913817,,,,0,0,,0.0,,,,,0,0,,0.0,
NO,2023,34,34,315981.0,273345.0,33,0,1,0.0,657.0,201041.0,59182.0,12465.0,28273.0,33,0,0,,27.0,14053.0,8444.0,5021.0,26672.279999999995,43185.549999999996,16243.61,5278841494.144318,4224019688.0681906,4975351953.644703,3981173640.1966696,992782620.0975075,794404101.3384416,2023842868.1464887,1619437168.1911786,9293.558823529413,4286.5,0.0,46952.0,15,33,34,0.9705882352941176,True,high,1.0,0.0,0.0,True,315981.0,0.002403555945782802,0.002403555945782802,0.002403555945782802,0.0410958904109589,0.7354844610291024,0.7354844610291024,0.7354844610291024,0.06990116443909451,0.2165102709030712,0.2165102709030712,0.2165102709030712,0.14267851711669088,0.04560171212204357,0.04560171212204357,0.04560171212204357,0.40280786201363816,0.04560171212204357,0.04560171212204357,0.04560171212204357,9293.558823529413,9293.558823529413,9293.558823529413,0.08947689892746716,28273.0,315981.0,33,33,0.08947689892746716,0.9705882352941176,1.0,11.846793749915644,308395.0,26672.28,29,29,11.562378619300638,0.8529411764705882,1.0,16706.199088376572,5278841494.144318,308395.0,29,29,17117.14357931976,0.8529411764705882,0.9759922273807602,13367.954681035222,4224019688.06819,308395.0,29,29,13696.783955862416,0.8529411764705882,0.9759922273807602,15745.731400447188,4975351953.644703,308395.0,29,29,16133.04999641597,0.8529411764705882,0.9759922273807602,12599.408319477025,3981173640.196669,308395.0,29,29,12909.33264221751,0.8529411764705882,0.9759922273807602,2514.088193082627,794404101.3384417,308395.0,29,29,2575.93054796103,0.8529411764705882,0.9759922273807602,5125.109320469201,1619437168.1911786,261138.0,14,14,6201.461174517606,0.4117647058823529,0.8264357667074919,0.406773809572189,1619437168.1911786,3560156606.7601457,14,14,0.4548780705646871,0.4117647058823529,0.8942480103892867
PL,2014,282,282,1577925.0,1445975.0,281,0,1,0.0,0.0,1033900.0,371695.0,40380.0,46670.0,281,0,1,0.0,0.0,27425.0,9705.0,1145.0,93750.0,170325.0,76585.0,3952046985.1588078,6707206356.545756,3442715794.7565894,5842796239.28712,439351384.93893844,745644070.7526698,588931171.2831297,999503019.683714,5595.478723404255,2067.5,0.0,52135.0,78,281,282,0.9964539007092199,True,high,1.0,0.0,0.0,True,1577925.0,0.0,0.0,0.0,,0.7150192776500285,0.7150192776500285,0.7150192776500285,0.026525776187252152,0.25705492833555216,0.25705492833555216,0.25705492833555216,0.02611011716595596,0.027925794014419338,0.027925794014419338,0.027925794014419338,0.028355621594848935,0.027925794014419338,0.027925794014419338,0.027925794014419338,5595.478723404255,5595.478723404255,5595.478723404255,0.02957681765609899,46670.0,1577925.0,281,281,0.02957681765609899,0.9964539007092199,1.0,16.8312,1577925.0,93750.0,281,281,16.8312,0.9964539007092199,1.0,2504.584809264577,3952046985.1588078,1083785.0,94,94,3646.5230513052015,0.3333333333333333,0.6868418967948413,4250.6496547971265,6707206356.545757,1083785.0,94,94,6188.687199532894,0.3333333333333333,0.6868418967948413,2181.7993851143683,3442715794.75659,1090450.0,93,93,3157.1514464272454,0.32978723404255317,0.6910657984378218,3702.835204009772,5842796239.287121,1090450.0,93,93,5358.1514414114545,0.32978723404255317,0.6910657984378218,472.54721913441375,745644070.7526697,1083785.0,94,94,687.9999914675601,0.3333333333333333,0.6868418967948413,633.4287242319591,999503019.6837139,1388245.0,228,228,719.9759550250236,0.8085106382978723,0.879791498328501,0.17106586961958878,996230445.0636588,5768224612.551663,91,91,0.17271006453109683,0.32269503546099293,0.9872369968622156
PL,2015,281,281,1529680.0,1393835.0,281,0,0,,0.0,998060.0,355100.0,40675.0,58060.0,281,0,0,,0.0,34740.0,12380.0,1280.0,93990.0,169775.0,75805.0,4173145312.0145307,7112771115.257082,3858490714.8490715,6576469126.548969,469148920.91489214,799624418.5004439,636151454.3151455,1084266027.390564,5443.701067615659,1935.0,0.0,51455.0,78,281,281,1.0,True,high,1.0,0.0,0.0,True,1529680.0,0.0,0.0,0.0,,0.7160531913748758,0.7160531913748758,0.7160531913748758,0.03480752660160712,0.2547647318369821,0.2547647318369821,0.2547647318369821,0.0348634187552802,0.029182076788142067,0.029182076788142067,0.029182076788142067,0.03146896127842655,0.029182076788142067,0.029182076788142067,0.029182076788142067,5443.701067615659,5443.701067615659,5443.701067615659,0.0379556508550808,58060.0,1529680.0,279,279,0.0379556508550808,0.9928825622775801,1.0,16.27492286413448,1529680.0,93990.0,279,279,16.27492286413448,0.9928825622775801,1.0,2728.11654203136,4173145312.0145307,1046845.0,94,94,3986.4022964378973,0.33451957295373663,0.6843555514878928,4649.84252605583,7112771115.257083,1046845.0,94,94,6794.483534102072,0.33451957295373663,0.6843555514878928,2522.4169204337322,3858490714.849071,1044425.0,93,93,3694.3683987352574,0.3309608540925267,0.6827735212593483,4299.245022847242,6576469126.548968,1044425.0,93,93,6296.736602962365,0.3309608540925267,0.6827735212593483,522.7396700620025,799624418.5004439,1046845.0,94,94,763.8422292702778,0.33451957295373663,0.6843555514878928,708.8188558329612,1084266027.390564,1322460.0,227,227,819.8856883312644,0.8078291814946619,0.8645337586946289,0.16487054170351398,1083360313.82645,6558626764.866429,91,91,0.16518096739851812,0.3238434163701068,0.9972869390338182
PL,2016,274,274,1479515.0,1344085.0,274,0,0,,0.0,965635.0,337765.0,40685.0,66420.0,274,0,0,,0.0,39710.0,14760.0,1405.0,93920.0,169410.0,75470.0,3439961266.960029,6016788130.972997,,,,,530978.8687202054,928727.7115002245,5399.689781021898,2032.5,0.0,50800.0,77,274,274,1.0,True,high,1.0,0.0,0.0,True,1479515.0,0.0,0.0,0.0,,0.7184329860090694,0.7184329860090694,0.7184329860090694,0.04112319872415561,0.25129735098598677,0.25129735098598677,0.25129735098598677,0.04369902150903735,0.030269663004943884,0.030269663004943884,0.030269663004943884,0.03453361189627627,0.030269663004943884,0.030269663004943884,0.030269663004943884,5399.689781021898,5399.689781021898,5399.689781021898,0.04489308996529268,66420.0,1479515.0,272,272,0.04489308996529268,0.9927007299270073,1.0,15.752928023850085,1479515.0,93920.0,272,272,15.752928023850085,0.9927007299270073,1.0,2325.060081824131,3439961266.9600286,1004665.0,94,94,3423.988361254775,0.34306569343065696,0.6790502292981145,4066.7300642257746,6016788130.972999,1004665.0,94,94,5988.850145046357,0.34306569343065696,0.6790502292981145,,,,0,0,,0.0,,,,,0,0,,0.0,,,,,0,0,,0.0,,0.6277244309792226,928727.7115002245,1285320.0,223,223,0.722565362322398,0.8138686131386861,0.8687441492651308,,,,0,0,,0.0,
PL,2017,248,248,1242160.0,1107420.0,248,1,6,0.0,0.0,768560.0,299990.0,38870.0,65055.0,248,1,7,0.0,0.0,37695.0,15730.0,1450.0,93130.0,,,4954296241.484614,8311830653.424765,4793975217.289169,8042859817.13565,317733427.2962179,533061874.35958076,0.0,0.0,5008.709677419355,1952.5,0.0,44690.0,74,240,248,0.967741935483871,True,high,1.0,0.0,0.0,True,1242160.0,0.0,0.0,0.0,,0.6940094995575301,0.6940094995575301,0.6940094995575301,0.04904626834599771,0.2708908995683661,0.2708908995683661,0.2708908995683661,0.05243508116937231,0.03509960087410377,0.03509960087410377,0.03509960087410377,0.03730383329045536,0.03509960087410377,0.03509960087410377,0.03509960087410377,5008.709677419355,5008.709677419355,5008.709677419355,0.05237248019578798,65055.0,1242160.0,241,241,0.05237248019578798,0.9717741935483871,1.0,13.3379147428326,1242160.0,93130.0,244,244,13.3379147428326,0.9838709677419355,1.0,3988.452567692257,4954296241.484614,980540.0,133,133,5052.620231183444,0.5362903225806451,0.7893830102402267,6691.433191718269,8311830653.424765,980540.0,133,133,8476.788966717078,0.5362903225806451,0.7893830102402267,3859.386244355936,4793975217.289171,980540.0,133,133,4889.1174427245915,0.5362903225806451,0.7893830102402267,6474.898416577293,8042859817.135651,980540.0,133,133,8202.480079482377,0.5362903225806451,0.7893830102402267,429.14107229308684,533061874.3595807,980540.0,133,133,543.641130764253,0.5362903225806451,0.7893830102402267,0.0,0.0,259390.0,128,128,0.0,0.5161290322580645,0.20882172988986927,0.0,0.0,317343974.1467644,33,33,0.0,0.13306451612903225,0.0394566088881283
PL,2018,245,245,1207065.0,1067620.0,245,0,4,0.0,0.0,747880.0,282930.0,36810.0,72735.0,245,0,4,0.0,0.0,42285.0,17960.0,1565.0,91390.0,,,5163268004.2238655,8534054198.7131,5029251554.6169195,8312546493.994082,329945981.4619266,545347808.0433156,0.0,0.0,4926.7959183673465,2000.0,0.0,43505.0,73,241,245,0.9836734693877551,True,high,1.0,0.0,0.0,True,1207065.0,0.0,0.0,0.0,,0.7005114179202337,0.7005114179202337,0.7005114179202337,0.056539819222335135,0.26501002229257603,0.26501002229257603,0.26501002229257603,0.06347859894673594,0.0344785597871902,0.0344785597871902,0.0344785597871902,0.042515620755229556,0.0344785597871902,0.0344785597871902,0.0344785597871902,4926.7959183673465,4926.7959183673465,4926.7959183673465,0.0602577325993215,72735.0,1207065.0,241,241,0.0602577325993215,0.9836734693877551,1.0,13.207845497319182,1203640.0,91390.0,241,241,13.170368749316118,0.9836734693877551,1.0,4277.539324082684,5163268004.223865,921940.0,133,133,5600.438210972367,0.5428571428571428,0.7637865400786205,7070.086696833311,8534054198.713101,921940.0,133,133,9256.626460196001,0.5428571428571428,0.7637865400786205,4166.512619135606,5029251554.61692,921940.0,133,133,5455.074684488059,0.5428571428571428,0.7637865400786205,6886.57735415581,8312546493.9940815,921940.0,133,133,9016.363856643688,0.5428571428571428,0.7637865400786205,451.7965544882137,545347808.0433155,891720.0,113,113,611.5684385718786,0.46122448979591835,0.7387506058083037,0.0,0.0,269425.0,128,128,0.0,0.5224489795918368,0.22320670386433208,0.0,0.0,331458679.97781473,33,33,0.0,0.1346938775510204,0.039874505389810175
PL,2019,243,243,1173915.0,1022400.0,243,0,4,0.0,0.0,723865.0,267105.0,31430.0,75215.0,243,0,4,0.0,0.0,43855.0,17530.0,1470.0,91745.0,,,5872486969.471334,9663580459.638079,5472005049.32986,9004559966.610764,516813221.3328369,850451635.3834019,0.0,0.0,4830.925925925926,1990.0,0.0,41815.0,72,239,243,0.9835390946502057,True,high,1.0,0.0,0.0,True,1173915.0,0.0,0.0,0.0,,0.7080056729264476,0.7080056729264476,0.7080056729264476,0.06058450125368681,0.26125293427230045,0.26125293427230045,0.26125293427230045,0.06562962130997173,0.030741392801251956,0.030741392801251956,0.030741392801251956,0.0467706013363029,0.030741392801251956,0.030741392801251956,0.030741392801251956,4830.925925925926,4830.925925925926,4830.925925925926,0.06407193025048662,75215.0,1173915.0,239,239,0.06407193025048662,0.9835390946502057,1.0,12.795411194070521,1173915.0,91745.0,239,239,12.795411194070521,0.9835390946502057,1.0,5002.4805624524215,5872486969.471333,881420.0,129,129,6662.529746853183,0.5308641975308642,0.7508380078625795,8231.92519018675,9663580459.63808,881420.0,129,129,10963.650086948424,0.5308641975308642,0.7508380078625795,4661.329865731215,5472005049.329859,881420.0,129,129,6208.16982747142,0.5308641975308642,0.7508380078625795,7670.538298437931,9004559966.610764,881420.0,129,129,10215.969647399383,0.5308641975308642,0.7508380078625795,724.457593082465,850451635.3834018,881420.0,129,129,964.8653710868845,0.5308641975308642,0.7508380078625795,0.0,0.0,273955.0,127,127,0.0,0.522633744855967,0.23336868512626552,0.0,0.0,344534541.7786661,31,31,0.0,0.12757201646090535,0.03826222969875404
PL,2020,239,239,1272365.0,1106230.0,238,0,2,0.0,0.0,813970.0,263480.0,28780.0,80615.0,238,0,2,0.0,0.0,49110.0,17700.0,1600.0,91655.0,,,5501298401.980645,9194664580.127977,5309534661.264911,8874157829.598503,466084965.11366194,778996994.3309847,1737541672.5815892,2904062224.225166,5323.702928870292,2475.0,0.0,42755.0,71,236,239,0.9874476987447699,True,high,1.0,0.0,0.0,True,1272365.0,0.0,0.0,0.0,,0.7358053930918526,0.7358053930918526,0.7358053930918526,0.06033391894050149,0.23817831734811024,0.23817831734811024,0.23817831734811024,0.06717777440412935,0.026016289560037244,0.026016289560037244,0.026016289560037244,0.05559416261292564,0.026016289560037244,0.026016289560037244,0.026016289560037244,5323.702928870292,5323.702928870292,5323.702928870292,0.06335839165648222,80615.0,1272365.0,237,237,0.06335839165648222,0.9916317991631799,1.0,13.882112268834215,1272365.0,91655.0,237,237,13.882112268834215,0.9916317991631799,1.0,4323.679448885065,5501298401.980643,915185.0,134,134,6011.132614696093,0.5606694560669456,0.7192786661060309,7226.436266423532,9194664580.127977,915185.0,134,134,10046.782432107146,0.5606694560669456,0.7192786661060309,4172.965038542329,5309534661.264912,915185.0,134,134,5801.597121090175,0.5606694560669456,0.7192786661060309,6974.537832774796,8874157829.598503,915185.0,134,134,9696.572637880323,0.5606694560669456,0.7192786661060309,612.2433376672454,778996994.3309846,915185.0,134,134,851.1907366608768,0.5606694560669456,0.7192786661060309,2282.412848691347,2904062224.2251654,1076355.0,206,206,2698.052430866364,0.8619246861924686,0.8459482931391542,0.3272493322734328,2872643068.0432305,7477693948.410832,110,110,0.3841616262796805,0.4602510460251046,0.8426370244926271
PL,2021,239,239,1291930.0,1109530.0,239,0,0,,0.0,826000.0,257850.0,25680.0,82780.0,239,0,0,,0.0,50855.0,18070.0,1845.0,92145.0,,,5452813107.859459,9059181902.876442,5250965565.583108,8723836904.623268,516500657.1453606,858102655.1764295,2011526519.3814073,3341905229.6640263,5405.564853556485,2595.0,0.0,42010.0,71,237,239,0.9916317991631799,True,high,1.0,0.0,0.0,True,1291930.0,0.0,0.0,0.0,,0.7444593656773589,0.7444593656773589,0.7444593656773589,0.06156779661016949,0.23239569907979055,0.23239569907979055,0.23239569907979055,0.07007950358735698,0.023144935242850575,0.023144935242850575,0.023144935242850575,0.07184579439252337,0.023144935242850575,0.023144935242850575,0.023144935242850575,5405.564853556485,5405.564853556485,5405.564853556485,0.06407467896867478,82780.0,1291930.0,237,237,0.06407467896867478,0.9916317991631799,1.0,14.020619675511423,1291930.0,92145.0,237,237,14.020619675511423,0.9916317991631799,1.0,4220.672256128009,5452813107.859459,878035.0,126,126,6210.245728085394,0.5271966527196653,0.679630475335351,7012.130613018076,9059181902.87644,878035.0,126,126,10317.56354003706,0.5271966527196653,0.679630475335351,4064.4350433716286,5250965565.583108,878035.0,126,126,5980.3601970116315,0.5271966527196653,0.679630475335351,6752.561597472981,8723836904.623268,878035.0,126,126,9935.636853454895,0.5271966527196653,0.679630475335351,664.2021279608257,858102655.1764294,878035.0,126,126,977.298917670058,0.5271966527196653,0.679630475335351,2586.754104064482,3341905229.664027,1120370.0,209,209,2982.8585464302214,0.8744769874476988,0.8672064275928263,0.3830774539002393,3276030243.5913296,7487265124.606965,106,106,0.4375469799813321,0.4435146443514644,0.8582536797127681
PL,2022,265,265,1329410.0,1126980.0,265,0,2,0.0,0.0,850660.0,253740.0,22580.0,108095.0,265,0,2,0.0,0.0,70950.0,23100.0,1925.0,93170.0,,,5610289686.519708,9015008281.069443,5449966283.263268,8757389354.282326,580315486.2252192,932491761.7932372,1971494095.5015898,3167935452.5544443,5016.641509433963,2235.0,0.0,40880.0,78,263,265,0.9924528301886792,True,high,1.0,0.0,0.0,True,1329410.0,0.0,0.0,0.0,,0.7548137500221832,0.7548137500221832,0.7548137500221832,0.08340582606446759,0.22515040195921845,0.22515040195921845,0.22515040195921845,0.09103807046583116,0.020035848018598378,0.020035848018598378,0.020035848018598378,0.08525243578387955,0.020035848018598378,0.020035848018598378,0.020035848018598378,5016.641509433963,5016.641509433963,5016.641509433963,0.08131050616438872,108095.0,1329410.0,263,263,0.08131050616438872,0.9924528301886792,1.0,14.268648706665235,1329410.0,93170.0,263,263,14.268648706665235,0.9924528301886792,1.0,4220.13501216307,5610289686.519708,834640.0,120,120,6721.807829147546,0.4528301886792453,0.6278273820717462,6781.209920994609,9015008281.069439,834640.0,120,120,10801.073853481068,0.4528301886792453,0.6278273820717462,4099.537601840868,5449966283.263268,834640.0,120,120,6529.720937485944,0.4528301886792453,0.6278273820717462,6587.425515290486,8757389354.282326,834640.0,120,120,10492.4151182334,0.4528301886792453,0.6278273820717462,701.4327873216217,932491761.7932372,834640.0,120,120,1117.2382845217546,0.4528301886792453,0.6278273820717462,2382.963459395103,3167935452.5544443,935745.0,191,191,3385.4687468855773,0.720754716981132,0.7038799166547566,0.36174427382349256,3146523574.0787096,7108198087.295845,93,93,0.44266121110247986,0.35094339622641507,0.8116800338242317
PT,2014,91,91,333960.0,275765.0,91,0,1,0.0,375.0,201175.0,54910.0,19305.0,21280.0,91,0,1,0.0,30.0,8460.0,6275.0,4840.0,24335.0,37995.0,13690.0,1753667381.3899999,2171380117.3188643,1645654679.9399998,2037639457.69587,184418406.40000004,228345731.45061836,0.0,0.0,3669.8901098901097,1210.0,0.0,45735.0,39,90,91,0.989010989010989,True,high,1.0,0.0,0.0,True,333960.0,0.001359853498449767,0.001359853498449767,0.001359853498449767,0.08,0.7295160734683517,0.7295160734683517,0.7295160734683517,0.0420529389834721,0.19911881493300454,0.19911881493300454,0.19911881493300454,0.11427790930613732,0.070005258100194,0.070005258100194,0.070005258100194,0.25071225071225073,0.070005258100194,0.070005258100194,0.070005258100194,3669.8901098901097,3669.8901098901097,3669.8901098901097,0.06372020601269614,21280.0,333960.0,90,90,0.06372020601269614,0.989010989010989,1.0,13.723443599753441,333960.0,24335.0,91,91,13.723443599753441,1.0,1.0,5251.130019732902,1753667381.3899999,280910.0,34,34,6242.808662525364,0.37362637362637363,0.8411486405557552,6501.916748469471,2171380117.3188643,280910.0,34,34,7729.807117293312,0.37362637362637363,0.8411486405557552,4927.699963887891,1645654679.9399998,280910.0,34,34,5858.29867195899,0.37362637362637363,0.8411486405557552,6101.4476515027845,2037639457.69587,280910.0,34,34,7253.709222512085,0.37362637362637363,0.8411486405557552,683.7517410786272,228345731.45061836,280910.0,34,34,812.878613971088,0.37362637362637363,0.8411486405557552,0.0,0.0,108335.0,63,63,0.0,0.6923076923076923,0.3243951371421727,0.0,0.0,533693369.1130075,20,20,0.0,0.21978021978021978,0.26191746881290734
PT,2015,90,90,338705.0,279610.0,90,0,0,,6255.0,198850.0,55465.0,19040.0,24335.0,90,0,0,,305.0,8905.0,7535.0,5520.0,25910.0,39825.0,13915.0,1763884905.3,2168207995.9730654,1605965043.7199998,1974089260.9173446,223620474.51,274879443.3463385,0.0,0.0,3763.3888888888887,1272.5,80.0,47265.0,38,90,90,1.0,True,high,1.0,0.0,0.0,True,338705.0,0.022370444547762956,0.022370444547762956,0.022370444547762956,0.04876099120703437,0.7111691284288831,0.7111691284288831,0.7111691284288831,0.04478249937138547,0.19836558063016344,0.19836558063016344,0.19836558063016344,0.1358514378436852,0.06809484639319051,0.06809484639319051,0.06809484639319051,0.28991596638655465,0.06809484639319051,0.06809484639319051,0.06809484639319051,3763.3888888888887,3763.3888888888887,3763.3888888888887,0.07184718265156995,24335.0,338705.0,90,90,0.07184718265156995,1.0,1.0,13.07236588189888,338705.0,25910.0,90,90,13.07236588189888,1.0,1.0,5207.732112900607,1763884905.3,285595.0,34,34,6176.175721913899,0.37777777777777777,0.8431968822426595,6401.464389285855,2168207995.9730654,285595.0,34,34,7591.897603155046,0.37777777777777777,0.8431968822426595,4741.486082933526,1605965043.7199998,285595.0,34,34,5623.225349603459,0.37777777777777777,0.8431968822426595,5828.344018887659,1974089260.9173446,285595.0,34,34,6912.198255982578,0.37777777777777777,0.8431968822426595,811.5600399945041,274879443.3463385,285595.0,34,34,962.4798870650344,0.37777777777777777,0.8431968822426595,0.0,0.0,114250.0,65,65,0.0,0.7222222222222222,0.33731418195775087,0.0,0.0,528243859.0597428,20,20,0.0,0.2222222222222222,0.2675886392362379
PT,2016,96,96,344925.0,286345.0,95,0,1,0.0,10740.0,199110.0,56920.0,19575.0,27440.0,95,0,1,0.0,535.0,9860.0,8680.0,5970.0,26950.0,40685.0,13710.0,1787361143.52,2172824567.4314795,1652902869.0,2009368937.1965406,198244935.55,240998562.5420922,0.0,0.0,3592.96875,860.0,0.0,47535.0,40,95,96,0.9895833333333334,True,high,1.0,0.0,0.0,True,344925.0,0.037507202849709265,0.037507202849709265,0.037507202849709265,0.04981378026070764,0.6953500148422358,0.6953500148422358,0.6953500148422358,0.049520365627040326,0.19878119052192286,0.19878119052192286,0.19878119052192286,0.15249472944483486,0.06836159178613212,0.06836159178613212,0.06836159178613212,0.3049808429118774,0.06836159178613212,0.06836159178613212,0.06836159178613212,3592.96875,3592.96875,3592.96875,0.0795535261288686,27440.0,344925.0,95,95,0.0795535261288686,0.9895833333333334,1.0,12.7987012987013,344925.0,26950.0,95,95,12.7987012987013,0.9895833333333334,1.0,5181.883434137856,1787361143.52,288720.0,34,34,6190.638485453034,0.3541666666666667,0.8370515329419439,6299.411661756844,2172824567.4314795,288720.0,34,34,7525.715459377527,0.3541666666666667,0.8370515329419439,4792.064561861274,1652902869.0,288720.0,34,34,5724.933738570241,0.3541666666666667,0.8370515329419439,5825.524207281411,2009368937.1965406,288720.0,34,34,6959.5765350392785,0.3541666666666667,0.8370515329419439,698.6984490602078,240998562.5420922,288720.0,34,34,834.7137799324336,0.3541666666666667,0.8370515329419439,0.0,0.0,119220.0,70,70,0.0,0.7291666666666666,0.34564035659926073,0.0,0.0,541411757.8452659,20,20,0.0,0.20833333333333334,0.2694436784718292
PT,2017,90,90,353454.0,294648.0,90,0,0,,12191.0,203148.0,59070.0,20239.0,33196.0,90,0,0,,652.0,11964.0,10779.0,6599.0,23799.530038588116,37599.96003858811,13800.429999999998,1787240232.9500003,2132429369.5801578,1716794526.1,2048377717.4976497,163464938.4,195036699.10418984,0.0,0.0,3927.266666666667,1325.5,109.0,47989.0,39,90,90,1.0,True,high,1.0,0.0,0.0,True,353454.0,0.04137479297331053,0.04137479297331053,0.04137479297331053,0.0534820769420064,0.689459965789688,0.689459965789688,0.689459965789688,0.058893023805304506,0.2004765007738047,0.2004765007738047,0.2004765007738047,0.1824784154393093,0.06868874046319676,0.06868874046319676,0.06868874046319676,0.3260536587776076,0.06868874046319676,0.06868874046319676,0.06868874046319676,3927.266666666667,3927.266666666667,3927.266666666667,0.09391886921636196,33196.0,353454.0,90,90,0.09391886921636196,1.0,1.0,14.851301661289792,353454.0,23799.530038588116,90,90,14.851301661289792,1.0,1.0,5056.500231854782,1787240232.9500003,293334.0,34,34,6092.850583123675,0.37777777777777777,0.8299071449184335,6033.1170946718885,2132429369.5801578,293334.0,34,34,7269.6290562299555,0.37777777777777777,0.8299071449184335,4857.19365490276,1716794526.1,293334.0,34,34,5852.695310124295,0.37777777777777777,0.8299071449184335,5795.31627170056,2048377717.4976497,293334.0,34,34,6983.089984446568,0.37777777777777777,0.8299071449184335,551.8022121809057,195036699.10418984,293334.0,34,34,664.8963267271773,0.37777777777777777,0.8299071449184335,0.0,0.0,120783.0,64,64,0.0,0.7111111111111111,0.3417219779660154,0.0,0.0,549766166.581556,20,20,0.0,0.2222222222222222,0.2683910110353887
PT,2018,90,90,365040.0,304839.0,90,0,0,,14661.0,206316.0,62991.0,20871.0,40728.0,90,0,0,,1145.0,14783.0,13476.0,7178.0,24167.71851364678,38156.90851364679,13989.189999999999,1893514079.21,2247894674.6720486,1782002805.89,2115513510.8802752,220352032.23999998,261592013.106191,0.0,0.0,4056.0,1412.5,128.0,49382.0,39,90,90,1.0,True,high,1.0,0.0,0.0,True,365040.0,0.04809423991024771,0.04809423991024771,0.04809423991024771,0.07809835618307073,0.6768031649493668,0.6768031649493668,0.6768031649493668,0.07165222280385428,0.20663694606005137,0.20663694606005137,0.20663694606005137,0.2139353240939182,0.06846564908033421,0.06846564908033421,0.06846564908033421,0.3439221886828614,0.06846564908033421,0.06846564908033421,0.06846564908033421,4056.0,4056.0,4056.0,0.11157133464825772,40728.0,365040.0,90,90,0.11157133464825772,1.0,1.0,15.104446031754009,365040.0,24167.71851364678,90,90,15.104446031754009,1.0,1.0,5187.141352207977,1893514079.21,300639.0,34,34,6298.29822215348,0.37777777777777777,0.8235782380013149,6157.940704229806,2247894674.6720486,300639.0,34,34,7477.056119372565,0.37777777777777777,0.8235782380013149,4881.664491261232,1782002805.89,300639.0,34,34,5927.384024993431,0.37777777777777777,0.8235782380013149,5795.2923265403115,2115513510.8802752,300639.0,34,34,7036.723481917766,0.37777777777777777,0.8235782380013149,716.6119140537777,261592013.106191,300639.0,34,34,870.1200213751077,0.37777777777777777,0.8235782380013149,0.0,0.0,125765.0,64,64,0.0,0.7111111111111111,0.34452388779311854,0.0,0.0,562199410.3282484,20,20,0.0,0.2222222222222222,0.2657508011349521
PT,2019,89,89,377613.0,317882.0,89,0,0,,16686.0,214582.0,65008.0,21606.0,48179.0,89,0,0,,2320.0,18727.0,14718.0,7601.0,24917.07256407542,42061.69256407543,17144.619999999995,1967123759.64,2323250124.764973,1874010478.1800003,2213279696.260358,212395215.42999998,250847059.4842166,0.0,0.0,4242.842696629214,1478.0,126.0,47818.0,38,89,89,1.0,True,high,1.0,0.0,0.0,True,377613.0,0.052491175970957774,0.052491175970957774,0.052491175970957774,0.13903871509049504,0.6750366488193732,0.6750366488193732,0.6750366488193732,0.08727199858329217,0.20450355792400954,0.20450355792400954,0.20450355792400954,0.2264029042579375,0.06796861728565946,0.06796861728565946,0.06796861728565946,0.35180042580764603,0.06796861728565946,0.06796861728565946,0.06796861728565946,4242.842696629214,4242.842696629214,4242.842696629214,0.1275882980723651,48179.0,377613.0,89,89,0.1275882980723651,1.0,1.0,15.154789914784349,377613.0,24917.07256407542,89,89,15.154789914784349,1.0,1.0,5209.3645071541505,1967123759.64,308459.0,34,34,6377.26167704622,0.38202247191011235,0.8168654151207718,6152.4633017533115,2323250124.764973,308459.0,34,34,7531.795553914696,0.38202247191011235,0.8168654151207718,4962.7806197879845,1874010478.1800003,261821.0,34,34,7157.601866084082,0.38202247191011235,0.6933580146869943,5861.238083064825,2213279696.260358,261821.0,34,34,8453.4078483405,0.38202247191011235,0.6933580146869943,664.296672742243,250847059.4842166,308459.0,34,34,813.226585978093,0.38202247191011235,0.8168654151207718,0.0,0.0,130708.0,62,62,0.0,0.6966292134831461,0.34614274402629147,0.0,0.0,967683146.9968536,21,21,0.0,0.23595505617977527,0.4372168364585317
PT,2020,92,92,402161.0,340135.0,92,0,0,,17886.0,230024.0,68743.0,23482.0,50572.0,92,0,0,,2618.0,20548.0,13773.0,8111.0,25431.948370966125,43057.56587096613,17625.6175,2054959952.31,2418416515.117457,1881904466.9799998,2214753060.1273603,272373550.49,320547703.1538884,0.0,0.0,4371.315217391304,1476.0,203.0,49266.0,39,92,92,1.0,True,high,1.0,0.0,0.0,True,402161.0,0.052585003013509345,0.052585003013509345,0.052585003013509345,0.14637146371463713,0.6762726564452349,0.6762726564452349,0.6762726564452349,0.08932980906340209,0.20210504652564423,0.20210504652564423,0.20210504652564423,0.20035494523078715,0.06903729401561144,0.06903729401561144,0.06903729401561144,0.3454135082190614,0.06903729401561144,0.06903729401561144,0.06903729401561144,4371.315217391304,4371.315217391304,4371.315217391304,0.12575063220948823,50572.0,402161.0,92,92,0.12575063220948823,1.0,1.0,15.813220211594919,402161.0,25431.948370966125,92,92,15.813220211594919,1.0,1.0,5109.7942175148755,2054959952.31,326838.0,34,34,6287.396056486699,0.3695652173913043,0.8127043646698711,6013.553067347299,2418416515.117457,326838.0,34,34,7399.43493448576,0.3695652173913043,0.8127043646698711,4679.480275262892,1881904466.9799998,326838.0,34,34,5757.912075646038,0.3695652173913043,0.8127043646698711,5507.130378448831,2214753060.1273603,326838.0,34,34,6776.302205151666,0.3695652173913043,0.8127043646698711,797.063124355391,320547703.1538884,326838.0,34,34,980.754083533397,0.3695652173913043,0.8127043646698711,0.0,0.0,140191.0,64,64,0.0,0.6956521739130435,0.34859421972791993,0.0,0.0,585885028.9686047,20,20,0.0,0.21739130434782608,0.2645374057796372
PT,2021,93,93,416338.0,378448.0,93,0,0,,19516.0,256857.0,77649.0,24426.0,54065.0,93,0,0,,3320.0,23432.0,14496.0,8283.0,26353.885274151005,44384.67027415101,18030.785,2121727249.1900005,2504118694.4216595,1928292381.11,2275821739.901687,272288843.31000006,321362504.57042706,0.0,0.0,4476.752688172043,1499.0,149.0,47734.0,40,93,93,1.0,True,high,1.0,0.0,0.0,True,416338.0,0.05156851139390352,0.05156851139390352,0.05156851139390352,0.17011682721869237,0.6787114742315985,0.6787114742315985,0.6787114742315985,0.09122585718901957,0.20517746163277387,0.20517746163277387,0.20517746163277387,0.18668624193486072,0.06454255274172409,0.06454255274172409,0.06454255274172409,0.33910587079341686,0.06454255274172409,0.06454255274172409,0.06454255274172409,4476.752688172043,4476.752688172043,4476.752688172043,0.12985843233142302,54065.0,416338.0,93,93,0.12985843233142302,1.0,1.0,15.797974214009415,416338.0,26353.885274151005,93,93,15.797974214009415,1.0,1.0,5096.165253207731,2121727249.1900005,336103.0,34,34,6312.729279982626,0.3655913978494624,0.8072839856078474,6014.629206129778,2504118694.4216595,336103.0,34,34,7450.450291790491,0.3655913978494624,0.8072839856078474,4631.555085315296,1928292381.11,336103.0,34,34,5737.206692918539,0.3655913978494624,0.8072839856078474,5466.283980567921,2275821739.901687,336103.0,34,34,6771.203291555526,0.3655913978494624,0.8072839856078474,771.8788690209086,321362504.57042706,336103.0,34,34,956.1429221709626,0.3655913978494624,0.8072839856078474,0.0,0.0,146125.0,66,66,0.0,0.7096774193548387,0.35097685053970573,0.0,0.0,597711341.2683892,20,20,0.0,0.21505376344086022,0.26263539485048143
PT,2022,94,94,427826.0,391995.0,94,0,0,,21257.0,265074.0,80628.0,25036.0,60916.0,94,0,0,,4155.0,25665.0,17704.0,8317.0,27096.082840461997,52554.136040462,18781.903199999993,2306685373.7799997,2755922844.877848,2052251099.62,2451936338.244571,317789779.25,379680784.5833652,0.0,0.0,4551.340425531915,1326.5,196.0,47178.0,40,94,94,1.0,True,high,1.0,0.0,0.0,True,427826.0,0.054227732496587966,0.054227732496587966,0.054227732496587966,0.19546502328644683,0.6762178089006238,0.6762178089006238,0.6762178089006238,0.09682201951153263,0.20568629701909463,0.20568629701909463,0.20568629701909463,0.2195763258421392,0.06386816158369367,0.06386816158369367,0.06386816158369367,0.33220162965329925,0.06386816158369367,0.06386816158369367,0.06386816158369367,4551.340425531915,4551.340425531915,4551.340425531915,0.14238498828963175,60916.0,427826.0,94,94,0.14238498828963175,1.0,1.0,15.78921951630354,427826.0,27096.082840461997,94,94,15.78921951630354,1.0,1.0,5391.643737827995,2306685373.7799997,342933.0,34,34,6726.344136551454,0.3617021276595745,0.8015711995063414,6441.69088572889,2755922844.877848,342933.0,34,34,8036.330259490478,0.3617021276595745,0.8015711995063414,4796.929358243772,2052251099.62,342933.0,34,34,5984.408323550081,0.3617021276595745,0.8015711995063414,5731.153174993037,2451936338.244571,342933.0,34,34,7149.899071377124,0.3617021276595745,0.8015711995063414,887.4654288971807,379680784.5833652,342933.0,34,34,1107.1573298089284,0.3617021276595745,0.8015711995063414,0.0,0.0,149035.0,66,66,0.0,0.7021276595744681,0.3483542374703735,0.0,0.0,636591323.2265065,19,19,0.0,0.20212765957446807,0.25962799820580373
PT,2023,94,94,429885.0,395831.0,94,0,0,,22111.0,267427.0,80525.0,25768.0,59618.0,94,0,0,,3924.0,24800.0,17418.0,8289.0,27522.05579831918,53168.24769831918,19680.171899999998,2572433198.44,3130928164.4069033,2244948117.2400002,2732343561.792556,353798085.96000004,430610362.40597844,,,4573.244680851064,1385.0,211.0,47466.0,40,94,94,1.0,True,high,1.0,0.0,0.0,True,429885.0,0.05585969769927065,0.05585969769927065,0.05585969769927065,0.17746822848356023,0.6756090351690495,0.6756090351690495,0.6756090351690495,0.0927355876556967,0.20343277813006055,0.20343277813006055,0.20343277813006055,0.21630549518782988,0.06509848900161938,0.06509848900161938,0.06509848900161938,0.32167805029493945,0.06509848900161938,0.06509848900161938,0.06509848900161938,4573.244680851064,4573.244680851064,4573.244680851064,0.13868360142828895,59618.0,429885.0,94,94,0.13868360142828895,1.0,1.0,15.61965440191622,429885.0,27522.05579831918,94,94,15.61965440191622,1.0,1.0,5984.003160007909,2572433198.44,342829.0,34,34,7503.546078190585,0.3617021276595745,0.79749002640241,7283.176115488801,3130928164.4069033,342829.0,34,34,9132.623449028242,0.3617021276595745,0.79749002640241,5222.206211521687,2244948117.2400002,342829.0,34,34,6548.30284847548,0.3617021276595745,0.79749002640241,6355.987210050492,2732343561.792556,342829.0,34,34,7969.989591873954,0.3617021276595745,0.79749002640241,1001.6873405817333,430610362.40597844,342829.0,34,34,1256.049991120875,0.3617021276595745,0.79749002640241,,,,0,0,,0.0,,,,,0,0,,0.0,
RO,2014,96,96,441210.0,441215.0,45,0,51,0.0,0.0,331750.0,93265.0,16200.0,,0,0,0,,,,,,,,,386883534.44201905,756730958.197432,,,,,,,4595.9375,0.0,0.0,34905.0,25,45,96,0.46875,False,low,1.0,0.0,0.0,True,441210.0,0.0,,,,0.7519010006459436,,,,0.21138220595401336,,,,0.036716793400043066,,,,,0.036716793400043066,,4595.9375,4595.9375,4595.9375,,,,0,0,,0.0,,,,,0,0,,0.0,,876.8693693298408,386883534.4420191,440090.0,44,44,879.1009439933175,0.4583333333333333,0.9974615262573377,1715.1264889676845,756730958.1974322,440090.0,44,44,1719.4913726679365,0.4583333333333333,0.9974615262573377,,,,0,0,,0.0,,,,,0,0,,0.0,,,,,0,0,,0.0,,,,,0,0,,0.0,,,,,0,0,,0.0,
RO,2015,96,96,449450.0,439675.0,51,0,0,,0.0,335095.0,87990.0,16590.0,10000.0,18,0,1,0.0,0.0,6065.0,1255.0,225.0,8400.0,15010.0,6480.0,693555525.711972,1333153915.404772,389663505.19638276,749012023.384328,134640903.6307194,258807033.02690408,29727959.996850673,57143148.30973858,8812.745098039215,5855.0,250.0,37830.0,25,17,51,0.17708333333333334,False,low,0.53125,0.0,0.0,True,449450.0,0.0,,,,0.7621424916131233,,,0.01809934496187648,0.20012509239779383,,,0.01426298443004887,0.03773241598908285,,,0.013562386980108499,,0.03773241598908285,,8812.745098039215,4681.770833333333,4681.770833333333,0.02224941595283124,10000.0,177225.0,18,18,0.056425447876992524,0.1875,0.3943152742240516,53.50595238095238,174935.0,8400.0,17,17,20.82559523809524,0.17708333333333334,1.0,1543.1205377950205,693555525.7119719,449175.0,50,50,1544.0652879433892,0.5208333333333334,0.9993881410612971,2966.189599298636,1333153915.4047718,449175.0,50,50,2968.0056000551494,0.5208333333333334,0.9993881410612971,866.9785408752537,389663505.1963827,177895.0,18,18,2190.4129132150015,0.1875,0.39580598509289133,1666.5080061949673,749012023.384328,177895.0,18,18,4210.416388230856,0.1875,0.39580598509289133,575.8305329333721,258807033.02690405,174660.0,16,16,1481.7762110781177,0.16666666666666666,0.3886082990321504,127.14016755976989,57143148.30973857,150800.0,13,13,378.9333442290356,0.13541666666666666,0.33552119256869506,0.07629136319006413,57143148.30973857,635825871.5072687,12,12,0.0898723233363827,0.125,0.8488860681225914
RO,2016,94,94,461580.0,446715.0,51,0,0,,0.0,336615.0,91710.0,18390.0,13530.0,19,0,0,,0.0,6690.0,1220.0,285.0,8920.0,15820.0,6695.0,780635639.8093711,1524801547.261734,380376339.5243185,742982258.9064337,102748281.44486012,200696369.1330636,34998166.75574558,68361289.31227979,9050.588235294117,5630.0,260.0,39005.0,25,19,51,0.20212765957446807,False,low,0.5425531914893617,0.0,0.0,True,461580.0,0.0,,,,0.7535341325005877,,,0.01987433715075086,0.20529868036667673,,,0.0133028023116345,0.041167187132735636,,,0.015497553017944535,,0.041167187132735636,,9050.588235294117,4910.425531914893,4910.425531914893,0.02931236188743013,13530.0,179430.0,19,19,0.07540545059354622,0.20212765957446807,0.3887300142987131,51.74663677130045,179430.0,8920.0,19,19,20.115470852017935,0.20212765957446807,1.0,1691.2250093361306,780635639.809371,461305.0,50,50,1692.2332075511235,0.5319148936170213,0.9994042202868408,3303.4393761899,1524801547.2617338,461305.0,50,50,3305.408671620151,0.5319148936170213,0.9994042202868408,824.0745689248203,380376339.5243186,177075.0,17,17,2148.1086518385914,0.18085106382978725,0.3836279734823866,1609.6500257949515,742982258.9064335,177075.0,17,17,4195.86197321154,0.18085106382978725,0.3836279734823866,434.8030008515612,200696369.1330636,176120.0,16,16,1139.5433178120804,0.1702127659574468,0.3815589930239612,148.10279759148963,68361289.31227979,166430.0,17,17,410.7510022969404,0.18085106382978725,0.36056588240391696,0.09200931582525008,68361289.31227978,687201486.3630432,15,15,0.09947779605960433,0.1595744680851064,0.9249231433527201
RO,2017,94,94,471333.0,455250.0,53,0,1,784.0,0.0,342017.0,93559.0,19674.0,14669.0,22,0,1,17.0,0.0,7484.0,1580.0,314.0,9162.02,16841.52,7447.5,858563864.4720715,1669805368.773254,428082800.7354228,832570515.1672527,79267452.28506391,154165837.71082184,32509508.566800915,63227156.63604554,8893.075471698114,5251.0,278.0,41112.0,25,21,53,0.22340425531914893,False,low,0.5638297872340425,0.0016633675129897546,0.0011589065375962914,True,471333.0,0.0,,,,0.751272926963207,,,0.021881953236242643,0.20551125755079627,,,0.01688773928750842,0.043215815485996706,,,0.01596015045237369,,0.043215815485996706,,8893.075471698114,5014.18085106383,5014.18085106383,0.03112236995924325,14669.0,192477.0,22,22,0.07621170321648821,0.23404255319148937,0.40836733265016456,51.44422299885833,187319.0,9162.02,20,20,20.445163839415326,0.2127659574468085,1.0,1821.5653571298244,858563864.4720714,470988.0,52,52,1822.8996587430495,0.5531914893617021,0.999268033428595,3542.7295962159533,1669805368.7732534,470988.0,52,52,3545.324655348445,0.5531914893617021,0.999268033428595,908.238550526746,428082800.73542285,189994.0,20,20,2253.1385240345635,0.2127659574468085,0.403099294978285,1766.4167693907548,832570515.1672527,189994.0,20,20,4382.088461568537,0.2127659574468085,0.403099294978285,327.08475262886714,154165837.71082184,188151.0,18,18,819.3729382826657,0.19148936170212766,0.3991891083374175,134.1454059784601,63227156.63604554,176440.0,17,17,358.34933482229394,0.18085106382978725,0.374342556112133,0.07594210398304102,63227156.63604554,784686558.0595452,15,15,0.08057632182766104,0.1595744680851064,0.9424866047555285
RO,2018,93,93,460425.0,450302.0,51,0,0,,0.0,336741.0,95090.0,18471.0,9411.0,20,0,1,0.0,0.0,4723.0,1698.0,210.0,8392.0,15429.0,6931.0,956517672.3248817,1812458317.3529088,462574483.88483024,876509650.5478129,80171485.6037817,151913007.04767254,27951126.594542332,52963215.77888793,8854.326923076924,5384.0,278.0,38869.0,24,20,52,0.21505376344086022,False,low,0.5591397849462365,0.0,0.0,True,460425.0,0.0,,,,0.7478114687476405,,,0.014025616126340422,0.2111693929851522,,,0.017856767273109687,0.04101913826720734,,,0.011369173298684424,,0.04101913826720734,,8854.326923076924,4950.806451612903,4950.806451612903,0.020439811044143996,9411.0,176424.0,21,21,0.05334308257379948,0.22580645161290322,0.38317641309659556,54.8647521448999,171094.0,8392.0,19,19,20.387750238322212,0.20430107526881722,1.0,2077.4668454686034,956517672.3248818,459975.0,51,51,2079.4992604486806,0.5483870967741935,0.9990226421241245,3936.4898025800267,1812458317.3529088,459975.0,51,51,3940.3409258175093,0.5483870967741935,0.9990226421241245,1004.6684777864587,462574483.88483024,174027.0,19,19,2658.0615874825758,0.20430107526881722,0.3779703534777651,1903.6969116529574,876509650.547813,174027.0,19,19,5036.630238686026,0.20430107526881722,0.3779703534777651,329.9408308577348,151913007.04767257,171785.0,17,17,884.3205579513494,0.1827956989247312,0.37310093934951405,115.03114682931624,52963215.77888793,149456.0,14,14,354.3732990237122,0.15053763440860216,0.32460444154856927,0.06042513707154993,52963215.778887935,760535703.3218926,12,12,0.06963935492778771,0.12903225806451613,0.86768662826081
RO,2019,92,92,479799.0,469595.0,52,0,0,,177.0,347351.0,100216.0,21851.0,12611.0,21,0,0,,0.0,7021.0,2359.0,373.0,9460.0,16898.0,7336.0,1210695803.6372833,2282842189.8158274,598474025.8086948,1128459974.4382417,105438194.29751544,198810268.9686687,31228942.00366678,58884111.215306066,9226.903846153846,5681.0,255.0,42468.0,24,22,52,0.2391304347826087,False,low,0.5652173913043478,0.0,0.0,True,479799.0,0.000376920537910327,,,0.0,0.7396820664615253,,,0.020212983408713376,0.2134094272724369,,,0.02353915542428355,0.04653158572812743,,,0.017070156972220953,,0.04653158572812743,,9226.903846153846,5215.20652173913,5215.20652173913,0.026283923059447812,12611.0,198021.0,22,22,0.06368516470475354,0.2391304347826087,0.41271657506580883,50.718710359408036,192523.0,9460.0,20,20,20.35126849894292,0.21739130434782608,1.0,2523.3395726904046,1210695803.6372833,470564.0,50,50,2572.8610850751083,0.5434782608695652,0.9807523567160416,4757.913605105112,2282842189.815827,470564.0,50,50,4851.289494767612,0.5434782608695652,0.9807523567160416,1247.3432120715024,598474025.8086947,195497.0,20,20,3061.295190251997,0.21739130434782608,0.4074560388829489,2351.943156276361,1128459974.4382415,195497.0,20,20,5772.262359208793,0.21739130434782608,0.4074560388829489,414.36157426061476,198810268.96866873,193040.0,18,18,1029.891571532681,0.1956521739130435,0.40233514450842955,122.72662347213326,58884111.215306066,156523.0,15,15,376.2010133674033,0.16304347826086957,0.3262261905506264,0.05218094797258462,58884111.215306066,929082277.2336241,13,13,0.06337879072522579,0.14130434782608695,0.8233187691890713
RO,2020,90,90,474442.0,467304.0,48,0,2,0.0,0.0,344277.0,100636.0,22391.0,4121.0,7,0,10,0.0,0.0,1077.0,406.0,185.0,2898.0,5197.0,2292.0,1118633655.2094743,2141333718.6897879,165068679.4948639,315981132.5681594,41439413.01696877,79324997.92287332,10700150.466072794,20482660.146467105,9682.489795918367,6003.0,0.0,45277.0,23,14,49,0.15555555555555556,False,low,0.5444444444444444,0.0,0.0,True,474442.0,0.0,,,,0.7367302655230856,,,0.003128294948544341,0.21535445876774006,,,0.004034341587503478,0.04791527570917433,,,0.008262248224733152,,0.04791527570917433,,9682.489795918367,5271.577777777778,5271.577777777778,0.0086859932299417,4121.0,144484.0,14,14,0.02852218930815869,0.15555555555555556,0.3045345901079584,163.7135955831608,60301.0,2898.0,6,6,20.807798481711526,0.06666666666666667,1.0,2357.7880019253657,1118633655.209474,473776.0,46,46,2361.102409597519,0.5111111111111111,0.9985962456949427,4513.373012275026,2141333718.689788,473776.0,46,46,4519.717585293025,0.5111111111111111,0.9985962456949427,347.92172593249313,165068679.4948639,57695.0,4,4,2861.05692858764,0.044444444444444446,0.12160601295838058,666.005818557715,315981132.5681594,57695.0,4,4,5476.75071614801,0.044444444444444446,0.12160601295838058,167.19640740675007,79324997.92287332,57695.0,4,4,1374.9024685479387,0.044444444444444446,0.12160601295838058,43.17210564508856,20482660.146467105,58636.0,5,5,349.31885098688696,0.05555555555555555,0.12358939554255315,0.06482241512331072,20482660.146467105,305270892.13580054,3,3,0.06709666946351157,0.03333333333333333,0.9661048102925937
RO,2021,90,90,466980.0,466980.0,49,0,43,0.0,0.0,347797.0,97859.0,21324.0,0.0,4,0,4,0.0,,,,0.0,,,,1025666971.4517932,1948551465.9049237,,,,,0.0,0.0,5246.966292134832,922.0,0.0,41520.0,23,46,89,0.5111111111111111,False,medium,0.9888888888888889,0.0,0.0,True,466980.0,0.0,,,,0.7447792196667952,,,,0.20955715448199067,,,,0.04566362585121418,,,0.0,,0.04566362585121418,,5246.966292134832,5188.666666666667,5188.666666666667,0.0,0.0,3222.0,1,1,0.0,0.011111111111111112,0.0068996530900680975,,,,0,0,,0.0,,2196.383081613331,1025666971.4517931,466980.0,46,46,2196.3830816133304,0.5111111111111111,1.0,4172.665779915465,1948551465.9049237,466980.0,46,46,4172.665779915465,0.5111111111111111,1.0,,,,0,0,,0.0,,,,,0,0,,0.0,,,,,0,0,,0.0,,0.0,,,0,0,,0.0,,,,,0,0,,0.0,
RO,2022,91,91,520351.0,459408.0,88,0,7,62.0,0.0,342923.0,101147.0,15338.0,34068.0,88,0,7,2.0,0.0,12220.0,4572.0,629.0,,,,,,,,,,,,5718.142857142857,2929.0,0.0,39977.0,23,81,91,0.8901098901098901,True,high,1.0,0.00011915034274941337,5.870611717740989e-05,True,520351.0,0.0,0.0,0.0,,0.7464454254170585,0.7464454254170585,0.7464454254170585,0.03563482181131041,0.22016812941873018,0.22016812941873018,0.22016812941873018,0.04520153835506738,0.03338644516421133,0.03338644516421133,0.03338644516421133,0.04100925805189725,0.03338644516421133,0.03338644516421133,0.03338644516421133,5718.142857142857,5718.142857142857,5718.142857142857,0.06547119156108089,34068.0,520351.0,85,85,0.06547119156108089,0.9340659340659341,1.0,,,,0,0,,0.0,,,,,0,0,,0.0,,,,,0,0,,0.0,,,,,0,0,,0.0,,,,,0,0,,0.0,,,,,0,0,,0.0,,,,,0,0,,0.0,,,,,0,0,,0.0,
RO,2023,90,90,525885.0,463535.0,87,0,5,60.0,0.0,345105.0,103265.0,15165.0,35875.0,87,0,5,0.0,0.0,12795.0,4715.0,640.0,47175.0,71495.0,23980.0,,,,,,,,,5843.166666666667,2315.0,0.0,39355.0,23,82,90,0.9111111111111111,True,high,1.0,0.00011409338543597935,0.0,True,525885.0,0.0,0.0,0.0,,0.7445068872900644,0.7445068872900644,0.7445068872900644,0.0370756726213761,0.22277713657005405,0.22277713657005405,0.22277713657005405,0.04565922626252845,0.032715976139881565,0.032715976139881565,0.032715976139881565,0.04220243982855259,0.032715976139881565,0.032715976139881565,0.032715976139881565,5843.166666666667,5843.166666666667,5843.166666666667,0.06821833670859599,35875.0,525885.0,86,86,0.06821833670859599,0.9555555555555556,1.0,11.147535771065183,496260.0,47175.0,69,69,10.519554848966614,0.7666666666666667,1.0,,,,0,0,,0.0,,,,,0,0,,0.0,,,,,0,0,,0.0,,,,,0,0,,0.0,,,,,0,0,,0.0,,,,,0,0,,0.0,,,,,0,0,,0.0,
RS,2014,41,41,190380.0,190375.0,15,0,0,,0.0,144370.0,37240.0,8765.0,8590.0,15,0,0,,0.0,5810.0,2235.0,545.0,11565.0,11565.0,,,,,,,,0.0,0.0,12692.0,2755.0,400.0,84780.0,18,15,15,0.36585365853658536,False,low,0.36585365853658536,0.0,0.0,True,190380.0,0.0,,,,0.7583453709783322,,,0.04024381796772183,0.1956139198949442,,,0.06001611170784103,0.046040709126723575,,,0.06217912150598973,,0.046040709126723575,,12692.0,4643.414634146341,4643.414634146341,0.045120285744300874,8590.0,190380.0,15,15,0.045120285744300874,0.36585365853658536,1.0,16.461738002594032,190380.0,11565.0,15,15,16.461738002594032,0.36585365853658536,1.0,,,,0,0,,0.0,,,,,0,0,,0.0,,,,,0,0,,0.0,,,,,0,0,,0.0,,,,,0,0,,0.0,,0.0,0.0,2350.0,1,1,0.0,0.024390243902439025,0.012343733585460658,,,,0,0,,0.0,
RS,2015,46,46,201360.0,201340.0,15,0,1,0.0,0.0,151455.0,39775.0,10110.0,9465.0,15,0,1,0.0,0.0,6525.0,2245.0,695.0,11700.0,,,,,,,,,,,11844.70588235294,2780.0,0.0,90675.0,20,15,17,0.32608695652173914,False,low,0.3695652173913043,0.0,0.0,True,201360.0,0.0,,,,0.7522350253302871,,,0.043082103595127264,0.1975514055825966,,,0.05644248900062854,0.05021356908711632,,,0.06874381800197824,,0.05021356908711632,,11844.70588235294,4377.391304347826,4377.391304347826,0.04700536352800953,9465.0,201360.0,16,16,0.04700536352800953,0.34782608695652173,1.0,17.21025641025641,201360.0,11700.0,16,16,17.21025641025641,0.34782608695652173,1.0,,,,0,0,,0.0,,,,,0,0,,0.0,,,,,0,0,,0.0,,,,,0,0,,0.0,,,,,0,0,,0.0,,,,,0,0,,0.0,,,,,0,0,,0.0,
RS,2016,46,46,247960.0,247960.0,46,0,0,,0.0,191360.0,45120.0,11480.0,11155.0,46,0,0,,0.0,7495.0,2855.0,810.0,13400.0,,,,,,,,,0.0,0.0,5390.434782608696,1155.0,110.0,102055.0,20,46,46,1.0,True,high,1.0,0.0,0.0,True,247960.0,0.0,0.0,0.0,,0.7717373769962897,0.7717373769962897,0.7717373769962897,0.039167015050167224,0.1819648330375867,0.1819648330375867,0.1819648330375867,0.06327570921985816,0.04629778996612357,0.04629778996612357,0.04629778996612357,0.07055749128919861,0.04629778996612357,0.04629778996612357,0.04629778996612357,5390.434782608696,5390.434782608696,5390.434782608696,0.04498709469269237,11155.0,247960.0,46,46,0.04498709469269237,1.0,1.0,18.5044776119403,247960.0,13400.0,46,46,18.5044776119403,1.0,1.0,,,,0,0,,0.0,,,,,0,0,,0.0,,,,,0,0,,0.0,,,,,0,0,,0.0,,,,,0,0,,0.0,,0.0,0.0,33660.0,30,30,0.0,0.6521739130434783,0.13574770124213584,,,,0,0,,0.0,
RS,2017,46,46,242693.0,242693.0,46,0,0,,0.0,184767.0,46409.0,11517.0,10837.0,46,0,0,,0.0,7030.0,2959.0,848.0,13217.0,,,,,,,,,121896837.47786118,248874889.15474924,5275.934782608696,1103.5,109.0,100271.0,20,46,46,1.0,True,high,1.0,0.0,0.0,True,242693.0,0.0,0.0,0.0,,0.7613198567737841,0.7613198567737841,0.7613198567737841,0.038047919812520634,0.19122512804242398,0.19122512804242398,0.19122512804242398,0.06375918464091017,0.04745501518379187,0.04745501518379187,0.04745501518379187,0.07363028566466961,0.04745501518379187,0.04745501518379187,0.04745501518379187,5275.934782608696,5275.934782608696,5275.934782608696,0.044653121433251064,10837.0,242693.0,46,46,0.044653121433251064,1.0,1.0,18.362185064689417,242693.0,13217.0,46,46,18.362185064689417,1.0,1.0,,,,0,0,,0.0,,,,,0,0,,0.0,,,,,0,0,,0.0,,,,,0,0,,0.0,,,,,0,0,,0.0,,1025.472053807688,248874889.15474924,239916.0,44,44,1037.3417744325066,0.9565217391304348,0.9885575603746297,,,,0,0,,0.0,
RS,2018,46,46,236432.0,236432.0,46,0,0,,0.0,178532.0,46500.0,11400.0,10895.0,46,0,0,,0.0,7084.0,2944.0,867.0,13462.0,,,,,,,,,127668417.43918237,249718818.1165676,5139.826086956522,1093.5,159.0,97696.0,20,46,46,1.0,True,high,1.0,0.0,0.0,True,236432.0,0.0,0.0,0.0,,0.7551092914664682,0.7551092914664682,0.7551092914664682,0.03967916115878386,0.19667388509169656,0.19667388509169656,0.19667388509169656,0.06331182795698925,0.04821682344183528,0.04821682344183528,0.04821682344183528,0.07605263157894737,0.04821682344183528,0.04821682344183528,0.04821682344183528,5139.826086956522,5139.826086956522,5139.826086956522,0.0460809027542803,10895.0,236432.0,46,46,0.0460809027542803,1.0,1.0,17.562917842816816,236432.0,13462.0,46,46,17.562917842816816,1.0,1.0,,,,0,0,,0.0,,,,,0,0,,0.0,,,,,0,0,,0.0,,,,,0,0,,0.0,,,,,0,0,,0.0,,1056.1972073009051,249718818.11656758,233736.0,44,44,1068.3797879512251,0.9565217391304348,0.9885971442105975,,,,0,0,,0.0,
RS,2019,47,47,226601.0,226601.0,47,0,3,0.0,0.0,168385.0,47065.0,11151.0,10737.0,47,0,3,0.0,0.0,6900.0,3026.0,811.0,13226.0,,,,,,,,,141232253.2252207,273025902.46919054,4821.297872340426,1062.0,0.0,95016.0,20,44,47,0.9361702127659575,True,high,1.0,0.0,0.0,True,226601.0,0.0,0.0,0.0,,0.7430902776245472,0.7430902776245472,0.7430902776245472,0.04097752175074977,0.20769987775870363,0.20769987775870363,0.20769987775870363,0.06429406140444066,0.049209844616749265,0.049209844616749265,0.049209844616749265,0.07272890323737781,0.049209844616749265,0.049209844616749265,0.049209844616749265,4821.297872340426,4821.297872340426,4821.297872340426,0.04738284473590143,10737.0,226601.0,44,44,0.04738284473590143,0.9361702127659575,1.0,17.13299561469832,225019.0,13226.0,43,43,17.013382730984425,0.9148936170212766,1.0,,,,0,0,,0.0,,,,,0,0,,0.0,,,,,0,0,,0.0,,,,,0,0,,0.0,,,,,0,0,,0.0,,1204.8750997091388,273025902.4691905,223849.0,42,42,1219.6878363056815,0.8936170212765957,0.9878553051398714,,,,0,0,,0.0,
RS,2020,40,40,238287.0,238287.0,39,0,1,0.0,0.0,176233.0,50696.0,11358.0,10630.0,39,0,1,0.0,0.0,6918.0,3005.0,707.0,14288.0,,,,,,,,,134253808.33270255,253617897.08597162,5957.175,1638.5,0.0,94439.0,15,39,40,0.975,True,high,1.0,0.0,0.0,True,238287.0,0.0,0.0,0.0,,0.7395829399002044,0.7395829399002044,0.7395829399002044,0.03925485011320241,0.2127518496602836,0.2127518496602836,0.2127518496602836,0.05927489348272053,0.04766521043951202,0.04766521043951202,0.04766521043951202,0.06224687444972706,0.04766521043951202,0.04766521043951202,0.04766521043951202,5957.175,5957.175,5957.175,0.04461007104877732,10630.0,238287.0,39,39,0.04461007104877732,0.975,1.0,16.677421612541995,238287.0,14288.0,40,40,16.677421612541995,1.0,1.0,,,,0,0,,0.0,,,,,0,0,,0.0,,,,,0,0,,0.0,,,,,0,0,,0.0,,,,,0,0,,0.0,,1064.33794997617,253617897.08597165,238287.0,39,39,1064.3379499761702,0.975,1.0,,,,0,0,,0.0,
RS,2021,40,40,238189.0,238189.0,39,0,0,,0.0,174507.0,51955.0,11727.0,12888.0,39,0,0,,0.0,7042.0,5086.0,760.0,14179.0,,,,,,,,,148737.39190785663,271351.92253980075,5954.725,1563.0,0.0,93451.0,15,39,40,0.975,True,high,1.0,0.0,0.0,True,238189.0,0.0,0.0,0.0,,0.7326408860190857,0.7326408860190857,0.7326408860190857,0.04035368208725151,0.2181251023347006,0.2181251023347006,0.2181251023347006,0.09789240689057839,0.04923401164621372,0.04923401164621372,0.04923401164621372,0.06480770870640402,0.04923401164621372,0.04923401164621372,0.04923401164621372,5954.725,5954.725,5954.725,0.054108292154549535,12888.0,238189.0,39,39,0.054108292154549535,0.975,1.0,16.79871641159461,238189.0,14179.0,39,39,16.79871641159461,0.975,1.0,,,,0,0,,0.0,,,,,0,0,,0.0,,,,,0,0,,0.0,,,,,0,0,,0.0,,,,,0,0,,0.0,,1.1392294461112846,271351.92253980075,238189.0,39,39,1.1392294461112846,0.975,1.0,,,,0,0,,0.0,
RS,2022,40,40,241405.0,241395.0,39,0,1,0.0,0.0,178080.0,51360.0,11955.0,10950.0,39,0,1,0.0,0.0,7115.0,3075.0,735.0,14510.0,,,,,,,,,174448.36827891992,295414.2836340988,6035.125,1535.0,0.0,91870.0,15,39,40,0.975,True,high,1.0,0.0,0.0,True,241405.0,0.0,0.0,0.0,,0.7377120487168334,0.7377120487168334,0.7377120487168334,0.03995395327942498,0.21276331324178213,0.21276331324178213,0.21276331324178213,0.05987149532710281,0.049524638041384454,0.049524638041384454,0.049524638041384454,0.06148055207026349,0.049524638041384454,0.049524638041384454,0.049524638041384454,6035.125,6035.125,6035.125,0.0453594581719517,10950.0,241405.0,39,39,0.0453594581719517,0.975,1.0,16.637146795313576,241405.0,14510.0,39,39,16.637146795313576,0.975,1.0,,,,0,0,,0.0,,,,,0,0,,0.0,,,,,0,0,,0.0,,,,,0,0,,0.0,,,,,0,0,,0.0,,1.223728935333149,295414.28363409877,241405.0,39,39,1.2237289353331486,0.975,1.0,,,,0,0,,0.0,
RS,2023,41,41,242775.0,242790.0,39,0,2,5.0,0.0,178990.0,51820.0,11980.0,11175.0,39,0,2,0.0,0.0,7090.0,3340.0,760.0,14505.0,,,,,,,,,209479.72431862162,343128.70031209046,5921.341463414634,1450.0,0.0,90150.0,15,39,41,0.9512195121951219,True,high,1.0,2.0595201318092884e-05,0.0,True,242775.0,0.0,0.0,0.0,,0.7372214671114955,0.7372214671114955,0.7372214671114955,0.03961115146097547,0.21343547922072573,0.21343547922072573,0.21343547922072573,0.06445387881126978,0.04934305366777874,0.04934305366777874,0.04934305366777874,0.06343906510851419,0.04934305366777874,0.04934305366777874,0.04934305366777874,5921.341463414634,5921.341463414634,5921.341463414634,0.046030274945937595,11175.0,242775.0,40,40,0.046030274945937595,0.975609756097561,1.0,16.737331954498448,242395.0,14505.0,38,38,16.71113409169252,0.926829268292683,1.0,,,,0,0,,0.0,,,,,0,0,,0.0,,,,,0,0,,0.0,,,,,0,0,,0.0,,,,,0,0,,0.0,,1.4133609321886127,343128.70031209046,242770.0,39,39,1.4133900412410532,0.9512195121951219,0.9999794047986819,,,,0,0,,0.0,
SE,2014,37,37,466780.0,364375.0,37,0,0,,4820.0,300345.0,37815.0,21395.0,31050.0,37,0,0,,110.0,11690.0,8415.0,6960.0,28775.0,50125.0,21360.0,7182657800.736385,5367231603.153746,6831028191.460131,5104476839.684626,2286551629.38946,1708622700.3942182,3933285706.435127,2939142575.558476,12615.675675675675,10605.0,245.0,50030.0,23,37,37,1.0,True,high,1.0,0.0,0.0,True,466780.0,0.013228130360205832,0.013228130360205832,0.013228130360205832,0.022821576763485476,0.8242744425385935,0.8242744425385935,0.8242744425385935,0.038921906474221314,0.10378044596912521,0.10378044596912521,0.10378044596912521,0.22253074176913923,0.05871698113207547,0.05871698113207547,0.05871698113207547,0.3253096517878009,0.05871698113207547,0.05871698113207547,0.05871698113207547,12615.675675675675,12615.675675675675,12615.675675675675,0.06651955953554137,31050.0,466780.0,37,37,0.06651955953554137,1.0,1.0,16.221720243266724,466780.0,28775.0,37,37,16.221720243266724,1.0,1.0,15387.672566811743,7182657800.736385,466780.0,37,37,15387.672566811743,1.0,1.0,11498.418105218188,5367231603.153746,466780.0,37,37,11498.418105218188,1.0,1.0,14634.363493423305,6831028191.460131,466780.0,37,37,14634.363493423305,1.0,1.0,10935.508890022335,5104476839.684626,466780.0,37,37,10935.508890022335,1.0,1.0,3660.44539267796,1708622700.3942182,466780.0,37,37,3660.44539267796,1.0,1.0,6296.6334794945715,2939142575.558476,466780.0,37,37,6296.6334794945715,1.0,1.0,0.5757970244292592,2939142575.558476,5104476839.684626,37,37,0.5757970244292592,1.0,1.0
SE,2015,37,37,462835.0,360005.0,37,0,0,,4275.0,294750.0,40270.0,20710.0,32560.0,37,0,0,,130.0,11830.0,9475.0,6960.0,28890.0,49970.0,21060.0,7141297161.490352,5424272837.270491,6873625273.961618,5220958885.198509,2338680173.197199,1776377463.5992305,3905810659.111562,2966713495.692001,12509.054054054053,10845.0,210.0,46810.0,23,37,37,1.0,True,high,1.0,0.0,0.0,True,462835.0,0.011874835071735115,0.011874835071735115,0.011874835071735115,0.0304093567251462,0.8187386286301579,0.8187386286301579,0.8187386286301579,0.04013570822731128,0.11185955750614575,0.11185955750614575,0.11185955750614575,0.2352868140054631,0.057526978791961225,0.057526978791961225,0.057526978791961225,0.33606953162723324,0.057526978791961225,0.057526978791961225,0.057526978791961225,12509.054054054053,12509.054054054053,12509.054054054053,0.07034904447589314,32560.0,462835.0,37,37,0.07034904447589314,1.0,1.0,16.020595361716857,462835.0,28890.0,37,37,16.020595361716857,1.0,1.0,15429.466573380041,7141297161.490352,462835.0,37,37,15429.466573380041,1.0,1.0,11719.668644917716,5424272837.270491,462835.0,37,37,11719.668644917716,1.0,1.0,14851.135445594258,6873625273.961618,462835.0,37,37,14851.135445594258,1.0,1.0,11280.38909157369,5220958885.198509,462835.0,37,37,11280.38909157369,1.0,1.0,3838.0361545674605,1776377463.5992305,462835.0,37,37,3838.0361545674605,1.0,1.0,6409.872839547573,2966713495.692001,462835.0,37,37,6409.872839547573,1.0,1.0,0.568231537716697,2966713495.692001,5220958885.198509,37,37,0.568231537716697,1.0,1.0
SE,2016,37,37,459945.0,355335.0,37,0,0,,3535.0,290265.0,41275.0,20260.0,33945.0,37,0,0,,115.0,12295.0,9975.0,6850.0,29155.0,50130.0,20975.0,7296079058.813591,5439487512.597631,7007364530.198862,5224240520.2821865,2399814973.228147,1789147770.2191987,4051156945.368522,3020282186.9488544,12430.945945945947,10830.0,230.0,45865.0,23,37,37,1.0,True,high,1.0,0.0,0.0,True,459945.0,0.009948358591188597,0.009948358591188597,0.009948358591188597,0.03253182461103253,0.8168770315336232,0.8168770315336232,0.8168770315336232,0.04235784541711884,0.11615799175426006,0.11615799175426006,0.11615799175426006,0.241671714112659,0.05701661812092814,0.05701661812092814,0.05701661812092814,0.3381046396841066,0.05701661812092814,0.05701661812092814,0.05701661812092814,12430.945945945947,12430.945945945947,12430.945945945947,0.07380230244920588,33945.0,459945.0,37,37,0.07380230244920588,1.0,1.0,15.775853198422226,459945.0,29155.0,37,37,15.775853198422226,1.0,1.0,15862.938087844397,7296079058.813591,459945.0,37,37,15862.938087844397,1.0,1.0,11826.386877991132,5439487512.597631,459945.0,37,37,11826.386877991132,1.0,1.0,15235.222755326968,7007364530.198862,459945.0,37,37,15235.222755326968,1.0,1.0,11358.402679194656,5224240520.2821865,459945.0,37,37,11358.402679194656,1.0,1.0,3889.9167731341763,1789147770.2191987,459945.0,37,37,3889.9167731341763,1.0,1.0,6566.615980060343,3020282186.9488544,459945.0,37,37,6566.615980060343,1.0,1.0,0.5781284715401492,3020282186.9488544,5224240520.2821865,37,37,0.5781284715401492,1.0,1.0
SE,2017,37,37,466595.99999999895,359864.0128869169,37,0,0,,2749.5947824595414,293485.1115384861,43572.30656597128,20057.0,36658.99999999994,37,0,0,,132.03217701846305,13080.579394999053,11368.98270873875,6886.0,29780.01,60186.01999999999,20659.170000000002,7342906145.239801,5489702196.66814,7046322715.903314,5267970545.558944,2428281076.480783,1815431069.9348993,4014903841.1640773,3001621701.3121033,12610.702702702674,10879.999999999993,252.0,44742.9999999999,23,37,37,1.0,True,high,1.0,0.0,0.0,True,466595.99999999895,0.007640649478678407,0.007640649478678407,0.007640649478678407,0.048018776388700765,0.8155444863299247,0.8155444863299247,0.8155444863299247,0.044569822729435916,0.12107992187499829,0.12107992187499829,0.12107992187499829,0.26092221424003287,0.05573494231639849,0.05573494231639849,0.05573494231639849,0.3433215336291569,0.05573494231639849,0.05573494231639849,0.05573494231639849,12610.702702702674,12610.702702702674,12610.702702702674,0.07856689727301568,36658.99999999994,466595.99999999895,37,37,0.07856689727301568,1.0,1.0,15.66809413428669,466595.99999999895,29780.01,37,37,15.66809413428669,1.0,1.0,15737.181941636487,7342906145.239801,466595.99999999895,37,37,15737.181941636487,1.0,1.0,11765.429186422843,5489702196.66814,466595.99999999895,37,37,11765.429186422843,1.0,1.0,15101.549768757832,7046322715.903314,466595.99999999895,37,37,15101.549768757832,1.0,1.0,11290.217973490891,5267970545.558944,466595.99999999895,37,37,11290.217973490891,1.0,1.0,3890.798613650574,1815431069.9348993,466595.99999999895,37,37,3890.798613650574,1.0,1.0,6433.020645938049,3001621701.3121033,466595.99999999895,37,37,6433.020645938049,1.0,1.0,0.5697871078346404,3001621701.3121033,5267970545.558944,37,37,0.5697871078346404,1.0,1.0
SE,2018,37,37,479447.99999999884,372250.38213184837,37,0,0,,2905.3248292017647,305508.2860461093,43960.77125653736,19876.0,39692.99999999992,37,0,0,,172.1357268677191,14647.35614549343,12223.73120603221,6932.0,30576.459999999995,61014.61000000001,20714.11,7192992308.667128,5643906791.393539,6902902625.19131,5416290930.785763,2400301804.392541,1883371908.9177673,3946267900.1393995,3096398167.341038,12958.054054054022,11124.999999999987,256.0,44717.9999999999,23,37,37,1.0,True,high,1.0,0.0,0.0,True,479447.99999999884,0.007804759830099301,0.007804759830099301,0.007804759830099301,0.05924835844087465,0.8207064403708267,0.8207064403708267,0.8207064403708267,0.04794421891157072,0.11809463029904096,0.11809463029904096,0.11809463029904096,0.27805998067457544,0.05339416950003309,0.05339416950003309,0.05339416950003309,0.3487623264238277,0.05339416950003309,0.05339416950003309,0.05339416950003309,12958.054054054022,12958.054054054022,12958.054054054022,0.08278895730089607,39692.99999999992,479447.99999999884,37,37,0.08278895730089607,1.0,1.0,15.680297850045392,479447.99999999884,30576.459999999995,37,37,15.680297850045392,1.0,1.0,15002.653694805578,7192992308.667128,479447.99999999884,37,37,15002.653694805578,1.0,1.0,11771.67657679989,5643906791.393539,479447.99999999884,37,37,11771.67657679989,1.0,1.0,14397.604380853245,6902902625.19131,479447.99999999884,37,37,14397.604380853245,1.0,1.0,11296.93090968317,5416290930.785763,479447.99999999884,37,37,11296.93090968317,1.0,1.0,3928.2089171667667,1883371908.9177673,479447.99999999884,37,37,3928.2089171667667,1.0,1.0,6458.256510280668,3096398167.341038,479447.99999999884,37,37,6458.256510280668,1.0,1.0,0.5716823942638235,3096398167.341038,5416290930.785763,37,37,0.5716823942638235,1.0,1.0
SE,2019,37,37,522267.99999999884,411756.9116477622,37,0,0,,3025.345411025121,342690.22602078,46400.34021595708,19641.0,44311.999999999905,37,0,0,,153.8278485690647,17485.121170543436,13312.682190980937,7033.0,31422.82,62489.45,21106.58,7205111765.872454,5780674096.860227,6992298590.05959,5609933704.085344,2441821495.6889625,1959077767.0020614,3970686838.352645,3185689174.4453874,14115.35135135132,11337.999999999987,199.9999999999995,50927.9999999999,23,37,37,1.0,True,high,1.0,0.0,0.0,True,522267.99999999884,0.007347406504770843,0.007347406504770843,0.007347406504770843,0.050846375428232844,0.832263445559196,0.832263445559196,0.832263445559196,0.05102311021115372,0.11268867359207876,0.11268867359207876,0.11268867359207876,0.28690915042908893,0.047700474343954455,0.047700474343954455,0.047700474343954455,0.3580774909627819,0.047700474343954455,0.047700474343954455,0.047700474343954455,14115.35135135132,14115.35135135132,14115.35135135132,0.08484532845205911,44311.999999999905,522267.99999999884,37,37,0.08484532845205911,1.0,1.0,16.62065976255469,522267.99999999884,31422.82,37,37,16.62065976255469,1.0,1.0,13795.813195279952,7205111765.872454,522267.99999999884,37,37,13795.813195279952,1.0,1.0,11068.405678426094,5780674096.860227,522267.99999999884,37,37,11068.405678426094,1.0,1.0,13388.334322722445,6992298590.05959,522267.99999999884,37,37,13388.334322722445,1.0,1.0,10741.484647892186,5609933704.085344,522267.99999999884,37,37,10741.484647892186,1.0,1.0,3751.096691740765,1959077767.0020614,522267.99999999884,37,37,3751.096691740765,1.0,1.0,6099.721166997393,3185689174.4453874,522267.99999999884,37,37,6099.721166997393,1.0,1.0,0.5678657436050376,3185689174.4453874,5609933704.085344,37,37,0.5678657436050376,1.0,1.0
SE,2020,37,37,574002.9999999985,482919.4889341277,37,0,0,,3011.3345106439447,377641.89511680533,82388.25930667843,19878.0,46335.99999999991,37,0,0,,140.91157027317183,19044.293193066074,16268.052623136578,7030.0,32078.15,63857.920000000006,21563.530000000002,7468918529.681063,5930338280.954185,7147057073.0962925,5674779553.199546,2434482584.3125286,1932984702.7641046,3750858.385472303,2978190.0795153347,15513.594594594553,11869.99999999994,213.0,55423.9999999999,23,37,37,1.0,True,high,1.0,0.0,0.0,True,574002.9999999985,0.006235686443904739,0.006235686443904739,0.006235686443904739,0.04679372875218677,0.7819976285287532,0.7819976285287532,0.7819976285287532,0.050429503292201305,0.1706045442243822,0.1706045442243822,0.1706045442243822,0.19745595743904595,0.0411621408029599,0.0411621408029599,0.0411621408029599,0.3536573095884898,0.0411621408029599,0.0411621408029599,0.0411621408029599,15513.594594594553,15513.594594594553,15513.594594594553,0.08072431677186362,46335.99999999991,574002.9999999985,37,37,0.08072431677186362,1.0,1.0,17.893893506950945,574002.9999999985,32078.15,37,37,17.893893506950945,1.0,1.0,13011.985180706517,7468918529.681063,574002.9999999985,37,37,13011.985180706517,1.0,1.0,10331.54579497703,5930338280.954185,574002.9999999985,37,37,10331.54579497703,1.0,1.0,12451.25386643678,7147057073.0962925,574002.9999999985,37,37,12451.25386643678,1.0,1.0,9886.323857540048,5674779553.199546,574002.9999999985,37,37,9886.323857540048,1.0,1.0,3367.5515681348525,1932984702.7641046,574002.9999999985,37,37,3367.5515681348525,1.0,1.0,5.188457341713097,2978190.079515335,545078.9999999986,32,32,5.463776956212481,0.8648648648648649,0.9496100194598287,0.0005248115898768571,2978190.079515335,5233319651.647103,32,32,0.0005690823946857513,0.8648648648648649,0.9222066870767625
SE,2021,37,37,557326.9999999987,465732.0643263031,37,0,0,,2557.654914315428,360498.4569708267,82634.95244116093,20041.0,45785.999999999905,37,0,0,,131.6832405477313,18301.542480380987,16805.38724040132,7146.0,32176.719999999998,64564.73,21891.899999999998,8123044366.869823,6285976728.4769945,7612628111.876019,5890993695.537607,2582738585.840844,1998639169.3920076,4235056423.397231,3277276956.6344824,15062.891891891857,12410.999999999987,233.0,54612.9999999999,23,37,37,1.0,True,high,1.0,0.0,0.0,True,557326.9999999987,0.005491687410475293,0.005491687410475293,0.005491687410475293,0.05148592947808876,0.7740468921595505,0.7740468921595505,0.7740468921595505,0.050767325425368014,0.17743024105650776,0.17743024105650776,0.17743024105650776,0.20336899512790743,0.04303117937346653,0.04303117937346653,0.04303117937346653,0.3565690334813632,0.04303117937346653,0.04303117937346653,0.04303117937346653,15062.891891891857,15062.891891891857,15062.891891891857,0.08215284743068255,45785.999999999905,557326.9999999987,37,37,0.08215284743068255,1.0,1.0,17.320814551638538,557326.9999999987,32176.719999999998,37,37,17.320814551638538,1.0,1.0,14575.005996246085,8123044366.869823,557326.9999999987,37,37,14575.005996246085,1.0,1.0,11278.794546966159,6285976728.4769945,557326.9999999987,37,37,11278.794546966159,1.0,1.0,13659.176949754876,7612628111.876019,557326.9999999987,37,37,13659.176949754876,1.0,1.0,10570.084879321512,5890993695.537607,557326.9999999987,37,37,10570.084879321512,1.0,1.0,3586.1158160146774,1998639169.3920076,557326.9999999987,37,37,3586.1158160146774,1.0,1.0,5880.3484428970605,3277276956.6344824,557326.9999999987,37,37,5880.3484428970605,1.0,1.0,0.5563198886322014,3277276956.6344824,5890993695.537607,37,37,0.5563198886322014,1.0,1.0
SE,2022,38,38,555445.0,465440.0,38,0,0,,2400.0,363100.0,79985.0,19955.0,45730.0,38,0,0,,90.0,18145.0,17515.0,7110.0,32435.0,65095.0,22200.0,7965110768.902168,6268254579.378437,7632467013.785123,6006475954.848216,2673936319.3571763,2104291335.6856058,3899394144.652669,3068682396.6654577,14616.973684210527,11675.0,230.0,52980.0,24,38,38,1.0,True,high,1.0,0.0,0.0,True,555445.0,0.005156411137848058,0.005156411137848058,0.005156411137848058,0.0375,0.7801220350635958,0.7801220350635958,0.7801220350635958,0.049972459377581935,0.17184814369199036,0.17184814369199036,0.17184814369199036,0.21897855847971495,0.04287341010656583,0.04287341010656583,0.04287341010656583,0.35630167877724883,0.04287341010656583,0.04287341010656583,0.04287341010656583,14616.973684210527,14616.973684210527,14616.973684210527,0.08233038374636553,45730.0,555445.0,38,38,0.08233038374636553,1.0,1.0,17.124865114845075,555445.0,32435.0,38,38,17.124865114845075,1.0,1.0,14340.053054581766,7965110768.902168,555445.0,38,38,14340.053054581766,1.0,1.0,11285.103978572923,6268254579.378437,555445.0,38,38,11285.103978572923,1.0,1.0,13741.175118661835,7632467013.785123,555445.0,38,38,13741.175118661835,1.0,1.0,10813.808666651452,6006475954.848216,555445.0,38,38,10813.808666651452,1.0,1.0,3788.4783114180627,2104291335.6856058,555445.0,38,38,3788.4783114180627,1.0,1.0,5524.727734817053,3068682396.6654577,525410.0,31,31,5840.548137008161,0.8157894736842105,0.945926239321625,0.5108956432579281,3068682396.6654577,5562852117.619622,31,31,0.5516383200167768,0.8157894736842105,0.926142410198027
SE,2023,39,39,598370.0,508980.0,39,0,0,,2370.0,401910.0,84365.0,20335.0,49140.0,39,0,0,,100.0,19985.0,19055.0,7335.0,33190.0,65880.0,22170.0,7702337621.127652,6484359480.84695,7480384282.672728,6297503839.701331,2599653131.234101,2188567452.8460054,4171603303.4812,3511943615.2813735,15342.820512820514,12655.0,245.0,55295.0,24,39,39,1.0,True,high,1.0,0.0,0.0,True,598370.0,0.004656371566662737,0.004656371566662737,0.004656371566662737,0.04219409282700422,0.7896380997288696,0.7896380997288696,0.7896380997288696,0.049725062825010574,0.165753074777005,0.165753074777005,0.165753074777005,0.22586380608072068,0.03995245392746277,0.03995245392746277,0.03995245392746277,0.3607081386771576,0.03995245392746277,0.03995245392746277,0.03995245392746277,15342.820512820514,15342.820512820514,15342.820512820514,0.08212310109129803,49140.0,598370.0,39,39,0.08212310109129803,1.0,1.0,18.028623079240734,598370.0,33190.0,39,39,18.028623079240734,1.0,1.0,12872.198842067035,7702337621.127652,598080.0,38,38,12878.440377754903,0.9743589743589743,0.9995153500342597,10836.705518069004,6484359480.84695,598080.0,38,38,10841.960073647253,0.9743589743589743,0.9995153500342597,12501.268918349395,7480384282.672728,598080.0,38,38,12507.3305956941,0.9743589743589743,0.9995153500342597,10524.431104001422,6297503839.701331,598080.0,38,38,10529.534242411268,0.9743589743589743,0.9995153500342597,3657.548762214024,2188567452.8460054,598080.0,38,38,3659.322252618388,0.9743589743589743,0.9995153500342597,5869.1839752684355,3511943615.2813735,598080.0,38,38,5872.029854336165,0.9743589743589743,0.9995153500342597,0.5576723261589838,3511943615.2813735,6297503839.701331,38,38,0.5576723261589838,0.9743589743589743,1.0
SI,2014,48,48,74435.0,69750.0,47,0,2,190.0,0.0,49405.0,17670.0,2675.0,3475.0,41,0,15,0.0,0.0,1785.0,1090.0,410.0,,,,,,,,,,0.0,0.0,1550.7291666666667,102.5,0.0,43265.0,16,45,48,0.9375,True,high,1.0,0.0025525626385436958,0.0,True,74435.0,0.0,0.0,0.0,,0.70831541218638,0.70831541218638,0.70831541218638,0.03612994636170428,0.25333333333333335,0.25333333333333335,0.25333333333333335,0.06168647425014148,0.038351254480286735,0.038351254480286735,0.038351254480286735,0.15327102803738318,0.038351254480286735,0.038351254480286735,0.038351254480286735,1550.7291666666667,1550.7291666666667,1550.7291666666667,0.04668502720494391,3475.0,74435.0,44,44,0.04668502720494391,0.9166666666666666,1.0,,,,0,0,,0.0,,,,,0,0,,0.0,,,,,0,0,,0.0,,,,,0,0,,0.0,,,,,0,0,,0.0,,,,,0,0,,0.0,,0.0,0.0,595.0,10,10,0.0,0.20833333333333334,0.007993551420702627,,,,0,0,,0.0,
SI,2015,50,50,70210.0,65420.0,50,0,0,,0.0,45590.0,17475.0,2355.0,3905.0,41,0,7,0.0,0.0,2035.0,1240.0,400.0,,,,,,,,,,0.0,0.0,1404.2,95.0,0.0,41165.0,17,48,50,0.96,True,high,1.0,0.0,0.0,True,70210.0,0.0,0.0,0.0,,0.6968816875573219,0.6968816875573219,0.6968816875573219,0.04463698179425313,0.26712014674411494,0.26712014674411494,0.26712014674411494,0.0709585121602289,0.03599816569856313,0.03599816569856313,0.03599816569856313,0.16985138004246284,0.03599816569856313,0.03599816569856313,0.03599816569856313,1404.2,1404.2,1404.2,0.055618857712576554,3905.0,70210.0,48,48,0.055618857712576554,0.96,1.0,,,,0,0,,0.0,,,,,0,0,,0.0,,,,,0,0,,0.0,,,,,0,0,,0.0,,,,,0,0,,0.0,,,,,0,0,,0.0,,0.0,0.0,480.0,10,10,0.0,0.2,0.006836632958268053,,,,0,0,,0.0,
SI,2016,52,52,68980.0,64210.0,51,0,1,0.0,0.0,44400.0,17235.0,2575.0,4575.0,44,0,11,0.0,0.0,2585.0,1310.0,440.0,5560.0,8465.0,2910.0,,,,,,,0.0,0.0,1326.5384615384614,97.5,0.0,40285.0,18,49,52,0.9423076923076923,True,high,1.0,0.0,0.0,True,68980.0,0.0,0.0,0.0,,0.6914810777137518,0.6914810777137518,0.6914810777137518,0.05822072072072072,0.26841613455848,0.26841613455848,0.26841613455848,0.07600812300551205,0.04010278772776826,0.04010278772776826,0.04010278772776826,0.170873786407767,0.04010278772776826,0.04010278772776826,0.04010278772776826,1326.5384615384614,1326.5384615384614,1326.5384615384614,0.06632357204986952,4575.0,68980.0,51,51,0.06632357204986952,0.9807692307692307,1.0,12.406474820143885,59645.0,5560.0,3,3,10.727517985611511,0.057692307692307696,1.0,,,,0,0,,0.0,,,,,0,0,,0.0,,,,,0,0,,0.0,,,,,0,0,,0.0,,,,,0,0,,0.0,,0.0,0.0,705.0,14,14,0.0,0.2692307692307692,0.010220353725717599,,,,0,0,,0.0,
SI,2017,53,53,66989.0,62275.0,49,0,1,0.0,0.0,42501.0,16945.0,2829.0,,0,0,0,,,,,,,,,,,,,,,0.0,0.0,1263.9433962264152,90.0,0.0,39278.0,18,48,53,0.9056603773584906,True,high,1.0,0.0,0.0,True,66989.0,0.0,0.0,0.0,,0.6824729024488158,0.6824729024488158,0.6824729024488158,,0.272099558410277,0.272099558410277,0.272099558410277,,0.04542753914090727,0.04542753914090727,0.04542753914090727,,0.04542753914090727,0.04542753914090727,0.04542753914090727,1263.9433962264152,1263.9433962264152,1263.9433962264152,,,,0,0,,0.0,,,,,0,0,,0.0,,,,,0,0,,0.0,,,,,0,0,,0.0,,,,,0,0,,0.0,,,,,0,0,,0.0,,,,,0,0,,0.0,,0.0,0.0,761.0,13,13,0.0,0.24528301886792453,0.011360074042006897,,,,0,0,,0.0,
SI,2018,53,53,66217.0,61680.0,49,0,2,22.0,0.0,41992.0,16605.0,3083.0,,0,0,0,,,,,,,,,,,,,,,0.0,0.0,1249.377358490566,104.0,0.0,38503.0,18,45,53,0.8490566037735849,True,high,1.0,0.0003322409653110228,0.0,True,66217.0,0.0,0.0,0.0,,0.6808041504539559,0.6808041504539559,0.6808041504539559,,0.2692120622568093,0.2692120622568093,0.2692120622568093,,0.04998378728923476,0.04998378728923476,0.04998378728923476,,0.04998378728923476,0.04998378728923476,0.04998378728923476,1249.377358490566,1249.377358490566,1249.377358490566,,,,0,0,,0.0,,,,,0,0,,0.0,,,,,0,0,,0.0,,,,,0,0,,0.0,,,,,0,0,,0.0,,,,,0,0,,0.0,,,,,0,0,,0.0,,0.0,0.0,821.0,13,13,0.0,0.24528301886792453,0.012398628750924989,,,,0,0,,0.0,
SI,2019,52,52,66798.0,62407.0,50,0,2,6.0,0.0,42494.0,16608.0,3305.0,,0,0,0,,,,,,,,,,,,,,,0.0,0.0,1284.576923076923,115.5,0.0,38235.0,18,45,52,0.8653846153846154,True,high,1.0,8.982304859426928e-05,0.0,True,66798.0,0.0,0.0,0.0,,0.6809172048007435,0.6809172048007435,0.6809172048007435,,0.26612399250084123,0.26612399250084123,0.26612399250084123,,0.05295880269841524,0.05295880269841524,0.05295880269841524,,0.05295880269841524,0.05295880269841524,0.05295880269841524,1284.576923076923,1284.576923076923,1284.576923076923,,,,0,0,,0.0,,,,,0,0,,0.0,,,,,0,0,,0.0,,,,,0,0,,0.0,,,,,0,0,,0.0,,,,,0,0,,0.0,,,,,0,0,,0.0,,0.0,0.0,813.0,12,12,0.0,0.23076923076923078,0.012171023084523488,,,,0,0,,0.0,
SI,2020,46,46,72494.0,67868.0,45,0,0,,0.0,46238.0,18127.0,3503.0,,0,0,0,,,,,,,,,,,,,,,0.0,0.0,1575.9565217391305,130.0,6.0,41210.0,17,44,46,0.9565217391304348,True,high,1.0,0.0,0.0,True,72494.0,0.0,0.0,0.0,,0.6812930983674191,0.6812930983674191,0.6812930983674191,,0.26709200212176576,0.26709200212176576,0.26709200212176576,,0.05161489951081511,0.05161489951081511,0.05161489951081511,,0.05161489951081511,0.05161489951081511,0.05161489951081511,1575.9565217391305,1575.9565217391305,1575.9565217391305,,,,0,0,,0.0,,,,,0,0,,0.0,,,,,0,0,,0.0,,,,,0,0,,0.0,,,,,0,0,,0.0,,,,,0,0,,0.0,,,,,0,0,,0.0,,0.0,0.0,917.0,12,12,0.0,0.2608695652173913,0.012649322702568489,,,,0,0,,0.0,
SI,2021,46,46,71439.0,66739.0,43,0,1,0.0,0.0,45598.0,17684.0,3457.0,,0,0,0,,,,,,,,,,,,,,,0.0,0.0,1553.0217391304348,125.5,0.0,39904.0,17,40,46,0.8695652173913043,True,high,1.0,0.0,0.0,True,71439.0,0.0,0.0,0.0,,0.6832286968639026,0.6832286968639026,0.6832286968639026,,0.264972504832257,0.264972504832257,0.264972504832257,,0.051798798303840335,0.051798798303840335,0.051798798303840335,,0.051798798303840335,0.051798798303840335,0.051798798303840335,1553.0217391304348,1553.0217391304348,1553.0217391304348,,,,0,0,,0.0,,,,,0,0,,0.0,,,,,0,0,,0.0,,,,,0,0,,0.0,,,,,0,0,,0.0,,,,,0,0,,0.0,,,,,0,0,,0.0,,0.0,0.0,897.0,12,12,0.0,0.2608695652173913,0.012556166799647252,,,,0,0,,0.0,
SI,2022,46,46,70015.0,65380.0,45,0,4,165.0,0.0,44300.0,17625.0,3455.0,,0,0,0,,,,,,,,,,,,,,,0.0,0.0,1522.0652173913043,122.5,0.0,38280.0,17,41,46,0.8913043478260869,True,high,1.0,0.002356637863315004,0.0,True,70015.0,0.0,0.0,0.0,,0.6775772407464056,0.6775772407464056,0.6775772407464056,,0.26957785255429795,0.26957785255429795,0.26957785255429795,,0.05284490669929642,0.05284490669929642,0.05284490669929642,,0.05284490669929642,0.05284490669929642,0.05284490669929642,1522.0652173913043,1522.0652173913043,1522.0652173913043,,,,0,0,,0.0,,,,,0,0,,0.0,,,,,0,0,,0.0,,,,,0,0,,0.0,,,,,0,0,,0.0,,,,,0,0,,0.0,,,,,0,0,,0.0,,0.0,0.0,895.0,12,12,0.0,0.2608695652173913,0.012782975076769263,,,,0,0,,0.0,
SK,2014,32,32,179095.0,168255.0,32,0,0,,0.0,102175.0,57005.0,9075.0,10830.0,32,0,0,,0.0,4600.0,2340.0,820.0,11785.0,21780.0,10000.0,792866355.0,1170735184.6765833,702051131.0,1036638716.3744503,19066800.0,28153765.736712944,244371649.0,360835701.7769233,5596.71875,3667.5,360.0,26625.0,16,32,32,1.0,True,high,1.0,0.0,0.0,True,179095.0,0.0,0.0,0.0,,0.6072627856527295,0.6072627856527295,0.6072627856527295,0.045020797651088816,0.33880122433211496,0.33880122433211496,0.33880122433211496,0.04104903078677309,0.05393599001515557,0.05393599001515557,0.05393599001515557,0.09035812672176309,0.05393599001515557,0.05393599001515557,0.05393599001515557,5596.71875,5596.71875,5596.71875,0.06047069990787012,10830.0,179095.0,32,32,0.06047069990787012,1.0,1.0,15.196860415782774,147595.0,11785.0,20,20,12.523971149766652,0.625,1.0,4427.071414612356,792866355.0,149315.0,22,22,5310.024813314135,0.6875,0.8337195343253581,6536.950694751854,1170735184.6765835,149315.0,22,22,7840.707127057452,0.6875,0.8337195343253581,3919.9929143750524,702051131.0,151550.0,23,23,4632.47199604091,0.71875,0.8461989446941567,5788.205792313857,1036638716.3744503,151550.0,23,23,6840.242272348732,0.71875,0.8461989446941567,157.20017720602442,28153765.73671294,148955.0,21,21,189.0085310107948,0.65625,0.8317094279572294,2014.7726166387856,360835701.7769233,156595.0,24,24,2304.2606837825174,0.75,0.8743683519919596,0.3480824091144438,360835701.7769233,1004189060.5665956,20,20,0.35933044478031684,0.625,0.9686972372386935
SK,2015,32,32,162335.0,151435.0,32,0,0,,0.0,92445.0,50770.0,8220.0,10040.0,32,0,0,,0.0,4230.0,1830.0,740.0,11380.0,21175.0,9790.0,1069924338.0,1565070335.1388988,746608420.0,1092128338.991877,23960263.0,35048737.10371299,177601640.0,259793191.31631723,5072.96875,2897.5,310.0,25110.0,16,32,32,1.0,True,high,1.0,0.0,0.0,True,162335.0,0.0,0.0,0.0,,0.6104599333047181,0.6104599333047181,0.6104599333047181,0.04575693655687165,0.3352593521973124,0.3352593521973124,0.3352593521973124,0.03604490841047863,0.05428071449796942,0.05428071449796942,0.05428071449796942,0.09002433090024331,0.05428071449796942,0.05428071449796942,0.05428071449796942,5072.96875,5072.96875,5072.96875,0.06184741429759448,10040.0,162335.0,32,32,0.06184741429759448,1.0,1.0,14.26493848857645,137600.0,11380.0,20,20,12.091388400702987,0.625,1.0,6590.842011888995,1069924338.0,139225.0,22,22,7684.857877536362,0.6875,0.8576400652970708,9640.991376714195,1565070335.138899,139225.0,22,22,11241.302461044346,0.6875,0.8576400652970708,4599.183293806019,746608420.0,141510.0,23,23,5276.011730619744,0.71875,0.8717158961406967,6727.620901172742,1092128338.991877,141510.0,23,23,7717.676058171699,0.71875,0.8717158961406967,215.90376138055868,35048737.10371299,138825.0,21,21,252.46704198604712,0.65625,0.8551760248868081,1600.3523042863044,259793191.31631726,144740.0,24,24,1794.89561500841,0.75,0.8916130224535682,0.23787789588550315,259793191.31631723,1058364437.0394969,20,20,0.24546666745816031,0.625,0.9690843092822342
SK,2016,32,32,151170.0,140360.0,32,0,0,,0.0,85165.0,47795.0,7400.0,10725.0,32,0,0,,0.0,4615.0,2090.0,710.0,11205.0,20875.0,9660.0,793655623.0,1095622267.3484375,705406875.0,973797019.0008671,23892963.0,32983653.787749108,171521461.0,236781201.51079258,4724.0625,2487.5,225.0,24105.0,16,32,32,1.0,True,high,1.0,0.0,0.0,True,151170.0,0.0,0.0,0.0,,0.606761185522941,0.606761185522941,0.606761185522941,0.0541889273762696,0.34051724137931033,0.34051724137931033,0.34051724137931033,0.04372842347525892,0.05272157309774864,0.05272157309774864,0.05272157309774864,0.09594594594594595,0.05272157309774864,0.05272157309774864,0.05272157309774864,4724.0625,4724.0625,4724.0625,0.0709466163921413,10725.0,151170.0,32,32,0.0709466163921413,1.0,1.0,13.491298527443107,128595.0,11205.0,20,20,11.47657295850067,0.625,1.0,5250.08680955216,793655623.0,132235.0,23,23,6001.857473437441,0.71875,0.8747436660713105,7247.617036107942,1095622267.3484378,132235.0,23,23,8285.41813701696,0.71875,0.8747436660713105,4666.31524111927,705406875.0,132235.0,23,23,5334.494460619352,0.71875,0.8747436660713105,6441.734596817273,973797019.0008669,132235.0,23,23,7364.139743644775,0.71875,0.8747436660713105,218.18914988257663,32983653.787749104,130160.0,22,22,253.40852633488862,0.6875,0.8610173976318053,1566.324016079861,236781201.51079255,135175.0,25,25,1751.6641502555394,0.78125,0.8941919693060792,0.24315252243607632,236781201.51079255,954992880.8870384,21,21,0.24794027918916003,0.65625,0.9806898791566212
SK,2017,32,32,139973.0,129186.0,32,0,0,,0.0,78938.0,43257.0,6991.0,11556.0,32,0,0,,0.0,5224.0,2122.0,683.0,11086.0,20683.0,9597.0,828965357.0,1102557211.0122004,706062030.0,939090851.0527933,32752143.0,43561665.31667591,164157349.0,218335865.7297864,4374.15625,2118.0,223.0,22682.0,16,32,32,1.0,True,high,1.0,0.0,0.0,True,139973.0,0.0,0.0,0.0,,0.6110414441193318,0.6110414441193318,0.6110414441193318,0.06617851985102233,0.33484278482188473,0.33484278482188473,0.33484278482188473,0.0490556441731974,0.05411577105878346,0.05411577105878346,0.05411577105878346,0.09769703905020741,0.05411577105878346,0.05411577105878346,0.05411577105878346,4374.15625,4374.15625,4374.15625,0.08255877919313011,11556.0,139973.0,32,32,0.08255877919313011,1.0,1.0,12.626104997293885,119709.0,11086.0,20,20,10.79821396355764,0.625,1.0,5922.323283776157,828965357.0,123072.0,23,23,6735.612950143006,0.71875,0.8792552849478114,7876.92777187172,1102557211.0122004,123072.0,23,23,8958.635684901525,0.71875,0.8792552849478114,5044.273038371686,706062030.0,123072.0,23,23,5736.983473088923,0.71875,0.8792552849478114,6709.085688331273,939090851.0527931,123072.0,23,23,7630.418381539206,0.71875,0.8792552849478114,311.2147722537626,43561665.31667591,121215.0,22,22,359.3752037014883,0.6875,0.8659884406278354,1559.84272488113,218335865.7297864,125883.0,25,25,1734.4348778610804,0.78125,0.8993377294192452,0.23249706403274514,218335865.72978637,929329863.2585717,22,22,0.23493903979822692,0.6875,0.9896059174857483
SK,2018,32,32,136806.0,126036.0,32,0,0,,0.0,77125.0,42142.0,6769.0,12695.0,32,0,0,,0.0,6182.0,2319.0,698.0,11079.0,20559.0,9480.0,852425939.0,1098971375.2710602,733858811.0,946111315.8118654,29630757.0,38200801.126269564,169740027.0,218833592.8979009,4275.1875,2010.0,180.0,22137.0,16,32,32,1.0,True,high,1.0,0.0,0.0,True,136806.0,0.0,0.0,0.0,,0.6119283379351931,0.6119283379351931,0.6119283379351931,0.08015559157212318,0.334364784664699,0.334364784664699,0.334364784664699,0.055028237862464996,0.053706877400107905,0.053706877400107905,0.053706877400107905,0.10311715172108141,0.053706877400107905,0.053706877400107905,0.053706877400107905,4275.1875,4275.1875,4275.1875,0.09279563761823312,12695.0,136806.0,32,32,0.09279563761823312,1.0,1.0,12.3482263742215,116398.0,11079.0,20,20,10.506182868489937,0.625,1.0,6230.910479072555,852425939.0,120120.0,23,23,7096.4530386280385,0.71875,0.8780316652778387,8033.064158524189,1098971375.2710605,120120.0,23,23,9148.945848077426,0.71875,0.8780316652778387,5364.229719456749,733858811.0,120120.0,23,23,6109.380710955711,0.71875,0.8780316652778387,6915.715069601227,946111315.8118656,120120.0,23,23,7876.384580518361,0.71875,0.8780316652778387,279.23337519019316,38200801.126269564,118105.0,22,22,323.44778905439705,0.6875,0.8633027791178749,1599.5906093146566,218833592.89790088,122245.0,25,25,1790.1230553225153,0.78125,0.8935646097393389,0.23129793422893172,218833592.8979009,930736810.5531046,22,22,0.23511866127638778,0.6875,0.9837497924379355
SK,2019,31,31,134882.0,124117.0,31,0,0,,0.0,78477.0,39036.0,6604.0,14225.0,31,0,0,,0.0,7386.0,2521.0,765.0,11015.0,20462.0,9447.0,893044782.0,1138717358.5122187,787353824.0,1003951296.4533219,28639312.0,36517857.074548446,185001077.0,235894035.7409261,4351.032258064516,2240.0,329.0,21987.0,15,31,31,1.0,True,high,1.0,0.0,0.0,True,134882.0,0.0,0.0,0.0,,0.6322824431786137,0.6322824431786137,0.6322824431786137,0.09411674758209412,0.3145096964960481,0.3145096964960481,0.3145096964960481,0.0645814120299211,0.05320786032533819,0.05320786032533819,0.05320786032533819,0.11583888552392489,0.05320786032533819,0.05320786032533819,0.05320786032533819,4351.032258064516,4351.032258064516,4351.032258064516,0.10546255245325543,14225.0,134882.0,31,31,0.10546255245325543,1.0,1.0,12.245301861098502,115366.0,11015.0,20,20,10.473536087153882,0.6451612903225806,1.0,6620.933719844012,893044782.0,119236.0,23,23,7489.724428863766,0.7419354838709677,0.8840023131329606,8442.322611706668,1138717358.5122185,119236.0,23,23,9550.113711565455,0.7419354838709677,0.8840023131329606,5837.352826915378,787353824.0,119236.0,23,23,6603.323023248013,0.7419354838709677,0.8840023131329606,7443.18216258153,1003951296.4533217,119236.0,23,23,8419.867292204717,0.7419354838709677,0.8840023131329606,270.7392911919192,36517857.07454845,117137.0,22,22,311.75339196452404,0.7096774193548387,0.8684405628623537,1748.891888768895,235894035.7409261,118963.0,24,24,1982.9193593043726,0.7741935483870968,0.8819783217923814,0.23496561693208973,235894035.74092603,994107957.2332976,22,22,0.23729217136279931,0.7096774193548387,0.9901954016546439
SK,2020,31,31,137254.0,126210.0,31,0,0,,0.0,83148.0,36480.0,6582.0,15425.0,31,0,0,,0.0,8457.0,2570.0,817.0,11020.0,20132.0,9112.0,1035729891.0,1352811264.9602346,816476810.0,1066435405.3549249,39243197.0,51257223.949959055,235139266.0,307125487.681113,4427.548387096775,2228.0,267.0,22832.0,15,31,31,1.0,True,high,1.0,0.0,0.0,True,137254.0,0.0,0.0,0.0,,0.6588067506536724,0.6588067506536724,0.6588067506536724,0.10171020349256747,0.2890420727359163,0.2890420727359163,0.2890420727359163,0.07044956140350878,0.05215117661041122,0.05215117661041122,0.05215117661041122,0.12412640534791856,0.05215117661041122,0.05215117661041122,0.05215117661041122,4427.548387096775,4427.548387096775,4427.548387096775,0.11238288137322046,15425.0,137254.0,31,31,0.11238288137322046,1.0,1.0,12.454990925589836,117955.0,11020.0,20,20,10.703720508166969,0.6451612903225806,1.0,7546.081651536567,1035729891.0,121965.0,23,23,8492.025507317672,0.7419354838709677,0.8886079822810264,9856.261128711983,1352811264.9602342,121965.0,23,23,11091.798999386989,0.7419354838709677,0.8886079822810264,5948.655849738441,816476810.0,121965.0,23,23,6694.3533800680525,0.7419354838709677,0.8886079822810264,7769.79472623694,1066435405.3549247,121965.0,23,23,8743.782276513137,0.7419354838709677,0.8886079822810264,373.4479428647548,51257223.94995906,119781.0,22,22,427.92449511991936,0.7096774193548387,0.8726958777157678,2237.643257618088,307125487.68111306,121458.0,24,24,2528.655894886406,0.7741935483870968,0.8849141008640914,0.28799258364729297,307125487.68111306,1048826515.4849772,22,22,0.29282772998840356,0.7096774193548387,0.9834880858404291
SK,2021,31,31,136571.0,125293.0,31,0,0,,0.0,83499.0,35312.0,6482.0,16646.0,31,0,0,,0.0,9407.0,2688.0,878.0,10805.0,19644.0,8839.0,1030670250.0,1347223257.035971,839025016.89,1096717418.5819435,30659824.0,40076472.518178955,262046860.0,342530139.2227526,4405.5161290322585,2379.0,169.0,22828.0,15,31,31,1.0,True,high,1.0,0.0,0.0,True,136571.0,0.0,0.0,0.0,,0.666429888341727,0.666429888341727,0.666429888341727,0.11266003185666894,0.2818353778742627,0.2818353778742627,0.2818353778742627,0.076121431807884,0.05173473378401028,0.05173473378401028,0.05173473378401028,0.13545202098117864,0.05173473378401028,0.05173473378401028,0.05173473378401028,4405.5161290322585,4405.5161290322585,4405.5161290322585,0.12188531972380666,16646.0,136571.0,31,31,0.12188531972380666,1.0,1.0,12.639611291068949,116982.0,10805.0,20,20,10.826654326700602,0.6451612903225806,1.0,7546.772374808707,1030670250.0,120920.0,23,23,8523.571369500496,0.7419354838709677,0.8854002679924727,9864.636394519854,1347223257.035971,120920.0,23,23,11141.4427475684,0.7419354838709677,0.8854002679924727,6143.507896185866,839025016.89,120920.0,23,23,6938.67860478002,0.7419354838709677,0.8854002679924727,8030.382867387246,1096717418.5819435,120920.0,23,23,9069.776865547003,0.7419354838709677,0.8854002679924727,293.4478953670908,40076472.51817896,120920.0,23,23,331.4296437163328,0.7419354838709677,0.8854002679924727,2508.0737434942453,342530139.2227525,120333.0,24,24,2846.5187373600966,0.7741935483870968,0.8811021373498034,0.3123230591756665,342530139.2227525,1075681442.3560812,22,22,0.3184308343857858,0.7096774193548387,0.9808191464187176
SK,2022,31,31,136095.0,124945.0,31,0,0,,0.0,84185.0,34585.0,6175.0,21190.0,31,0,0,,0.0,13615.0,3065.0,880.0,10745.0,19540.0,8790.0,1061951835.0,1344853971.614949,925472161.0,1172016347.9353275,55233590.0,69947723.07922207,318324904.0,403126109.20658875,4390.1612903225805,2360.0,155.0,22565.0,15,31,31,1.0,True,high,1.0,0.0,0.0,True,136095.0,0.0,0.0,0.0,,0.673776461643123,0.673776461643123,0.673776461643123,0.16172714854190176,0.2768017927888271,0.2768017927888271,0.2768017927888271,0.08862223507300852,0.04942174556804994,0.04942174556804994,0.04942174556804994,0.14251012145748987,0.04942174556804994,0.04942174556804994,0.04942174556804994,4390.1612903225805,4390.1612903225805,4390.1612903225805,0.15570006245637238,21190.0,136095.0,31,31,0.15570006245637238,1.0,1.0,12.665891112145184,117295.0,10745.0,20,20,10.916240111679851,0.6451612903225806,1.0,7803.018736911716,1061951835.0,121200.0,23,23,8761.978836633663,0.7419354838709677,0.8905543921525405,9881.729465556773,1344853971.6149487,121200.0,23,23,11096.154881311459,0.7419354838709677,0.8905543921525405,6800.19222601859,925472161.0,121200.0,23,23,7635.908919141914,0.7419354838709677,0.8905543921525405,8611.751702379423,1172016347.9353273,121200.0,23,23,9670.101880654516,0.7419354838709677,0.8905543921525405,513.9624753240169,69947723.07922207,121200.0,23,23,577.1264280463866,0.7419354838709677,0.8905543921525405,2962.093458294491,403126109.20658875,117835.0,21,21,3421.106710286322,0.6774193548387096,0.8658290164958301,0.34395945919760623,403126109.20658875,1132060026.0118206,21,21,0.3560995883113882,0.6774193548387096,0.9659080506906788
SK,2023,31,31,137595.0,126545.0,31,0,0,,0.0,85815.0,34680.0,6050.0,21890.0,31,0,0,,0.0,14535.0,2855.0,855.0,10310.0,18905.0,8600.0,1295572548.0,1630391345.0006862,1043468138.34,1313134817.6215866,55311431.0,69605734.17614791,422152438.11,531250590.65814793,4438.548387096775,2210.0,150.0,22710.0,15,31,31,1.0,True,high,1.0,0.0,0.0,True,137595.0,0.0,0.0,0.0,,0.6781382117033466,0.6781382117033466,0.6781382117033466,0.16937598321971684,0.27405270852265995,0.27405270852265995,0.27405270852265995,0.08232410611303345,0.04780907977399344,0.04780907977399344,0.04780907977399344,0.14132231404958678,0.04780907977399344,0.04780907977399344,0.04780907977399344,4438.548387096775,4438.548387096775,4438.548387096775,0.1590900832152331,21890.0,137595.0,31,31,0.1590900832152331,1.0,1.0,13.345780795344325,117065.0,10310.0,19,19,11.3545101842871,0.6129032258064516,1.0,9415.840313964896,1295572548.0,121610.0,23,23,10653.503396102295,0.7419354838709677,0.8838257204113522,11849.204876635678,1630391345.000686,121610.0,23,23,13406.721034460044,0.7419354838709677,0.8838257204113522,7583.6195962062575,1043468138.34,121610.0,23,23,8580.44682460324,0.7419354838709677,0.8838257204113522,9543.477725364923,1313134817.6215868,121610.0,23,23,10797.918079282845,0.7419354838709677,0.8838257204113522,505.87400832986594,69605734.17614791,121610.0,23,23,572.3685073279164,0.7419354838709677,0.8838257204113522,3860.973077932686,531250590.658148,118140.0,21,21,4496.788476876147,0.6774193548387096,0.85860678076965,0.4045666777919839,531250590.658148,1258872500.0912364,21,21,0.4220050804347905,0.6774193548387096,0.9586772684707022
TR,2014,189,189,6062870.0,6062890.0,184,0,1,0.0,918975.0,4723595.0,342095.0,78225.0,72140.0,9,0,1,0.0,,,0.0,0.0,,,,,,4568517804.920009,8616796345.206652,,,0.0,0.0,32950.38043478261,9027.5,0.0,2686890.0,84,183,184,0.9682539682539683,True,high,0.9735449735449735,0.0,0.0,True,6062870.0,0.1515737544306428,0.1515737544306428,0.1515737544306428,,0.7790995713265456,0.7790995713265456,0.7790995713265456,,0.05642441146054109,0.05642441146054109,0.05642441146054109,0.0,0.012902262782270501,0.012902262782270501,0.012902262782270501,0.0,0.012902262782270501,0.012902262782270501,0.012902262782270501,32950.38043478261,32078.67724867725,32078.67724867725,0.011898655257328625,72140.0,6062870.0,179,179,0.011898655257328625,0.9470899470899471,1.0,,,,0,0,,0.0,,,,,0,0,,0.0,,,,,0,0,,0.0,,753.5239589369405,4565595045.587478,5615285.0,103,103,813.0655960627961,0.544973544973545,0.9261760519357993,1421.2404925730968,8611283655.312492,5615285.0,103,103,1533.5434720254614,0.544973544973545,0.9261760519357993,,,,0,0,,0.0,,0.0,0.0,13165.0,8,8,0.0,0.042328042328042326,0.002171413868349478,0.0,,,0,0,,0.0,
TR,2015,195,195,6689190.0,6689165.0,183,0,2,0.0,2285365.0,3900610.0,417095.0,86095.0,87890.0,140,0,1,0.0,4820.0,60490.0,16140.0,6375.0,,,,,,,,,,0.0,0.0,36552.95081967213,11140.0,0.0,2896760.0,85,181,183,0.9282051282051282,True,high,0.9384615384615385,0.0,0.0,True,6689190.0,0.34165176072050846,0.34165176072050846,0.34165176072050846,0.0021090722926097143,0.5831236036186879,0.5831236036186879,0.5831236036186879,0.015507830826460477,0.062353821441091674,0.062353821441091674,0.062353821441091674,0.03869622028554646,0.012870814219712028,0.012870814219712028,0.012870814219712028,0.07404611185318544,0.012870814219712028,0.012870814219712028,0.012870814219712028,36552.95081967213,34303.53846153846,34303.53846153846,0.013139109518491775,87890.0,6681050.0,180,180,0.01315511783327471,0.9230769230769231,0.9987831112586127,,,,0,0,,0.0,,,,,0,0,,0.0,,,,,0,0,,0.0,,,,,0,0,,0.0,,,,,0,0,,0.0,,,,,0,0,,0.0,,0.0,0.0,17990.0,8,8,0.0,0.041025641025641026,0.002689413815424588,,,,0,0,,0.0,
TR,2016,179,179,7198875.0,7198890.0,174,0,0,,2555930.0,4071570.0,480165.0,91225.0,108040.0,8,0,0,,,,0.0,0.0,,,,,,,,,,0.0,0.0,41372.84482758621,14007.5,100.0,3023195.0,84,174,174,0.9720670391061452,True,high,0.9720670391061452,0.0,0.0,True,7198875.0,0.3550450138840849,0.3550450138840849,0.3550450138840849,,0.5655830273833883,0.5655830273833883,0.5655830273833883,,0.06669986622937703,0.06669986622937703,0.06669986622937703,0.0,0.01267209250314979,0.01267209250314979,0.01267209250314979,0.0,0.01267209250314979,0.01267209250314979,0.01267209250314979,41372.84482758621,40217.17877094972,40217.17877094972,0.015007900540014933,108040.0,7198875.0,174,174,0.015007900540014933,0.9720670391061452,1.0,,,,0,0,,0.0,,,,,0,0,,0.0,,,,,0,0,,0.0,,,,,0,0,,0.0,,,,,0,0,,0.0,,,,,0,0,,0.0,,0.0,0.0,22265.0,8,8,0.0,0.0446927374301676,0.003092844368043618,,,,0,0,,0.0,
TR,2017,186,186,7560371.0,7441009.0,182,0,1,0.0,2768757.0,4122479.0,454673.0,95100.0,125138.0,5,0,0,,,0.0,0.0,0.0,,,,,,,,,,0.0,0.0,41540.5,13314.0,0.0,3211489.0,84,181,182,0.9731182795698925,True,high,0.978494623655914,0.0,0.0,True,7560371.0,0.37209429527635296,0.37209429527635296,0.37209429527635296,,0.5540215043416827,0.5540215043416827,0.5540215043416827,0.0,0.061103675590232456,0.061103675590232456,0.061103675590232456,0.0,0.012780524791731874,0.012780524791731874,0.012780524791731874,0.0,0.012780524791731874,0.012780524791731874,0.012780524791731874,41540.5,40647.155913978495,40647.155913978495,0.01655183323675518,125138.0,7560371.0,177,177,0.01655183323675518,0.9516129032258065,1.0,,,,0,0,,0.0,,,,,0,0,,0.0,,,,,0,0,,0.0,,,,,0,0,,0.0,,,,,0,0,,0.0,,,,,0,0,,0.0,,0.0,0.0,7161.0,4,4,0.0,0.021505376344086023,0.0009471757404497743,,,,0,0,,0.0,
TR,2018,201,201,7740502.0,7598013.0,197,0,0,,2829430.0,4278210.0,394174.0,96199.0,154505.0,5,0,0,,,0.0,0.0,0.0,,,,,,,,,,0.0,0.0,39291.8883248731,12437.0,0.0,3361273.0,84,197,197,0.9800995024875622,True,high,0.9800995024875622,0.0,0.0,True,7740502.0,0.37239078164251627,0.37239078164251627,0.37239078164251627,,0.5630695814813689,0.5630695814813689,0.5630695814813689,0.0,0.051878563513908175,0.051878563513908175,0.051878563513908175,0.0,0.012661073362206671,0.012661073362206671,0.012661073362206671,0.0,0.012661073362206671,0.012661073362206671,0.012661073362206671,39291.8883248731,38509.96019900498,38509.96019900498,0.01996059170322545,154505.0,7740502.0,195,195,0.01996059170322545,0.9701492537313433,1.0,,,,0,0,,0.0,,,,,0,0,,0.0,,,,,0,0,,0.0,,,,,0,0,,0.0,,,,,0,0,,0.0,,,,,0,0,,0.0,,0.0,0.0,10712.0,5,5,0.0,0.024875621890547265,0.001383889572020006,,,,0,0,,0.0,
TR,2019,206,206,7940133.0,7785153.0,202,0,0,,3002964.0,4383946.0,297001.0,101242.0,185047.0,5,0,0,,,0.0,0.0,0.0,,,,,,,,,,0.0,0.0,39307.58910891089,12522.0,0.0,3462443.0,84,202,202,0.9805825242718447,True,high,0.9805825242718447,0.0,0.0,True,7940133.0,0.385729606084813,0.385729606084813,0.385729606084813,,0.5631162290580545,0.5631162290580545,0.5631162290580545,0.0,0.038149667707237093,0.038149667707237093,0.038149667707237093,0.0,0.013004497149895449,0.013004497149895449,0.013004497149895449,0.0,0.013004497149895449,0.013004497149895449,0.013004497149895449,39307.58910891089,38544.33495145631,38544.33495145631,0.023305277128229464,185047.0,7940133.0,200,200,0.023305277128229464,0.970873786407767,1.0,,,,0,0,,0.0,,,,,0,0,,0.0,,,,,0,0,,0.0,,,,,0,0,,0.0,,,,,0,0,,0.0,,,,,0,0,,0.0,,0.0,0.0,8646.0,3,3,0.0,0.014563106796116505,0.0010888986368364358,,,,0,0,,0.0,
TR,2020,208,208,8240997.0,8070394.0,204,0,0,,3114623.0,4506054.0,343569.0,106148.0,224048.0,4,0,0,,,0.0,0.0,0.0,,,,,,,,,,,,40397.044117647056,12523.5,102.0,3492833.0,84,204,204,0.9807692307692307,True,high,0.9807692307692307,0.0,0.0,True,8240997.0,0.38593196317304956,0.38593196317304956,0.38593196317304956,,0.5583437438122599,0.5583437438122599,0.5583437438122599,0.0,0.04257152748676211,0.04257152748676211,0.04257152748676211,0.0,0.013152765527928377,0.013152765527928377,0.013152765527928377,0.0,0.013152765527928377,0.013152765527928377,0.013152765527928377,40397.044117647056,39620.17788461538,39620.17788461538,0.027187001766897863,224048.0,8240997.0,204,204,0.027187001766897863,0.9807692307692307,1.0,,,,0,0,,0.0,,,,,0,0,,0.0,,,,,0,0,,0.0,,,,,0,0,,0.0,,,,,0,0,,0.0,,,,,0,0,,0.0,,,,,0,0,,0.0,,,,,0,0,,0.0,
TR,2021,207,207,8296959.0,8111586.0,205,0,1,0.0,3250101.0,4393674.0,358271.0,109540.0,260289.0,4,0,0,,,,,0.0,,,,,,,,,,,,40472.97073170732,13470.0,0.0,3538594.0,84,204,205,0.9855072463768116,True,high,0.9903381642512077,0.0,0.0,True,8296959.0,0.40067392492664194,0.40067392492664194,0.40067392492664194,,0.5416541228805316,0.5416541228805316,0.5416541228805316,,0.04416781132567663,0.04416781132567663,0.04416781132567663,,0.013504140867149779,0.013504140867149779,0.013504140867149779,0.0,0.013504140867149779,0.013504140867149779,0.013504140867149779,40472.97073170732,40081.92753623189,40081.92753623189,0.031371614587947225,260289.0,8296959.0,204,204,0.031371614587947225,0.9855072463768116,1.0,,,,0,0,,0.0,,,,,0,0,,0.0,,,,,0,0,,0.0,,,,,0,0,,0.0,,,,,0,0,,0.0,,,,,0,0,,0.0,,,,,0,0,,0.0,,,,,0,0,,0.0,
TR,2022,208,208,6950142.0,6746489.0,206,0,1,0.0,2647054.0,3550442.0,434485.0,114508.0,301694.0,0,0,0,,,,,,,,,,,,,,,,,33738.553398058255,14663.5,0.0,1891766.0,84,205,206,0.9855769230769231,True,high,0.9903846153846154,0.0,0.0,True,6950142.0,0.3923602335970606,0.3923602335970606,0.3923602335970606,,0.5262651432471023,0.5262651432471023,0.5262651432471023,,0.0644016465453364,0.0644016465453364,0.0644016465453364,,0.01697297661050066,0.01697297661050066,0.01697297661050066,,0.01697297661050066,0.01697297661050066,0.01697297661050066,33738.553398058255,33414.144230769234,33414.144230769234,0.04340832172925388,301694.0,6950142.0,205,205,0.04340832172925388,0.9855769230769231,1.0,,,,0,0,,0.0,,,,,0,0,,0.0,,,,,0,0,,0.0,,,,,0,0,,0.0,,,,,0,0,,0.0,,,,,0,0,,0.0,,,,,0,0,,0.0,,,,,0,0,,0.0,
TR,2023,208,208,7081289.0,6867499.0,206,0,1,0.0,2822626.0,3526381.0,409559.0,108933.0,336366.0,0,0,0,,,,,,,,,,,,,,,,,34375.18932038835,15557.5,0.0,1773233.0,84,205,206,0.9855769230769231,True,high,0.9903846153846154,0.0,0.0,True,7081289.0,0.4110122185674872,0.4110122185674872,0.4110122185674872,,0.5134883892957247,0.5134883892957247,0.5134883892957247,,0.05963728571347444,0.05963728571347444,0.05963728571347444,,0.01586210642331364,0.01586210642331364,0.01586210642331364,,0.01586210642331364,0.01586210642331364,0.01586210642331364,34375.18932038835,34044.658653846156,34044.658653846156,0.04750067395921844,336366.0,7081289.0,205,205,0.04750067395921844,0.9855769230769231,1.0,,,,0,0,,0.0,,,,,0,0,,0.0,,,,,0,0,,0.0,,,,,0,0,,0.0,,,,,0,0,,0.0,,,,,0,0,,0.0,,,,,0,0,,0.0,,,,,0,0,,0.0,
UK,2014,161,161,2265860.0,2171940.0,160,0,1,0.0,203650.0,1430335.0,425170.0,112785.0,568515.0,160,0,1,0.0,32550.0,277065.0,182115.0,56440.0,157845.0,334440.0,176660.0,40994613705.15557,33912812981.999207,36061534262.8889,29831920751.76226,9989805488.016674,8264071169.892566,0.0,0.0,14073.664596273293,13695.0,0.0,132355.0,86,160,161,0.9937888198757764,True,high,1.0,0.0,0.0,True,2265860.0,0.09376410029742994,0.09376410029742994,0.09376410029742994,0.15983304689418118,0.6585518016151459,0.6585518016151459,0.6585518016151459,0.19370636948686845,0.19575586802582023,0.19575586802582023,0.19575586802582023,0.42833454853352776,0.05192823006160391,0.05192823006160391,0.05192823006160391,0.5004211552954737,0.05192823006160391,0.05192823006160391,0.05192823006160391,14073.664596273293,14073.664596273293,14073.664596273293,0.2509047337434793,568515.0,2265860.0,160,160,0.2509047337434793,0.9937888198757764,1.0,14.354968481738414,2265635.0,157845.0,160,160,14.353543032721975,0.9937888198757764,1.0,18092.29771705029,40903974594.3532,2260800.0,159,159,18092.69930748107,0.9875776397515528,0.9977668523209731,14966.8615810329,33837831736.0335,2260800.0,159,159,14967.193796900876,0.9875776397515528,0.9977668523209731,15915.164336229467,35976202054.28473,2260800.0,159,159,15913.040540642573,0.9875776397515528,0.9977668523209731,13165.826993619316,29761329643.073013,2260800.0,159,159,13164.070082746379,0.9875776397515528,0.9977668523209731,3647.2117297152363,8201152026.205362,2260800.0,159,159,3627.544243721409,0.9875776397515528,0.9977668523209731,0.0,0.0,6025.0,2,2,0.0,0.012422360248447204,0.002659034538762324,0.0,0.0,51512791.226293206,2,2,0.0,0.012422360248447204,0.0017267675003209504
UK,2015,258,258,2333845.0,2231195.0,258,0,0,,205295.0,1493130.0,419725.0,113045.0,592730.0,258,0,0,,36755.0,298950.0,177730.0,56590.0,160725.0,340835.0,180120.0,47638224677.61491,35899774080.2804,42453779069.76744,31992818535.384056,11060013226.055328,8334734949.24074,0.0,0.0,9045.910852713178,3852.5,20.0,126620.0,103,258,258,1.0,True,high,1.0,0.0,0.0,True,2333845.0,0.09201123164940761,0.09201123164940761,0.09201123164940761,0.17903504712730461,0.6692064118107113,0.6692064118107113,0.6692064118107113,0.2002169938317494,0.18811668186778835,0.18811668186778835,0.18811668186778835,0.4234439216153434,0.05066567467209276,0.05066567467209276,0.05066567467209276,0.5005971073466319,0.05066567467209276,0.05066567467209276,0.05066567467209276,9045.910852713178,9045.910852713178,9045.910852713178,0.2539714505462016,592730.0,2333845.0,258,258,0.2539714505462016,1.0,1.0,14.520734173277337,2280580.0,160725.0,161,161,14.189329600248872,0.624031007751938,1.0,20411.905965312566,47638224677.6149,2280020.0,160,160,20893.77491320905,0.6201550387596899,0.9769372001996705,15382.244356536276,35899774080.2804,2280020.0,160,160,15745.37683015079,0.6201550387596899,0.9769372001996705,18190.487830069025,42453779069.76744,2280020.0,160,160,18619.915206782152,0.6201550387596899,0.9769372001996705,13708.201930884037,31992818535.384052,2280020.0,160,160,14031.81486802048,0.6201550387596899,0.9769372001996705,3571.2461406994635,8334734949.24074,2280020.0,160,160,3655.5534377947297,0.6201550387596899,0.9769372001996705,0.0,0.0,59615.0,99,99,0.0,0.38372093023255816,0.025543684349217707,0.0,0.0,55438581.19093747,2,2,0.0,0.007751937984496124,0.0017328445485233631
UK,2016,260,260,2375415.0,2268600.0,260,0,2,0.0,186595.0,1523815.0,445795.0,112395.0,615540.0,260,0,2,0.0,36385.0,316830.0,181625.0,55860.0,163810.0,347805.0,184050.0,43308973983.50173,35802390401.271866,39070185971.59174,32298295769.788704,9911249816.957094,8193369703.156871,0.0,0.0,9136.211538461539,3737.5,0.0,121625.0,102,258,260,0.9923076923076923,True,high,1.0,0.0,0.0,True,2375415.0,0.0822511681213083,0.0822511681213083,0.0822511681213083,0.19499450681958252,0.6716984043022128,0.6716984043022128,0.6716984043022128,0.20791894029130834,0.19650665608745482,0.19650665608745482,0.19650665608745482,0.407418207920681,0.049543771489024065,0.049543771489024065,0.049543771489024065,0.49699719738422526,0.049543771489024065,0.049543771489024065,0.049543771489024065,9136.211538461539,9136.211538461539,9136.211538461539,0.25912945737902643,615540.0,2375415.0,258,258,0.25912945737902643,0.9923076923076923,1.0,14.50103778768085,2316245.0,163810.0,162,162,14.139826628410963,0.6230769230769231,1.0,18232.171634641414,43308973983.50174,2316245.0,162,162,18697.92443523968,0.6230769230769231,0.9750906683674221,15072.057051619135,35802390401.271866,2316245.0,162,162,15457.082649405338,0.6230769230769231,0.9750906683674221,16447.73059511359,39070185971.591736,2316245.0,162,162,16867.898677208905,0.6230769230769231,0.9750906683674221,13596.906548871968,32298295769.788704,2316245.0,162,162,13944.24845808138,0.6230769230769231,0.9750906683674221,3449.2371662033247,8193369703.156871,2316245.0,162,162,3537.350195319092,0.6230769230769231,0.9750906683674221,0.0,0.0,66000.0,99,99,0.0,0.38076923076923075,0.027784618687681943,0.0,0.0,60900960.155271165,3,3,0.0,0.011538461538461539,0.0018855781304794703
UK,2017,258,258,2413790.0,2413790.0,258,0,83,82395.0,175375.0,1656550.0,470050.0,111815.0,,0,0,0,,,,,,167210.0,355755.0,188505.0,43839651180.03354,38560697150.356285,39434221542.883865,34685747567.4385,9769249546.57967,8592884820.294456,0.0,0.0,9355.77519379845,4172.5,0.0,117935.0,102,175,258,0.6782945736434108,False,medium,1.0,0.034135115316576835,0.0,True,2413790.0,0.07265545055700785,,,,0.686285882367563,,,,0.19473525037389333,,,,0.04632341670153576,,,,,0.04632341670153576,,9355.77519379845,9355.77519379845,9355.77519379845,,,,0,0,,0.0,,14.435679684229411,2339960.0,167210.0,162,162,13.994139106512769,0.627906976744186,1.0,18162.16455451118,43839651180.03354,2349925.0,182,182,18655.76611169869,0.7054263565891473,0.9735416088392114,15975.166501790249,38560697150.356285,2349925.0,182,182,16409.331000077145,0.7054263565891473,0.9735416088392114,16337.055643980571,39434221542.883865,2339960.0,162,162,16852.51950583936,0.627906976744186,0.9694132463884596,14369.828182003612,34685747567.43849,2339960.0,162,162,14823.222434331567,0.627906976744186,0.9694132463884596,3559.9140025828497,8592884820.294456,2336900.0,160,160,3677.044298127629,0.6201550387596899,0.9681455304728249,0.0,0.0,80875.0,95,95,0.0,0.3682170542635659,0.03350540022122886,0.0,0.0,63310812.03107097,3,3,0.0,0.011627906976744186,0.0018252687766921437
UK,2018,256,256,2449020.0,2449020.0,256,0,81,79000.0,162840.0,1684875.0,488650.0,112655.0,1255.0,0,0,2,1255.0,,1245.0,10.0,,171200.0,363675.0,192495.0,46363247843.92626,40446519676.96451,46862189870.126945,40881788330.8846,10057571407.579885,8774056580.517292,0.0,0.0,9566.484375,4687.5,0.0,122355.0,102,175,256,0.68359375,False,medium,1.0,0.03225780107961552,1.0,True,2449020.0,0.06649190288360242,,,,0.6879792733419898,,,0.000738927220120187,0.19952879110828003,,,2.0464545175483475e-05,0.04600003266612768,,,,,0.04600003266612768,,9566.484375,9566.484375,9566.484375,0.0005124498779103478,1255.0,2230.0,2,2,0.5627802690582959,0.0078125,0.0009105683089562355,14.305023364485981,2378510.0,171200.0,161,161,13.893165887850467,0.62890625,1.0,18931.3471690416,46363247843.92626,2423495.0,222,222,19130.737981273436,0.8671875,0.9895774636385166,16515.389697497165,40446519676.964485,2423495.0,222,222,16689.33489731338,0.8671875,0.9895774636385166,19135.07846817378,46814673734.89618,2386810.0,182,182,19613.908830152453,0.7109375,0.9745980024662927,16693.1214652737,40840336051.59102,2386810.0,182,182,17110.8450406991,0.7109375,0.9745980024662927,3582.680656147068,8774056580.51729,2384625.0,180,180,3679.4282457481954,0.703125,0.9737058088541539,0.0,0.0,77750.0,89,89,0.0,0.34765625,0.0317473928346849,0.0,0.0,479257097.21633327,26,26,0.0,0.1015625,0.011722997373240476
UK,2019,255,255,2515330.0,2515330.0,255,0,80,71610.0,146350.0,1729480.0,528835.0,110665.0,,0,0,0,,,,,,175590.0,323235.0,170555.0,47212764163.7331,40248577672.024475,40070002392.42626,34159419220.123337,9649886644.565203,8226466274.947799,0.0,0.0,9864.039215686274,4825.0,0.0,129420.0,102,175,255,0.6862745098039216,False,medium,1.0,0.02846942548293862,0.0,True,2515330.0,0.0581832204919434,,,,0.6875757852846346,,,,0.21024477901507954,,,,0.043996215208342446,,,,,0.043996215208342446,,9864.039215686274,9864.039215686274,9864.039215686274,,,,0,0,,0.0,,14.32501850902671,2474890.0,175590.0,181,181,14.094709265903525,0.7098039215686275,1.0,18770.007976580848,47209935404.49093,2498130.0,223,223,18898.109948037505,0.8745098039215686,0.9931619310388696,16001.311029576427,40246166172.9714,2498130.0,223,223,16110.517136006292,0.8745098039215686,0.9931619310388696,15930.31625767842,40067393508.55007,2497800.0,221,221,16041.073548142394,0.8666666666666667,0.9930307355297316,13580.49211042819,34157195163.405045,2497800.0,221,221,13674.91198791138,0.8666666666666667,0.9930307355297316,3270.531610145706,8226461418.928762,2498130.0,223,223,3293.0477673014466,0.8745098039215686,0.9931619310388696,0.0,0.0,76310.0,84,84,0.0,0.32941176470588235,0.03033796758278238,0.0,0.0,834432088.5737872,65,65,0.0,0.2549019607843137,0.02442758418100454
UK,2020,254,254,2721700.0,2721700.0,254,0,74,70070.0,147705.0,1837185.0,622625.0,114185.0,,0,0,0,,,,,,177625.0,319590.0,167740.0,48465600764.30257,42154918906.236244,43293786669.66394,37656524161.93336,10076186354.951105,8764171122.99465,0.0,0.0,10715.354330708662,5227.5,0.0,152250.0,102,180,254,0.7086614173228346,False,medium,1.0,0.02574493882499908,0.0,True,2721700.0,0.05426939045449535,,,,0.6750137781533601,,,,0.2287632729544035,,,,0.041953558437741116,,,,,0.041953558437741116,,10715.354330708662,10715.354330708662,10715.354330708662,,,,0,0,,0.0,,15.322730471498945,2689430.0,177625.0,188,188,15.141055594651654,0.7401574803149606,1.0,17807.106133777626,48465600764.302574,2719445.0,229,229,17821.872023263048,0.9015748031496063,0.9991714737112833,15488.451668529318,42154918906.236244,2719445.0,229,229,15501.294898862174,0.9015748031496063,0.9991714737112833,15906.891527230753,43293786669.663925,2716115.0,227,227,15939.600005767034,0.8937007874015748,0.9979479736929125,13835.663064236822,37656524161.93334,2716115.0,227,227,13864.112587991798,0.8937007874015748,0.9979479736929125,3220.1091681649887,8764171122.994652,2719445.0,229,229,3222.779325558947,0.9015748031496063,0.9991714737112833,0.0,0.0,89885.0,81,81,0.0,0.3188976377952756,0.033025315060440166,0.0,0.0,898563872.9482152,70,70,0.0,0.2755905511811024,0.023862103392340323
UK,2021,252,252,2830365.0,2830365.0,252,0,73,106185.0,142540.0,1873990.0,700690.0,113145.0,,0,0,0,,,,,,182570.0,324610.0,170050.0,55070371102.838524,45141025861.08251,56349484644.02048,46189511576.45802,11236570497.906008,9210584735.095547,0.0,0.0,11231.607142857143,5522.5,0.0,151840.0,100,179,252,0.7103174603174603,False,medium,1.0,0.03751636273060188,0.0,True,2830365.0,0.050360995843292296,,,,0.6621018843859361,,,,0.24756171023878545,,,,0.03997540953198616,,,,,0.03997540953198616,,11231.607142857143,11231.607142857143,11231.607142857143,,,,0,0,,0.0,,15.50290299611108,2797595.0,182570.0,189,189,15.323410198827847,0.75,1.0,19456.98561946552,55066935784.08562,2828155.0,225,225,19470.975170768794,0.8928571428571429,0.9992191819782961,15948.835525129272,45138209940.11519,2828155.0,225,225,15960.302720365464,0.8928571428571429,0.9992191819782961,19908.910915737186,56349484644.02048,2827940.0,224,224,19925.983098658555,0.8888888888888888,0.9991432200440579,16319.277399366521,46189511576.45802,2827940.0,224,224,16333.271418933224,0.8888888888888888,0.9991432200440579,3254.2038694993566,9210584735.095547,2828155.0,225,225,3256.7467960898703,0.8928571428571429,0.9992191819782961,0.0,0.0,95450.0,74,74,0.0,0.29365079365079366,0.03372356568852427,0.0,0.0,1083092077.659534,67,67,0.0,0.26587301587301587,0.023448874878589685
UK,2022,246,246,2918845.0,2918845.0,246,0,45,70115.0,153445.0,1885375.0,756500.0,123525.0,,0,0,0,,,,,,188345.0,335270.0,177580.0,59098857826.35209,49134867260.08834,51833579201.6511,43094505162.37849,11932706740.466251,9920867903.557604,0.0,0.0,11865.223577235773,6522.5,40.0,140215.0,103,201,246,0.8170731707317073,True,high,1.0,0.024021487951569883,0.0,True,2918845.0,0.05257045166838253,0.05257045166838253,0.05257045166838253,,0.645931866885703,0.645931866885703,0.645931866885703,,0.2591778597356146,0.2591778597356146,0.2591778597356146,,0.04231982171029979,0.04231982171029979,0.04231982171029979,,0.04231982171029979,0.04231982171029979,0.04231982171029979,11865.223577235773,11865.223577235773,11865.223577235773,,,,0,0,,0.0,,15.497332023679949,2863920.0,188345.0,199,199,15.205712920438557,0.8089430894308943,1.0,20247.343667221827,59098857826.35208,2834240.0,236,236,20851.747849988737,0.959349593495935,0.9710142196656554,16833.667858378347,49134867260.08833,2834240.0,236,236,17336.17028201152,0.959349593495935,0.9710142196656554,17758.249993285393,51833579201.65111,2834240.0,236,236,18288.3521514237,0.959349593495935,0.9710142196656554,14764.232140582486,43094505162.378494,2834240.0,236,236,15204.959764303127,0.959349593495935,0.9710142196656554,3398.9019298926814,9920867903.557606,2834240.0,236,236,3500.36267343542,0.959349593495935,0.9710142196656554,0.0,0.0,130835.0,84,84,0.0,0.34146341463414637,0.04482423698414955,0.0,0.0,1418230654.4862483,79,79,0.0,0.32113821138211385,0.032909779312754794
UK,2023,245,245,2883545.0,2883545.0,244,8,50,108685.0,144895.0,1895105.0,724085.0,119460.0,,0,0,0,,,,,,192485.0,344690.0,185325.0,58873106152.059715,48410103235.07724,44174705388.65702,36323920853.10745,12005627795.214937,9871972432.831022,0.0,0.0,11769.57142857143,6885.0,35.0,133260.0,103,194,245,0.7918367346938775,False,medium,1.0,0.03769145270838499,0.0,True,2883545.0,0.050248912363080864,,,,0.6572136033944329,,,,0.2511093116285683,,,,0.04142817261391794,,,,,0.04142817261391794,,11769.57142857143,11769.57142857143,11769.57142857143,,,,0,0,,0.0,,14.980621866638959,2825695.0,192485.0,199,199,14.680078967192248,0.8122448979591836,1.0,20416.919504311434,58873106152.0597,2742265.0,229,229,21468.788082865696,0.9346938775510204,0.9510047528302835,16788.398736651325,48410103235.07725,2742265.0,229,229,17653.3279005046,0.9346938775510204,0.9510047528302835,15319.58245446387,44174705388.657036,2742265.0,229,229,16108.839003034731,0.9346938775510204,0.9510047528302835,12596.966876919712,36323920853.10745,2742265.0,229,229,13245.955753038985,0.9346938775510204,0.9510047528302835,3423.55414353895,9871972432.831024,2742265.0,229,229,3599.9337893423954,0.9346938775510204,0.9510047528302835,0.0,0.0,147510.0,83,83,0.0,0.33877551020408164,0.051155782205583755,0.0,0.0,1413221085.669988,78,78,0.0,0.3183673469387755,0.0389060721551784
VA,2017,14,14,,,0,0,0,,,,,,,0,0,0,,,,,,,,,,,,,,,,,,,,,4,0,0,0.0,False,no_complete_records,0.0,0.0,0.0,True,,,,,,,,,,,,,,,,,,,,,,,,,,,0,0,,0.0,,,,,0,0,,0.0,,,,,0,0,,0.0,,,,,0,0,,0.0,,,,,0,0,,0.0,,,,,0,0,,0.0,,,,,0,0,,0.0,,,,,0,0,,0.0,,,,,0,0,,0.0,
VA,2018,14,14,,,0,0,0,,,,,,,0,0,0,,,,,,,,,,,,,,,,,,,,,4,0,0,0.0,False,no_complete_records,0.0,0.0,0.0,True,,,,,,,,,,,,,,,,,,,,,,,,,,,0,0,,0.0,,,,,0,0,,0.0,,,,,0,0,,0.0,,,,,0,0,,0.0,,,,,0,0,,0.0,,,,,0,0,,0.0,,,,,0,0,,0.0,,,,,0,0,,0.0,,,,,0,0,,0.0,
VA,2019,14,14,,,0,0,0,,,,,,,0,0,0,,,,,,,,,,,,,,,,,,,,,4,0,0,0.0,False,no_complete_records,0.0,0.0,0.0,True,,,,,,,,,,,,,,,,,,,,,,,,,,,0,0,,0.0,,,,,0,0,,0.0,,,,,0,0,,0.0,,,,,0,0,,0.0,,,,,0,0,,0.0,,,,,0,0,,0.0,,,,,0,0,,0.0,,,,,0,0,,0.0,,,,,0,0,,0.0,
VA,2020,14,14,,,0,0,0,,,,,,,0,0,0,,,,,,,,,,,,,,,,,,,,,4,0,0,0.0,False,no_complete_records,0.0,0.0,0.0,True,,,,,,,,,,,,,,,,,,,,,,,,,,,0,0,,0.0,,,,,0,0,,0.0,,,,,0,0,,0.0,,,,,0,0,,0.0,,,,,0,0,,0.0,,,,,0,0,,0.0,,,,,0,0,,0.0,,,,,0,0,,0.0,,,,,0,0,,0.0,
VA,2021,14,14,,,0,0,0,,,,,,,0,0,0,,,,,,,,,,,,,,,,,,,,,4,0,0,0.0,False,no_complete_records,0.0,0.0,0.0,True,,,,,,,,,,,,,,,,,,,,,,,,,,,0,0,,0.0,,,,,0,0,,0.0,,,,,0,0,,0.0,,,,,0,0,,0.0,,,,,0,0,,0.0,,,,,0,0,,0.0,,,,,0,0,,0.0,,,,,0,0,,0.0,,,,,0,0,,0.0,
XK,2017,29,29,27914.0,27914.0,29,0,7,0.0,0.0,23360.0,4457.0,97.0,,0,0,0,,,,,,,,,,,,,,,0.0,0.0,962.551724137931,268.0,0.0,8449.0,8,16,29,0.5517241379310345,False,medium,1.0,0.0,0.0,True,27914.0,0.0,,,,0.8368560578920972,,,,0.159668983305868,,,,0.003474958802034821,,,,,0.003474958802034821,,962.551724137931,962.551724137931,962.551724137931,,,,0,0,,0.0,,,,,0,0,,0.0,,,,,0,0,,0.0,,,,,0,0,,0.0,,,,,0,0,,0.0,,,,,0,0,,0.0,,,,,0,0,,0.0,,0.0,0.0,27914.0,22,22,0.0,0.7586206896551724,1.0,,,,0,0,,0.0,
XK,2018,29,29,29462.0,29462.0,29,0,6,0.0,0.0,24601.0,4795.0,66.0,,0,0,0,,,,,,,,,,,,,,,0.0,0.0,1015.9310344827586,151.0,0.0,8435.0,8,18,29,0.6206896551724138,False,medium,1.0,0.0,0.0,True,29462.0,0.0,,,,0.8350078066662141,,,,0.16275201955060756,,,,0.0022401737831783315,,,,,0.0022401737831783315,,1015.9310344827586,1015.9310344827586,1015.9310344827586,,,,0,0,,0.0,,,,,0,0,,0.0,,,,,0,0,,0.0,,,,,0,0,,0.0,,,,,0,0,,0.0,,,,,0,0,,0.0,,,,,0,0,,0.0,,0.0,0.0,29462.0,23,23,0.0,0.7931034482758621,1.0,,,,0,0,,0.0,
XK,2019,29,29,15736.0,15736.0,29,0,12,0.0,0.0,12632.0,3026.0,78.0,,0,0,0,,,,,,,,,,,,,,,0.0,0.0,542.6206896551724,0.0,0.0,7680.0,8,16,29,0.5517241379310345,False,medium,1.0,0.0,0.0,True,15736.0,0.0,,,,0.8027452974072191,,,,0.19229791560752416,,,,0.004956786985256736,,,,,0.004956786985256736,,542.6206896551724,542.6206896551724,542.6206896551724,,,,0,0,,0.0,,,,,0,0,,0.0,,,,,0,0,,0.0,,,,,0,0,,0.0,,,,,0,0,,0.0,,,,,0,0,,0.0,,,,,0,0,,0.0,,0.0,0.0,15736.0,14,14,0.0,0.4827586206896552,1.0,,,,0,0,,0.0,
XK,2020,21,21,25664.0,25664.0,21,0,2,0.0,0.0,21047.0,4578.0,39.0,,0,0,0,,,,,,,,,,,,,,,0.0,0.0,1222.095238095238,405.0,0.0,7356.0,8,19,21,0.9047619047619048,True,high,1.0,0.0,0.0,True,25664.0,0.0,0.0,0.0,,0.8200981920199502,0.8200981920199502,0.8200981920199502,,0.17838216957605985,0.17838216957605985,0.17838216957605985,,0.0015196384039900248,0.0015196384039900248,0.0015196384039900248,,0.0015196384039900248,0.0015196384039900248,0.0015196384039900248,1222.095238095238,1222.095238095238,1222.095238095238,,,,0,0,,0.0,,,,,0,0,,0.0,,,,,0,0,,0.0,,,,,0,0,,0.0,,,,,0,0,,0.0,,,,,0,0,,0.0,,,,,0,0,,0.0,,0.0,0.0,18308.0,18,18,0.0,0.8571428571428571,0.7133728179551122,,,,0,0,,0.0,
XK,2021,23,23,23488.0,23488.0,23,0,1,0.0,0.0,18462.0,4972.0,54.0,,0,0,0,,,,,,,,,,,,,,,0.0,0.0,1021.2173913043479,450.0,0.0,7037.0,8,22,23,0.9565217391304348,True,high,1.0,0.0,0.0,True,23488.0,0.0,0.0,0.0,,0.7860183923705722,0.7860183923705722,0.7860183923705722,,0.21168256130790192,0.21168256130790192,0.21168256130790192,,0.0022990463215258857,0.0022990463215258857,0.0022990463215258857,,0.0022990463215258857,0.0022990463215258857,0.0022990463215258857,1021.2173913043479,1021.2173913043479,1021.2173913043479,,,,0,0,,0.0,,,,,0,0,,0.0,,,,,0,0,,0.0,,,,,0,0,,0.0,,,,,0,0,,0.0,,,,,0,0,,0.0,,,,,0,0,,0.0,,0.0,0.0,16451.0,21,21,0.0,0.9130434782608695,0.700400204359673,,,,0,0,,0.0,
XK,2022,23,23,21139.0,21139.0,0,0,0,,0.0,17019.0,4120.0,,,0,0,0,,,,,,,,,,,,,,,0.0,0.0,919.0869565217391,357.0,0.0,6450.0,8,0,23,0.0,False,no_complete_records,1.0,0.0,0.0,True,21139.0,,,,,,,,,,,,,,,,,,,,919.0869565217391,919.0869565217391,919.0869565217391,,,,0,0,,0.0,,,,,0,0,,0.0,,,,,0,0,,0.0,,,,,0,0,,0.0,,,,,0,0,,0.0,,,,,0,0,,0.0,,,,,0,0,,0.0,,0.0,0.0,14689.0,20,20,0.0,0.8695652173913043,0.6948767680590378,,,,0,0,,0.0,
XK,2023,23,23,20506.0,20506.0,23,0,5,215.0,0.0,16602.0,3839.0,65.0,0.0,22,0,23,0.0,0.0,,,0.0,,,,,,,,,,,,891.5652173913044,394.0,0.0,6140.0,8,18,23,0.782608695652174,False,medium,1.0,0.010484736174778114,0.0,True,20506.0,0.0,,,,0.809616697551936,,,,0.18721349848824734,,,,0.003169803959816639,,,0.0,,0.003169803959816639,,891.5652173913044,891.5652173913044,891.5652173913044,0.0,0.0,20506.0,20,20,0.0,0.8695652173913043,1.0,,,,0,0,,0.0,,,,,0,0,,0.0,,,,,0,0,,0.0,,,,,0,0,,0.0,,,,,0,0,,0.0,,,,,0,0,,0.0,,,,,0,0,,0.0,,,,,0,0,,0.0,
