country_code,year,records,institutions_count,total_students,students_isced5_7_total,students_isced8,mean_observed_institution_size,median_institution_size,min_institution_size,max_institution_size,foreign_students,academic_personnel_fte,total_personnel_fte,total_current_revenues_eur,total_current_expenditure_eur,total_current_revenues_ppp,total_current_expenditure_ppp,institutions_with_student_data,student_coverage_share,avg_observed_institution_size,students_per_registered_institution,avg_institution_size,foreign_students_share,student_staff_ratio,revenue_per_student_eur,expenditure_per_student_eur,revenue_per_student_ppp,expenditure_per_student_ppp
AD,2017,2,2,,,,,,,,,,,,,,,0,0.0,,,,,,,,,
AD,2018,2,2,541.0,519.0,22.0,541.0,541.0,541.0,541.0,,,,3343654.0,3343654.0,3588882.329580216,3588882.329580216,1,0.5,541.0,270.5,270.5,,,6180.506469500924,6180.506469500924,6633.793585176,6633.793585176
AD,2019,2,2,569.0,546.0,23.0,569.0,569.0,569.0,569.0,,,,3574855.0,3574855.0,3848548.36556556,3848548.36556556,1,0.5,569.0,284.5,284.5,,,6282.697715289983,6282.697715289983,6763.705387637187,6763.705387637187
AD,2020,2,2,547.0,524.0,23.0,547.0,547.0,547.0,547.0,,,,3743096.0,3743096.0,3944032.6304221153,3944032.6304221153,1,0.5,547.0,273.5,273.5,,,6842.954296160878,6842.954296160878,7210.297313385951,7210.297313385951
AD,2021,1,1,629.0,610.0,19.0,629.0,629.0,629.0,629.0,,,,3749057.0,3749057.0,4063833.408126676,4063833.408126676,1,1.0,629.0,629.0,629.0,,,5960.344992050875,5960.344992050875,6460.784432633825,6460.784432633825
AD,2022,1,1,674.0,651.0,23.0,674.0,674.0,674.0,674.0,,,,3982353.0,3982353.0,4395770.852949001,4395770.852949001,1,1.0,674.0,674.0,674.0,,,5908.535608308605,5908.535608308605,6521.9152120905055,6521.9152120905055
AD,2023,1,1,675.0,651.0,24.0,675.0,675.0,675.0,675.0,,,,4488648.0,4488648.0,5038047.028452775,5038047.028452775,1,1.0,675.0,675.0,675.0,,,6649.848888888889,6649.848888888889,7463.7733754855935,7463.7733754855935
AL,2013,38,38,163530.0,163530.0,,4672.285714285715,730.0,20.0,37650.0,,,,,,,,35,0.9210526315789473,4672.285714285715,4303.421052631579,4303.421052631579,,,,,,
AL,2014,38,38,163530.0,163530.0,0.0,4303.421052631579,692.5,0.0,37650.0,0.0,,,,,,,38,1.0,4303.421052631579,4303.421052631579,4303.421052631579,0.0,,,,,
AL,2015,40,40,146075.0,143545.0,2530.0,3651.875,760.0,0.0,30470.0,,,,,,,,40,1.0,3651.875,3651.875,3651.875,,,,,,
AL,2016,40,40,139575.0,137890.0,1685.0,3489.375,742.5,0.0,28395.0,,,,,,,,40,1.0,3489.375,3489.375,3489.375,,,,,,
AL,2017,40,40,131833.0,130421.0,1412.0,3295.825,905.0,0.0,26785.0,2108.0,,,,,,,40,1.0,3295.825,3295.825,3295.825,0.015989926649624904,,,,,
AL,2018,41,41,139043.0,137178.0,1865.0,3391.2926829268295,941.0,0.0,29460.0,2270.0,,,,,,,41,1.0,3391.2926829268295,3391.2926829268295,3391.2926829268295,0.016325884798227885,,,,,
AL,2019,41,41,130264.0,128124.0,2140.0,3177.170731707317,957.0,0.0,28550.0,2246.0,,,,,,,41,1.0,3177.170731707317,3177.170731707317,3177.170731707317,0.01724190873917583,,,,,
AL,2022,41,41,,,,,,,,,,,,,,,0,0.0,,,,,,,,,
AL,2023,40,40,,,,,,,,,,,,,,,0,0.0,,,,,,,,,
AT,2013,24,24,284145.0,259720.0,24425.0,11839.375,5202.5,345.0,84125.0,70075.0,21515.0,34725.0,3735010228.33,3460355958.4290004,3382272979.3170276,3133557270.6707478,24,1.0,11839.375,11839.375,11839.375,0.24661704411480054,13.20683244248199,13144.733246511463,12178.134256907566,11903.3344923086,11028.021857399382
AT,2014,69,69,356895.0,332830.0,24065.0,5172.391304347826,1765.0,60.0,84000.0,82945.0,30505.0,46160.0,3807408440.52,3545769114.98,3416340000.6460466,3181574304.3599195,69,1.0,5172.391304347826,5172.391304347826,5172.391304347826,0.23240729065971785,11.699557449598426,10668.147327701425,9935.048445565222,9572.395244108342,8914.594780985779
AT,2015,69,69,362415.0,338905.0,23510.0,5252.391304347826,1805.0,100.0,85100.0,86430.0,31540.0,46050.0,3926521198.71,3684750478.89,3534349750.4050555,3316726505.805789,69,1.0,5252.391304347826,5252.391304347826,5252.391304347826,0.2384835064773809,11.490646797717185,10834.323079094409,10167.212943421215,9752.217072706857,9151.736285213881
AT,2016,69,69,362740.0,339870.0,22870.0,5257.101449275362,1975.0,120.0,80885.0,89300.0,31765.0,46530.0,4019123018.14,3741945335.52,3593475808.610131,3345652765.452188,69,1.0,5257.101449275362,5257.101449275362,5257.101449275362,0.24618183823124,11.41948685660318,11079.900254011138,10315.778065611732,9906.477941804407,9223.28049140483
AT,2017,70,70,363616.25019841,343222.876677502,20393.373520907997,5194.517859977286,1812.0207542455,149.2,78296.31176157799,92090.616233764,24167.562700000002,47659.248,3983896070.9400005,3811716225.54,3530852399.5533133,3378252630.518209,70,1.0,5194.517859977286,5194.517859977286,5194.517859977286,0.2532632031255865,15.045631812860051,10956.32021056858,10482.799444359562,9710.381198933426,9290.708621176416
AT,2018,70,70,357628.380952383,338263.153307806,19365.227644577,5108.976870748328,1804.8369544875,142.366666667,79542.14215751398,92528.915860601,24910.1488,49048.42360000001,4177365546.2099996,4013778356.619999,3701074295.165191,3556138848.239995,70,1.0,5108.976870748328,5108.976870748328,5108.976870748328,0.25872923064492725,14.356734029319929,11680.743947349642,11223.321666840586,10348.938988871738,9943.67068622969
AT,2019,72,72,357818.26190475497,338808.076997996,19010.184906759,4969.698082010486,1886.719233128,14.833333333,78419.22915227301,94804.289199993,22500.688446,47096.83534600001,4329073201.130001,4201726005.1899996,3813388653.515147,3701211212.8731627,72,1.0,4969.698082010485,4969.698082010485,4969.698082010485,0.2649509521826146,15.902547282652819,12098.52503917848,11742.625943190194,10657.33379066663,10343.829834650422
AT,2020,73,73,372918.84999998996,353504.040129306,19414.809870684,5108.477397260136,1872.083333333,63.5,80603.22638979499,102025.25394999201,23464.2828,49172.65580000001,4429607399.85,4283403575.2400002,3882725511.548407,3754572095.577859,73,1.0,5108.477397260136,5108.477397260136,5108.477397260136,0.27358567138666967,15.893042765406406,11878.20728249623,11486.154629191084,10411.716950077776,10068.067343814773
AT,2021,73,73,374179.787698408,354204.36225522,19975.425443188,5125.750516416548,1976.986567569,124.7,79109.638151553,107121.64985908601,24153.603666666666,50596.263166666664,4731879373.9,4496352412.799999,4190136611.4107094,3981574629.0146914,73,1.0,5125.750516416548,5125.750516416548,5125.750516416548,0.28628390250043906,15.491675398102073,12646.004753506177,12016.556106510212,11198.190680432996,10640.806264564651
AT,2022,74,74,372900.51428570005,352937.51630073,19962.99798497,5039.196138995946,2100.5229064325,60.0,75040.782939129,109661.81367575201,23825.4962,50870.15640000001,4886550764.299999,4712638863.12,4387436040.349806,4231287587.2001147,74,1.0,5039.196138995947,5039.196138995947,5039.196138995947,0.29407793627158674,15.651322060847573,13104.167404167585,12637.791267590965,11765.701232013707,11346.960985841622
AT,2023,76,76,380064.1666666621,359967.2274775191,20096.939189143,5000.844298245553,1926.2061452995,56.5,74617.35040465699,116611.60677499001,23552.238299999997,51692.7867,5342004968.299999,5235187395.0599985,4735400202.375676,4640712166.52779,76,1.0,5000.844298245554,5000.844298245554,5000.844298245554,0.30682083974852864,16.13707206192212,14055.534398709156,13774.48298000573,12459.47557726191,12210.338604738707
BE,2014,65,65,245180.0,233555.0,11625.0,10660.0,7290.0,620.0,50445.0,21665.0,23425.0,33240.0,2980523927.86,2658103935.39,2669643896.152985,2380853540.588473,23,0.35384615384615387,10660.0,3772.0,3772.0,0.08836365119504037,10.466595517609392,12156.472501264378,10841.438679296843,10888.5059799045,9710.635209187018
BE,2015,64,64,249010.0,236190.0,12820.0,11318.636363636364,8070.0,680.0,50385.0,23975.0,23380.0,33305.0,3071408124.45,2744734580.0699997,2760543339.040634,2466933229.136894,22,0.34375,11318.636363636364,3890.78125,3890.78125,0.09628127384442392,10.650556030795551,12334.477026826231,11022.587767840647,11086.074210034272,9906.964495951544
BE,2016,63,63,242920.0,230660.0,12260.0,11041.818181818182,7872.5,585.0,49395.0,21555.0,23570.0,33755.0,3119534017.04,2788881367.77,2774571537.7513714,2480482925.6268177,22,0.3492063492063492,11041.818181818182,3855.873015873016,3855.873015873016,0.08873291618639881,10.306321595248196,12841.816305944343,11480.65769706076,11421.750114240784,10211.110347549884
BE,2017,149,149,451413.0,431433.0,19980.0,7165.285714285715,4257.0,55.0,50708.0,66278.0,26123.9963,43270.3842,3193176466.99,2879254294.2500005,2827771795.566852,2549772669.851756,63,0.4228187919463087,7165.285714285715,3029.6174496644294,3029.6174496644294,0.14682341890906997,17.27963037569409,7073.736172839505,6378.314967114373,6264.267523458235,5648.4254327007775
BE,2018,149,149,456054.0,435442.0,20612.0,7238.952380952381,4036.0,53.0,51463.0,68351.0,26585.215299999996,44238.2001,3365909717.3999996,3033892718.6099997,2978233113.071485,2684456956.5729055,63,0.4228187919463087,7238.952380952381,3060.7651006711408,3060.7651006711408,0.1498747955285997,17.154421916605656,7380.506951808337,6652.485711363127,6530.439625727403,5886.269951744543
BE,2019,149,149,474766.0,453288.0,21478.0,7535.9682539682535,4471.0,54.0,53173.0,72590.0,27686.967800000006,45992.6867,3545083564.0088205,3209565078.8500004,3133415443.095,2836858596.448585,63,0.4228187919463087,7535.9682539682535,3186.3489932885905,3186.3489932885905,0.15289637421382324,17.14763434658236,7467.012305027783,6760.309455289554,6599.9154174793475,5975.277497648494
BE,2020,149,149,500402.0,478496.0,21906.0,7942.888888888889,4498.0,53.0,54958.0,77994.0,15228.060000000001,38406.21,3840304324.36,3272461000.0,3425570503.5011196,2919051441.9260173,63,0.4228187919463087,7942.888888888889,3358.4026845637586,3358.4026845637586,0.1558626864001343,32.86052195749163,7674.438400246202,6539.664110055515,6845.63711476197,5833.412819944799
BE,2021,148,148,512080.0,491098.0,20982.0,8128.253968253968,4611.0,50.0,56631.0,82559.0,15403.21,39383.91,4005291653.4,3562933699.9300003,3548871313.739911,3156921965.896103,63,0.42567567567567566,8128.253968253968,3460.0,3460.0,0.16122285580378065,33.24501840850057,7821.613133494767,6957.76773146774,6930.306424269472,6164.899949023791
BE,2022,144,144,395960.0,380205.0,15755.0,6946.666666666667,3815.0,45.0,57250.0,57415.0,15665.0,40185.0,4449898953.02,4213674538.56,3934655778.787745,3725783225.2177377,57,0.3958333333333333,6946.666666666667,2749.722222222222,2749.722222222222,0.14500202040610163,25.276731567187998,11238.253745378322,10641.667184968179,9937.00317907805,9409.493951959132
BE,2023,143,143,399445.0,383310.0,16135.0,6442.6612903225805,2907.5,0.0,56795.0,58295.0,15745.0,40505.0,4848964913.111165,4312974681.379999,4305483705.025763,3829568277.6875057,62,0.43356643356643354,6442.6612903225805,2793.3216783216785,2793.3216783216785,0.14593999173853722,25.369641155922515,12139.255499783863,10797.418121093015,10778.664659779852,9587.222966084206
BG,2014,52,52,278375.0,272025.0,6350.0,5353.365384615385,3602.5,65.0,24630.0,11835.0,18110.0,28705.0,,,,,52,1.0,5353.365384615385,5353.365384615385,5353.365384615385,0.042514593623709025,15.371341800110436,,,,
BG,2015,52,52,266115.0,259640.0,6475.0,5117.596153846154,3342.5,55.0,24315.0,12090.0,17710.0,28090.0,,,,,52,1.0,5117.596153846154,5117.596153846154,5117.596153846154,0.04543148638746407,15.026256352343308,,,,
BG,2016,52,52,249290.0,242840.0,6450.0,4794.038461538462,3087.5,40.0,23585.0,13650.0,17255.0,27715.0,,,,,52,1.0,4794.038461538462,4794.038461538462,4794.038461538462,0.05475550563600626,14.447406548826427,,,,
BG,2017,52,52,235716.0,229422.0,6294.0,4533.0,2830.5,52.0,23120.0,15035.0,,,,,,,52,1.0,4533.0,4533.0,4533.0,0.06378438459841504,,,,,
BG,2018,52,52,228952.0,222749.0,6203.0,4402.923076923077,2816.5,48.0,22943.0,16340.0,,,,,,,52,1.0,4402.923076923077,4402.923076923077,4402.923076923077,0.07136867116251441,,,,,
BG,2019,52,52,226162.0,219936.0,6226.0,4349.2692307692305,2747.5,42.0,22629.0,17376.0,,,,,,,52,1.0,4349.2692307692305,4349.2692307692305,4349.2692307692305,0.07682988300421821,,,,,
BG,2020,52,52,225871.0,219503.0,6368.0,4343.673076923077,2674.5,47.0,23357.0,17942.0,,,,,,,52,1.0,4343.673076923077,4343.673076923077,4343.673076923077,0.07943472158887152,,,,,
BG,2021,52,52,226561.0,220227.0,6334.0,4356.942307692308,2700.5,43.0,23683.0,18918.0,,,,,,,52,1.0,4356.942307692308,4356.942307692308,4356.942307692308,0.08350069076319402,,,,,
BG,2022,52,52,221095.0,214782.0,6313.0,4251.826923076923,2602.0,68.0,23016.0,18958.0,,,,,,,52,1.0,4251.826923076923,4251.826923076923,4251.826923076923,0.08574594631267102,,,,,
BG,2023,52,52,195516.0,190513.0,5003.0,3759.923076923077,2105.0,77.0,20851.0,16269.0,,,,,,,52,1.0,3759.923076923077,3759.923076923077,3759.923076923077,0.08321058123120359,,,,,
CH,2014,35,35,233295.0,209605.0,23690.0,6665.571428571428,3015.0,155.0,26335.0,57210.0,38130.0,56060.0,8633546435.86366,8611161360.118559,5863873030.101382,5848669168.870821,35,1.0,6665.571428571428,6665.571428571428,6665.571428571428,0.24522600141451809,6.118410700236034,37006.993016839886,36911.04121442191,25135.013738405803,25069.843626613605
CH,2015,35,35,238605.0,214210.0,24395.0,6817.285714285715,2965.0,170.0,26050.0,59120.0,39630.0,58140.0,10066471561.932764,10084830364.380184,6254755064.0243435,6266162220.133706,35,1.0,6817.285714285715,6817.285714285715,6817.285714285715,0.24777351690031643,6.020817562452687,42188.85422322568,42265.79646017554,26213.847421572656,26261.655120947617
CH,2016,35,35,244035.0,219220.0,24815.0,6972.428571428572,2860.0,185.0,26255.0,61175.0,40360.0,59275.0,10024664302.7039,10034010230.383415,6316108594.252964,6321997060.176153,35,1.0,6972.428571428572,6972.428571428572,6972.428571428572,0.25068125473804986,6.046456888007929,41078.797314745425,41117.09480354627,25881.97838118698,25906.107977036707
CH,2017,36,36,247828.0,222622.0,25206.0,6884.111111111111,2844.5,180.0,26433.0,62376.0,41088.98,60532.05,9965849030.66295,9955647672.543852,6407140054.123076,6400581503.014162,36,1.0,6884.111111111111,6884.111111111111,6884.111111111111,0.2516906887034556,6.031495549414952,40212.764621685004,40171.60156456838,25853.172579866183,25826.708455114684
CH,2018,36,36,252449.0,226982.0,25467.0,7012.472222222223,2909.0,181.0,26556.0,63898.0,41919.91,61798.62,9860509557.23636,9869738540.259737,6551400168.321262,6557531977.2893305,36,1.0,7012.472222222223,7012.472222222223,7012.472222222223,0.25311250985347533,6.022174188828172,39059.41222677199,39095.970038541396,25951.380945542514,25975.670243452463
CH,2019,36,36,257996.0,232043.0,25953.0,7166.555555555556,3006.5,179.0,27280.0,66250.0,42828.0,63216.380000000005,10472889907.815535,10481007529.051382,6682791006.346621,6687970891.427566,36,1.0,7166.555555555556,7166.555555555556,7166.555555555556,0.25678692692909966,6.024002988698982,40593.225894260126,40624.69003027715,25902.69231440263,25922.76969963707
CH,2020,37,37,270398.0,243742.0,26656.0,7308.054054054054,3206.0,195.0,28502.0,70315.0,27640.960000000003,64756.46,10968301851.289118,10964379643.624475,6789544763.267914,6787116857.392331,37,1.0,7308.054054054054,7308.054054054054,7308.054054054054,0.2600426038654132,9.782511171826158,40563.54651768548,40549.041204537294,25109.448898541832,25100.469890281478
CH,2021,37,37,276529.0,249261.0,27268.0,7473.756756756757,3282.0,187.0,28988.0,74429.0,28569.0,66950.55,11204300713.690683,11188631846.637686,7311945853.900156,7301720324.399372,37,1.0,7473.756756756757,7473.756756756757,7473.756756756757,0.26915441056815015,9.679337743708215,40517.63364309235,40460.97098907415,26441.877177077833,26404.899031925666
CH,2022,38,38,274838.0,247497.0,27341.0,7232.578947368421,3227.0,103.0,28677.0,76249.0,29079.309999999994,67901.37,12504039298.478155,12514529440.888826,8124431406.053805,8131247318.929704,38,1.0,7232.578947368421,7232.578947368421,7232.578947368421,0.2774325238867988,9.451324670358412,45496.03511333278,45534.20357042631,29560.800930198173,29585.600677234237
CH,2023,43,43,276406.0,249340.0,27066.0,6428.046511627907,2631.0,120.0,28812.0,78543.0,29533.21,69099.70999999999,13331263961.392263,13366243210.372505,8515731077.655882,8538075086.331786,43,1.0,6428.046511627907,6428.046511627907,6428.046511627907,0.2841580862933511,9.35915872334907,48230.73291242688,48357.28316452069,30808.777948582454,30889.615588416265
CY,2014,23,23,35370.0,34260.0,1110.0,1537.8260869565217,425.0,0.0,7630.0,12545.0,1975.0,3430.0,224452073.0,191350310.0,236683397.6223266,201777782.23008642,23,1.0,1537.8260869565217,1537.8260869565217,1537.8260869565217,0.3546791065875035,17.90886075949367,6345.831863160871,5409.960701159174,6691.64256777853,5704.771903593057
CY,2015,26,26,37180.0,35900.0,1280.0,1430.0,400.0,0.0,9100.0,17140.0,2010.0,3610.0,233568201.0,200509983.0,253253329.0106704,217408964.3933291,26,1.0,1430.0,1430.0,1430.0,0.46100053792361484,18.497512437810947,6282.092549757935,5392.952743410436,6811.547310668919,5847.470801326765
CY,2016,26,26,43810.0,42470.0,1340.0,1685.0,535.0,0.0,10525.0,22255.0,2040.0,3630.0,217943124.0,193764452.0,243269959.48163283,216281521.16889355,26,1.0,1685.0,1685.0,1685.0,0.5079890435973522,21.475490196078432,4974.7346267975345,4422.8361561287375,5552.840892071053,4936.807148342697
CY,2017,26,26,45173.0,43701.0,1472.0,1737.423076923077,548.0,36.0,10927.0,23555.0,2047.0,3723.0,235551219.0,200697023.0,263002352.54973066,224086249.36357218,26,1.0,1737.423076923077,1737.423076923077,1737.423076923077,0.5214397981094901,22.06790425012213,5214.4249662408965,4442.853540831913,5822.1139297751015,4960.623588505793
CY,2018,26,26,47771.0,46271.0,1500.0,1837.3461538461538,758.0,47.0,12093.0,26573.0,2082.0,3869.0,239464702.0,206895990.0,265150933.53529853,229088731.80486447,26,1.0,1837.3461538461538,1837.3461538461538,1837.3461538461538,0.5562579807833204,22.9447646493756,5012.763015218438,4330.995583094346,5550.458092468203,4795.560733601233
CY,2019,26,26,47647.0,46072.0,1575.0,1832.576923076923,695.5,59.0,12652.0,27456.0,2158.0,3918.0,272294114.0,234481548.0,301132688.1456439,259315406.53791666,26,1.0,1832.576923076923,1832.576923076923,1832.576923076923,0.5762377484416648,22.07924003707136,5714.821793607152,4921.2237496589505,6320.076566114212,5442.428831572117
CY,2020,26,26,51247.0,49585.0,1662.0,1971.0384615384614,690.0,68.0,13960.0,29245.0,1805.0,3902.0,270873212.0,233305906.0,299092928.9382531,257611840.79041657,26,1.0,1971.0384615384614,1971.0384615384614,1971.0384615384614,0.570667551271294,28.39168975069252,5285.640369192343,4552.576853279216,5836.301226184032,5026.8667588427925
CY,2021,28,28,50177.0,48458.0,1719.0,1929.8846153846155,488.0,70.0,14810.0,28951.0,1837.0,3740.0,304064865.0,247813733.0,331744280.8139966,270372535.90583956,26,0.9285714285714286,1929.8846153846155,1792.0357142857142,1792.0357142857142,0.5769774996512347,27.314643440391944,6059.845447117205,4938.79133866114,6611.480973633271,5388.375867545679
CY,2022,28,28,50701.0,48965.0,1736.0,1810.75,433.5,71.0,13588.0,29049.0,1843.0,4056.0,297046979.0,270283569.0,324687282.6879418,295433529.97307825,28,1.0,1810.75,1810.75,1810.75,0.5729472791463679,27.510037981551818,5858.799215005622,5330.931717323129,6403.962105046089,5826.9763904672145
CY,2023,31,31,56503.0,54796.0,1707.0,1822.6774193548388,444.0,47.0,13334.0,31731.0,2537.0,4567.0,354355357.0,311713126.0,391263648.19818276,344179966.4115698,31,1.0,1822.6774193548388,1822.6774193548388,1822.6774193548388,0.5615808010194149,22.271580607016162,6271.443233102667,5516.753552908695,6924.652641420505,6091.357386538233
CZ,2014,71,71,356655.0,332020.0,24635.0,5023.30985915493,995.0,0.0,48175.0,41555.0,16845.0,30535.0,1843955798.5909352,1818766452.643812,2864882209.859338,2825746505.447631,71,1.0,5023.30985915493,5023.30985915493,5023.30985915493,0.11651315697242433,21.172751558325913,5170.138645444295,5099.51200079576,8032.6427776404025,7922.912914294292
CZ,2015,68,68,335185.0,310975.0,24210.0,4929.191176470588,870.0,0.0,47430.0,42565.0,22465.0,41410.0,1832622959.7859159,1815651597.1993108,2778312504.9322824,2752583399.7454667,68,1.0,4929.191176470588,4929.191176470588,4929.191176470588,0.12698957292241597,14.920320498553306,5467.496933889988,5416.864111458779,8288.892715760796,8212.131807048247
CZ,2016,67,67,320220.0,296620.0,23600.0,4779.4029850746265,1025.0,0.0,46950.0,44020.0,22085.0,40620.0,1811007401.756307,1787969657.136939,2704217386.6906753,2669817157.575423,67,1.0,4779.4029850746265,4779.4029850746265,4779.4029850746265,0.13746799075635502,14.499434004980756,5655.509967385881,5583.566476600272,8444.873482888874,8337.446622869973
CZ,2017,67,67,307233.0,284667.0,22566.0,4585.567164179104,1065.0,0.0,46255.0,44135.0,22424.406000000003,41400.039,1942990290.4444275,1919526479.5662081,2827733960.575153,2793585866.685463,67,1.0,4585.567164179104,4585.567164179104,4585.567164179104,0.1436531882968301,13.70083113907231,6324.158832040918,6247.787443296157,9203.87445546264,9092.72723530826
CZ,2018,65,65,297480.0,275791.0,21689.0,4576.615384615385,1093.0,0.0,45482.0,45080.0,23267.84,43019.187,2276607740.476469,2241005149.53016,3200491063.6665115,3150440379.86132,65,1.0,4576.615384615385,4576.615384615385,4576.615384615385,0.15153959930079333,12.78502860600726,7652.977479079162,7533.296858713728,10758.676427546428,10590.427524073282
CZ,2019,62,62,296655.0,275448.0,21207.0,4784.758064516129,1410.5,0.0,45810.0,46816.0,24147.717,45514.827000000005,,2408514718.7549667,,3323919939.2726,62,1.0,4784.758064516129,4784.758064516129,4784.758064516129,0.15781294770019047,12.285012285012284,,8118.908222531111,,11204.665147301073
CZ,2020,60,60,307726.0,285829.0,21897.0,5128.766666666666,1466.0,0.0,48865.0,50455.0,24234.294,45763.185000000005,,2303730933.8559813,,3204302981.900966,60,1.0,5128.766666666666,5128.766666666666,5128.766666666666,0.16396079629280594,12.697956045263789,,7486.305784548531,,10412.844484707064
CZ,2021,60,60,312471.0,290851.0,21620.0,5207.85,1464.5,19.0,50220.0,52274.0,24654.844,46084.996999999996,,2471537441.49766,,3217873174.4967804,60,1.0,5207.85,5207.85,5207.85,0.16729232472773473,12.673817769846769,,7909.653828667813,,10298.149826693614
CZ,2022,56,56,312887.0,292155.0,20732.0,5587.267857142857,1981.5,16.0,51005.0,55150.0,24909.545000000002,46396.90499999999,,2842998453.1466255,,3455649730.0934653,56,1.0,5587.267857142857,5587.267857142857,5587.267857142857,0.17626171748906155,12.560927949506905,,9086.342523488114,,11044.401749172914
CZ,2023,54,54,317397.0,297385.0,20012.0,5877.722222222223,2189.0,38.0,51971.0,55913.0,24819.108,46422.624,,2989653.1411431422,,3564300.884076686,54,1.0,5877.722222222223,5877.722222222223,5877.722222222223,0.17616108532846877,12.788412863185897,,9.4192860712078,,11.229787565971595
DE,2014,389,389,2695160.0,2583705.0,111455.0,6928.4318766066835,2795.0,0.0,70630.0,320345.0,210455.0,425680.0,26832000450.0,24288106425.0,25010952964.644253,22639709198.27369,389,1.0,6928.4318766066835,6928.4318766066835,6928.4318766066835,0.11885936270944954,12.80634815043596,9955.624322860238,9011.749367384497,9279.95108440473,8400.135501518904
DE,2015,390,390,2753720.0,2643380.0,110340.0,7060.820512820513,2860.0,0.0,69255.0,338995.0,212475.0,431095.0,27816853185.0,24986029756.0,25704460611.91299,23088607954.31444,390,1.0,7060.820512820513,7060.820512820513,7060.820512820513,0.12310438243539648,12.960207083186257,10101.5546914719,9073.554956930988,9334.44962157118,8384.515475180644
DE,2016,392,392,2754795.0,2646240.0,108555.0,7027.538265306122,2652.5,0.0,68425.0,350310.0,214095.0,436315.0,27137897901.0,25831758870.0,25047901038.359295,23842352940.63354,392,1.0,7027.538265306122,7027.538265306122,7027.538265306122,0.12716372724649203,12.867161773978841,9851.1496866373,9377.016754422742,9092.473682564145,8654.855602915477
DE,2017,403,403,2843019.0,2733404.0,109615.0,7054.637717121588,2752.0,0.0,67983.0,373362.0,220309.0,446043.0,29198639130.0,26555305061.0,26928561403.67056,24490736014.940517,403,1.0,7054.637717121588,7054.637717121588,7054.637717121588,0.13132588983752835,12.904688414908152,10270.293350132377,9340.530281718131,9471.819007776789,8614.34130934071
DE,2018,402,402,2866304.0,2756600.0,109704.0,7130.109452736318,2783.0,0.0,67960.0,393715.0,224861.0,455328.0,30514292944.0,27860042133.0,28136219658.466415,25688822827.61037,402,1.0,7130.109452736318,7130.109452736318,7130.109452736318,0.1373598194748359,12.747003704510787,10645.867620461751,9719.849022643795,9816.202209698069,8962.351107073908
DE,2019,402,402,2889097.0,2778054.0,111043.0,7186.808457711443,2838.5,0.0,67859.0,410540.0,228199.0,467987.0,32015766584.0,29029411216.0,29011088181.08503,26305002143.95099,402,1.0,7186.808457711443,7186.808457711443,7186.808457711443,0.14209976335166316,12.660427959807011,11081.582440464961,10047.918507409062,10041.576375277476,9104.921760657739
DE,2020,400,400,2942308.0,2833417.0,108891.0,7355.77,3079.0,12.0,68979.0,415505.0,241119.0,501215.0,33400640303.0,30042380294.0,30186665976.483772,27151554306.940086,400,1.0,7355.77,7355.77,7355.77,0.1412173708530854,12.202721477776533,11351.850419126753,10210.481123662104,10259.519389704876,9227.978276557073
DE,2021,400,400,2939511.0,2831208.0,108303.0,7348.7775,3068.0,0.0,88201.0,439363.0,247723.0,514592.0,34695683522.0,31456801243.0,31316902871.223675,28393433682.94686,400,1.0,7348.7775,7348.7775,7348.7775,0.14946805778239985,11.866120626667689,11803.21608662121,10701.37218163157,10653.779785557419,9659.237091797535
DE,2022,399,399,2918403.0,2808160.0,110243.0,7314.293233082707,3011.0,17.0,106334.0,457086.0,200840.0,330421.0,36925078812.0,33439346611.0,33111317286.89539,29985604665.614517,399,1.0,7314.293233082707,7314.293233082707,7314.293233082707,0.15662196070933315,14.530984863572993,12652.494810346618,11458.09766882778,11345.697385486304,10274.662089373714
DE,2023,400,400,2866239.0,2756835.0,109404.0,7165.5975,2964.0,13.0,116296.0,468279.0,201113.0,332103.0,38921267842.0,35128855290.0,34677751402.83507,31298818829.797657,400,1.0,7165.5975,7165.5975,7165.5975,0.16337751318016397,14.251883269604651,13579.212285507245,12256.080281511766,12098.694980716915,10919.82170007374
DK,2014,33,33,,,,,,,,,,,,,,,0,0.0,,,,,,,,,
DK,2015,33,33,271775.0,262400.0,9375.0,8766.935483870968,5400.0,140.0,42700.0,,,,,,,,31,0.9393939393939394,8766.935483870968,8235.60606060606,8235.60606060606,,,,,,
DK,2016,33,33,266745.0,257450.0,9295.0,8604.677419354839,5310.0,160.0,41075.0,,,,,,,,31,0.9393939393939394,8604.677419354839,8083.181818181818,8083.181818181818,,,,,,
DK,2017,43,43,270326.0,261097.0,9229.0,6286.6511627906975,1455.0,0.0,41001.0,26731.0,19296.660000000003,46157.98999999999,5085836411.421504,5009649079.127792,3781562016.952878,3724913100.497791,43,1.0,6286.6511627906975,6286.6511627906975,6286.6511627906975,0.0988843100552666,14.008952844689182,18813.715334157663,18531.880319051044,13988.894952586425,13779.337172516853
DK,2018,41,41,269981.0,260760.0,9221.0,6584.90243902439,1603.0,0.0,40764.0,25897.0,19076.58,46240.82,5174248614.420652,5105178161.058337,3865221839.54473,3813625434.984806,41,1.0,6584.90243902439,6584.90243902439,6584.90243902439,0.09592156485085987,14.152484355162192,19165.23242161727,18909.397924514455,14316.643910292689,14125.532667057334
DK,2019,41,41,268932.0,259979.0,8953.0,6559.317073170731,1566.0,0.0,39733.0,24938.0,18947.38,46285.94000000001,5283901967.158222,5205842420.272966,3924176669.5845056,3866204463.6977644,41,1.0,6559.317073170731,6559.317073170731,6559.317073170731,0.09272976068299793,14.193624659451597,19647.7249533645,19357.46739054098,14591.705968737471,14376.141417524745
DK,2020,41,41,272135.0,263086.0,9049.0,6637.4390243902435,1489.0,0.0,40113.0,24438.0,17652.69,44730.50000000001,5283063220.600467,5096721051.756058,3952424572.550924,3813016177.02554,41,1.0,6637.4390243902435,6637.4390243902435,6637.4390243902435,0.08980101787715655,15.416064067289462,19413.39122347536,18728.649573763236,14523.76420729022,14011.487596323663
DK,2021,41,41,271816.0,262462.0,9354.0,6629.658536585366,1413.0,0.0,39765.0,24702.0,18338.64,34535.96,5472117245.798038,5304652315.718703,4128196837.0140667,4001860327.1019025,41,1.0,6629.658536585366,6629.658536585366,6629.658536585366,0.09087765252965241,14.82203696675435,20131.696610199684,19515.599948931274,15187.468129227369,14722.68125166253
DK,2022,40,40,260941.0,251290.0,9651.0,6523.525,1565.0,0.0,39447.0,23368.0,18711.1,35028.93000000001,5486989314.748103,5586675002.688316,4127202641.0615206,4202184203.981105,40,1.0,6523.525,6523.525,6523.525,0.08955281078864571,13.945786191084437,21027.700954423042,21409.72481399365,15816.612341722921,16103.96298006486
DK,2023,40,40,256180.0,246284.0,9896.0,6404.5,1555.0,0.0,39326.0,22952.0,18905.68,35522.979999999996,5831456982.351126,5831689329.71319,4482270146.6525545,4482448737.294273,40,1.0,6404.5,6404.5,6404.5,0.089593254742759,13.550425057443054,22763.123516086835,22764.0304852572,17496.565487752963,17497.262617277982
EE,2014,25,25,55205.0,52310.0,2895.0,2208.2,700.0,35.0,14180.0,3785.0,,,,,,,25,1.0,2208.2,2208.2,2208.2,0.06856263019654017,,,,,
EE,2015,24,24,51095.0,48260.0,2835.0,2128.9583333333335,775.0,40.0,13400.0,4240.0,,,363192662.15000004,339923006.3099999,485781589.348435,454657694.02899224,24,1.0,2128.9583333333335,2128.9583333333335,2128.9583333333335,0.08298267932283002,,7108.18401311283,6652.764581857322,9507.419304206576,8898.281515392744
EE,2016,22,22,47780.0,45145.0,2635.0,2171.818181818182,952.5,0.0,12670.0,4675.0,0.0,0.0,323318715.51,299290686.6600001,425486544.59914726,393865724.4038533,22,1.0,2171.818181818182,2171.818181818182,2171.818181818182,0.09784428631226455,,6766.821170154876,6263.93232858937,8905.118137278092,8243.317798322589
EE,2017,20,20,46154.0,43664.0,2490.0,2307.7,959.5,55.0,12618.0,5083.0,3201.14,6306.62,370851361.51189655,328638296.8999999,476211180.31097955,422005276.24898237,20,1.0,2307.7,2307.7,2307.7,0.11013129956233479,14.417988591564256,8035.086049137595,7120.472697924339,10317.874513822844,9143.417174004038
EE,2018,20,20,45815.0,43403.0,2412.0,2290.75,979.0,53.0,12902.0,5636.0,3272.2999999999997,6420.168000000001,437499302.1318966,373722336.96999997,550681401.202434,470405185.06071347,20,1.0,2290.75,2290.75,2290.75,0.12301647931900032,14.000855667267672,9549.259022850521,8157.204779439047,12019.67480524793,10267.492853011317
EE,2019,19,19,45178.0,42862.0,2316.0,2377.7894736842104,1155.0,55.0,13165.0,6056.0,3294.62,6476.289999999997,446947520.88879716,389440864.50999993,549824663.9325533,479081284.5879705,19,1.0,2377.7894736842104,2377.7894736842104,2377.7894736842104,0.13404754526539467,13.712658819530022,9893.034682562246,8620.143975164901,12170.186018251214,10604.304851652807
EE,2020,18,18,45259.0,42942.0,2317.0,2514.3888888888887,1150.0,54.0,13449.0,5779.0,3500.4100000000003,6807.459999999999,450142001.12,396239337.87999994,558149513.4719586,491313392.45371914,18,1.0,2514.3888888888887,2514.3888888888887,2514.3888888888887,0.1276873108111094,12.929628243548612,9945.911335204048,8754.929138513886,12332.343036124497,10855.595405415921
EE,2021,18,18,44611.0,42258.0,2353.0,2478.3888888888887,1106.0,56.0,13733.0,5597.0,3550.6,6904.799999999999,492092281.41999984,440924724.51,587709011.3053051,526599265.39401364,18,1.0,2478.3888888888887,2478.3888888888887,2478.3888888888887,0.12546232991862993,12.564355320227568,11030.738638900715,9883.766885073188,13174.082878781133,11804.247055524727
EE,2022,18,18,44145.0,41845.0,2300.0,2452.5,1042.5,50.0,14080.0,5370.0,3835.0,7180.0,525688871.0800003,483303799.44999987,579150228.6904123,532454692.0754883,18,1.0,2452.5,2452.5,2452.5,0.1216445803601767,11.511082138200782,11908.231307735878,10948.098299920714,13119.271235483346,12061.494893543739
EE,2023,18,18,44640.0,42350.0,2290.0,2480.0,1067.5,65.0,14645.0,4840.0,4085.0,7470.0,590942853.73,538564100.65,644194552.1924354,587095786.7673349,18,1.0,2480.0,2480.0,2480.0,0.10842293906810035,10.927784577723378,13237.967153449821,12064.607989471326,14430.881545529466,13151.787337977934
ES,2014,81,81,1538250.0,1506180.0,32070.0,18990.74074074074,13490.0,200.0,158945.0,86580.0,81380.0,138730.0,,,,,81,1.0,18990.74074074074,18990.74074074074,18990.74074074074,0.05628473915163335,18.90206438928484,,,,
ES,2015,82,82,1548340.0,1492725.0,55615.0,18882.19512195122,13117.5,155.0,156200.0,101910.0,90315.0,148240.0,,,,,82,1.0,18882.19512195122,18882.19512195122,18882.19512195122,0.06581887699084181,17.143774566793997,,,,
ES,2016,82,82,1564945.0,1493395.0,71550.0,19084.69512195122,13425.0,270.0,147400.0,114275.0,90660.0,149590.0,,,,,82,1.0,19084.69512195122,19084.69512195122,19084.69512195122,0.07302173558815166,17.26169203617913,,,,
ES,2017,82,82,1583025.0,1497545.0,85480.0,19305.182926829268,13556.0,291.0,139973.0,127597.0,87616.76567,154070.64232476018,,,,,82,1.0,19305.182926829268,19305.182926829268,19305.182926829268,0.08060327537467822,18.067603704550216,,,,
ES,2018,83,83,1599050.0,1508295.0,90755.0,19265.66265060241,13390.0,302.0,140784.0,137914.0,88737.36780392168,155918.80904877544,,,,,83,1.0,19265.66265060241,19265.66265060241,19265.66265060241,0.08624745942903599,18.02002966251306,,,,
ES,2019,83,83,1626154.0,1533497.0,92657.0,19592.21686746988,13565.0,333.0,137222.0,153042.0,90196.1513333334,159449.64200000008,,,,,83,1.0,19592.21686746988,19592.21686746988,19592.21686746988,0.09411285769982425,18.02908412344895,,,,
ES,2020,84,84,1679057.0,1583260.0,95797.0,19988.77380952381,13670.5,368.0,151376.0,155919.0,91721.69503030312,176772.5212742056,,,,,84,1.0,19988.77380952381,19988.77380952381,19988.77380952381,0.09286105236451175,18.305996192561327,,,,
ES,2021,86,86,1698239.0,1600490.0,97749.0,19746.96511627907,13880.0,381.0,140237.0,170222.0,94057.25089807172,181098.13310736,,,,,86,1.0,19746.96511627907,19746.96511627907,19746.96511627907,0.10023441930140575,18.05537567582486,,,,
ES,2022,89,89,1720975.0,1623748.0,97227.0,19336.79775280899,13747.0,108.0,130459.0,180563.0,98102.45465917619,187081.81636460254,,,,,89,1.0,19336.79775280899,19336.79775280899,19336.79775280899,0.10491901393105653,17.542629345809395,,,,
ES,2023,91,91,1757811.0,1658389.0,99422.0,19316.604395604394,13796.0,132.0,130184.0,196567.0,101243.9300311816,193142.78244909205,,,,,91,1.0,19316.604395604394,19316.604395604394,19316.604395604394,0.11182487764611782,17.36213716178956,,,,
FI,2014,41,41,302470.0,282610.0,19860.0,7377.317073170731,5385.0,195.0,34830.0,20255.0,24475.0,40620.0,3577906835.0,3577906835.0,2826775933.8558297,2826775933.8558297,41,1.0,7377.317073170731,7377.317073170731,7377.317073170731,0.06696531887459914,12.35832482124617,11828.964310510133,11828.964310510133,9345.640671325518,9345.640671325518
FI,2015,41,41,297170.0,277640.0,19530.0,7248.048780487805,5430.0,465.0,32460.0,20360.0,23905.0,39510.0,3741999902.0,3522197705.0,2964054229.0448804,2789947962.7077293,41,1.0,7248.048780487805,7248.048780487805,7248.048780487805,0.06851297237271596,12.431290524994772,12592.118659353233,11852.467291449339,9974.271390264428,9388.390358070226
FI,2016,41,41,295520.0,276645.0,18875.0,7207.804878048781,5350.0,565.0,32030.0,21100.0,23495.0,38105.0,3568455731.0,3487221203.0,2813973228.8742385,2749914206.068826,41,1.0,7207.804878048781,7207.804878048781,7207.804878048781,0.0713995668651868,12.577995318152798,12075.175050757985,11800.28831551164,9522.107569282074,9305.340437428351
FI,2017,40,40,294520.0,275895.0,18625.0,7363.0,5842.5,520.0,31330.0,20370.0,23135.0,37760.0,3790218889.0,3456042215.0,3014402195.8532486,2748627862.1249113,40,1.0,7363.0,7363.0,7363.0,0.06916338449001766,12.730494921115193,12869.139240119517,11734.490747657204,10234.966032368764,9332.567778503706
FI,2018,40,40,295455.0,277145.0,18310.0,7386.375,5710.0,520.0,31245.0,20230.0,23710.0,38475.0,3589017218.0,3565499212.0,2850779387.748618,2832098884.7937984,40,1.0,7386.375,7386.375,7386.375,0.06847066389128632,12.46119780683256,12147.42420334738,12067.824920884737,9648.776929646201,9585.550709224073
FI,2019,39,39,295930.0,277475.0,18455.0,7587.948717948718,5555.0,510.0,31620.0,19865.0,24040.0,38950.0,3618942687.0,3743345489.0,2848394898.939017,2946309770.015427,39,1.0,7587.948717948718,7587.948717948718,7587.948717948718,0.06712736120028386,12.309900166389351,12229.049731355388,12649.428881830163,9625.231976950687,9956.103707009857
FI,2020,38,38,305375.0,286670.0,18705.0,8036.184210526316,6035.0,545.0,31570.0,20855.0,24685.0,39780.0,3706545056.0,3718411025.0,2951987524.7887483,2961437886.7642026,38,1.0,8036.184210526316,8036.184210526316,8036.184210526316,0.0682930822758903,12.370872999797449,12137.683359803521,12176.540401146132,9666.762258825209,9697.709002911839
FI,2021,38,38,315590.0,296400.0,19190.0,8305.0,6342.5,530.0,30820.0,22795.0,25670.0,41110.0,3918808266.0,3901338056.0,3162063281.476939,3147966672.0459614,38,1.0,8305.0,8305.0,8305.0,0.07222979181849869,12.294117647058824,12417.403168668208,12362.04586964099,10019.529394077566,9974.861915922434
FI,2022,38,38,327674.0,308543.0,19131.0,8623.0,6899.5,528.0,31004.0,26220.0,26356.7365,41965.24509999998,4028597641.0,4119393576.0,3225923384.474944,3298628766.355439,38,1.0,8623.0,8623.0,8623.0,0.08001855502725269,12.432267553306534,12294.52944389851,12571.621721589141,9844.917156914935,10066.80043688373
FI,2023,38,38,338812.0,319302.0,19510.0,8916.105263157895,7588.5,465.0,31465.0,31656.0,26990.3627,42941.23129999999,4276126060.0,4380534196.0,3467222946.5661235,3551880480.012973,38,1.0,8916.105263157895,8916.105263157895,8916.105263157895,0.09343234596177231,12.553073249363928,12620.94040352762,12929.099902010554,10233.471502090018,10483.337308043909
FR,2014,375,375,1781320.0,1710700.0,70620.0,5532.0496894409935,1047.5,0.0,60150.0,249990.0,75875.0,,11086540727.600006,10579800963.250002,9839833786.811043,9390078071.580723,322,0.8586666666666667,5532.0496894409935,4750.1866666666665,4750.1866666666665,0.14033974805200639,23.477034596375617,6223.778281050011,5939.303978650664,5523.900134064089,5271.41561964202
FR,2015,377,377,,,,,,,,,120.0,,14007830996.0,13584126784.73,12454726590.20183,12078000164.248243,0,0.0,,,,,,,,,
FR,2017,212,212,1539503.0,1539503.0,,7546.583333333333,684.0,0.0,65750.0,224310.0,,,13188852416.0,12692038249.0,11763472458.235592,11320351283.926613,204,0.9622641509433962,7546.583333333333,7261.806603773585,7261.806603773585,0.14570286644456035,,8566.954670435849,8244.243920927727,7641.084465724063,7353.250551591398
FR,2018,209,209,,,,,,,,,,,15307141196.16,14644213637.82,13727515937.259542,13132999397.185827,0,0.0,,,,,,,,,
FR,2019,205,205,1859507.0,1798550.0,60957.0,9070.765853658537,939.0,0.0,77611.0,277727.0,,,14156491665.0,13557047819.0,13042168765.661852,12489909915.79452,205,1.0,9070.765853658537,9070.765853658537,9070.765853658537,0.1493551785500135,,7613.034887741751,7290.667805498984,7013.777719396513,6716.785640384532
FR,2020,202,202,1883214.0,1824256.0,58958.0,9369.223880597016,1230.0,0.0,77749.0,268700.0,,,15608328133.0,14823821090.0,14387014474.278502,13663893196.545273,201,0.995049504950495,9369.223880597016,9322.841584158416,9322.841584158416,0.14268160708236027,,8288.133017808916,7871.55420998357,7639.6067968263305,7255.62426603948
FR,2021,354,354,2242313.0,2242313.0,,6388.356125356126,1414.0,0.0,75538.0,238270.0,,,16453837319.0,15558592053.0,14909645350.09107,14098418816.20559,351,0.9915254237288136,6388.356125356126,6334.217514124294,6334.217514124294,0.10626081193838684,,7337.886066307425,6938.635263230423,6649.225754875019,6287.444623567535
FR,2022,782,782,2683891.0,2642370.0,,3436.4801536491677,610.0,0.0,72853.0,271989.0,,,15483227053.95,14861773169.67,13999807455.920647,13437893928.957647,781,0.9987212276214834,3436.4801536491677,3432.0856777493605,3432.0856777493605,0.10134129888285329,,5768.9477903350025,5537.398191532368,5216.235478982063,5006.870222731715
FR,2023,816,816,2545897.0,2504745.0,,3119.9718137254904,480.0,0.0,71973.0,280021.0,,,17849213479.940002,17372533280.94,16431200846.856298,15992390022.03811,816,1.0,3119.9718137254904,3119.9718137254904,3119.9718137254904,0.10998913153202977,,7010.9723527464,6823.737677109482,6453.992776163489,6281.63276913328
GR,2014,49,49,689135.0,665985.0,23150.0,14063.979591836734,7900.0,0.0,113475.0,,,,,,,,49,1.0,14063.979591836734,14063.979591836734,14063.979591836734,,,,,,
GR,2015,47,47,732625.0,708980.0,23645.0,15587.765957446809,10640.0,0.0,113780.0,23450.0,,,,,,,47,1.0,15587.765957446809,15587.765957446809,15587.765957446809,0.03200818972871523,,,,,
GR,2016,47,47,733655.0,704965.0,28690.0,15609.68085106383,12055.0,0.0,110040.0,25005.0,17105.0,,,,,,47,1.0,15609.68085106383,15609.68085106383,15609.68085106383,0.03408277732721783,42.89125986553639,,,,
GR,2017,47,47,765100.0,735817.0,29283.0,16278.72340425532,12841.0,0.0,111463.0,29462.0,,,,,,,47,1.0,16278.72340425532,16278.72340425532,16278.72340425532,0.03850738465560057,,,,,
GR,2018,46,46,800890.0,770230.0,30660.0,17410.652173913044,12843.0,0.0,119264.0,21760.0,,,0.0,0.0,0.0,0.0,46,1.0,17410.652173913044,17410.652173913044,17410.652173913044,0.02716977362684014,,0.0,0.0,0.0,0.0
GR,2019,47,47,824848.0,793743.0,31105.0,17549.957446808512,12043.0,0.0,118164.0,21185.0,0.0,0.0,0.0,0.0,0.0,0.0,47,1.0,17549.957446808512,17549.957446808512,17549.957446808512,0.025683519872752313,,0.0,0.0,0.0,0.0
GR,2020,47,47,855462.0,821749.0,33713.0,18201.31914893617,13389.0,0.0,113994.0,24699.0,0.0,0.0,0.0,0.0,0.0,0.0,47,1.0,18201.31914893617,18201.31914893617,18201.31914893617,0.028872118223836944,,0.0,0.0,0.0,0.0
GR,2021,47,47,870675.0,837802.0,32873.0,18525.0,14181.0,0.0,119092.0,24343.0,,,,,,,47,1.0,18525.0,18525.0,18525.0,0.027958767622821373,,,,,
GR,2022,45,45,838595.0,806075.0,32520.0,18635.444444444445,11235.0,0.0,116415.0,22985.0,,,,,,,45,1.0,18635.444444444445,18635.444444444445,18635.444444444445,0.0274089399531359,,,,,
GR,2023,43,43,878430.0,844830.0,33600.0,20428.60465116279,14165.0,0.0,122940.0,22335.0,,,,,,,43,1.0,20428.60465116279,20428.60465116279,20428.60465116279,0.025426044192479767,,,,,
HR,2014,37,37,160770.0,157645.0,3125.0,4345.135135135135,1060.0,140.0,64980.0,1000.0,11515.0,,,,,,37,1.0,4345.135135135135,4345.135135135135,4345.135135135135,0.006220065932698886,13.961788970907511,,,,
HR,2015,37,37,160515.0,157355.0,3160.0,4338.243243243243,1020.0,190.0,65160.0,1125.0,11675.0,,,,,,37,1.0,4338.243243243243,4338.243243243243,4338.243243243243,0.007008690776562938,13.748608137044968,,,,
HR,2016,37,37,163650.0,160345.0,3305.0,4422.972972972973,1025.0,175.0,66295.0,2190.0,11795.0,,,,,,37,1.0,4422.972972972973,4422.972972972973,4422.972972972973,0.013382218148487626,13.87452310300975,,,,
HR,2017,39,39,163671.0,160366.0,3305.0,4196.692307692308,1004.0,139.0,66236.0,2496.0,11853.2,,,,,,39,1.0,4196.692307692308,4196.692307692308,4196.692307692308,0.015250105394358194,13.808169945668679,,,,
HR,2018,39,39,162712.0,159476.0,3236.0,4172.102564102564,910.0,0.0,65178.0,3214.0,12265.899999999998,,,,,,39,1.0,4172.102564102564,4172.102564102564,4172.102564102564,0.019752691872756772,13.26539430453534,,,,
HR,2019,39,39,160498.0,156971.0,3527.0,4115.333333333333,854.0,0.0,63626.0,2605.0,12776.8,,,,,,39,1.0,4115.333333333333,4115.333333333333,4115.333333333333,0.016230731847125823,12.561674284640912,,,,
HR,2020,40,40,160520.0,156533.0,3987.0,4013.0,857.5,0.0,64306.0,2334.0,12609.100000000002,0.0,,,,,40,1.0,4013.0,4013.0,4013.0,0.01454024420632943,12.730488298133885,,,,
HR,2021,43,43,160979.0,156494.0,4485.0,3743.6976744186045,766.0,67.0,65266.0,3456.0,13169.899999999996,,,,,,43,1.0,3743.6976744186045,3743.6976744186045,3743.6976744186045,0.02146863876654719,12.223251505326544,,,,
HR,2022,38,38,158360.0,153630.0,4730.0,4167.368421052632,1040.0,75.0,64670.0,3500.0,13100.0,,,,,,38,1.0,4167.368421052632,4167.368421052632,4167.368421052632,0.02210154079312958,12.088549618320611,,,,
HR,2023,37,37,154815.0,150025.0,4790.0,4184.189189189189,885.0,170.0,63665.0,4105.0,12310.0,,,,,,37,1.0,4184.189189189189,4184.189189189189,4184.189189189189,0.02651551852210703,12.576360682372055,,,,
HU,2014,52,52,302435.0,295305.0,7130.0,5816.057692307692,1585.0,210.0,28810.0,24260.0,17460.0,46835.0,1933680823.426517,1568955404.7487938,3306121063.591755,2682529840.8267703,52,1.0,5816.057692307692,5816.057692307692,5816.057692307692,0.08021558351381289,17.32159221076747,6393.707155013531,5187.744159071515,10931.674784967861,8869.773144069868
HU,2015,50,50,290900.0,283660.0,7240.0,5818.0,1870.0,200.0,27845.0,25790.0,17750.0,48385.0,1960367190.3225806,1316771277.419355,3296521990.778411,2214261437.4830484,50,1.0,5818.0,5818.0,5818.0,0.08865589549673428,16.388732394366198,6738.972809634171,4526.542720589051,11332.148472940567,7611.761558896695
HU,2016,53,53,277640.0,270290.0,7350.0,5238.490566037736,1425.0,0.0,26305.0,23105.0,18020.0,49455.0,,,,,53,1.0,5238.490566037736,5238.490566037736,5238.490566037736,0.0832192767612736,15.407325194228635,,,,
HU,2017,52,52,274193.0,266535.0,7658.0,5272.942307692308,1396.0,195.0,28003.0,26114.0,18387.950000000004,53068.799999999996,,,,,52,1.0,5272.942307692308,5272.942307692308,5272.942307692308,0.09523948459661626,14.911558928537435,,,,
HU,2018,52,52,272192.0,264640.0,7552.0,5234.461538461538,1424.5,145.0,29081.0,29113.0,18568.799999999996,58800.75,,,,,52,1.0,5234.461538461538,5234.461538461538,5234.461538461538,0.10695758876087468,14.658567058722161,,,,
HU,2019,52,52,276030.0,266636.0,9394.0,5308.2692307692305,1466.5,151.0,30459.0,32108.0,18827.499999999996,58766.62,,,,,52,1.0,5308.2692307692305,5308.2692307692305,5308.2692307692305,0.11632068978009637,14.66100119506042,,,,
HU,2020,51,51,280470.0,270343.0,10127.0,5499.411764705882,1389.0,137.0,32429.0,33871.0,18493.900009008124,,,,,,51,1.0,5499.411764705882,5499.411764705882,5499.411764705882,0.12076514422219846,15.16554106291193,,,,
HU,2021,51,51,285802.0,275316.0,10486.0,5603.9607843137255,1324.0,134.0,34650.0,35510.0,18703.92501063831,,,,,,51,1.0,5603.9607843137255,5603.9607843137255,5603.9607843137255,0.12424685621514195,15.280322169675252,,,,
HU,2022,50,50,281757.0,271230.0,10527.0,5635.14,1538.5,114.0,35870.0,40826.0,19125.2500104215,,,,,,50,1.0,5635.14,5635.14,5635.14,0.14489790848142192,14.732199571062777,,,,
HU,2023,50,50,301843.0,291149.0,10694.0,6036.86,1986.0,123.0,37421.0,37841.0,19503.50001075677,,,,,,50,1.0,6036.86,6036.86,6036.86,0.1253664984776854,15.476350390110722,,,,
IE,2014,27,27,198035.0,189875.0,8160.0,7334.62962962963,4630.0,555.0,23580.0,29895.0,12755.0,23100.0,1997067000.0,1944077000.0,1747658636.0493917,1701286415.626012,27,1.0,7334.62962962963,7334.62962962963,7334.62962962963,0.150958163960916,15.526068208545668,10084.41437119701,9816.835407882445,8824.998793392035,8590.837052167608
IE,2015,27,27,204195.0,195825.0,8370.0,7562.777777777777,4780.0,400.0,24185.0,30310.0,13025.0,23550.0,2392311750.0,2346195715.0,2124459851.875533,2083507135.3722649,27,1.0,7562.777777777777,7562.777777777777,7562.777777777777,0.1484365435000857,15.677159309021114,11715.819437302578,11489.976321653321,10404.073811187996,10203.51690968077
IE,2016,25,25,209350.0,201000.0,8350.0,8374.0,5745.0,1045.0,24840.0,31770.0,13420.0,24170.0,2428778370.0,2372042947.0,2124097783.8802211,2074479594.0320437,25,1.0,8374.0,8374.0,8374.0,0.15175543348459516,15.599850968703429,11601.520754716981,11330.513240983999,10146.156120755773,9909.145421695934
IE,2017,25,25,214646.0,206133.0,8513.0,8585.84,5915.0,1110.0,25007.0,34212.0,13880.669999999998,24884.67,2901082534.0,2683695663.0,2508393527.301025,2320432028.8789935,25,1.0,8585.84,8585.84,8585.84,0.15938801561641028,15.46366277708497,13515.660827595204,12502.891565647624,11686.188083174273,10810.506736109657
IE,2018,25,25,220345.0,211702.0,8643.0,8813.8,6071.0,1171.0,25260.0,36565.0,14184.5944,25657.655,2958484491.0,2887866717.0,2532450365.938215,2472001846.3829894,25,1.0,8813.8,8813.8,8813.8,0.16594431459756293,15.534106495142364,13426.601425038009,13106.114125575801,11493.114733432638,11218.77894385164
IE,2019,23,23,227818.0,218928.0,8890.0,9905.130434782608,6739.0,1264.0,25650.0,39161.0,14822.32488703704,26860.633536410416,3067782106.0,2910747779.0,2512433749.918103,2383826720.6643515,23,1.0,9905.130434782608,9905.130434782608,9905.130434782608,0.1718959871476354,15.369923526587904,13465.933798031761,12776.636521258197,11028.249523383154,10463.732982750931
IE,2020,22,22,240745.0,231220.0,9525.0,10942.954545454546,8050.0,1300.0,27685.0,39650.0,,,3093845542.0,3070425388.0,2548745369.7677674,2529451578.8346367,22,1.0,10942.954545454546,10942.954545454546,10942.954545454546,0.1646970861284762,,12851.131039066231,12753.849043593844,10586.908844494246,10506.76682313085
IE,2021,18,18,239645.0,229635.0,10010.0,13313.611111111111,15135.0,1295.0,28090.0,43835.0,,,2703727490.0,2629537048.0,2293743734.8355026,2230803271.2896824,18,1.0,13313.611111111111,13313.611111111111,13313.611111111111,0.18291639717081518,,11282.219491330927,10972.634722193245,9571.423292100826,9308.78287170474
IE,2022,18,18,234485.0,224005.0,10480.0,13026.944444444445,14600.0,1355.0,28030.0,45990.0,,,,,,,18,1.0,13026.944444444445,13026.944444444445,13026.944444444445,0.1961319487387253,,,,,
IE,2023,18,18,236485.0,225755.0,10730.0,13138.055555555555,14445.0,1365.0,28980.0,50325.0,,,4193657000.0,4087304000.0,3538204598.186036,3448474161.569289,18,1.0,13138.055555555555,13138.055555555555,13138.055555555555,0.21280419476922427,,17733.28963782058,17283.565553840624,14961.644916954716,14582.210971390528
IS,2014,7,7,18975.0,18455.0,520.0,2710.714285714286,470.0,145.0,12825.0,,,,,,,,7,1.0,2710.714285714286,2710.714285714286,2710.714285714286,,,,,,
IS,2015,7,7,,,,,,,,,,,,,,,0,0.0,,,,,,,,,
IS,2016,7,7,,,,,,,,,,,,,,,0,0.0,,,,,,,,,
IS,2017,7,7,17772.0,17135.0,637.0,2538.8571428571427,437.0,121.0,11561.0,,,,53376414.46822631,51811506.55384105,31960146.637325957,31023128.16360593,7,1.0,2538.8571428571427,2538.8571428571427,2538.8571428571427,,,3003.399418648791,2915.3447306910334,1798.3427097302474,1745.6182851455058
IS,2018,7,7,18225.0,17648.0,577.0,2603.5714285714284,522.0,122.0,11686.0,,,,53893838.4549222,53114981.624833845,33156225.496562902,32677062.13710861,7,1.0,2603.5714285714284,2603.5714285714284,2603.5714285714284,,,2957.1379124785844,2914.4022839415,1819.2716321845214,1792.9800898276328
IS,2019,7,7,19145.0,18565.0,580.0,2735.0,576.0,118.0,12386.0,,,,46687740.384615384,46834651.8065268,30061080.91121857,30155673.540985607,7,1.0,2735.0,2735.0,2735.0,,,2438.6388291781345,2446.312447455043,1570.1792066450023,1575.1200595970545
IS,2020,7,7,21920.0,21261.0,659.0,3131.4285714285716,753.0,125.0,14524.0,,99.16,1797.94,49561313.91422472,48039221.16566402,34166269.86314198,33116979.045427587,7,1.0,3131.4285714285716,3131.4285714285716,3131.4285714285716,,221.0568777732957,2261.0088464518576,2191.5703086525555,1558.680194486404,1510.8110878388497
IS,2021,7,7,23638.0,22934.0,704.0,3376.8571428571427,769.0,130.0,15849.0,,230.0,1897.0,64734130.55611055,63934753.06027306,43482361.61227548,42945414.23938086,7,1.0,3376.8571428571427,3376.8571428571427,3376.8571428571427,,102.77391304347826,2738.562084614204,2704.7446086924892,1839.5110251406836,1816.7955935096395
IS,2022,7,7,16569.0,15878.0,691.0,2761.5,591.0,0.0,12686.0,,72.0,1621.8,257436699.00871763,262260777.88245225,167567994.81523854,170708033.61629105,6,0.8571428571428571,2761.5,2367.0,2367.0,,230.125,15537.250226852413,15828.401103413136,10113.343884074991,10302.856757576863
IS,2023,7,7,19691.0,18968.0,723.0,2813.0,678.0,125.0,12151.0,0.0,72.9,1792.8,58523784.61744787,54326735.06336753,39546394.555357195,36710313.82819651,7,1.0,2813.0,2813.0,2813.0,0.0,270.1097393689986,2972.1083041718484,2758.9627273052424,2008.348715421116,1864.3194265500233
IT,2014,215,215,1817445.0,1784650.0,32795.0,8453.232558139534,650.0,0.0,111620.0,86305.0,,,14096946991.0,12726359781.0,13660626578.095623,12332460977.382404,215,1.0,8453.232558139534,8453.232558139534,8453.232558139534,0.047486994104360795,,7756.464152147658,7002.335576042191,7516.39063525753,6785.603403339525
IT,2015,215,215,1768015.0,1738400.0,29615.0,8223.32558139535,660.0,0.0,105355.0,86315.0,,,13870001284.0,12296347411.0,13500755617.851755,11968995387.161146,215,1.0,8223.32558139535,8223.32558139535,8223.32558139535,0.04882028715819719,,7844.956792787391,6954.888624248098,7636.109206003204,6769.736335472915
IT,2016,216,216,1825660.0,1797970.0,27690.0,8452.12962962963,755.0,0.0,108560.0,102690.0,,,,,,,216,1.0,8452.12962962963,8452.12962962963,8452.12962962963,0.05624815135348312,,,,,
IT,2017,206,206,1881745.0,1853060.0,28685.0,9134.684466019418,907.5,40.0,109120.0,105365.0,,,,,,,206,1.0,9134.684466019418,9134.684466019418,9134.684466019418,0.05599324031683358,,,,,
IT,2018,207,207,1915400.0,1885560.0,29840.0,9253.140096618357,925.0,50.0,110425.0,111750.0,,,,,,,207,1.0,9253.140096618357,9253.140096618357,9253.140096618357,0.058342904876266054,,,,,
IT,2019,207,207,1998330.0,1966775.0,31555.0,9653.768115942028,1020.0,50.0,112045.0,119135.0,,,,,,,207,1.0,9653.768115942028,9653.768115942028,9653.768115942028,0.05961728042915835,,,,,
IT,2020,208,208,2060350.0,2027040.0,33310.0,9905.528846153846,1057.5,60.0,113205.0,125115.0,,,,,,,208,1.0,9905.528846153846,9905.528846153846,9905.528846153846,0.06072511951852841,,,,,
IT,2021,208,208,2063160.0,2025235.0,37925.0,9919.038461538461,1065.0,60.0,116890.0,135220.0,,,,,,,208,1.0,9919.038461538461,9919.038461538461,9919.038461538461,0.06554023924465383,,,,,
IT,2022,210,210,2148860.0,2106230.0,42630.0,10281.626794258373,1010.0,0.0,117500.0,149205.0,107150.0,163630.0,,,,,209,0.9952380952380953,10281.626794258373,10232.666666666666,10232.666666666666,0.0694344908463092,20.054689687354177,,,,
IT,2023,209,209,2262370.0,2214420.0,47950.0,10824.736842105263,1090.0,25.0,123375.0,166240.0,112705.0,171490.0,,,,,209,1.0,10824.736842105263,10824.736842105263,10824.736842105263,0.07348046517589961,20.07337740118007,,,,
LI,2014,1,1,655.0,635.0,20.0,655.0,655.0,655.0,655.0,600.0,70.0,125.0,18715726.280256875,18248759.44343817,12711652.550760783,12394490.390261088,1,1.0,655.0,655.0,655.0,0.916030534351145,9.357142857142858,28573.627908789123,27860.701440363617,19407.103130932494,18922.88609200166
LI,2015,1,1,655.0,630.0,25.0,655.0,655.0,655.0,655.0,605.0,65.0,125.0,22865988.144957393,22168531.9037363,14207674.88028673,13774313.70404203,1,1.0,655.0,655.0,655.0,0.9236641221374046,10.076923076923077,34909.905564820445,33845.08687593328,21691.10668746066,21029.486571056535
LI,2016,1,1,655.0,620.0,35.0,655.0,655.0,655.0,655.0,600.0,65.0,120.0,20173523.491102543,19222361.83269125,12710467.029220028,12111181.093670536,1,1.0,655.0,655.0,655.0,0.916030534351145,10.076923076923077,30799.272505500066,29347.1173018187,19405.29317438172,18490.352814764177
LI,2017,2,2,770.0,620.0,150.0,385.0,385.0,115.0,655.0,710.0,65.0,130.0,18975851.96545831,19292320.23027795,12199757.473238606,12403217.960061762,2,1.0,385.0,385.0,385.0,0.922077922077922,11.846153846153847,24643.9635915043,25054.961338023313,15843.840874335852,16108.075272807484
LI,2018,2,2,810.0,650.0,160.0,405.0,405.0,125.0,685.0,735.0,65.0,130.0,19383640.173160173,20095510.857142854,12878643.112305062,13351615.598340992,2,1.0,405.0,405.0,405.0,0.9074074074074074,12.461538461538462,23930.41996686441,24809.272663139327,15899.559397907484,16483.47604733456
LI,2019,2,2,825.0,640.0,185.0,412.5,412.5,145.0,680.0,760.0,70.0,140.0,21308577.849694353,20535269.68716289,13597084.822376082,13103633.933539458,2,1.0,412.5,412.5,412.5,0.9212121212121213,11.785714285714286,25828.57921175073,24891.235984439867,16481.31493621343,15883.192646714495
LI,2020,2,2,875.0,670.0,205.0,437.5,437.5,165.0,710.0,790.0,70.0,205.0,25462419.430172816,29534946.286781877,15761622.796872832,18282578.52615997,2,1.0,437.5,437.5,437.5,0.9028571428571428,12.5,29099.907920197504,33754.224327750715,18013.283196426095,20894.375458468534
LI,2021,2,2,865.0,645.0,220.0,432.5,432.5,175.0,690.0,520.0,80.0,155.0,20708151.88234206,22786367.5885672,13514175.419533985,14870422.55221538,2,1.0,432.5,432.5,432.5,0.6011560693641619,10.8125,23940.059979586196,26342.621489673063,15623.324184432353,17191.239944757664
LI,2022,2,2,850.0,620.0,230.0,425.0,425.0,175.0,675.0,760.0,75.0,155.0,24539835.771872204,24082542.052353937,15944624.58772554,15647500.48502878,2,1.0,425.0,425.0,425.0,0.8941176470588236,11.333333333333334,28870.395025732003,28332.402414534045,18758.3818679124,18408.824100033857
LI,2023,2,2,830.0,605.0,225.0,415.0,415.0,175.0,655.0,750.0,75.0,155.0,25466467.380119365,25013756.945873637,16267443.832410902,15978261.926985422,2,1.0,415.0,415.0,415.0,0.9036144578313253,11.066666666666666,30682.49081942092,30137.05656129354,19599.329918567353,19250.917984319785
LT,2014,43,43,136935.0,134575.0,2360.0,3184.5348837209303,1540.0,0.0,18985.0,4590.0,9545.0,20115.0,456980908.2483781,415020780.2363299,2555087589.7515616,2320478658.8031826,43,1.0,3184.5348837209303,3184.5348837209303,3184.5348837209303,0.0335195530726257,14.346254583551598,3337.21041551377,3030.7867253538534,18659.127248340905,16945.840426502957
LT,2015,43,43,122910.0,120475.0,2435.0,2858.3720930232557,1520.0,0.0,18915.0,3925.0,6895.0,14785.0,503695720.0,404603610.0,812303707.7294489,652499117.0536847,43,1.0,2858.3720930232557,2858.3720930232557,2858.3720930232557,0.03193393539988609,17.825960841189268,4098.085753803596,3291.8689284842567,6608.930987954185,5308.755325471358
LT,2016,43,43,116845.0,114430.0,2415.0,2717.3255813953488,1385.0,0.0,18625.0,4355.0,6780.0,14115.0,398372990.0,374958220.0,631166914.0911547,594069448.9114643,43,1.0,2717.3255813953488,2717.3255813953488,2717.3255813953488,0.03727159912704865,17.23377581120944,3409.414095596731,3209.022380076169,5401.7451674539325,5084.252205156098
LT,2017,41,41,98805.0,96765.0,2040.0,2409.878048780488,1180.0,0.0,18235.0,5040.0,7230.0,14700.0,367281380.0,337268510.0,569835774.0959042,523270911.4576465,41,1.0,2409.878048780488,2409.878048780488,2409.878048780488,0.05100956429330499,13.66597510373444,3717.2347553261475,3413.476139871464,5767.276697494097,5295.996270003001
LT,2018,38,38,90680.0,88715.0,1965.0,2386.315789473684,1200.0,0.0,18570.0,4995.0,6630.0,13660.0,410037330.0,366527240.0,622588380.5217423,556523965.1928861,38,1.0,2386.315789473684,2386.315789473684,2386.315789473684,0.055083811204234674,13.677224736048265,4521.805580061756,4041.985443317159,6865.773936058032,6137.2294352987
LT,2019,36,36,85865.0,84015.0,1850.0,2385.1388888888887,1160.0,0.0,18895.0,5455.0,6390.0,13085.0,432945730.0,391987750.0,652086607.3539889,590397235.2881817,36,1.0,2385.1388888888887,2385.1388888888887,2385.1388888888887,0.0635299598206487,13.437402190923319,5042.1677051185,4565.163337797706,7594.323733232271,6875.8776601430345
LT,2020,36,36,65680.0,64430.0,1250.0,1824.4444444444443,932.5,0.0,18320.0,3670.0,4460.0,9165.0,323983760.0,269806170.0,477486643.7048925,397639815.5394323,36,1.0,1824.4444444444443,1824.4444444444443,1824.4444444444443,0.05587697929354446,14.72645739910314,4932.761266747869,4107.88931181486,7269.894088076926,6054.199383974304
LT,2021,35,35,70330.0,69110.0,1220.0,2009.4285714285713,915.0,0.0,22635.0,4545.0,4310.0,9270.0,300493820.0,261690100.0,435676980.55869293,379416630.2990936,35,1.0,2009.4285714285713,2009.4285714285713,2009.4285714285713,0.06462391582539456,16.317865429234338,4272.626475188397,3720.88866770937,6194.75302941409,5394.804923917156
LT,2022,35,35,69655.0,68460.0,1195.0,1990.142857142857,1085.0,0.0,7860.0,7505.0,5470.0,6965.0,465784570.0,390787270.0,614807031.576891,515815200.6768644,35,1.0,1990.142857142857,1990.142857142857,1990.142857142857,0.10774531620127772,12.734003656307129,6687.022755006819,5610.326179025195,8826.45942971633,7405.286062405633
LT,2023,34,34,69260.0,68110.0,1150.0,2037.0588235294117,1217.5,0.0,7855.0,8050.0,5695.0,10120.0,477693905.0,460400492.0,607821111.0149736,585816849.7236332,34,1.0,2037.0588235294117,2037.0588235294117,2037.0588235294117,0.11622870343632688,12.161545215100967,6897.110958706324,6647.4226393300605,8775.932876335166,8458.227688761668
LU,2014,1,1,5085.0,4515.0,570.0,5085.0,5085.0,5085.0,5085.0,0.0,1090.0,1445.0,175773048.03,168255265.92,142494810.08317524,136400332.31188285,1,1.0,5085.0,5085.0,5085.0,0.0,4.665137614678899,34566.97109734514,33088.54787020649,28022.578187448424,26824.05748512937
LU,2015,2,2,5055.0,4450.0,605.0,2527.5,2527.5,0.0,5055.0,0.0,1135.0,1540.0,200394543.50999996,186567545.39,163503295.04826087,152221751.58081967,2,1.0,2527.5,2527.5,2527.5,0.0,4.453744493392071,39642.837489614234,36907.52628882295,32344.8654892702,30113.106148530103
LU,2016,2,2,5140.0,4535.0,605.0,2570.0,2570.0,0.0,5140.0,0.0,1175.0,1660.0,221373464.66,188066873.46,180511154.5944535,153352473.93527237,2,1.0,2570.0,2570.0,2570.0,0.0,4.374468085106383,43068.76744357977,36588.88588715954,35118.901672072665,29835.111660558825
LU,2017,3,3,6244.0,5553.0,691.0,3122.0,3122.0,0.0,6244.0,3309.0,1224.3,1741.4499999999998,230345989.83,207648427.37000167,186510440.90426955,168132294.25196284,2,0.6666666666666666,3122.0,2081.3333333333335,2081.3333333333335,0.5299487508007688,5.100057175528874,36890.77351537476,33255.6738260733,29870.34607691697,26927.01701665004
LU,2018,3,3,6283.0,5464.0,819.0,3141.5,3141.5,0.0,6283.0,3421.0,1201.55,1788.88,249943671.14,215145742.3300025,199672201.0752774,171873221.38252434,2,0.6666666666666666,3141.5,2094.3333333333335,2094.3333333333335,0.5444851185739297,5.2290791061545505,39780.94399809008,34242.518276301525,31779.7550652996,27355.279545205212
LU,2019,3,3,6615.0,5717.0,898.0,3307.5,3307.5,0.0,6615.0,3536.0,1291.65,1932.25,276124133.73,233620241.90999112,216518700.63279724,183189895.56100267,2,0.6666666666666666,3307.5,2205.0,2205.0,0.5345427059712774,5.121356404598768,41742.12150113379,35316.74102947712,32731.474018563455,27693.105904913482
LU,2020,3,3,6785.0,5853.0,932.0,3392.5,3392.5,0.0,6785.0,3679.0,1370.25,2109.25,297311807.91,244316251.799985,226600973.9796502,186209558.9344804,2,0.6666666666666666,3392.5,2261.6666666666665,2261.6666666666665,0.5422254974207812,4.95165115854771,43818.98421665439,36008.29061164112,33397.34325418573,27444.297558508533
LU,2021,3,3,6859.0,5830.0,1029.0,3429.5,3429.5,0.0,6859.0,3777.0,1487.4,2271.875,320645733.4599999,263503347.96999305,245147620.70995504,201459779.63561323,2,0.6666666666666666,3429.5,2286.3333333333335,2286.3333333333335,0.5506633620061233,4.611402447223343,46748.17516547601,38417.16692958056,35741.01482868567,29371.59638950477
LU,2022,3,3,7132.0,6122.0,1010.0,3566.0,3566.0,0.0,7132.0,4099.0,1511.25,2319.65,327355992.65,291959506.65,252706494.24888065,225381740.50486332,2,0.6666666666666666,3566.0,2377.3333333333335,2377.3333333333335,0.5747335950644981,4.719272125723738,45899.60637268648,40936.55449383062,35432.76700068433,31601.47791711488
LU,2023,3,3,7535.0,6478.0,1057.0,3767.5,3767.5,0.0,7535.0,4253.0,1576.8,2413.25,354648640.64,319627302.79,274338722.8986494,247247940.64545077,2,0.6666666666666666,3767.5,2511.6666666666665,2511.6666666666665,0.5644326476443264,4.7786656519533235,47066.84016456536,42419.01828666225,36408.58963485725,32813.26352295299
LV,2014,45,45,83065.0,80860.0,2205.0,1887.840909090909,852.5,210.0,14455.0,,,,217157918.0,204845420.0,312822921.168329,295086374.2963001,44,0.9777777777777777,1887.840909090909,1845.888888888889,1845.888888888889,,,2614.3131041955094,2466.085836393186,3766.001579104665,3552.4754625449964
LV,2015,44,44,81750.0,79445.0,2305.0,1901.1627906976744,825.0,140.0,14795.0,,,,228655001.0,221928194.0,330425824.5291554,320705019.2124,43,0.9772727272727273,1901.1627906976744,1857.9545454545455,1857.9545454545455,,,2797.0030703363914,2714.7179694189604,4041.906110448384,3922.997176910092
LV,2016,44,44,80510.0,78215.0,2295.0,1872.3255813953488,790.0,110.0,15000.0,,,,211529805.0,207105979.0,303257233.4221234,296915066.9652457,43,0.9772727272727273,1872.3255813953488,1829.7727272727273,1829.7727272727273,,,2627.3730592472984,2572.4255247795304,3766.702688139652,3687.927797357418
LV,2017,42,42,79343.0,77147.0,2196.0,1935.1951219512196,768.0,108.0,15500.0,,,,286269697.0,230822077.0,405814545.9442601,327212266.4511921,41,0.9761904761904762,1935.1951219512196,1889.1190476190477,1889.1190476190477,,,3608.001928336463,2909.1675005986667,5114.686184594231,4124.021860166518
LV,2018,41,41,77957.0,75831.0,2126.0,1901.3902439024391,742.0,0.0,15200.0,,,,360980788.0,259523193.0,499649518.0409374,359217561.1930217,41,1.0,1901.3902439024391,1901.3902439024391,1901.3902439024391,,,4630.511538412202,3329.055671716459,6409.296381863558,4607.893597663093
LV,2019,41,41,77048.0,74996.0,2052.0,1926.2,703.0,149.0,15250.0,,,,382127015.0,292001194.0,517983106.07939863,395815211.9839344,40,0.975609756097561,1926.2,1879.219512195122,1879.219512195122,,,4959.5968097809155,3789.860788080158,6722.862450412712,5137.2548539084
LV,2020,41,41,76233.0,74194.0,2039.0,1905.825,668.5,150.0,15260.0,0.0,,,387595795.0,306901280.0,527189874.74344105,417432927.4181153,40,0.975609756097561,1905.825,1859.341463414634,1859.341463414634,0.0,,5084.35710256713,4025.832382301628,6915.507388446487,5475.751018825382
LV,2021,41,41,75019.0,72987.0,2032.0,1875.475,660.0,162.0,15590.0,,5039.0,5039.0,403341443.0,309841953.0,554355695.4092026,425849250.81021345,40,0.975609756097561,1875.475,1829.7317073170732,1829.7317073170732,,14.887676126215519,5376.523853956997,4130.1797278022905,7389.537256017843,5676.551950975266
LV,2022,40,40,73040.0,69763.0,3277.0,1872.820512820513,648.0,221.0,15250.0,,,,433062671.0,375083031.0,564490072.0174667,488914564.47355556,39,0.975,1872.820512820513,1826.0,1826.0,,,5929.1165251916755,5135.309843921139,7728.505914806498,6693.791956100158
LV,2023,42,42,57518.0,54445.0,3073.0,1554.5405405405406,413.0,0.0,15075.0,,,,453210405.0,393846966.0,576643185.4096845,501111992.4269606,37,0.8809523809523809,1554.5405405405406,1369.4761904761904,1369.4761904761904,,,7879.453475433777,6847.368927987761,10025.438739345675,8712.263855262016
ME,2014,10,10,,,,,,,,,,,,,,,0,0.0,,,,,,,,,
ME,2015,10,10,,,,,,,,,,,,,,,0,0.0,,,,,,,,,
ME,2016,10,10,,,,,,,,,,,,,,,0,0.0,,,,,,,,,
ME,2022,7,7,7591.0,7489.0,102.0,1518.2,135.0,0.0,6438.0,107.0,,,38191094.18,21770857.0,69373142.30078273,39546202.93287945,5,0.7142857142857143,1518.2,1084.4285714285713,1084.4285714285713,0.014095639573178765,,5031.101854828086,2867.982742721644,9138.86738252967,5209.617037660315
MK,2014,13,13,55283.0,54899.0,384.0,5528.3,2423.5,0.0,27193.0,1816.0,,,,,,,10,0.7692307692307693,5528.3,4252.538461538462,4252.538461538462,0.032849157968995894,,,,,
MK,2015,14,14,49635.0,49635.0,,5515.0,1985.0,513.0,28929.0,,,,,,,,9,0.6428571428571429,5515.0,3545.3571428571427,3545.3571428571427,,,,,,
MK,2016,16,16,48822.0,48822.0,,3254.8,708.0,129.0,25250.0,,,,,,,,15,0.9375,3254.8,3051.375,3051.375,,,,,,
MK,2017,17,17,57657.0,57264.0,393.0,3391.5882352941176,731.0,0.0,26830.0,2990.0,3698.5,,,,,,17,1.0,3391.5882352941176,3391.5882352941176,3391.5882352941176,0.05185840400992074,15.589292956604028,,,,
MK,2018,17,17,54460.0,54031.0,429.0,3203.529411764706,547.0,0.0,26369.0,2842.0,3858.0,,,,,,17,1.0,3203.529411764706,3203.529411764706,3203.529411764706,0.05218508997429306,14.116122343182996,,,,
MK,2019,17,17,55290.0,54837.0,453.0,3252.3529411764707,724.0,0.0,25154.0,3629.0,3952.0,,,,,,17,1.0,3252.3529411764707,3252.3529411764707,3252.3529411764707,0.06563573883161512,13.990384615384615,,,,
MT,2014,2,2,12805.0,12690.0,115.0,6402.5,6402.5,1755.0,11050.0,730.0,1195.0,2075.0,80185172.17959183,78121112.6367347,98016416.72698094,95493360.22161025,2,1.0,6402.5,6402.5,6402.5,0.057008980866848885,10.715481171548117,6262.02047478265,6100.828788499391,7654.542501130882,7457.50567915738
MT,2015,2,2,12910.0,12780.0,130.0,6455.0,6455.0,1930.0,10980.0,895.0,1240.0,2140.0,86233068.14546192,82997903.02269043,103391757.4240409,99512857.89287643,2,1.0,6455.0,6455.0,6455.0,0.06932610379550735,10.411290322580646,6679.556014365757,6428.962279062001,8008.65665561897,7708.199681864944
MT,2016,2,2,13335.0,13185.0,150.0,6667.5,6667.5,2310.0,11025.0,975.0,1265.0,2130.0,86624945.77771474,86088486.41790923,103210944.57013552,102571769.82951178,2,1.0,6667.5,6667.5,6667.5,0.07311586051743532,10.541501976284586,6496.0589259628605,6455.829502655361,7739.853361090028,7691.921247057501
MT,2017,4,4,13340.0,13193.0,147.0,3335.0,1207.5,0.0,10925.0,1068.0,1345.0,2455.0,99879607.08487298,94243793.37463534,116988879.78709647,110387657.05612202,4,1.0,3335.0,3335.0,3335.0,0.0800599700149925,9.9182156133829,7487.22691790652,7064.752127034133,8769.781093485493,8274.936810803749
MT,2018,4,4,13898.49,13735.14,163.35000000000002,3474.6225,1410.7200000000003,113.47,10963.58,1214.29,1401.0,2525.0,111005797.92444618,107340829.16031383,128301330.47823405,124065332.2025458,4,1.0,3474.6225,3474.6225,3474.6225,0.08736848391443962,9.920406852248394,7986.896268907355,7723.2008052899155,9231.314371434168,8926.533184723363
MT,2019,4,4,13827.953796203794,13651.587129537127,176.36666666666665,3456.9884490509485,1516.4714299589302,185.43333333333337,10609.5776029526,1457.2608974358977,1458.0,2747.0,119275838.50601251,117342426.10533911,137657046.23237538,135425681.99667287,4,1.0,3456.9884490509485,3456.9884490509485,3456.9884490509485,0.10538514366716799,9.48419327585994,8625.704154345487,8485.885029320338,9954.98309158124,9793.616900415986
MT,2020,7,7,15787.4,15238.4,549.0,2255.3428571428567,471.6,293.1,11043.8,2125.7,1465.0,2792.0,129727043.39999999,119264505.73667404,148638123.17320353,136650399.40221897,7,1.0,2255.342857142857,2255.342857142857,2255.342857142857,0.13464535008931172,10.776382252559726,8217.125264451397,7554.4108426133525,9414.984302241251,8655.662072426047
MT,2021,8,8,15462.599999999999,15131.7,330.9,1932.825,514.85,213.1,10240.1,2839.2999999999997,1636.0,3042.0,146326468.230235,105566214.19569099,164743655.73592082,118853166.2052776,8,1.0,1932.8249999999998,1932.8249999999998,1932.8249999999998,0.18362371140687853,9.451466992665036,9463.251214558679,6827.196861827312,10654.330819908737,7686.492970475704
MT,2022,11,11,17015.0,16380.0,635.0,1546.8181818181818,525.0,185.0,10415.0,4015.0,1685.0,3110.0,171899213.79312623,119577870.84584467,189976629.9971334,132153023.99733506,11,1.0,1546.8181818181818,1546.8181818181818,1546.8181818181818,0.2359682632970908,10.09792284866469,10102.80421940207,7027.791410275913,11165.24419612891,7766.854187325011
MT,2023,13,13,17595.0,17060.0,535.0,1353.4615384615386,480.0,175.0,10040.0,5420.0,1695.0,3225.0,185467411.18991318,139810340.73113436,205342285.67844415,154792557.58746776,13,1.0,1353.4615384615386,1353.4615384615386,1353.4615384615386,0.3080420574026712,10.380530973451327,10540.915668650934,7946.026753687659,11670.490802980628,8797.530979679896
NL,2014,56,56,709445.0,700380.0,9065.0,12668.660714285714,8432.5,15.0,48020.0,,37425.0,77625.0,10420825499.0,9421107521.0,9234881957.958914,8348937027.879689,56,1.0,12668.660714285714,12668.660714285714,12668.660714285714,,18.9564462257849,14688.70102544947,13279.546012728259,13017.051297787586,11768.265373467555
NL,2015,56,56,719535.0,710505.0,9030.0,12848.839285714286,8597.5,40.0,46335.0,,38790.0,79375.0,10736820520.0,9906192047.0,9531216894.956902,8793857066.640629,56,1.0,12848.839285714286,12848.839285714286,12848.839285714286,,18.549497293116783,14921.88777474341,13767.491570250231,13246.356181362828,12221.583476329337
NL,2016,56,56,729795.0,720570.0,9225.0,13032.05357142857,8852.5,30.0,45720.0,,39985.0,81270.0,10953034307.0,10181434329.0,9565049913.98206,8891228204.277319,56,1.0,13032.05357142857,13032.05357142857,13032.05357142857,,18.25171939477304,15008.37126453319,13951.088085010175,13106.488690635122,12183.185969042428
NL,2017,58,58,742646.0,733248.0,9398.0,12804.241379310344,6080.0,0.0,46066.0,74286.0,40332.41,81071.08,11253693062.0,10436112631.0,9882930589.268465,9164936006.849916,58,1.0,12804.241379310344,12804.241379310344,12804.241379310344,0.1000288158826682,18.413132267573395,15153.509292448893,14052.607340509476,13307.727489636334,12340.921524992953
NL,2018,57,57,757339.0,747843.0,9496.0,13286.649122807017,4762.0,0.0,44892.0,85050.0,40880.0,83768.5,11801083537.0,10832597308.0,10302843967.278376,9457314616.472559,57,1.0,13286.649122807017,13286.649122807017,13286.649122807017,0.11230109633862775,18.525905088062622,15582.300049251393,14303.498575934951,13604.005560625263,12487.557905340354
NL,2019,57,57,777452.0,767635.0,9817.0,13639.508771929824,4848.0,0.0,45331.0,94583.0,42373.18,86771.92,12259938455.0,11351324345.0,10391451551.521008,9621315588.950762,57,1.0,13639.508771929824,13639.508771929824,13639.508771929824,0.12165767147039303,18.347737885143385,15769.383132334859,14600.675469353735,13366.036168819435,12375.446444218758
NL,2020,57,57,829164.0,818647.0,10517.0,14546.736842105263,5152.0,0.0,48213.0,104017.0,44472.69,91015.31,12601582274.0,11741917034.0,10764694760.13121,10030339843.162718,57,1.0,14546.736842105263,14546.736842105263,14546.736842105263,0.12544804164194298,18.644341055150925,15197.937047435731,14161.15151405512,12982.588197426818,12096.931177864351
NL,2021,57,57,845711.0,834535.0,11176.0,14837.035087719298,5162.0,0.0,48212.0,115201.0,47154.53,96809.45000000001,13935528713.0,12647917887.0,11987551581.075268,10879929365.16129,57,1.0,14837.035087719298,14837.035087719298,14837.035087719298,0.13621792787370626,17.934883456584128,16477.885132155076,14955.366415950602,14174.524844864578,12864.831325548905
NL,2022,57,57,831025.0,819380.0,11645.0,14579.38596491228,5045.0,0.0,46460.0,122390.0,49095.0,101545.0,14884302539.0,13877689835.0,12868236004.21901,11997968162.915955,57,1.0,14579.38596491228,14579.38596491228,14579.38596491228,0.14727595439367047,16.926876463998372,17910.77589603201,16699.485376492885,15484.776034678871,14437.55381957938
NL,2023,57,57,803050.0,803050.0,0.0,14088.59649122807,4965.0,0.0,44245.0,128340.0,50190.0,104760.0,15965136740.0,15303116546.0,13647515634.884,13081599345.198404,57,1.0,14088.59649122807,14088.59649122807,14088.59649122807,0.15981570263370898,16.000199242877066,19880.62603822925,19056.24375319096,16994.60262111201,16289.89396077256
NO,2014,48,48,261530.0,251945.0,9585.0,5448.541666666667,2700.0,0.0,30185.0,22295.0,19975.0,34535.0,4803857282.629512,4536604914.416355,3100249148.873714,2927773390.6776257,48,1.0,5448.541666666667,5448.541666666667,5448.541666666667,0.08524834627002638,13.092866082603255,18368.283878061837,17346.403527000173,11854.277325254136,11194.78985461563
NO,2015,48,48,273075.0,263210.0,9865.0,5810.106382978724,3210.0,160.0,30865.0,24200.0,20850.0,35570.0,4746811494.256727,4431563362.608385,3075335110.4692407,2871094084.9006066,47,0.9791666666666666,5810.106382978724,5689.0625,5689.0625,0.08862034239677745,13.097122302158274,17382.81239314008,16228.37448542849,11261.869854322955,10513.939704845214
NO,2016,37,37,279810.0,269520.0,10290.0,7562.4324324324325,3525.0,0.0,42020.0,12740.0,21790.0,36855.0,4730347656.920974,4475074651.045142,3040084666.0849056,2876026629.1046686,37,1.0,7562.4324324324325,7562.4324324324325,7562.4324324324325,0.04553089596511919,12.841211564938044,16905.5704117829,15993.262038687475,10864.81779094709,10278.498370696789
NO,2017,32,32,286710.0,276005.0,10705.0,8959.6875,3959.5,0.0,43340.0,24708.0,17327.020000000004,37768.5,4948703411.690795,4634299687.755978,3251744118.866597,3045152538.162937,32,1.0,8959.6875,8959.6875,8959.6875,0.08617767081720205,16.546988460797063,17260.309761399305,16163.7183487007,11341.579013172184,10621.019630159175
NO,2018,33,33,292001.0,280692.0,11309.0,8848.515151515152,4111.0,0.0,44394.0,23933.0,17893.52,38712.78,4956741421.106543,4702737522.713308,3366069652.305617,3193578343.739855,33,1.0,8848.515151515152,8848.515151515152,8848.515151515152,0.08196204807517782,16.31881262043466,16975.083719256243,16105.210333914296,11527.5963174976,10936.874681045116
NO,2019,33,33,295174.0,283814.0,11360.0,8944.666666666666,4515.0,0.0,45304.0,23425.0,18390.370000000003,39841.450000000004,5022416599.925544,4826942479.715972,3393950264.616508,3261856594.405878,33,1.0,8944.666666666666,8944.666666666666,8944.666666666666,0.07935997072912926,16.05046554256385,17015.104988669544,16352.871457906089,11498.134200900175,11050.623003400971
NO,2020,34,34,308374.0,296802.0,11572.0,9069.823529411764,4245.0,0.0,45831.0,17365.0,25045.000000000004,40677.65000000001,4796378495.940422,4389206617.205393,3426559844.915182,3135673958.6505785,34,1.0,9069.823529411764,9069.823529411764,9069.823529411764,0.05631149188971833,12.312796965462166,15553.77073274797,14233.387436052952,11111.701521254003,10168.412248278319
NO,2021,34,34,252819.0,240873.0,11946.0,7435.85294117647,3165.5,0.0,41247.0,13656.0,26122.6,42305.439999999995,5412181601.959003,4943239637.405173,3905179532.9307823,3566812734.3286963,34,1.0,7435.85294117647,7435.85294117647,7435.85294117647,0.05401492767553072,9.67817139182164,21407.3372727485,19552.484731785084,15446.542913826817,14108.167243477335
NO,2022,34,34,258520.0,246124.0,12396.0,7603.529411764706,3171.0,0.0,39509.0,19368.0,26835.560000000005,43335.46000000001,5709302252.6874275,5453681523.370221,4253253566.3036184,4062824030.35152,34,1.0,7603.529411764706,7603.529411764706,7603.529411764706,0.07491876837382021,9.633486314427572,22084.56696846444,21095.781848097715,16452.319225992644,15715.704898466347
NO,2023,34,34,315981.0,303516.0,12465.0,9293.558823529413,4286.5,0.0,46952.0,28273.0,26672.279999999995,43185.549999999996,5278841494.144318,4975351953.644703,4224019688.0681906,3981173640.1966696,34,1.0,9293.558823529413,9293.558823529413,9293.558823529413,0.08947689892746716,11.846793749915644,16706.199088376572,15745.731400447188,13367.954681035222,12599.408319477025
PL,2014,282,282,1577925.0,1537545.0,40380.0,5595.478723404255,2067.5,0.0,52135.0,46670.0,93750.0,170325.0,3952046985.1588078,3442715794.7565894,6707206356.545756,5842796239.28712,282,1.0,5595.478723404255,5595.478723404255,5595.478723404255,0.02957681765609899,16.8312,2504.584809264577,2181.7993851143683,4250.6496547971265,3702.835204009772
PL,2015,281,281,1529680.0,1489005.0,40675.0,5443.701067615659,1935.0,0.0,51455.0,58060.0,93990.0,169775.0,4173145312.0145307,3858490714.8490715,7112771115.257082,6576469126.548969,281,1.0,5443.701067615659,5443.701067615659,5443.701067615659,0.0379556508550808,16.27492286413448,2728.11654203136,2522.4169204337322,4649.84252605583,4299.245022847242
PL,2016,274,274,1479515.0,1438830.0,40685.0,5399.689781021898,2032.5,0.0,50800.0,66420.0,93920.0,169410.0,3439961266.960029,,6016788130.972997,,274,1.0,5399.689781021898,5399.689781021898,5399.689781021898,0.04489308996529268,15.752928023850085,2325.060081824131,,4066.7300642257746,
PL,2017,248,248,1242160.0,1203290.0,38870.0,5008.709677419355,1952.5,0.0,44690.0,65055.0,93130.0,,4954296241.484614,4793975217.289169,8311830653.424765,8042859817.13565,248,1.0,5008.709677419355,5008.709677419355,5008.709677419355,0.05237248019578798,13.3379147428326,3988.452567692257,3859.386244355936,6691.433191718269,6474.898416577293
PL,2018,245,245,1207065.0,1170255.0,36810.0,4926.7959183673465,2000.0,0.0,43505.0,72735.0,91390.0,,5163268004.2238655,5029251554.6169195,8534054198.7131,8312546493.994082,245,1.0,4926.7959183673465,4926.7959183673465,4926.7959183673465,0.0602577325993215,13.207845497319182,4277.539324082684,4166.512619135606,7070.086696833311,6886.57735415581
PL,2019,243,243,1173915.0,1142485.0,31430.0,4830.925925925926,1990.0,0.0,41815.0,75215.0,91745.0,,5872486969.471334,5472005049.32986,9663580459.638079,9004559966.610764,243,1.0,4830.925925925926,4830.925925925926,4830.925925925926,0.06407193025048662,12.795411194070521,5002.4805624524215,4661.329865731215,8231.92519018675,7670.538298437931
PL,2020,239,239,1272365.0,1243585.0,28780.0,5323.702928870292,2475.0,0.0,42755.0,80615.0,91655.0,,5501298401.980645,5309534661.264911,9194664580.127977,8874157829.598503,239,1.0,5323.702928870292,5323.702928870292,5323.702928870292,0.06335839165648222,13.882112268834215,4323.679448885065,4172.965038542329,7226.436266423532,6974.537832774796
PL,2021,239,239,1291930.0,1266250.0,25680.0,5405.564853556485,2595.0,0.0,42010.0,82780.0,92145.0,,5452813107.859459,5250965565.583108,9059181902.876442,8723836904.623268,239,1.0,5405.564853556485,5405.564853556485,5405.564853556485,0.06407467896867478,14.020619675511423,4220.672256128009,4064.4350433716286,7012.130613018076,6752.561597472981
PL,2022,265,265,1329410.0,1306830.0,22580.0,5016.641509433963,2235.0,0.0,40880.0,108095.0,93170.0,,5610289686.519708,5449966283.263268,9015008281.069443,8757389354.282326,265,1.0,5016.641509433963,5016.641509433963,5016.641509433963,0.08131050616438872,14.268648706665235,4220.13501216307,4099.537601840868,6781.209920994609,6587.425515290486
PT,2014,91,91,333960.0,314655.0,19305.0,3669.8901098901097,1210.0,0.0,45735.0,21280.0,24335.0,37995.0,1753667381.3899999,1645654679.9399998,2171380117.3188643,2037639457.69587,91,1.0,3669.8901098901097,3669.8901098901097,3669.8901098901097,0.06372020601269614,13.723443599753441,5251.130019732902,4927.699963887891,6501.916748469471,6101.4476515027845
PT,2015,90,90,338705.0,319665.0,19040.0,3763.3888888888887,1272.5,80.0,47265.0,24335.0,25910.0,39825.0,1763884905.3,1605965043.7199998,2168207995.9730654,1974089260.9173446,90,1.0,3763.3888888888887,3763.3888888888887,3763.3888888888887,0.07184718265156995,13.07236588189888,5207.732112900607,4741.486082933526,6401.464389285855,5828.344018887659
PT,2016,96,96,344925.0,325350.0,19575.0,3592.96875,860.0,0.0,47535.0,27440.0,26950.0,40685.0,1787361143.52,1652902869.0,2172824567.4314795,2009368937.1965406,96,1.0,3592.96875,3592.96875,3592.96875,0.0795535261288686,12.7987012987013,5181.883434137856,4792.064561861274,6299.411661756844,5825.524207281411
PT,2017,90,90,353454.0,333215.0,20239.0,3927.266666666667,1325.5,109.0,47989.0,33196.0,23799.530038588116,37599.96003858811,1787240232.9500003,1716794526.1,2132429369.5801578,2048377717.4976497,90,1.0,3927.266666666667,3927.266666666667,3927.266666666667,0.09391886921636196,14.851301661289792,5056.500231854782,4857.19365490276,6033.1170946718885,5795.31627170056
PT,2018,90,90,365040.0,344169.0,20871.0,4056.0,1412.5,128.0,49382.0,40728.0,24167.71851364678,38156.90851364679,1893514079.21,1782002805.89,2247894674.6720486,2115513510.8802752,90,1.0,4056.0,4056.0,4056.0,0.11157133464825772,15.104446031754009,5187.141352207977,4881.664491261232,6157.940704229806,5795.2923265403115
PT,2019,89,89,377613.0,356007.0,21606.0,4242.842696629214,1478.0,126.0,47818.0,48179.0,24917.07256407542,42061.69256407543,1967123759.64,1874010478.1800003,2323250124.764973,2213279696.260358,89,1.0,4242.842696629214,4242.842696629214,4242.842696629214,0.1275882980723651,15.154789914784349,5209.3645071541505,4962.7806197879845,6152.4633017533115,5861.238083064825
PT,2020,92,92,402161.0,378679.0,23482.0,4371.315217391304,1476.0,203.0,49266.0,50572.0,25431.948370966125,43057.56587096613,2054959952.31,1881904466.9799998,2418416515.117457,2214753060.1273603,92,1.0,4371.315217391304,4371.315217391304,4371.315217391304,0.12575063220948823,15.813220211594919,5109.7942175148755,4679.480275262892,6013.553067347299,5507.130378448831
PT,2021,93,93,416338.0,391912.0,24426.0,4476.752688172043,1499.0,149.0,47734.0,54065.0,26353.885274151005,44384.67027415101,2121727249.1900005,1928292381.11,2504118694.4216595,2275821739.901687,93,1.0,4476.752688172043,4476.752688172043,4476.752688172043,0.12985843233142302,15.797974214009415,5096.165253207731,4631.555085315296,6014.629206129778,5466.283980567921
PT,2022,94,94,427826.0,402790.0,25036.0,4551.340425531915,1326.5,196.0,47178.0,60916.0,27096.082840461997,52554.136040462,2306685373.7799997,2052251099.62,2755922844.877848,2451936338.244571,94,1.0,4551.340425531915,4551.340425531915,4551.340425531915,0.14238498828963175,15.78921951630354,5391.643737827995,4796.929358243772,6441.69088572889,5731.153174993037
PT,2023,94,94,429885.0,404117.0,25768.0,4573.244680851064,1385.0,211.0,47466.0,59618.0,27522.05579831918,53168.24769831918,2572433198.44,2244948117.2400002,3130928164.4069033,2732343561.792556,94,1.0,4573.244680851064,4573.244680851064,4573.244680851064,0.13868360142828895,15.61965440191622,5984.003160007909,5222.206211521687,7283.176115488801,6355.987210050492
RO,2014,96,96,441210.0,425010.0,16200.0,4595.9375,0.0,0.0,34905.0,,,,386883534.44201905,,756730958.197432,,96,1.0,4595.9375,4595.9375,4595.9375,,,876.8693693298408,,1715.1264889676845,
RO,2015,96,96,449450.0,432860.0,16590.0,8812.745098039215,5855.0,250.0,37830.0,10000.0,8400.0,15010.0,693555525.711972,389663505.19638276,1333153915.404772,749012023.384328,51,0.53125,8812.745098039215,4681.770833333333,4681.770833333333,0.02224941595283124,53.50595238095238,1543.1205377950205,866.9785408752537,2966.189599298636,1666.5080061949673
RO,2016,94,94,461580.0,443190.0,18390.0,9050.588235294117,5630.0,260.0,39005.0,13530.0,8920.0,15820.0,780635639.8093711,380376339.5243185,1524801547.261734,742982258.9064337,51,0.5425531914893617,9050.588235294117,4910.425531914893,4910.425531914893,0.02931236188743013,51.74663677130045,1691.2250093361306,824.0745689248203,3303.4393761899,1609.6500257949515
RO,2017,94,94,470635.0,450961.0,19674.0,8879.905660377359,5251.0,86.0,41112.0,14657.0,9162.02,16841.52,858563864.4720715,428082800.7354228,1669805368.773254,832570515.1672527,53,0.5638297872340425,8879.905660377359,5006.755319148936,5006.755319148936,0.031143030161377712,51.368038925913716,1824.2669254774328,909.5855614975997,3547.9838277502818,1769.0365467235813
RO,2018,93,93,460425.0,441954.0,18471.0,8854.326923076924,5384.0,278.0,38869.0,9411.0,8392.0,15429.0,956517672.3248817,462574483.88483024,1812458317.3529088,876509650.5478129,52,0.5591397849462365,8854.326923076924,4950.806451612903,4950.806451612903,0.020439811044143996,54.8647521448999,2077.4668454686034,1004.6684777864587,3936.4898025800267,1903.6969116529574
RO,2019,92,92,479799.0,457948.0,21851.0,9226.903846153846,5681.0,255.0,42468.0,12611.0,9460.0,16898.0,1210695803.6372833,598474025.8086948,2282842189.8158274,1128459974.4382417,52,0.5652173913043478,9226.903846153846,5215.20652173913,5215.20652173913,0.026283923059447812,50.718710359408036,2523.3395726904046,1247.3432120715024,4757.913605105112,2351.943156276361
RO,2020,90,90,474442.0,452051.0,22391.0,9682.489795918367,6003.0,0.0,45277.0,4121.0,2898.0,5197.0,1118633655.2094743,165068679.4948639,2141333718.6897879,315981132.5681594,49,0.5444444444444444,9682.489795918367,5271.577777777778,5271.577777777778,0.0086859932299417,163.7135955831608,2357.7880019253657,347.92172593249313,4513.373012275026,666.005818557715
RO,2021,90,90,466980.0,445656.0,21324.0,5246.966292134832,922.0,0.0,41520.0,0.0,,,1025666971.4517932,,1948551465.9049237,,89,0.9888888888888889,5246.966292134832,5188.666666666667,5188.666666666667,0.0,,2196.383081613331,,4172.665779915465,
RO,2022,91,91,520297.0,504959.0,15338.0,5717.549450549451,2929.0,0.0,39977.0,34068.0,,,,,,,91,1.0,5717.549450549451,5717.549450549451,5717.549450549451,0.06547798661149305,,,,,
RO,2023,90,90,525835.0,510670.0,15165.0,5842.611111111111,2315.0,0.0,39355.0,35875.0,47175.0,71495.0,,,,,90,1.0,5842.611111111111,5842.611111111111,5842.611111111111,0.06822482337615411,11.146475887652358,,,,
RS,2014,41,41,190380.0,181615.0,8765.0,12692.0,2755.0,400.0,84780.0,8590.0,11565.0,11565.0,,,,,15,0.36585365853658536,12692.0,4643.414634146341,4643.414634146341,0.045120285744300874,16.461738002594032,,,,
RS,2015,46,46,201360.0,191250.0,10110.0,11844.70588235294,2780.0,0.0,90675.0,9465.0,11700.0,,,,,,17,0.3695652173913043,11844.70588235294,4377.391304347826,4377.391304347826,0.04700536352800953,17.21025641025641,,,,
RS,2016,46,46,247960.0,236480.0,11480.0,5390.434782608696,1155.0,110.0,102055.0,11155.0,13400.0,,,,,,46,1.0,5390.434782608696,5390.434782608696,5390.434782608696,0.04498709469269237,18.5044776119403,,,,
RS,2017,46,46,242693.0,231176.0,11517.0,5275.934782608696,1103.5,109.0,100271.0,10837.0,13217.0,,,,,,46,1.0,5275.934782608696,5275.934782608696,5275.934782608696,0.044653121433251064,18.362185064689417,,,,
RS,2018,46,46,236432.0,225032.0,11400.0,5139.826086956522,1093.5,159.0,97696.0,10895.0,13462.0,,,,,,46,1.0,5139.826086956522,5139.826086956522,5139.826086956522,0.0460809027542803,17.562917842816816,,,,
RS,2019,47,47,226601.0,215450.0,11151.0,4821.297872340426,1062.0,0.0,95016.0,10737.0,13226.0,,,,,,47,1.0,4821.297872340426,4821.297872340426,4821.297872340426,0.04738284473590143,17.13299561469832,,,,
RS,2020,40,40,238287.0,226929.0,11358.0,5957.175,1638.5,0.0,94439.0,10630.0,14288.0,,,,,,40,1.0,5957.175,5957.175,5957.175,0.04461007104877732,16.677421612541995,,,,
RS,2021,40,40,238189.0,226462.0,11727.0,5954.725,1563.0,0.0,93451.0,12888.0,14179.0,,,,,,40,1.0,5954.725,5954.725,5954.725,0.054108292154549535,16.79871641159461,,,,
RS,2022,40,40,241405.0,229450.0,11955.0,6035.125,1535.0,0.0,91870.0,10950.0,14510.0,,,,,,40,1.0,6035.125,6035.125,6035.125,0.0453594581719517,16.637146795313576,,,,
RS,2023,41,41,242775.0,230790.0,11980.0,5921.341463414634,1450.0,0.0,90150.0,11175.0,14505.0,,,,,,41,1.0,5921.341463414634,5921.341463414634,5921.341463414634,0.046030274945937595,16.737331954498448,,,,
SE,2014,37,37,466780.0,445385.0,21395.0,12615.675675675675,10605.0,245.0,50030.0,31050.0,28775.0,50125.0,7182657800.736385,6831028191.460131,5367231603.153746,5104476839.684626,37,1.0,12615.675675675675,12615.675675675675,12615.675675675675,0.06651955953554137,16.221720243266724,15387.672566811743,14634.363493423305,11498.418105218188,10935.508890022335
SE,2015,37,37,462835.0,442125.0,20710.0,12509.054054054053,10845.0,210.0,46810.0,32560.0,28890.0,49970.0,7141297161.490352,6873625273.961618,5424272837.270491,5220958885.198509,37,1.0,12509.054054054053,12509.054054054053,12509.054054054053,0.07034904447589314,16.020595361716857,15429.466573380041,14851.135445594258,11719.668644917716,11280.38909157369
SE,2016,37,37,459945.0,439685.0,20260.0,12430.945945945947,10830.0,230.0,45865.0,33945.0,29155.0,50130.0,7296079058.813591,7007364530.198862,5439487512.597631,5224240520.2821865,37,1.0,12430.945945945947,12430.945945945947,12430.945945945947,0.07380230244920588,15.775853198422226,15862.938087844397,15235.222755326968,11826.386877991132,11358.402679194656
SE,2017,37,37,466595.99999999895,446538.99999999895,20057.0,12610.702702702674,10879.999999999993,252.0,44742.9999999999,36658.99999999994,29780.01,60186.01999999999,7342906145.239801,7046322715.903314,5489702196.66814,5267970545.558944,37,1.0,12610.702702702674,12610.702702702674,12610.702702702674,0.07856689727301568,15.66809413428669,15737.181941636487,15101.549768757832,11765.429186422843,11290.217973490891
SE,2018,37,37,479447.99999999884,459571.99999999884,19876.0,12958.054054054022,11124.999999999987,256.0,44717.9999999999,39692.99999999992,30576.459999999995,61014.61000000001,7192992308.667128,6902902625.19131,5643906791.393539,5416290930.785763,37,1.0,12958.054054054022,12958.054054054022,12958.054054054022,0.08278895730089607,15.680297850045392,15002.653694805578,14397.604380853245,11771.67657679989,11296.93090968317
SE,2019,37,37,522267.99999999884,502626.9999999989,19641.0,14115.35135135132,11337.999999999987,199.9999999999995,50927.9999999999,44311.999999999905,31422.82,62489.45,7205111765.872454,6992298590.05959,5780674096.860227,5609933704.085344,37,1.0,14115.35135135132,14115.35135135132,14115.35135135132,0.08484532845205911,16.62065976255469,13795.813195279952,13388.334322722445,11068.405678426094,10741.484647892186
SE,2020,37,37,574002.9999999985,554124.9999999985,19878.0,15513.594594594553,11869.99999999994,213.0,55423.9999999999,46335.99999999991,32078.15,63857.920000000006,7468918529.681063,7147057073.0962925,5930338280.954185,5674779553.199546,37,1.0,15513.594594594553,15513.594594594553,15513.594594594553,0.08072431677186362,17.893893506950945,13011.985180706517,12451.25386643678,10331.54579497703,9886.323857540048
SE,2021,37,37,557326.9999999987,537285.9999999987,20041.0,15062.891891891857,12410.999999999987,233.0,54612.9999999999,45785.999999999905,32176.719999999998,64564.73,8123044366.869823,7612628111.876019,6285976728.4769945,5890993695.537607,37,1.0,15062.891891891857,15062.891891891857,15062.891891891857,0.08215284743068255,17.320814551638538,14575.005996246085,13659.176949754876,11278.794546966159,10570.084879321512
SE,2022,38,38,555445.0,535490.0,19955.0,14616.973684210527,11675.0,230.0,52980.0,45730.0,32435.0,65095.0,7965110768.902168,7632467013.785123,6268254579.378437,6006475954.848216,38,1.0,14616.973684210527,14616.973684210527,14616.973684210527,0.08233038374636553,17.124865114845075,14340.053054581766,13741.175118661835,11285.103978572923,10813.808666651452
SE,2023,39,39,598370.0,578035.0,20335.0,15342.820512820514,12655.0,245.0,55295.0,49140.0,33190.0,65880.0,7702337621.127652,7480384282.672728,6484359480.84695,6297503839.701331,39,1.0,15342.820512820514,15342.820512820514,15342.820512820514,0.08212310109129803,18.028623079240734,12872.198842067035,12501.268918349395,10836.705518069004,10524.431104001422
SI,2014,48,48,74290.0,71570.0,2675.0,1547.7083333333333,95.0,0.0,43265.0,3475.0,,,,,,,48,1.0,1547.7083333333333,1547.7083333333333,1547.7083333333333,0.04677614752995019,,,,,
SI,2015,50,50,70210.0,67855.0,2355.0,1404.2,95.0,0.0,41165.0,3905.0,,,,,,,50,1.0,1404.2,1404.2,1404.2,0.055618857712576554,,,,,
SI,2016,52,52,68980.0,66405.0,2575.0,1326.5384615384614,97.5,0.0,40285.0,4575.0,5560.0,8465.0,,,,,52,1.0,1326.5384615384614,1326.5384615384614,1326.5384615384614,0.06632357204986952,12.406474820143885,,,,
SI,2017,53,53,66989.0,64160.0,2829.0,1263.9433962264152,90.0,0.0,39278.0,,,,,,,,53,1.0,1263.9433962264152,1263.9433962264152,1263.9433962264152,,,,,,
SI,2018,53,53,66217.0,63134.0,3083.0,1249.377358490566,104.0,0.0,38503.0,,,,,,,,53,1.0,1249.377358490566,1249.377358490566,1249.377358490566,,,,,,
SI,2019,52,52,66798.0,63493.0,3305.0,1284.576923076923,115.5,0.0,38235.0,,,,,,,,52,1.0,1284.576923076923,1284.576923076923,1284.576923076923,,,,,,
SI,2020,46,46,72494.0,68991.0,3503.0,1575.9565217391305,130.0,6.0,41210.0,,,,,,,,46,1.0,1575.9565217391305,1575.9565217391305,1575.9565217391305,,,,,,
SI,2021,46,46,71439.0,67982.0,3457.0,1553.0217391304348,125.5,0.0,39904.0,,,,,,,,46,1.0,1553.0217391304348,1553.0217391304348,1553.0217391304348,,,,,,
SI,2022,46,46,69880.0,66425.0,3455.0,1519.1304347826087,120.0,0.0,38280.0,,,,,,,,46,1.0,1519.1304347826087,1519.1304347826087,1519.1304347826087,,,,,,
SK,2014,32,32,179095.0,170020.0,9075.0,5596.71875,3667.5,360.0,26625.0,10830.0,11785.0,21780.0,792866355.0,702051131.0,1170735184.6765833,1036638716.3744503,32,1.0,5596.71875,5596.71875,5596.71875,0.06047069990787012,15.196860415782774,4427.071414612356,3919.9929143750524,6536.950694751854,5788.205792313857
SK,2015,32,32,162335.0,154115.0,8220.0,5072.96875,2897.5,310.0,25110.0,10040.0,11380.0,21175.0,1069924338.0,746608420.0,1565070335.1388988,1092128338.991877,32,1.0,5072.96875,5072.96875,5072.96875,0.06184741429759448,14.26493848857645,6590.842011888995,4599.183293806019,9640.991376714195,6727.620901172742
SK,2016,32,32,151170.0,143770.0,7400.0,4724.0625,2487.5,225.0,24105.0,10725.0,11205.0,20875.0,793655623.0,705406875.0,1095622267.3484375,973797019.0008671,32,1.0,4724.0625,4724.0625,4724.0625,0.0709466163921413,13.491298527443107,5250.08680955216,4666.31524111927,7247.617036107942,6441.734596817273
SK,2017,32,32,139973.0,132982.0,6991.0,4374.15625,2118.0,223.0,22682.0,11556.0,11086.0,20683.0,828965357.0,706062030.0,1102557211.0122004,939090851.0527933,32,1.0,4374.15625,4374.15625,4374.15625,0.08255877919313011,12.626104997293885,5922.323283776157,5044.273038371686,7876.92777187172,6709.085688331273
SK,2018,32,32,136806.0,130037.0,6769.0,4275.1875,2010.0,180.0,22137.0,12695.0,11079.0,20559.0,852425939.0,733858811.0,1098971375.2710602,946111315.8118654,32,1.0,4275.1875,4275.1875,4275.1875,0.09279563761823312,12.3482263742215,6230.910479072555,5364.229719456749,8033.064158524189,6915.715069601227
SK,2019,31,31,134882.0,128278.0,6604.0,4351.032258064516,2240.0,329.0,21987.0,14225.0,11015.0,20462.0,893044782.0,787353824.0,1138717358.5122187,1003951296.4533219,31,1.0,4351.032258064516,4351.032258064516,4351.032258064516,0.10546255245325543,12.245301861098502,6620.933719844012,5837.352826915378,8442.322611706668,7443.18216258153
SK,2020,31,31,137254.0,130672.0,6582.0,4427.548387096775,2228.0,267.0,22832.0,15425.0,11020.0,20132.0,1035729891.0,816476810.0,1352811264.9602346,1066435405.3549249,31,1.0,4427.548387096775,4427.548387096775,4427.548387096775,0.11238288137322046,12.454990925589836,7546.081651536567,5948.655849738441,9856.261128711983,7769.79472623694
SK,2021,31,31,136571.0,130089.0,6482.0,4405.5161290322585,2379.0,169.0,22828.0,16646.0,10805.0,19644.0,1030670250.0,839025016.89,1347223257.035971,1096717418.5819435,31,1.0,4405.5161290322585,4405.5161290322585,4405.5161290322585,0.12188531972380666,12.639611291068949,7546.772374808707,6143.507896185866,9864.636394519854,8030.382867387246
SK,2022,31,31,136095.0,129920.0,6175.0,4390.1612903225805,2360.0,155.0,22565.0,21190.0,10745.0,19540.0,1061951835.0,925472161.0,1344853971.614949,1172016347.9353275,31,1.0,4390.1612903225805,4390.1612903225805,4390.1612903225805,0.15570006245637238,12.665891112145184,7803.018736911716,6800.19222601859,9881.729465556773,8611.751702379423
SK,2023,31,31,137595.0,131545.0,6050.0,4438.548387096775,2210.0,150.0,22710.0,21890.0,10310.0,18905.0,1295572548.0,1043468138.34,1630391345.0006862,1313134817.6215866,31,1.0,4438.548387096775,4438.548387096775,4438.548387096775,0.1590900832152331,13.345780795344325,9415.840313964896,7583.6195962062575,11849.204876635678,9543.477725364923
TR,2014,189,189,6062870.0,5984645.0,78225.0,32950.38043478261,9027.5,0.0,2686890.0,72140.0,,,,4568517804.920009,,8616796345.206652,184,0.9735449735449735,32950.38043478261,32078.67724867725,32078.67724867725,0.011898655257328625,,,753.5239589369405,,1421.2404925730968
TR,2015,195,195,6689190.0,6603095.0,86095.0,36552.95081967213,11140.0,0.0,2896760.0,87890.0,,,,,,,183,0.9384615384615385,36552.95081967213,34303.53846153846,34303.53846153846,0.013139109518491775,,,,,
TR,2016,179,179,7198875.0,7107650.0,91225.0,41372.84482758621,14007.5,100.0,3023195.0,108040.0,,,,,,,174,0.9720670391061452,41372.84482758621,40217.17877094972,40217.17877094972,0.015007900540014933,,,,,
TR,2017,186,186,7560371.0,7465271.0,95100.0,41540.5,13314.0,0.0,3211489.0,125138.0,,,,,,,182,0.978494623655914,41540.5,40647.155913978495,40647.155913978495,0.01655183323675518,,,,,
TR,2018,201,201,7740502.0,7644303.0,96199.0,39291.8883248731,12437.0,0.0,3361273.0,154505.0,,,,,,,197,0.9800995024875622,39291.8883248731,38509.96019900498,38509.96019900498,0.01996059170322545,,,,,
TR,2019,206,206,7940133.0,7838891.0,101242.0,39307.58910891089,12522.0,0.0,3462443.0,185047.0,,,,,,,202,0.9805825242718447,39307.58910891089,38544.33495145631,38544.33495145631,0.023305277128229464,,,,,
TR,2020,208,208,8240997.0,8134849.0,106148.0,40397.044117647056,12523.5,102.0,3492833.0,224048.0,,,,,,,204,0.9807692307692307,40397.044117647056,39620.17788461538,39620.17788461538,0.027187001766897863,,,,,
TR,2021,207,207,8296959.0,8187419.0,109540.0,40472.97073170732,13470.0,0.0,3538594.0,260289.0,,,,,,,205,0.9903381642512077,40472.97073170732,40081.92753623189,40081.92753623189,0.031371614587947225,,,,,
TR,2022,208,208,6950142.0,6835634.0,114508.0,33738.553398058255,14663.5,0.0,1891766.0,301694.0,,,,,,,206,0.9903846153846154,33738.553398058255,33414.144230769234,33414.144230769234,0.04340832172925388,,,,,
TR,2023,208,208,7081289.0,6972356.0,108933.0,34375.18932038835,15557.5,0.0,1773233.0,336366.0,,,,,,,206,0.9903846153846154,34375.18932038835,34044.658653846156,34044.658653846156,0.04750067395921844,,,,,
UK,2014,161,161,2265860.0,2153075.0,112785.0,14073.664596273293,13695.0,0.0,132355.0,568515.0,157845.0,334440.0,40994613705.15557,36061534262.8889,33912812981.999207,29831920751.76226,161,1.0,14073.664596273293,14073.664596273293,14073.664596273293,0.2509047337434793,14.354968481738414,18092.29771705029,15915.164336229467,14966.8615810329,13165.826993619316
UK,2015,258,258,2333845.0,2220800.0,113045.0,9045.910852713178,3852.5,20.0,126620.0,592730.0,160725.0,340835.0,47638224677.61491,42453779069.76744,35899774080.2804,31992818535.384056,258,1.0,9045.910852713178,9045.910852713178,9045.910852713178,0.2539714505462016,14.520734173277337,20411.905965312566,18190.487830069025,15382.244356536276,13708.201930884037
UK,2016,260,260,2375415.0,2263020.0,112395.0,9136.211538461539,3737.5,0.0,121625.0,615540.0,163810.0,347805.0,43308973983.50173,39070185971.59174,35802390401.271866,32298295769.788704,260,1.0,9136.211538461539,9136.211538461539,9136.211538461539,0.25912945737902643,14.50103778768085,18232.171634641414,16447.73059511359,15072.057051619135,13596.906548871968
UK,2017,258,258,2333110.0,2221295.0,111815.0,9043.062015503876,2755.0,0.0,117935.0,,167210.0,355755.0,43839651180.03354,39434221542.883865,38560697150.356285,34685747567.4385,258,1.0,9043.062015503876,9043.062015503876,9043.062015503876,,13.953172657137731,18790.220426826654,16901.998423942234,16527.594991387585,14866.743345765308
UK,2018,256,256,2371805.0,2259150.0,112655.0,9264.86328125,3105.0,0.0,122355.0,1255.0,171200.0,363675.0,46363247843.92626,46862189870.126945,40446519676.96451,40881788330.8846,256,1.0,9264.86328125,9264.86328125,9264.86328125,0.0005291328755947475,13.854001168224299,19547.664265791776,19758.0281136632,17053.054394001407,17236.57228603726
UK,2019,255,255,2445080.0,2334415.0,110665.0,9588.549019607843,4280.0,0.0,129420.0,,175590.0,323235.0,47212764163.7331,40070002392.42626,40248577672.024475,34159419220.123337,255,1.0,9588.549019607843,9588.549019607843,9588.549019607843,,13.924938777834729,19309.292196465187,16388.01282265867,16461.0473571517,13970.67548715107
UK,2020,254,254,2653370.0,2539185.0,114185.0,10446.338582677165,5095.0,0.0,152250.0,,177625.0,319590.0,48465600764.30257,43293786669.66394,42154918906.236244,37656524161.93336,254,1.0,10446.338582677165,10446.338582677165,10446.338582677165,,14.938043631245602,18265.677521153313,16316.528290311544,15887.312702802943,14191.961227395108
UK,2021,252,252,2726870.0,2613725.0,113145.0,10820.912698412698,4107.5,0.0,151840.0,,182570.0,324610.0,55070371102.838524,56349484644.02048,45141025861.08251,46189511576.45802,252,1.0,10820.912698412698,10820.912698412698,10820.912698412698,,14.936024538533164,20195.451599393637,20664.529164947533,16554.153979134506,16938.655519499654
UK,2022,246,246,2850700.0,2727175.0,123525.0,11588.211382113821,5977.5,0.0,140215.0,,188345.0,335270.0,59098857826.35209,51833579201.6511,49134867260.08834,43094505162.37849,246,1.0,11588.211382113821,11588.211382113821,11588.211382113821,,15.135522578247365,20731.349432192826,18182.75483272568,17236.070880867275,15117.166016198998
UK,2023,245,245,2775930.0,2656470.0,119460.0,11330.326530612245,5360.0,0.0,133260.0,,192485.0,344690.0,58873106152.059715,44174705388.65702,48410103235.07724,36323920853.10745,245,1.0,11330.326530612245,11330.326530612245,11330.326530612245,,14.421539340727849,21208.426059756446,15913.479586537493,17439.237745576163,13085.315859228242
VA,2017,14,14,,,,,,,,,,,,,,,0,0.0,,,,,,,,,
VA,2018,14,14,,,,,,,,,,,,,,,0,0.0,,,,,,,,,
VA,2019,14,14,,,,,,,,,,,,,,,0,0.0,,,,,,,,,
VA,2020,14,14,,,,,,,,,,,,,,,0,0.0,,,,,,,,,
VA,2021,14,14,,,,,,,,,,,,,,,0,0.0,,,,,,,,,
XK,2017,29,29,27914.0,27817.0,97.0,962.551724137931,268.0,0.0,8449.0,,,,,,,,29,1.0,962.551724137931,962.551724137931,962.551724137931,,,,,,
XK,2018,29,29,29462.0,29396.0,66.0,1015.9310344827586,151.0,0.0,8435.0,,,,,,,,29,1.0,1015.9310344827586,1015.9310344827586,1015.9310344827586,,,,,,
XK,2019,29,29,15736.0,15658.0,78.0,542.6206896551724,0.0,0.0,7680.0,,,,,,,,29,1.0,542.6206896551724,542.6206896551724,542.6206896551724,,,,,,
XK,2020,21,21,25664.0,25625.0,39.0,1222.095238095238,405.0,0.0,7356.0,,,,,,,,21,1.0,1222.095238095238,1222.095238095238,1222.095238095238,,,,,,
XK,2021,23,23,23488.0,23434.0,54.0,1021.2173913043479,450.0,0.0,7037.0,,,,,,,,23,1.0,1021.2173913043479,1021.2173913043479,1021.2173913043479,,,,,,
XK,2022,23,23,21139.0,21139.0,,919.0869565217391,357.0,0.0,6450.0,,,,,,,,23,1.0,919.0869565217391,919.0869565217391,919.0869565217391,,,,,,
XK,2023,23,23,20291.0,20226.0,65.0,882.2173913043479,394.0,0.0,6140.0,0.0,,,,,,,23,1.0,882.2173913043479,882.2173913043479,882.2173913043479,0.0,,,,,
