Код,Назва закладу освіти,Регіон,Форма власності,Підпорядкування,students,reported_institution_students,rows,degrees,specialties,budget_students,contract_students,budget_share,reported_minus_grouped_students
97,"Національний університет ""Львівська політехніка""",Львівська область,Державна,Міністерство освіти і науки України,30436,30436,475,3,135,14704.0,15732,0.48311210408726507,0
41,Київський національний університет імені Тараса Шевченка,Київ,Державна,Міністерство освіти і науки України,26192,26192,431,4,103,13940.0,12252,0.5322235797189981,0
282,Львівський національний університет імені Івана Франка,Львівська область,Державна,Міністерство освіти і науки України,21885,21885,374,3,106,9805.0,12080,0.44802376056659815,0
174,Національний технічний університет України «Київський політехнічний інститут імені Ігоря Сікорського»,Київ,Державна,Міністерство освіти і науки України,18594,18594,312,3,101,13758.0,4836,0.7399161019683769,0
7,Національний університет біоресурсів і природокористування України,Київ,Державна,Міністерство освіти і науки України,15875,15875,330,3,99,6671.0,9204,0.4202204724409449,0
6594,Державний торговельно-економічний університет,Київ,Державна,Міністерство освіти і науки України,15416,15416,225,3,59,2425.0,12991,0.15730409963674105,0
341,Карпатський національний університет імені Василя Стефаника,Івано-Франківська область,Державна,Міністерство освіти і науки України,14214,14214,415,3,99,4218.0,9996,0.29674968341072183,0
62,Харківський національний університет імені В.Н. Каразіна,Харківська область,Державна,Міністерство освіти і науки України,13412,13412,404,3,105,5309.0,8103,0.39583954667461974,0
61,Чернівецький національний університет імені Юрія Федьковича,Чернівецька область,Державна,Міністерство освіти і науки України,13328,13328,455,3,119,5353.0,7975,0.40163565426170467,0
207,"Державний вищий навчальний заклад ""Ужгородський національний університет""",Закарпатська область,Державна,Міністерство освіти і науки України,12460,12460,449,4,121,4306.0,8154,0.34558587479935793,0
171,Західноукраїнський національний університет,Тернопільська область,Державна,Міністерство освіти і науки України,12142,12142,309,3,95,2594.0,9548,0.21363860978422006,0
6507,Український державний університет науки і технологій,Дніпропетровська область,Державна,Міністерство освіти і науки України,10691,10691,348,3,108,5098.0,5593,0.4768496866523244,0
309,Луцький національний технічний університет,Волинська область,Державна,Міністерство освіти і науки України,10617,10617,312,3,86,3850.0,6767,0.36262597720636713,0
337,КИЇВСЬКИЙ НАЦІОНАЛЬНИЙ ЕКОНОМІЧНИЙ УНІВЕРСИТЕТ ІМЕНІ ВАДИМА ГЕТЬМАНА,Київ,Державна,Міністерство освіти і науки України,10376,10376,140,4,41,1917.0,8459,0.18475327679259831,0
44,Волинський національний університет імені Лесі Українки,Волинська область,Державна,Міністерство освіти і науки України,10124,10124,305,3,103,4256.0,5868,0.4203871987356776,0
104,"Національний технічний університет ""Харківський політехнічний інститут""",Харківська область,Державна,Міністерство освіти і науки України,9959,9959,395,3,110,5974.0,3985,0.5998594236369114,0
249,"Приватне акціонерне товариство ""Вищий навчальний заклад ""Міжрегіональна Академія управління персоналом""",Київ,Приватна,,9505,9505,182,3,42,161.0,9344,0.01693845344555497,0
126,Львівський національний університет ветеринарної медицини та біотехнологій імені С. З. Ґжицького,Львівська область,Державна,Міністерство освіти і науки України,9364,9364,230,3,72,3380.0,5984,0.36095685604442546,0
268,Уманський національний університет,Черкаська область,Державна,Міністерство освіти і науки України,9241,9241,299,3,64,4161.0,5080,0.45027594416188726,0
36,"Національний технічний університет ""Дніпровська політехніка""",Дніпропетровська область,Державна,Міністерство освіти і науки України,9054,9054,306,3,97,3569.0,5485,0.394190413077093,0
7208,Національний університет «Київський авіаційний інститут»,Київ,Державна,Міністерство освіти і науки України,8739,8739,250,3,97,4217.0,4522,0.48254949078841974,0
6704,Український державний університет імені Михайла Драгоманова,Київ,Державна,Міністерство освіти і науки України,8706,8706,366,3,75,2464.0,6242,0.2830232023891569,0
149,Національний медичний університет імені О.О. Богомольця,Київ,Державна,Міністерство охорони здоров`я України,8654,8654,72,4,25,4790.0,3864,0.553501271088514,0
73,Запорізький національний університет,Запорізька область,Державна,Міністерство освіти і науки України,8193,8193,389,3,106,2717.0,5476,0.3316245575491273,0
127,Київський національний університет будівництва і архітектури,Київ,Державна,Міністерство освіти і науки України,8008,8008,223,3,67,3668.0,4340,0.458041958041958,0
9,Національний університет водного господарства та природокористування,Рівненська область,Державна,Міністерство освіти і науки України,7821,7821,276,3,94,3557.0,4264,0.45480117632016365,0
274,Національний юридичний університет імені Ярослава Мудрого,Харківська область,Державна,Міністерство освіти і науки України,7753,7753,28,3,8,1514.0,6239,0.1952792467431962,0
24,Національний транспортний університет,Київ,Державна,Міністерство освіти і науки України,7717,7717,223,3,65,2057.0,5660,0.2665543605027861,0
208,"Державний університет ""Житомирська політехніка""",Житомирська область,Державна,Міністерство освіти і науки України,7606,7606,218,3,83,2514.0,5092,0.33052853010780964,0
6945,Київський столичний університет імені Бориса Грінченка,Київ,Комунальна,Міська рада,7588,7588,213,3,65,2670.0,4918,0.3518713758566157,0
111,Дніпровський національний університет імені Олеся Гончара,Дніпропетровська область,Державна,Міністерство освіти і науки України,7559,7559,318,3,118,3169.0,4390,0.41923534859108347,0
91,"Національний університет ""Запорізька політехніка""",Запорізька область,Державна,Міністерство освіти і науки України,7486,7486,356,3,90,3496.0,3990,0.467005076142132,0
225,"Національний університет ""Полтавська політехніка імені Юрія Кондратюка""",Полтавська область,Державна,Міністерство освіти і науки України,7249,7249,170,3,77,2655.0,4594,0.3662574148158367,0
138,Хмельницький національний університет,Хмельницька область,Державна,Міністерство освіти і науки України,7115,7115,241,3,79,2695.0,4420,0.3787772312016866,0
5754,"Національний університет ""Одеська політехніка""",Одеська область,Державна,Міністерство освіти і науки України,7091,7091,280,3,85,3700.0,3391,0.5217881822027922,0
6459,Державний біотехнологічний університет,Харківська область,Державна,Міністерство освіти і науки України,6899,6899,267,3,81,3251.0,3648,0.4712277141614727,0
307,Київський національний університет технологій та дизайну,Київ,Державна,Міністерство освіти і науки України,6848,6848,217,3,63,1493.0,5355,0.2180198598130841,0
28,Одеський національний університет імені І. І. Мечникова,Одеська область,Державна,Міністерство освіти і науки України,6756,6756,280,4,78,2371.0,4385,0.350947306098283,0
192,"Національний університет ""Одеська юридична академія""",Одеська область,Державна,Міністерство освіти і науки України,6531,6531,106,5,37,1128.0,5403,0.17271474506201195,0
151,Сумський національний аграрний університет,Сумська область,Державна,Міністерство освіти і науки України,6518,6518,186,3,54,2874.0,3644,0.4409328014728444,0
198,"""Класичний приватний університет""",Запорізька область,Приватна,,5990,5990,165,3,52,5.0,5985,0.0008347245409015025,0
105,Національний університет кораблебудування імені адмірала Макарова,Миколаївська область,Державна,Міністерство освіти і науки України,5949,5949,289,3,76,2277.0,3672,0.3827534039334342,0
101,Черкаський національний університет імені Богдана Хмельницького,Черкаська область,Державна,Міністерство освіти і науки України,5946,5946,261,3,84,2133.0,3813,0.35872855701311807,0
79,"Національний університет ""Києво-Могилянська академія""",Київ,Державна,Міністерство освіти і науки України,5845,5845,150,3,54,2713.0,3132,0.4641573994867408,0
168,Сумський державний університет,Сумська область,Державна,Міністерство освіти і науки України,5753,5753,235,3,90,3503.0,2250,0.6088997045019989,0
137,Вінницький національний технічний університет,Вінницька область,Державна,Міністерство освіти і науки України,5738,5738,153,3,56,2753.0,2985,0.47978389682816314,0
353,Міжнародний університет,Одеська область,Приватна,,5728,5728,265,3,72,632.0,5096,0.11033519553072625,0
165,Івано-Франківський національний технічний університет нафти і газу,Івано-Франківська область,Державна,Міністерство освіти і науки України,5669,5669,203,3,60,2778.0,2891,0.4900335156112189,0
362,Білоцерківський національний аграрний університет,Київська область,Державна,Міністерство освіти і науки України,5657,5657,167,4,52,2159.0,3498,0.38165105179423725,0
228,"Приватний вищий навчальний заклад ""Європейський університет""",Київ,Приватна,,5567,5567,161,4,33,4.0,5563,0.0007185198491108317,0
96,Тернопільський національний педагогічний університет імені Володимира Гнатюка,Тернопільська область,Державна,Міністерство освіти і науки України,5457,5457,237,3,56,3117.0,2340,0.5711929631665751,0
212,Харківський національний автомобільно-дорожній університет,Харківська область,Державна,Міністерство освіти і науки України,5382,5382,164,3,45,3135.0,2247,0.5824972129319955,0
92,Харківський національний університет радіоелектроніки,Харківська область,Державна,Міністерство освіти і науки України,5374,5374,124,3,34,3749.0,1625,0.697618161518422,0
1486,Університет митної справи та фінансів,Дніпропетровська область,Державна,Міністерство освіти і науки України,5332,5332,110,3,50,858.0,4474,0.1609152288072018,0
252,Вінницький державний педагогічний університет імені Михайла Коцюбинського,Вінницька область,Державна,Міністерство освіти і науки України,5275,5275,195,3,51,2403.0,2872,0.4555450236966825,0
77,Вінницький національний аграрний університет,Вінницька область,Державна,Міністерство освіти і науки України,5264,5264,132,3,46,1558.0,3706,0.2959726443768997,0
27,Полтавський державний аграрний університет,Полтавська область,Державна,Міністерство освіти і науки України,5238,5238,174,3,57,2215.0,3023,0.4228713249331806,0
160,Національний лісотехнічний університет України,Львівська область,Державна,Міністерство освіти і науки України,5232,5232,143,3,63,1698.0,3534,0.32454128440366975,0
148,Таврійський державний агротехнологічний університет імені Дмитра Моторного,Запорізька область,Державна,Міністерство освіти і науки України,5182,5182,150,3,39,3319.0,1863,0.6404862987263604,0
80,Дніпровський державний аграрно-економічний університет,Дніпропетровська область,Державна,Міністерство освіти і науки України,5055,5055,133,3,36,1986.0,3069,0.39287833827893176,0
90,Центральноукраїнський національний технічний університет,Кіровоградська область,Державна,Міністерство освіти і науки України,5025,5025,153,3,51,2067.0,2958,0.41134328358208955,0
82,Державний університет інформаційно-комунікаційних технологій,Київ,Державна,Міністерство освіти і науки України,4962,4962,105,3,27,1409.0,3553,0.28395808141878276,0
229,Поліський національний університет,Житомирська область,Державна,Міністерство освіти і науки України,4957,4957,185,4,49,1867.0,3090,0.376639096227557,0
340,Університет Григорія Сковороди в Переяславі,Київська область,Державна,Міністерство освіти і науки України,4885,4885,191,3,41,1699.0,3186,0.34779938587512793,0
240,Національна академія внутрішніх справ,Київ,Державна,Міністерство внутрішніх справ України,4861,4861,21,3,8,63.0,4798,0.012960296235342523,0
34,"НАЦІОНАЛЬНИЙ АЕРОКОСМІЧНИЙ УНІВЕРСИТЕТ ""ХАРКІВСЬКИЙ АВІАЦІЙНИЙ ІНСТИТУТ""",Харківська область,Державна,Міністерство освіти і науки України,4852,4852,231,3,75,2499.0,2353,0.515045342126958,0
3,Полтавський національний педагогічний університет імені В.Г. Короленка,Полтавська область,Державна,Міністерство освіти і науки України,4838,4838,192,3,47,1774.0,3064,0.3666804464654816,0
109,Житомирський державний університет імені Івана Франка,Житомирська область,Державна,Міністерство освіти і науки України,4667,4667,197,3,72,2546.0,2121,0.5455324619670023,0
20,Вінницький національний медичний університет ім. М. І. Пирогова,Вінницька область,Державна,Міністерство охорони здоров`я України,4567,4567,56,4,21,2347.0,2220,0.5139040945916357,0
140,"Національний університет ""Чернігівська політехніка""",Чернігівська область,Державна,Міністерство освіти і науки України,4532,4532,202,3,71,2263.0,2269,0.4993380406001765,0
227,Харківський національний економічний університет імені Семена Кузнеця,Харківська область,Державна,Міністерство освіти і науки України,4531,4531,130,4,48,1342.0,3189,0.29618185830942395,0
166,Тернопільський національний технічний університет імені Івана Пулюя,Тернопільська область,Державна,Міністерство освіти і науки України,4524,4524,197,3,63,2183.0,2341,0.48253757736516356,0
84,Державний заклад «Південноукраїнський національний педагогічний університет імені К.Д. Ушинського»,Одеська область,Державна,Міністерство освіти і науки України,4489,4489,207,3,42,1396.0,3093,0.31098240142570727,0
316,Харківський національний університет міського господарства імені О.М. Бекетова,Харківська область,Державна,Міністерство освіти і науки України,4398,4398,190,3,61,2345.0,2053,0.5331969076853115,0
285,Івано-Франківський національний медичний університет,Івано-Франківська область,Державна,Міністерство охорони здоров`я України,4384,4384,56,5,15,1887.0,2497,0.43042883211678834,0
220,Одеський національний морський університет,Одеська область,Державна,Міністерство освіти і науки України,4330,4330,138,3,40,1160.0,3170,0.2678983833718245,0
57,Харківський національний педагогічний університет імені Г.С. Сковороди,Харківська область,Державна,Міністерство освіти і науки України,4328,4328,221,3,37,1570.0,2758,0.36275415896487984,0
7314,"Державне некомерційне товариство ""Львівський національний медичний університет імені Данила Галицького""",Львівська область,Державна,Міністерство охорони здоров`я України,4212,4212,25,3,13,2634.0,1578,0.6253561253561254,0
40,Рівненський державний гуманітарний університет,Рівненська область,Державна,Міністерство освіти і науки України,4133,4133,242,3,62,2152.0,1981,0.5206871521896927,0
81,"Державний заклад ""Луганський національний університет імені Тараса Шевченка""",Полтавська область,Державна,Міністерство освіти і науки України,4078,4078,310,3,79,2020.0,2058,0.49534085335948996,0
310,"Приватний вищий навчальний заклад ""Київський університет культури""",Київ,Приватна,,4039,4039,68,3,21,0.0,4039,0.0,0
102,Тернопільський національний медичний університет імені і.Я. Горбачевського Міністерства охорони здоров`я України,Тернопільська область,Державна,Міністерство охорони здоров`я України,4034,4034,65,3,18,1889.0,2145,0.46826970748636587,0
47,Національний університет харчових технологій,Київ,Державна,Міністерство освіти і науки України,3974,3974,161,3,48,1911.0,2063,0.4808756919979869,0
83,Дрогобицький державний педагогічний університет імені Івана Франка,Львівська область,Державна,Міністерство освіти і науки України,3974,3974,151,3,46,1893.0,2081,0.4763462506290891,0
59,Миколаївський національний аграрний університет,Миколаївська область,Державна,Міністерство освіти і науки України,3957,3957,115,3,38,2378.0,1579,0.6009603234773818,0
21,Східноукраїнський національний університет імені Володимира Даля,Київ,Державна,Міністерство освіти і науки України,3942,3942,279,3,94,1322.0,2620,0.33536276002029425,0
39,Український державний університет залізничного транспорту,Харківська область,Державна,Міністерство освіти і науки України,3892,3892,155,3,44,1300.0,2592,0.3340184994861254,0
193,Бердянський державний педагогічний університет,Запорізька область,Державна,Міністерство освіти і науки України,3877,3877,193,3,35,1158.0,2719,0.29868454990972404,0
180,Національний університет фізичного виховання і спорту України,Київ,Державна,Міністерство молоді та спорту України,3784,3784,52,3,14,1471.0,2313,0.38874207188160675,0
215,"Приватний вищий навчальний заклад ""Міжнародний економіко-гуманітарний університет імені академіка Степана Дем'янчука""",Рівненська область,Приватна,,3752,3752,178,3,34,106.0,3646,0.028251599147121536,0
248,Черкаський державний технологічний університет,Черкаська область,Державна,Міністерство освіти і науки України,3723,3723,271,3,83,1343.0,2380,0.3607305936073059,0
218,Кременчуцький національний університет імені Михайла Остроградського,Полтавська область,Державна,Міністерство освіти і науки України,3698,3698,175,3,56,1482.0,2216,0.40075716603569495,0
145,Харківський національний університет внутрішніх справ,Харківська область,Державна,Міністерство внутрішніх справ України,3562,3562,34,3,12,0.0,3562,0.0,0
51,Одеський національний технологічний університет,Одеська область,Державна,Міністерство освіти і науки України,3558,3558,171,3,46,1254.0,2304,0.3524451939291737,0
144,"Заклад вищої освіти ""Університет Короля Данила""",Івано-Франківська область,Приватна,,3512,3512,89,3,34,11.0,3501,0.003132118451025057,0
6540,Державний податковий університет,Київська область,Державна,Міністерство фінансів України,3471,3471,101,3,36,641.0,2830,0.184673004897724,0
178,Кам'янець-Подільський національний університет імені Івана Огієнка,Хмельницька область,Державна,Міністерство освіти і науки України,3378,3378,173,3,47,1578.0,1800,0.46714031971580816,0
31,Одеський національний економічний університет,Одеська область,Державна,Міністерство освіти і науки України,3363,3363,111,3,29,531.0,2832,0.15789473684210525,0
6600,Вінницький торговельно - економічний інститут Державного торговельно - економічного університету,Вінницька область,Державна,Міністерство освіти і науки України,3296,3296,85,2,33,97.0,3199,0.029429611650485438,0
158,"Національний університет ""Чернігівський колегіум"" імені Т.Г. Шевченка",Чернігівська область,Державна,Міністерство освіти і науки України,3254,3254,204,3,56,1650.0,1604,0.5070682237246465,0
16,Львівський торговельно-економічний університет,Львівська область,Приватна,"ТОВАРИСТВО З ОБМЕЖЕНОЮ ВІДПОВІДАЛЬНІСТЮ ""УКРАЇНСЬКЕ ОБ’ЄДНАННЯ ЗАКЛАДІВ КООПЕРАТИВНОЇ ОСВІТИ""",3247,3247,110,3,25,0.0,3247,0.0,0
300,Харківський національний медичний університет,Харківська область,Державна,Міністерство охорони здоров`я України,3215,3215,50,4,21,1771.0,1444,0.550855365474339,0
120,"Національний університет ""Острозька академія""",Рівненська область,Державна,Міністерство освіти і науки України,3165,3165,103,3,44,574.0,2591,0.18135860979462876,0
318,"Вищий навчальний заклад ""Університет економіки та права ""КРОК""",Київ,Приватна,,3115,3115,109,4,32,10.0,3105,0.0032102728731942215,0
919,Криворізький національний університет,Дніпропетровська область,Державна,Міністерство освіти і науки України,3111,3111,170,3,62,1626.0,1485,0.5226615236258437,0
177,Заклад вищої освіти «Подільський державний університет»,Хмельницька область,Державна,Міністерство освіти і науки України,3073,3073,135,4,43,926.0,2147,0.3013342011064107,0
6415,Полтавський державний медичний університет,Полтавська область,Державна,Міністерство охорони здоров`я України,3054,3054,57,4,19,1151.0,1903,0.37688277668631304,0
6716,Запорізький державний медико-фармацевтичний університет,Запорізька область,Державна,Міністерство охорони здоров`я України,3033,3033,56,4,14,1066.0,1967,0.35146719419716455,0
187,Львівський державний університет фізичної культури імені Івана Боберського,Львівська область,Державна,Міністерство молоді та спорту України,2967,2967,63,3,15,1626.0,1341,0.5480283114256825,0
265,Чорноморський національний університет імені Петра Могили,Миколаївська область,Державна,Міністерство освіти і науки України,2956,2956,197,3,55,1155.0,1801,0.39073071718538566,0
55,Центральноукраїнський державний університет імені Володимира Винниченка,Кіровоградська область,Державна,Міністерство освіти і науки України,2953,2953,169,3,42,1262.0,1691,0.42736200474094144,0
78,Мелітопольський державний педагогічний університет імені Богдана Хмельницького,Запорізька область,Державна,Міністерство освіти і науки України,2898,2898,201,3,47,1271.0,1627,0.4385783298826777,0
172,Одеська державна академія будівництва та архітектури,Одеська область,Державна,Міністерство освіти і науки України,2866,2866,74,3,22,1425.0,1441,0.497208653175157,0
246,Донецький національний університет імені Василя Стуса,Вінницька область,Державна,Міністерство освіти і науки України,2859,2859,115,3,46,670.0,2189,0.23434767401189227,0
315,Київський національний лінгвістичний університет,Київ,Державна,Міністерство освіти і науки України,2797,2797,79,3,14,927.0,1870,0.33142652842331066,0
85,Буковинський державний медичний університет,Чернівецька область,Державна,Міністерство охорони здоров`я України,2765,2765,50,6,14,1187.0,1578,0.42929475587703436,0
213,Херсонський державний аграрно-економічний університет,Херсонська область,Державна,Міністерство освіти і науки України,2743,2743,152,3,55,1418.0,1325,0.5169522420707254,0
33,Сумський державний педагогічний університет імені А. С. Макаренка,Сумська область,Державна,Міністерство освіти і науки України,2740,2740,212,3,55,1422.0,1318,0.518978102189781,0
188,Одеський національний медичний університет,Одеська область,Державна,Міністерство охорони здоров`я України,2622,2622,29,3,12,1317.0,1305,0.5022883295194508,0
123,Полтавський університет економіки і торгівлі,Полтавська область,Приватна,,2522,2522,136,3,30,2.0,2520,0.0007930214115781126,0
19,Маріупольський державний університет,Київ,Державна,Міністерство освіти і науки України,2511,2511,229,3,53,786.0,1725,0.3130227001194743,0
3781,Криворізький державний педагогічний університет,Дніпропетровська область,Державна,Міністерство освіти і науки України,2507,2507,161,3,29,1412.0,1095,0.5632229756681293,0
244,Заклад вищої освіти “Український католицький університет”,Львівська область,Приватна,,2409,2409,50,3,30,0.0,2409,0.0,0
103,Мукачівський державний університет,Закарпатська область,Державна,Міністерство освіти і науки України,2402,2402,111,3,40,538.0,1864,0.22398001665278935,0
510,Житомирський агротехнічний фаховий коледж,Житомирська область,Державна,Міністерство освіти і науки України,2357,2357,82,2,24,1059.0,1298,0.44929995757318625,0
136,Львівський державний університет внутрішніх справ,Львівська область,Державна,Міністерство внутрішніх справ України,2336,2336,28,3,10,5.0,2331,0.0021404109589041095,0
1436,"Фаховий коледж ""Освіта"" закладу вищої освіти ""Відкритий міжнародний університет розвитку людини ""Україна""",Київ,Приватна,,2327,2327,63,2,24,0.0,2327,0.0,0
1563,"Фаховий коледж Закладу вищої освіти ""Університет Короля Данила""",Івано-Франківська область,Приватна,,2308,2308,82,1,29,0.0,2308,0.0,0
154,Львівський державний університет безпеки життєдіяльності,Львівська область,Державна,Державна служба України з надзвичайних ситуацій,2305,2305,54,3,23,14.0,2291,0.006073752711496746,0
71,Національний університет цивільного захисту України,Черкаська область,Державна,Державна служба України з надзвичайних ситуацій,2252,2252,58,3,15,166.0,2086,0.07371225577264653,0
3907,"Відокремлений структурний підрозділ ""Рівненський фаховий коледж Національного університету біоресурсів і природокористування України""",Рівненська область,Державна,Міністерство освіти і науки України,2217,2217,59,2,23,1469.0,748,0.6626071267478575,0
210,Дніпровський державний медичний університет,Дніпропетровська область,Державна,Міністерство охорони здоров`я України,2210,2210,35,3,15,1427.0,783,0.6457013574660634,0
267,Одеський державний аграрний університет,Одеська область,Державна,Міністерство освіти і науки України,2185,2185,80,3,22,990.0,1195,0.45308924485125857,0
5707,Державний університет економіки і технологій,Дніпропетровська область,Державна,Міністерство освіти і науки України,2172,2172,126,3,42,607.0,1565,0.2794659300184162,0
258,"Відокремлений підрозділ Національного університету біоресурсів і природокористування України ""Бережанський агротехнічний інститут""",Тернопільська область,Державна,Міністерство освіти і науки України,2163,2163,64,2,22,1062.0,1101,0.4909847434119279,0
6773,"Товариство з обмеженою відповідальністю ""ФАХОВИЙ ПЕРЕДВИЩИЙ КОЛЕДЖ ""ОПТІМА""",Київ,Приватна,,2161,2161,28,1,10,0.0,2161,0.0,0
217,Заклад вищої освіти «Відкритий міжнародний університет розвитку людини «Україна»,Київ,Приватна,,2154,2154,177,4,59,37.0,2117,0.017177344475394613,0
1254,Дніпровський державний технічний університет,Дніпропетровська область,Державна,Міністерство освіти і науки України,2135,2135,128,3,44,1133.0,1002,0.5306791569086651,0
275,Хмельницький університет управління та права імені Леоніда Юзькова,Хмельницька область,Комунальна,Обласна рада,2106,2106,69,3,23,457.0,1649,0.21699905033238368,0
308,Київський національний університет культури і мистецтв,Київ,Державна,Міністерство освіти і науки України,2102,2102,40,3,18,1827.0,275,0.8691722169362512,0
5691,Київський університет інтелектуальної власності та права,Київ,Приватна,,2068,2068,64,3,28,44.0,2024,0.02127659574468085,0
3074,Фаховий коледж Класичного приватного університету,Запорізька область,Приватна,,2030,2030,63,1,33,0.0,2030,0.0,0
1341,"Відокремлений структурний підрозділ «Фаховий коледж економіки, права та інформаційних технологій Західноукраїнського національного університету»",Тернопільська область,Державна,Міністерство освіти і науки України,2020,2020,54,1,21,830.0,1190,0.41089108910891087,0
2118,"Відокремлений структурний підрозділ ""Інститут інноваційної освіти Київського національного університету будівництва і архітектури""",Київ,Державна,Міністерство освіти і науки України,1963,1963,41,2,13,0.0,1963,0.0,0
209,Дніпровський державний університет внутрішніх справ,Дніпропетровська область,Державна,Міністерство внутрішніх справ України,1947,1947,28,3,12,14.0,1933,0.007190549563430919,0
161,"Національний університет ""Одеська морська академія""",Одеська область,Державна,Міністерство освіти і науки України,1906,1906,37,3,6,882.0,1024,0.4627492130115425,0
834,Черкаська медична академія,Черкаська область,Комунальна,Обласна рада,1906,1906,64,3,8,801.0,1105,0.42025183630640084,0
1040,Херсонська державна морська академія,Херсонська область,Державна,Міністерство освіти і науки України,1888,1888,31,3,7,507.0,1381,0.2685381355932203,0
17,"Державний вищий навчальний заклад ""Донбаський державний педагогічний університет""",Донецька область,Державна,Міністерство освіти і науки України,1886,1886,153,3,30,847.0,1039,0.4490986214209968,0
5780,Державний університет інтелектуальних технологій і зв'язку,Одеська область,Державна,Міністерство освіти і науки України,1881,1881,103,3,33,864.0,1017,0.45933014354066987,0
48,Херсонський державний університет,Херсонська область,Державна,Міністерство освіти і науки України,1861,1861,242,3,74,1118.0,743,0.6007522837184309,0
781,"Відокремлений структурний підрозділ ""Тернопільський фаховий коледж Тернопільського національного технічного університету імені Івана Пулюя""",Тернопільська область,Державна,Міністерство освіти і науки України,1835,1835,53,2,19,969.0,866,0.5280653950953679,0
155,Ніжинський державний університет імені Миколи Гоголя,Чернігівська область,Державна,Міністерство освіти і науки України,1810,1810,189,3,47,711.0,1099,0.39281767955801106,0
306,Одеський державний університет внутрішніх справ,Одеська область,Державна,Міністерство внутрішніх справ України,1781,1781,16,3,7,0.0,1781,0.0,0
2712,"Відокремлений структурний підрозділ ""Івано-Франківський фаховий коледж Карпатського національного університету імені Василя Стефаника""",Івано-Франківська область,Державна,Міністерство освіти і науки України,1759,1759,34,1,21,1112.0,647,0.6321773735076748,0
197,"ПРИВАТНИЙ ВИЩИЙ НАВЧАЛЬНИЙ ЗАКЛАД ""КИЇВСЬКИЙ МЕДИЧНИЙ УНІВЕРСИТЕТ""",Київ,Приватна,,1723,1723,25,3,10,0.0,1723,0.0,0
551,Київський фаховий коледж туризму та готельного господарства,Київ,Державна,Міністерство освіти і науки України,1683,1683,59,3,20,1065.0,618,0.6327985739750446,0
827,Комунальний заклад вищої освіти «Хортицька національна навчально-реабілітаційна академія» Запорізької обласної ради,Запорізька область,Комунальна,Обласна рада,1653,1653,114,4,30,1119.0,534,0.676950998185118,0
6403,"Відокремлений структурний підрозділ ""Одеський автомобільно-дорожній фаховий коледж Національного університету ""Одеська політехніка""",Одеська область,Державна,Міністерство освіти і науки України,1651,1651,39,2,17,911.0,740,0.5517867958812841,0
2960,"Відокремлений структурний підрозділ ""Хмельницький політехнічний фаховий коледж Національного університету ""Львівська політехніка""",Хмельницька область,Державна,Міністерство освіти і науки України,1625,1625,33,2,14,862.0,763,0.5304615384615384,0
642,Малинський фаховий коледж,Житомирська область,Державна,Міністерство освіти і науки України,1603,1603,49,2,16,547.0,1056,0.34123518402994385,0
691,"Комунальний заклад ""Одеський обласний базовий медичний фаховий коледж""",Одеська область,Комунальна,Обласна рада,1578,1578,14,1,8,901.0,677,0.5709759188846641,0
6626,Відокремлений структурний підрозділ «Київський торговельно-економічний фаховий коледж Державного торговельно-економічного університету»,Київ,Державна,Міністерство освіти і науки України,1549,1549,29,1,19,603.0,946,0.3892834086507424,0
778,Відокремлений структурний підрозділ «Технічний фаховий коледж Луцького національного технічного університету»,Волинська область,Державна,Міністерство освіти і науки України,1544,1544,27,1,16,868.0,676,0.5621761658031088,0
3924,"Приватна установа ""Університет ""Київська школа економіки""",Київ,Приватна,,1527,1527,45,3,31,260.0,1267,0.17026850032743943,0
95,"""ЗАКАРПАТСЬКИЙ УГОРСЬКИЙ УНІВЕРСИТЕТ ІМЕНІ ФЕРЕНЦА РАКОЦІ ІІ""",Закарпатська область,Приватна,,1518,1518,70,3,23,0.0,1518,0.0,0
1311,Глухівський національний педагогічний університет імені Олександра Довженка,Сумська область,Державна,Міністерство освіти і науки України,1515,1515,107,3,18,933.0,582,0.6158415841584158,0
1088,"Відокремлений структурний підрозділ ""Фаховий коледж мистецтв та дизайну Київського національного університету технологій та дизайну""",Київ,Державна,Міністерство освіти і науки України,1512,1512,24,1,10,663.0,849,0.4384920634920635,0
7230,ФАХОВИЙ КОЛЕДЖ «КАІ ТЕХ» НАЦІОНАЛЬНОГО УНІВЕРСИТЕТУ «КИЇВСЬКИЙ АВІАЦІЙНИЙ ІНСТИТУТ»,Київ,Державна,Міністерство освіти і науки України,1506,1506,66,2,30,1107.0,399,0.7350597609561753,0
110,Харківська державна академія фізичної культури,Харківська область,Державна,Міністерство молоді та спорту України,1501,1501,33,3,9,811.0,690,0.5403064623584277,0
1220,Фаховий коледж Міжнародного університету,Одеська область,Приватна,,1498,1498,43,1,19,0.0,1498,0.0,0
6425,"Відокремлений структурний підрозділ ""Глухівський агротехнічний фаховий коледж Сумського національного аграрного університету""",Сумська область,Державна,Міністерство освіти і науки України,1490,1490,57,2,18,1141.0,349,0.7657718120805369,0
1049,"Відокремлений структурний підрозділ ""Немішаївський фаховий коледж Національного університету біоресурсів і природокористування України """,Київська область,Державна,Міністерство освіти і науки України,1466,1466,45,2,20,906.0,560,0.6180081855388813,0
668,"Відокремлений структурний підрозділ ""Морехідний фаховий коледж ім. О.І. Маринеска Національного університету ""Одеська морська академія""",Одеська область,Державна,Міністерство освіти і науки України,1463,1463,27,1,5,670.0,793,0.4579630895420369,0
421,"Відокремлений структурний підрозділ ""Волинський фаховий коледж Національного університету харчових технологій""",Волинська область,Державна,Міністерство освіти і науки України,1451,1451,45,1,18,842.0,609,0.580289455547898,0
892,Таврійський національний університет імені В.І.Вернадського,Київ,Державна,Міністерство освіти і науки України,1442,1442,121,3,42,539.0,903,0.3737864077669903,0
547,"Київський фаховий коледж архітектури, будівництва та управління",Київ,Державна,Міністерство освіти і науки України,1439,1439,20,1,9,1149.0,290,0.7984711605281446,0
627,"Комунальний заклад вищої освіти Львівської обласної ради ""Львівська медична академія імені Андрея Крупинського""",Львівська область,Комунальна,Обласна рада,1439,1439,47,3,10,627.0,812,0.43571924947880475,0
201,Національний фармацевтичний університет,Харківська область,Державна,Міністерство охорони здоров`я України,1434,1434,55,3,10,315.0,1119,0.2196652719665272,0
979,Вінницький технічний фаховий коледж,Вінницька область,Державна,Міністерство освіти і науки України,1429,1429,26,1,14,929.0,500,0.6501049685094472,0
7218,"Комунальний заклад Львівської обласної ради ""Дрогобицький фаховий коледж нафти і газу""",Львівська область,Комунальна,Обласна рада,1428,1428,45,1,21,770.0,658,0.5392156862745098,0
729,"Комунальний заклад вищої освіти ""Рівненська медична академія"" Рівненської обласної ради",Рівненська область,Комунальна,Обласна рада,1427,1427,44,4,11,1029.0,398,0.7210932025227751,0
528,"Відокремлений структурний підрозділ ""Івано-Франківський фаховий коледж Львівського національного університету природокористування""",Івано-Франківська область,Державна,Міністерство освіти і науки України,1426,1426,62,2,18,606.0,820,0.42496493688639553,0
272,"КОМУНАЛЬНИЙ ЗАКЛАД ""ХАРКІВСЬКА ГУМАНІТАРНО-ПЕДАГОГІЧНА АКАДЕМІЯ"" ХАРКІВСЬКОЇ ОБЛАСНОЇ РАДИ",Харківська область,Комунальна,Департамент освіти і науки Харківської обласної державної адміністрації,1412,1412,77,3,25,973.0,439,0.6890934844192634,0
468,"Комунальний заклад ""Кам'янський фаховий медичний коледж"" Дніпропетровської обласної ради""",Дніпропетровська область,Комунальна,Обласна рада,1410,1410,13,3,4,636.0,774,0.451063829787234,0
344,"Приватний заклад вищої освіти ""Київський міжнародний університет""",Київ,Приватна,,1402,1402,138,3,49,0.0,1402,0.0,0
53,"Академія праці, соціальних відносин і туризму",Київ,Приватна,,1398,1398,78,2,20,0.0,1398,0.0,0
327,"Дунайський інститут Національного університету ""Одеська морська академія""",Одеська область,Державна,Міністерство освіти і науки України,1396,1396,26,2,6,107.0,1289,0.07664756446991404,0
7184,"Відокремлений структурний підрозділ ""Технологічний фаховий коледж Державного університету економіки і технологій""",Дніпропетровська область,Державна,Міністерство освіти і науки України,1392,1392,47,1,23,956.0,436,0.6867816091954023,0
404,Галицький фаховий коледж імені В'ячеслава Чорновола,Тернопільська область,Комунальна,Міська рада,1390,1390,70,2,28,838.0,552,0.6028776978417266,0
956,"Відокремлений структурний підрозділ ""Київський транспортно-економічний фаховий коледж Національного транспортного університету""",Київ,Державна,Міністерство освіти і науки України,1385,1385,35,1,11,821.0,564,0.5927797833935018,0
2744,Відокремлений структурний підрозділ «Фаховий коледж Міжнародного класичного університету імені Пилипа Орлика»,Миколаївська область,Приватна,,1383,1383,52,2,22,0.0,1383,0.0,0
500,"Відокремлений структурний підрозділ ""Львівський фаховий коледж Львівського національного університету природокористування""",Львівська область,Державна,Міністерство освіти і науки України,1379,1379,48,1,22,642.0,737,0.4655547498187092,0
1365,"Приватний заклад вищої освіти ""Міжнародний класичний університет імені Пилипа Орлика""",Миколаївська область,Приватна,,1369,1369,124,3,31,1.0,1368,0.0007304601899196494,0
1370,Ірпінський фаховий коледж економіки та права,Київська область,Державна,Міністерство освіти і науки України,1366,1366,26,2,11,656.0,710,0.4802342606149341,0
1339,Національна академія Служби безпеки України,Київ,Державна,Служба безпеки України,1341,1341,14,3,7,0.0,1341,0.0,0
906,"Відокремлений структурний підрозділ ""Техніко-економічний фаховий коледж Національного університету ""Львівська політехніка""",Львівська область,Державна,Міністерство освіти і науки України,1332,1332,24,2,12,530.0,802,0.3978978978978979,0
935,"Відокремлений структурний підрозділ ""Одеський технічний фаховий коледж Одеського національного технологічного університету""",Одеська область,Державна,Міністерство освіти і науки України,1329,1329,51,2,18,708.0,621,0.5327313769751693,0
304,Донецький державний університет внутрішніх справ,Кіровоградська область,Державна,Міністерство внутрішніх справ України,1324,1324,24,3,10,0.0,1324,0.0,0
624,"Комунальний заклад вищої освіти ""Луцький педагогічний інститут"" Волинської обласної ради",Волинська область,Комунальна,Управління освіти і науки Волинської обласної державної адміністрації,1322,1322,41,2,8,968.0,354,0.7322239031770046,0
297,Національна академія образотворчого мистецтва і архітектури,Київ,Державна,Міністерство культури України,1308,1308,22,3,6,645.0,663,0.49311926605504586,0
86,Херсонський національний технічний університет,Херсонська область,Державна,Міністерство освіти і науки України,1299,1299,157,3,52,737.0,562,0.567359507313318,0
464,Київський фаховий коледж зв'язку,Київ,Державна,Міністерство освіти і науки України,1298,1298,24,2,11,895.0,403,0.689522342064715,0
635,Львівський кооперативний фаховий коледж економіки і права,Львівська область,Приватна,"ТОВАРИСТВО З ОБМЕЖЕНОЮ ВІДПОВІДАЛЬНІСТЮ ""ЛЬВІВСЬКА ОБЛСПОЖИВСПІЛКА""",1292,1292,30,2,12,0.0,1292,0.0,0
195,"Заклад вищої освіти ""Міжнародний науково-технічний університет імені академіка Юрія Бугая""",Київ,Приватна,,1292,1292,67,3,20,0.0,1292,0.0,0
888,Відокремлений структурний підрозділ «Класичний фаховий коледж Сумського державного університету»,Сумська область,Державна,Міністерство освіти і науки України,1285,1285,55,2,17,852.0,433,0.6630350194552529,0
1622,"Відокремлений структурний підрозділ Приватного закладу вищої освіти ""Київський міжнародний університет» - ""Фаховий коледж Київського міжнародного університету""",Київ,Приватна,,1265,1265,65,1,32,0.0,1265,0.0,0
253,Львівська національна академія мистецтв,Львівська область,Державна,Міністерство культури України,1258,1258,38,3,9,640.0,618,0.5087440381558028,0
6520,"Відокремлений структурний підрозділ ""Фаховий коледж інформаційних технологій Національного університету ""Львівська політехніка""",Львівська область,Державна,Міністерство освіти і науки України,1256,1256,12,1,6,795.0,461,0.6329617834394905,0
631,"Відокремлений структурний підрозділ ""Львівський фаховий коледж харчової і переробної промисловості Національного університету харчових технологій""",Львівська область,Державна,Міністерство освіти і науки України,1251,1251,24,1,12,616.0,635,0.4924060751398881,0
2636,"Відокремлений структурний підрозділ ""Бережанський фаховий коледж Національного університету біоресурсів і природокористування України""",Тернопільська область,Державна,Міністерство освіти і науки України,1250,1250,64,2,21,717.0,533,0.5736,0
804,Харківський автотранспортний фаховий коледж,Харківська область,Державна,Міністерство освіти і науки України,1247,1247,13,1,6,765.0,482,0.6134723336006416,0
1079,Відокремлений структурний підрозділ «Кам’янець-Подільський фаховий коледж Закладу вищої освіти «Подільський державний університет»,Хмельницька область,Державна,Міністерство освіти і науки України,1240,1240,28,1,12,668.0,572,0.5387096774193548,0
810,"Комунальний заклад охорони здоров’я ""Харківський обласний медичний фаховий коледж"" Харківської обласної ради",Харківська область,Комунальна,Обласна рада,1240,1240,8,1,4,643.0,597,0.5185483870967742,0
1041,"Відокремлений структурний підрозділ “Фаховий коледж технологій, бізнесу та права Волинського національного університету імені Лесі Українки”",Волинська область,Державна,Міністерство освіти і науки України,1239,1239,25,1,17,732.0,507,0.5907990314769975,0
4102,"КОМУНАЛЬНИЙ ЗАКЛАД ВИЩОЇ ОСВІТИ ""ДНІПРОВСЬКА АКАДЕМІЯ НЕПЕРЕРВНОЇ ОСВІТИ"" ДНІПРОПЕТРОВСЬКОЇ ОБЛАСНОЇ РАДИ""",Дніпропетровська область,Комунальна,Обласна рада,1239,1239,27,4,11,1005.0,234,0.8111380145278451,0
1012,"Відокремлений структурний підрозділ ""Івано-Франківський фаховий коледж фізичного виховання Національного університету фізичного виховання і спорту України""",Івано-Франківська область,Державна,Міністерство молоді та спорту України,1238,1238,13,2,6,440.0,798,0.3554119547657512,0
328,"Київський національний університет театру, кіно і телебачення імені І.К. Карпенка-Карого",Київ,Державна,Міністерство культури України,1224,1224,23,3,4,664.0,560,0.5424836601307189,0
1205,"Відокремлений структурний підрозділ ""Технологічний фаховий коледж Національного університету ""Львівська політехніка""",Львівська область,Державна,Міністерство освіти і науки України,1216,1216,34,1,15,600.0,616,0.4934210526315789,0
1271,"Вищий навчальний заклад ""Університет імені Альфреда Нобеля""",Дніпропетровська область,Приватна,,1214,1214,62,3,26,7.0,1207,0.005766062602965404,0
580,Комунальний заклад «Запорізький медичний фаховий коледж» Запорізької обласної ради,Запорізька область,Комунальна,Обласна рада,1210,1210,17,2,7,643.0,567,0.531404958677686,0
565,"Відокремлений структурний підрозділ ""Фаховий коледж електронних приладів Івано-Франківського національного технічного університету нафти і газу""",Івано-Франківська область,Державна,Міністерство освіти і науки України,1209,1209,44,1,22,945.0,264,0.7816377171215881,0
6603,Відокремлений структурний підрозділ «Житомирський торговельно-економічний фаховий коледж Державного торговельно-економічного університету»,Житомирська область,Державна,Міністерство освіти і науки України,1198,1198,32,1,24,446.0,752,0.3722871452420701,0
784,Відокремлений структурний підрозділ «Технолого-економічний фаховий коледж Миколаївського національного аграрного університету»,Миколаївська область,Державна,Міністерство освіти і науки України,1192,1192,38,1,20,755.0,437,0.6333892617449665,0
413,"Відокремлений структурний підрозділ Вінницький фаховий коледж будівництва, архітектури та дизайну Київського національного університету будівництва і архітектури",Вінницька область,Державна,Міністерство освіти і науки України,1181,1181,19,1,9,644.0,537,0.5453005927180355,0
89,Ізмаїльський державний гуманітарний університет,Одеська область,Державна,Міністерство освіти і науки України,1176,1176,138,3,32,511.0,665,0.43452380952380953,0
669,"Відокремлений структурний підрозділ ""Фаховий коледж морського транспорту Національного університету ""Одеська морська академія""",Одеська область,Державна,Міністерство освіти і науки України,1175,1175,20,1,4,416.0,759,0.35404255319148936,0
372,Відокремлений структурний підрозділ «Рівненський автотранспортний фаховий коледж Національного університету водного господарства та природокористування»,Рівненська область,Державна,Міністерство освіти і науки України,1173,1173,7,2,4,494.0,679,0.42114236999147486,0
831,Черкаський державний фаховий бізнес-коледж,Черкаська область,Державна,Міністерство освіти і науки України,1172,1172,46,2,16,706.0,466,0.6023890784982935,0
7235,"Київський фаховий коледж комп'ютерних технологій та економіки Державного некомерційного підприємства ""Державний університет ""Київський авіаційний інститут""",Київ,Державна,Міністерство освіти і науки України,1167,1167,29,1,17,867.0,300,0.7429305912596401,0
1345,"Відокремлений структурний підрозділ ""Фаховий коледж Кременчуцького національного університету імені Михайла Остроградського""",Полтавська область,Державна,Міністерство освіти і науки України,1167,1167,43,3,14,616.0,551,0.5278491859468724,0
6431,Фаховий коледж Київського університету інтелектуальної власності та права,Київ,Приватна,,1163,1163,31,1,18,0.0,1163,0.0,0
1153,"""Природничо-гуманітарний фаховий коледж Державного вищого навчального закладу ""Ужгородський національний університет""",Закарпатська область,Державна,Міністерство освіти і науки України,1161,1161,37,1,19,447.0,714,0.3850129198966408,0
1149,Івано-Франківський фаховий коледж технологій та бізнесу,Івано-Франківська область,Державна,Міністерство освіти і науки України,1154,1154,19,1,14,1001.0,153,0.8674176776429809,0
50,Харківська державна академія дизайну і мистецтв,Харківська область,Державна,Міністерство культури України,1151,1151,47,3,8,796.0,355,0.6915725456125109,0
913,Відокремлений структурний підрозділ «Уманський фаховий коледж технологій та бізнесу Уманського національного університету»,Черкаська область,Державна,Міністерство освіти і науки України,1147,1147,22,1,13,708.0,439,0.6172624237140366,0
415,Вінницький медичний фаховий коледж ім. акад. Д.К. Заболотного,Вінницька область,Комунальна,Обласна рада,1141,1141,15,2,8,540.0,601,0.4732690622261174,0
2845,ОДЕСЬКИЙ МОРЕХІДНИЙ ФАХОВИЙ КОЛЕДЖ МОРСЬКОГО ТА РИБОПРОМИСЛОВОГО ФЛОТУ ІМЕНІ ОЛЕКСІЯ СОЛЯНИКА,Одеська область,Державна,Міністерство освіти і науки України,1139,1139,27,1,4,221.0,918,0.19402985074626866,0
604,"КОМУНАЛЬНИЙ ЗАКЛАД ""ДНІПРОВСЬКИЙ БАЗОВИЙ ФАХОВИЙ МЕДИЧНИЙ КОЛЕДЖ"" ДНІПРОПЕТРОВСЬКОЇ ОБЛАСНОЇ РАДИ""",Дніпропетровська область,Комунальна,Обласна рада,1130,1130,4,1,2,809.0,321,0.715929203539823,0
521,"Відокремлений структурний підрозділ ""Запорізький електротехнічний фаховий коледж Національного університету ""Запорізька політехніка""",Запорізька область,Державна,Міністерство освіти і науки України,1122,1122,34,2,12,918.0,204,0.8181818181818182,0
887,"Відокремлений структурний підрозділ ""Первомайський фаховий коледж Національного університету кораблебудування імені адмірала Макарова""",Миколаївська область,Державна,Міністерство освіти і науки України,1117,1117,22,1,12,476.0,641,0.4261414503133393,0
330,Кременецька обласна гуманітарно-педагогічна академія ім. Тараса Шевченка,Тернопільська область,Комунальна,Департамент освіти і науки Тернопільської обласної державної адміністрації,1107,1107,83,3,16,543.0,564,0.4905149051490515,0
7232,КРИВОРІЗЬКИЙ ФАХОВИЙ КОЛЕДЖ НАЦІОНАЛЬНОГО УНІВЕРСИТЕТУ «КИЇВСЬКИЙ АВІАЦІЙНИЙ ІНСТИТУТ»,Дніпропетровська область,Державна,Міністерство освіти і науки України,1099,1099,51,2,17,701.0,398,0.637852593266606,0
803,Харківський автомобільно-дорожній фаховий коледж,Харківська область,Державна,Міністерство освіти і науки України,1094,1094,25,2,12,427.0,667,0.3903107861060329,0
299,"Відокремлений підрозділ Національного університету біоресурсів і природокористування України ""Ніжинський агротехнічний інститут""",Чернігівська область,Державна,Міністерство освіти і науки України,1090,1090,41,2,16,470.0,620,0.43119266055045874,0
1222,"Відокремлений структурний підрозділ ""Фаховий коледж економіки і технологій Національного університету ""Чернігівська політехніка""",Чернігівська область,Державна,Міністерство освіти і науки України,1085,1085,31,1,17,387.0,698,0.3566820276497696,0
417,Вінницький транспортний фаховий коледж,Вінницька область,Державна,Міністерство освіти і науки України,1084,1084,36,1,15,714.0,370,0.6586715867158671,0
775,"Відокремлений структурний підрозділ ""Фаховий коледж нафтогазових технологій, інженерії та інфраструктури сервісу Одеського національного технологічного університету""",Одеська область,Державна,Міністерство освіти і науки України,1083,1083,58,2,23,378.0,705,0.3490304709141274,0
1180,Економіко-правовий фаховий коледж Київського кооперативного інституту бізнесу і права,Київ,Приватна,,1083,1083,50,1,17,0.0,1083,0.0,0
112,Хмельницька гуманітарно-педагогічна академія,Хмельницька область,Комунальна,Обласна рада,1080,1080,77,5,24,857.0,223,0.7935185185185185,0
414,"Відокремлений структурний підрозділ ""Вінницький фаховий коледж Національного університету харчових технологій""",Вінницька область,Державна,Міністерство освіти і науки України,1079,1079,23,1,17,752.0,327,0.6969416126042632,0
896,Мирогощанський аграрний фаховий коледж,Рівненська область,Державна,Міністерство освіти і науки України,1074,1074,44,1,12,898.0,176,0.8361266294227188,0
1238,"Відокремлений структурний підрозділ ""Стрийський фаховий коледж Львівського національного університету природокористування""",Львівська область,Державна,Міністерство освіти і науки України,1071,1071,46,1,20,459.0,612,0.42857142857142855,0
5775,"Відокремлений структурний підрозділ ""Херсонський політехнічний фаховий коледж Національного університету ""Одеська політехніка""",Херсонська область,Державна,Міністерство освіти і науки України,1068,1068,40,2,18,840.0,228,0.7865168539325843,0
527,"Комунальний заклад фахової передвищої освіти ""Івано-Франківський медичний фаховий коледж"" Івано-Франківської обласної ради",Івано-Франківська область,Комунальна,Департамент охорони здоров`я обласної державної адміністрації,1066,1066,4,1,2,739.0,327,0.6932457786116323,0
1248,"Відокремлений структурний підрозділ ""Хорольський агропромисловий фаховий коледж Полтавського державного аграрного університету""",Полтавська область,Державна,Міністерство освіти і науки України,1061,1061,24,1,10,629.0,432,0.592836946277097,0
428,"Відокремлений структурний підрозділ ""Коломийський політехнічний фаховий коледж Національного університету ""Львівська політехніка""",Івано-Франківська область,Державна,Міністерство освіти і науки України,1061,1061,51,1,18,599.0,462,0.5645617342130066,0
460,Дніпровський транспортно-економічний фаховий коледж,Дніпропетровська область,Державна,Міністерство освіти і науки України,1046,1046,41,1,20,620.0,426,0.5927342256214149,0
875,Відокремлений структурний підрозділ «Економіко-правничий фаховий коледж Запорізького національного університету»,Запорізька область,Державна,Міністерство освіти і науки України,1043,1043,37,1,23,632.0,411,0.6059443911792906,0
678,Відокремлений структурний підрозділ «Новобузький фаховий коледж Миколаївського національного аграрного університету»,Миколаївська область,Державна,Міністерство освіти і науки України,1043,1043,42,1,12,519.0,524,0.49760306807286675,0
1084,"Товариство з обмеженою відповідальністю ""Голосіївський економіко-правовий фаховий коледж""",Київ,Приватна,,1041,1041,41,2,15,1.0,1040,0.0009606147934678194,0
629,"Відокремлений структурний підрозділ ""Автомобільно-дорожній фаховий коледж Національного університету ""Львівська політехніка""",Львівська область,Державна,Міністерство освіти і науки України,1036,1036,18,1,7,677.0,359,0.6534749034749034,0
852,Чортківський медичний фаховий коледж,Тернопільська область,Комунальна,Обласна рада,1035,1035,17,2,6,629.0,406,0.6077294685990338,0
478,Дніпровський фаховий коледж будівельно-монтажних технологій та архітектури,Дніпропетровська область,Державна,Міністерство освіти і науки України,1032,1032,20,1,8,614.0,418,0.5949612403100775,0
3047,Відокремлений структурний підрозділ Житомирський технологічний фаховий коледж Київського національного університету будівництва і архітектури,Житомирська область,Державна,Міністерство освіти і науки України,1030,1030,42,1,21,671.0,359,0.6514563106796116,0
450,Дніпровський технолого-економічний фаховий коледж,Дніпропетровська область,Державна,Міністерство освіти і науки України,1028,1028,22,2,11,768.0,260,0.7470817120622568,0
6700,"Відокремлений структурний підрозділ ""Львівський фаховий коледж транспортної інфраструктури Національного університету ""Львівська політехніка""",Львівська область,Державна,Міністерство освіти і науки України,1023,1023,28,2,9,378.0,645,0.36950146627565983,0
670,"Відокремлений структурний підрозділ ""Мукачівський фаховий коледж Національного університету біоресурсів і природокористування України""",Закарпатська область,Державна,Міністерство освіти і науки України,1019,1019,43,1,16,340.0,679,0.3336604514229637,0
2646,"Відокремлений структурний підрозділ ""Фаховий коледж транспорту та комп`ютерних технологій Національного університету ""Чернігівська політехніка""",Чернігівська область,Державна,Міністерство освіти і науки України,1011,1011,23,1,13,675.0,336,0.6676557863501483,0
391,Борщівський агротехнічний фаховий коледж,Тернопільська область,Державна,Міністерство освіти і науки України,1009,1009,26,1,10,532.0,477,0.5272547076313181,0
563,Відокремлений структурний підрозділ «Ковельський промислово-економічний фаховий коледж Луцького національного технічного університету»,Волинська область,Державна,Міністерство освіти і науки України,994,994,20,1,11,474.0,520,0.4768611670020121,0
1395,"Державний заклад вищої освіти ""Університет менеджменту освіти""",Київ,Державна,Національна академія педагогічних наук України,989,989,45,3,14,13.0,976,0.01314459049544995,0
42,"Державний вищий навчальний заклад ""Приазовський державний технічний університет""",Донецька область,Державна,Міністерство освіти і науки України,983,983,126,3,45,490.0,493,0.49847405900305186,0
1158,Заклад фахової передвищої освіти «Київський міський медичний фаховий коледж»,Київ,Комунальна,Департамент освіти і науки виконавчого органу Київської міської ради (Київської міської державної адміністрації),980,980,8,1,4,692.0,288,0.7061224489795919,0
2639,"Відокремлений структурний підрозділ ""Надвірнянський фаховий коледж Національного транспортного університету""",Івано-Франківська область,Державна,Міністерство освіти і науки України,978,978,35,1,18,595.0,383,0.6083844580777096,0
599,"Комунальний заклад ""Криворізький фаховий медичний коледж"" Дніпропетровської обласної ради""",Дніпропетровська область,Комунальна,Обласна рада,977,977,16,3,6,612.0,365,0.6264073694984647,0
797,"Приватний вищий навчальний заклад ""Фінансово-правовий коледж""",Київ,Приватна,,976,976,26,2,5,0.0,976,0.0,0
637,ХАРКІВСЬКИЙ ДЕРЖАВНИЙ ПРОФЕСIЙНО-ПЕДАГОГІЧНИЙ ФАХОВИЙ КОЛЕДЖ IМЕНI В.І. ВЕРНАДСЬКОГО,Харківська область,Державна,Міністерство освіти і науки України,972,972,20,1,2,261.0,711,0.26851851851851855,0
886,"Відокремлений структурний підрозділ ""Охтирський фаховий коледж Сумського національного аграрного університету""",Сумська область,Державна,Міністерство освіти і науки України,969,969,30,1,15,461.0,508,0.4757481940144479,0
463,Київський фаховий коледж прикладних наук,Київ,Державна,Міністерство освіти і науки України,964,964,37,2,10,459.0,505,0.47614107883817425,0
4290,Відокремлений структурний підрозділ «Запорізький металургійний фаховий коледж Запорізького національного університету»,Запорізька область,Державна,Міністерство освіти і науки України,962,962,27,1,9,541.0,421,0.5623700623700624,0
1287,Відокремлений структурний підрозділ «Фаховий коледж Чернівецького національного університету імені Юрія Федьковича»,Чернівецька область,Державна,Міністерство освіти і науки України,958,958,24,1,14,516.0,442,0.5386221294363257,0
660,Миколаївський базовий медичний фаховий коледж Миколаївської обласної ради,Миколаївська область,Комунальна,Обласна державна адміністрація,952,952,12,2,7,678.0,274,0.7121848739495799,0
474,"Комунальний заклад ""Дніпропетровський фаховий мистецько-художній коледж культури"" Дніпропетровської обласної ради""",Дніпропетровська область,Комунальна,Обласна рада,952,952,27,1,15,787.0,165,0.8266806722689075,0
981,Фаховий коледж Національного фармацевтичного університету,Харківська область,Державна,Міністерство охорони здоров`я України,946,946,8,2,2,0.0,946,0.0,0
830,Червоноградський гірничо-економічний фаховий коледж,Львівська область,Державна,Міністерство освіти і науки України,945,945,33,2,13,488.0,457,0.5164021164021164,0
6966,"Фаховий коледж ""Універсум"" Київського столичного університету імені Бориса Грінченка",Київ,Комунальна,Міська рада,945,945,31,1,20,613.0,332,0.6486772486772486,0
698,Одеський фаховий коледж транспортних технологій,Одеська область,Державна,Міністерство освіти і науки України,941,941,42,1,14,582.0,359,0.6184909670563231,0
876,"Відокремлений структурний підрозділ ""Конотопський індустріально-педагогічний фаховий коледж Сумського державного університету""",Сумська область,Державна,Міністерство освіти і науки України,938,938,51,1,16,716.0,222,0.7633262260127932,0
512,Житомирський кооперативний фаховий коледж бізнесу і права,Житомирська область,Приватна,ЖИТОМИРСЬКА ОБЛАСНА СПІЛКА СПОЖИВЧИХ ТОВАРИСТВ,929,929,25,2,13,0.0,929,0.0,0
595,"Відокремлений структурний підрозділ ""Гірничо-електромеханічний фаховий коледж Криворізького національного університету""",Дніпропетровська область,Державна,Міністерство освіти і науки України,929,929,33,1,17,858.0,71,0.9235737351991389,0
441,"Відокремлений структурний підрозділ ""Гусятинський фаховий коледж Тернопільського національного технічного університету імені Івана Пулюя""",Тернопільська область,Державна,Міністерство освіти і науки України,929,929,47,2,16,364.0,565,0.39181916038751347,0
416,"Комунальний заклад вищої освіти ""Вінницький гуманітарно-педагогічний коледж""",Вінницька область,Комунальна,Департамент гуманітарної політики Вінницької обласної державної адміністрації,929,929,33,2,12,877.0,52,0.9440258342303552,0
67,"Національна академія статистики, обліку та аудиту",Київ,Державна,Державна служба статистики України,928,928,47,2,16,11.0,917,0.011853448275862068,0
7261,ВІДОКРЕМЛЕНИЙ СТРУКТУРНИЙ ПІДРОЗДІЛ «ОДЕСЬКИЙ ФАХОВИЙ КОЛЕДЖ КОМП'ЮТЕРНИХ ТЕХНОЛОГІЙ ОДЕСЬКОГО НАЦІОНАЛЬНОГО УНІВЕРСИТЕТУ ІМЕНІ І. І. МЕЧНИКОВА»,Одеська область,Державна,Міністерство освіти і науки України,926,926,32,1,12,618.0,308,0.6673866090712743,0
482,Фаховий коледж зварювання та електроніки імені Є.О. Патона,Дніпропетровська область,Державна,Міністерство освіти і науки України,926,926,19,1,10,748.0,178,0.8077753779697624,0
332,Національна академія керівних кадрів культури і мистецтв,Київ,Державна,Міністерство культури України,925,925,51,3,19,154.0,771,0.16648648648648648,0
1009,"Відокремлений структурний підрозділ ""Автотранспортний фаховий коледж Криворізького національного університету""",Дніпропетровська область,Державна,Міністерство освіти і науки України,922,922,19,1,7,795.0,127,0.8622559652928417,0
777,Відокремлений структурний підрозділ «Рівненський економіко-технологічний фаховий коледж Національного університету водного господарства та природокористування»,Рівненська область,Державна,Міністерство освіти і науки України,921,921,36,1,18,490.0,431,0.5320304017372421,0
914,"Відокремлений структурний підрозділ ""Свалявський технічний фаховий коледж Національного університету харчових технологій""",Закарпатська область,Державна,Міністерство освіти і науки України,921,921,40,1,14,327.0,594,0.3550488599348534,0
399,Володимирський педагогічний фаховий коледж імені Агатангела Кримського Волинської обласної ради,Волинська область,Комунальна,Управління освіти і науки Волинської обласної державної адміністрації,919,919,26,2,11,758.0,161,0.8248095756256801,0
357,НАЦІОНАЛЬНА МУЗИЧНА АКАДЕМІЯ УКРАЇНИ,Київ,Державна,Міністерство культури України,916,916,18,3,6,672.0,244,0.7336244541484717,0
506,"Відокремлений структурний підрозділ ""Житлово-комунальний фаховий коледж Харківського національного університету міського господарства імені О.М. Бекетова""",Харківська область,Державна,Міністерство освіти і науки України,913,913,25,1,10,578.0,335,0.6330777656078861,0
938,Прилуцький технічний фаховий коледж,Чернігівська область,Державна,Міністерство освіти і науки України,912,912,20,1,10,538.0,374,0.5899122807017544,0
902,"Відокремлений структурний підрозділ ""Полтавський фаховий коледж нафти і газу Національного університету ""Полтавська політехніка імені Юрія Кондратюка""",Полтавська область,Державна,Міністерство освіти і науки України,910,910,9,1,7,604.0,306,0.6637362637362637,0
445,Калуський політехнічний фаховий коледж,Івано-Франківська область,Державна,Міністерство освіти і науки України,908,908,39,1,13,538.0,370,0.5925110132158591,0
509,"Відокремлений структурний підрозділ ""Житомирський автомобільно-дорожній фаховий коледж Національного транспортного університету""",Житомирська область,Державна,Міністерство освіти і науки України,901,901,19,2,11,594.0,307,0.6592674805771365,0
632,"Львівський фаховий коледж будівництва, архітектури та дизайну",Львівська область,Державна,Міністерство освіти і науки України,901,901,12,1,7,632.0,269,0.7014428412874584,0
4289,Відокремлений структурний підрозділ «Запорізький гідроенергетичний фаховий коледж Запорізького національного університету»,Запорізька область,Державна,Міністерство освіти і науки України,900,900,47,1,19,686.0,214,0.7622222222222222,0
1471,Хмельницький кооперативний фаховий коледж Хмельницького кооперативного торговельно-економічного інституту,Хмельницька область,Приватна,"ТОВАРИСТВО З ОБМЕЖЕНОЮ ВІДПОВІДАЛЬНІСТЮ ""ІНСТИТУТ ЛЮДСЬКОГО КАПІТАЛУ ТА СТАЛОГО БІЗНЕСУ""",891,891,30,1,14,0.0,891,0.0,0
422,Володимир-Волинський фаховий коледж,Волинська область,Державна,Міністерство освіти і науки України,882,882,21,1,10,455.0,427,0.5158730158730159,0
516,Відокремлений структурний підрозділ «Закарпатський лісотехнічний фаховий коледж Національного лісотехнічного університету України»,Закарпатська область,Державна,Міністерство освіти і науки України,881,881,20,1,12,292.0,589,0.3314415437003405,0
384,Відокремлений структурний підрозділ «Березоворудський фаховий коледж Полтавського державного аграрного університету»,Полтавська область,Державна,Міністерство освіти і науки України,880,880,22,2,6,474.0,406,0.5386363636363637,0
6449,"ПРИВАТНИЙ ЗАКЛАД ВИЩОЇ ОСВІТИ ""УНІВЕРСИТЕТ МЕДИЦИНИ ТА СОЦІАЛЬНИХ НАУК""",Харківська область,Приватна,,878,878,26,2,9,0.0,878,0.0,0
780,"Відокремлений структурний підрозділ ""Технічний фаховий коледж Національного університету ""Львівська політехніка""",Львівська область,Державна,Міністерство освіти і науки України,877,877,26,1,18,468.0,409,0.5336374002280502,0
712,Полтавський фаховий кооперативний коледж,Полтавська область,Приватна,"ТОВАРИСТВО З ОБМЕЖЕНОЮ ВІДПОВІДАЛЬНІСТЮ ""ПОЛТАВСЬКА МІСЬКА СПІЛКА ТОВАРИСТВ""",876,876,38,1,14,0.0,876,0.0,0
295,"Вищий навчальний приватний заклад ""Дніпровський гуманітарний університет""",Дніпропетровська область,Приватна,,873,873,28,2,8,0.0,873,0.0,0
562,Кропивницький аграрний фаховий коледж,Кіровоградська область,Державна,Міністерство освіти і науки України,872,872,19,1,10,601.0,271,0.6892201834862385,0
373,"Відокремлений структурний підрозділ ""Фаховий коледж управління, економіки і права Полтавського державного аграрного університету""",Полтавська область,Державна,Міністерство освіти і науки України,868,868,26,1,13,286.0,582,0.3294930875576037,0
6524,"Відокремлений структурний підрозділ ""Миколаївський фаховий коледж транспортної інфраструктури Українського державного університету науки і технологій""",Миколаївська область,Державна,Міністерство освіти і науки України,863,863,31,1,11,604.0,259,0.6998841251448435,0
593,"Комунальний заклад вищої освіти ""Кременчуцька гуманітарно-технологічна академія"" Полтавської обласної ради",Полтавська область,Комунальна,Департамент освіти і науки Полтавської обласної державної адміністрації,862,862,43,2,14,722.0,140,0.8375870069605569,0
1296,Фаховий коледж економіки і права Вінницького кооперативного інституту,Вінницька область,Приватна,ВІННИЦЬКА ОБЛАСНА СПІЛКА СПОЖИВЧИХ ТОВАРИСТВ,859,859,30,1,12,0.0,859,0.0,0
532,Іллінецький аграрний фаховий коледж,Вінницька область,Державна,Міністерство освіти і науки України,857,857,34,1,12,614.0,243,0.7164527421236873,0
842,Чернівецький кооперативний фаховий коледж економіки і права,Чернівецька область,Корпоративна,ЧЕРНІВЕЦЬКА ОБЛАСНА СПІЛКА СПОЖИВЧИХ ТОВАРИСТВ (ОБЛСПОЖИВСПІЛКА),855,855,54,1,17,0.0,855,0.0,0
6624,"Відокремлений структурний підрозділ ""Хмельницький торговельно-економічний фаховий коледж Державного торговельно-економічного університету""",Хмельницька область,Державна,Міністерство освіти і науки України,851,851,34,2,14,466.0,385,0.5475910693301997,0
3928,"Відокремлений структурний підрозділ ""Київський фаховий коледж міського господарства Таврійського національного університету імені В.І. Вернадського""",Київ,Державна,Міністерство освіти і науки України,851,851,38,1,15,470.0,381,0.5522914218566393,0
6598,"Відокремлений структурний підрозділ ""Ужгородський торговельно-економічний фаховий коледж Державного торговельно-економічного університету""",Закарпатська область,Державна,Міністерство освіти і науки України,847,847,23,1,12,454.0,393,0.5360094451003542,0
983,"Відокремлений структурний підрозділ ""Боярський фаховий коледж Національного університету біоресурсів і природокористування України""",Київська область,Державна,Міністерство освіти і науки України,846,846,45,1,24,444.0,402,0.524822695035461,0
6759,"Відокремлений структурний підрозділ ""Донбаський аграрний фаховий коледж Східноукраїнського національного університету імені Володимира Даля""",Донецька область,Державна,Міністерство освіти і науки України,845,845,41,1,16,582.0,263,0.6887573964497041,0
189,"Вищий навчальний заклад ""Міжнародний технологічний університет ""Миколаївська політехніка""",Миколаївська область,Приватна,,845,845,30,3,10,0.0,845,0.0,0
881,Відокремлений структурний підрозділ «Ладижинський фаховий коледж Вінницького національного аграрного університету»,Вінницька область,Державна,Міністерство освіти і науки України,841,841,25,1,10,579.0,262,0.6884661117717004,0
893,Відокремлений структурний підрозділ «Технологічно-промисловий фаховий коледж Вінницького національного аграрного університету»,Вінницька область,Державна,Міністерство освіти і науки України,839,839,21,2,9,374.0,465,0.44576877234803336,0
682,"Відокремлений структурний підрозділ ""Новокаховський фаховий коледж Таврійського державного агротехнологічного університету імені Дмитра Моторного""",Херсонська область,Державна,Міністерство освіти і науки України,834,834,29,1,15,234.0,600,0.2805755395683453,0
783,"Відокремлений структурний підрозділ ""Технолого-економічний фаховий коледж Білоцерківського національного аграрного університету""",Київська область,Державна,Міністерство освіти і науки України,834,834,20,2,12,629.0,205,0.7541966426858513,0
952,Кременецький лісотехнічний фаховий коледж,Тернопільська область,Державна,Міністерство освіти і науки України,832,832,21,1,9,451.0,381,0.5420673076923077,0
835,Черкаський політехнічний фаховий коледж,Черкаська область,Державна,Міністерство освіти і науки України,831,831,27,1,12,571.0,260,0.6871239470517448,0
525,"Відокремлений структурний підрозділ ""Золочівський фаховий коледж Львівського національного університету природокористування""",Львівська область,Державна,Міністерство освіти і науки України,828,828,33,1,10,451.0,377,0.5446859903381642,0
6597,Чернівецький торговельно - економічний інститут Державного торговельно - економічного університету,Чернівецька область,Державна,Міністерство освіти і науки України,826,826,43,2,13,36.0,790,0.043583535108958835,0
452,Дрогобицький механіко-технологічний фаховий коледж,Львівська область,Державна,Міністерство освіти і науки України,823,823,31,1,13,583.0,240,0.7083839611178615,0
733,Рівненський кооперативний економіко-правовий фаховий коледж,Рівненська область,Приватна,РІВНЕНСЬКА ОБЛАСНА СПІЛКА СПОЖИВЧИХ ТОВАРИСТВ,822,822,28,1,14,0.0,822,0.0,0
546,Київський електромеханічний фаховий коледж,Київ,Державна,Міністерство освіти і науки України,821,821,52,3,15,466.0,355,0.5676004872107187,0
477,Відокремлений структурний підрозділ “Фаховий коледж ракетно - космічного машинобудування Дніпровського національного університету імені Олеся Гончара”,Дніпропетровська область,Державна,Міністерство освіти і науки України,820,820,17,1,13,772.0,48,0.9414634146341463,0
685,САМАРІВСЬКИЙ КООПЕРАТИВНИЙ ФАХОВИЙ КОЛЕДЖ,Дніпропетровська область,Приватна,ДНІПРОПЕТРОВСЬКА ОБЛАСНА СПІЛКА СПОЖИВЧИХ ТОВАРИСТВ,819,819,24,1,8,0.0,819,0.0,0
52,Донбаська державна машинобудівна академія,Донецька область,Державна,Міністерство освіти і науки України,816,816,100,3,44,386.0,430,0.4730392156862745,0
732,Рівненський фаховий коледж інформаційних технологій,Рівненська область,Державна,Міністерство освіти і науки України,815,815,30,1,16,468.0,347,0.5742331288343558,0
549,Київський професійно-педагогічний фаховий коледж імені Антона Макаренка,Київ,Державна,Міністерство освіти і науки України,814,814,61,2,13,371.0,443,0.4557739557739558,0
2660,"Заклад вищої освіти ""Академія рекреаційних технологій і права""",Волинська область,Приватна,,813,813,45,2,13,0.0,813,0.0,0
1520,"""Фаховий коледж Київського університету культури""",Київ,Приватна,,812,812,17,1,10,0.0,812,0.0,0
453,Київський енергетичний фаховий коледж,Київ,Державна,Міністерство освіти і науки України,810,810,24,1,10,481.0,329,0.5938271604938271,0
511,Житомирський базовий фармацевтичний фаховий коледж Житомирської обласної ради,Житомирська область,Комунальна,Обласна рада,810,810,8,1,4,156.0,654,0.1925925925925926,0
2642,"Відокремлений структурний підрозділ ""Ніжинський фаховий коледж Національного університету біоресурсів і природокористування України""",Чернігівська область,Державна,Міністерство освіти і науки України,810,810,29,1,13,464.0,346,0.5728395061728395,0
596,Криворізький фаховий коледж торгівлі та готельно-ресторанного бізнесу,Дніпропетровська область,Державна,Міністерство освіти і науки України,806,806,12,1,10,728.0,78,0.9032258064516129,0
841,"Відокремлений структурний підрозділ ""Чернівецький фаховий коледж Львівського національного університету природокористування""",Чернівецька область,Державна,Міністерство освіти і науки України,803,803,13,1,4,505.0,298,0.6288916562889165,0
5787,"Відокремлений структурний підрозділ ""Оптико-механічний фаховий коледж Київського національного університету імені Тараса Шевченка""",Київ,Державна,Міністерство освіти і науки України,802,802,36,1,16,403.0,399,0.5024937655860349,0
742,Самбірський фаховий коледж економіки та інформаційних технологій,Львівська область,Державна,Міністерство освіти і науки України,801,801,25,1,11,602.0,199,0.7515605493133583,0
1282,Київська муніципальна академія естрадного та циркового мистецтв,Київ,Комунальна,Виконавчий орган Київської міської ради (Київська міська державна адміністрація),800,800,16,3,5,455.0,345,0.56875,0
347,"Приватне акціонерне товариство ""Приватний вищий навчальний заклад ""Запорізький інститут економіки та інформаційних технологій""",Запорізька область,Приватна,,799,799,77,3,25,0.0,799,0.0,0
462,Запорізький будівельний фаховий коледж,Запорізька область,Державна,Міністерство освіти і науки України,796,796,17,1,9,609.0,187,0.7650753768844221,0
868,"Приватний вищий навчальний заклад ""Український гуманітарний інститут""",Київська область,Приватна,,795,795,58,1,25,7.0,788,0.00880503144654088,0
994,"Заклад фахової передвищої освіти ""Перший Київський фаховий медичний коледж""",Київ,Комунальна,Департамент освіти і науки виконавчого органу Київської міської ради (Київської міської державної адміністрації),794,794,6,1,4,569.0,225,0.716624685138539,0
1034,"Відокремлений структурний підрозділ ""Заліщицький фаховий коледж імені Є. Храпливого Національного університету біоресурсів і природокористування України""",Тернопільська область,Державна,Міністерство освіти і науки України,791,791,35,1,14,455.0,336,0.5752212389380531,0
6538,"ВІДОКРЕМЛЕНИЙ СТРУКТУРНИЙ ПІДРОЗДІЛ ДУНАЙСЬКИЙ ФАХОВИЙ КОЛЕДЖ НАЦІОНАЛЬНОГО УНІВЕРСИТЕТУ ""ОДЕСЬКА МОРСЬКА АКАДЕМІЯ""",Одеська область,Державна,Міністерство освіти і науки України,790,790,34,1,7,0.0,790,0.0,0
561,Кіровоградський медичний фаховий коледж ім. Є.Й. Мухіна,Кіровоградська область,Комунальна,Обласна рада,787,787,10,1,4,525.0,262,0.6670902160101652,0
715,"Відокремлений структурний підрозділ ""Полтавський політехнічний фаховий коледж Національного технічного університету ""Харківський політехнічний інститут""",Полтавська область,Державна,Міністерство освіти і науки України,787,787,16,1,8,524.0,263,0.6658195679796697,0
6654,"Відокремлений структурний підрозділ ""Харківський торговельно-економічний фаховий коледж Державного торговельно-економічного університету""",Харківська область,Державна,Міністерство освіти і науки України,785,785,46,2,15,209.0,576,0.2662420382165605,0
954,"Відокремлений структурний підрозділ ""Ірпінський фаховий коледж Національного університету біоресурсів і природокористування України""",Київська область,Державна,Міністерство освіти і науки України,784,784,23,1,15,436.0,348,0.5561224489795918,0
716,Відокремлений структурний підрозділ «Полтавський фаховий коледж Національного університету харчових технологій»,Полтавська область,Державна,Міністерство освіти і науки України,783,783,29,1,11,416.0,367,0.5312899106002554,0
1263,"Відокремлений структурний підрозділ ""Аграрно-економічний фаховий коледж Полтавського державного аграрного університету""",Полтавська область,Державна,Міністерство освіти і науки України,783,783,35,1,12,348.0,435,0.4444444444444444,0
1120,"Відокремлений структурний підрозділ ""Мелітопольський фаховий коледж Таврійського державного агротехнологічного університету імені Дмитра Моторного""",Запорізька область,Державна,Міністерство освіти і науки України,781,781,31,1,12,631.0,150,0.8079385403329066,0
2833,Національний університет охорони здоров’я України імені П. Л. Шупика,Київ,Державна,Міністерство охорони здоров`я України,779,779,46,2,24,313.0,466,0.4017971758664955,0
6476,Відокремлений структурний підрозділ «Харківський фаховий коледж інформаційних технологій Національного аерокосмічного університету «Харківський авіаційний інститут»,Харківська область,Державна,Міністерство освіти і науки України,778,778,9,1,4,518.0,260,0.6658097686375322,0
379,"Відокремлений структурний підрозділ ""Барський фаховий коледж транспорту та будівництва Національного транспортного університету""",Вінницька область,Державна,Міністерство освіти і науки України,776,776,23,2,9,513.0,263,0.6610824742268041,0
219,Херсонський навчально-науковий інститут Національного університету кораблебудування імені адмірала Макарова,Херсонська область,Державна,Міністерство освіти і науки України,775,775,57,2,20,415.0,360,0.535483870967742,0
6881,Академічний фаховий коледж ОНЮА,Одеська область,Приватна,,774,774,23,1,13,0.0,774,0.0,0
461,"Бердичівський фаховий коледж промисловості, економіки та права",Житомирська область,Державна,Міністерство освіти і науки України,773,773,26,1,16,389.0,384,0.5032341526520052,0
237,"Відокремлений структурний підрозділ закладу вищої освіти ""Відкритий міжнародний університет розвитку людини ""Україна"" Луцький інститут розвитку людини",Волинська область,Приватна,,773,773,60,3,15,0.0,773,0.0,0
383,Відокремлений структурний підрозділ «Березнівський лісотехнічний фаховий коледж Національного університету водного господарства та природокористування»,Рівненська область,Державна,Міністерство освіти і науки України,772,772,26,2,10,384.0,388,0.49740932642487046,0
1115,Харківський політехнічний фаховий коледж,Харківська область,Державна,Міністерство освіти і науки України,770,770,16,1,10,414.0,356,0.5376623376623376,0
989,"Відокремлений структурний підрозділ ""Харківський комп'ютерно-технологічний фаховий коледж Національного технічного університету ""Харківський політехнічний інститут""",Харківська область,Державна,Міністерство освіти і науки України,765,765,27,1,13,496.0,269,0.6483660130718955,0
1065,Київська муніципальна академія музики ім. Р.М. Глієра,Київ,Комунальна,Виконавчий орган Київської міської ради (Київська міська державна адміністрація),757,757,9,3,2,643.0,114,0.8494055482166446,0
1884,Відокремлений структурний підрозділ фаховий коледж Житомирського медичного інституту Житомирської обласної ради,Житомирська область,Комунальна,Обласна рада,756,756,9,1,4,257.0,499,0.33994708994708994,0
2632,"Відокремлений структурний підрозділ ""Оріхівський фаховий коледж Таврійського державного агротехнологічного університету імені Дмитра Моторного""",Запорізька область,Державна,Міністерство освіти і науки України,754,754,20,1,10,513.0,241,0.6803713527851459,0
1053,"Відокремлений структурний підрозділ ""Морський фаховий коледж Херсонської державної морської академії""",Херсонська область,Державна,Міністерство освіти і науки України,751,751,25,2,2,621.0,130,0.8268974700399467,0
662,Миколаївський політехнічний фаховий коледж,Миколаївська область,Державна,Міністерство освіти і науки України,749,749,28,1,11,538.0,211,0.7182910547396528,0
132,Київська державна академія декоративно-прикладного мистецтва і дизайну імені Михайла Бойчука,Київ,Державна,Міністерство культури України,748,748,25,3,5,394.0,354,0.5267379679144385,0
473,Придніпровський металургійний фаховий коледж,Дніпропетровська область,Державна,Міністерство освіти і науки України,747,747,20,2,11,744.0,3,0.9959839357429718,0
6614,"Відокремлений структурний підрозділ ""Вінницький торговельно-економічний фаховий коледж Державного торговельно-економічного університету""",Вінницька область,Державна,Міністерство освіти і науки України,746,746,32,1,16,403.0,343,0.5402144772117963,0
2355,"Відокремлений структурний підрозділ закладу вищої освіти ""Відкритий міжнародний університет розвитку людини ""Україна"" Миколаївський фаховий коледж",Миколаївська область,Приватна,,740,740,20,1,15,0.0,740,0.0,0
522,"Відокремлений структурний підрозділ ""Запорізький фаховий коледж комп'ютерних технологій Національного університету ""Запорізька політехніка""",Запорізька область,Державна,Міністерство освіти і науки України,739,739,21,1,11,490.0,249,0.6630581867388363,0
649,"Вiдокремлений структурний пiдроздiл ""Краматорський фаховий коледж промисловостi, iнформацiйних технологiй та бiзнесу Донбаської державної машинобудiвної академiї""",Донецька область,Державна,Міністерство освіти і науки України,735,735,31,1,15,519.0,216,0.7061224489795919,0
87,Харківська державна академія культури,Харківська область,Державна,Міністерство культури України,730,730,30,3,17,493.0,237,0.6753424657534246,0
928,Комунальний заклад Київської обласної ради «Білоцерківський гуманітарно-педагогічний фаховий коледж»,Київська область,Комунальна,Департамент освіти і науки Київської обласної державної адміністрації,729,729,22,2,8,574.0,155,0.7873799725651578,0
879,"Відокремлений структурний підрозділ ""Сумський фаховий коледж Сумського національного аграрного університету""",Сумська область,Державна,Міністерство освіти і науки України,728,728,42,2,17,319.0,409,0.4381868131868132,0
688,Новочорторийський технолого-економічний фаховий коледж,Житомирська область,Державна,Міністерство освіти і науки України,723,723,25,1,10,311.0,412,0.43015214384508993,0
1362,"Вищий приватний навчальний заклад ""Львівський медичний університет""",Львівська область,Приватна,,723,723,40,2,10,0.0,723,0.0,0
779,Відокремлений структурний підрозділ «Рівненський технічний фаховий коледж Національного університету водного господарства та природокористування»,Рівненська область,Державна,Міністерство освіти і науки України,722,722,40,2,17,527.0,195,0.7299168975069252,0
939,"Відокремлений структурний підрозділ ""Автотранспортний фаховий коледж Національного технічного університету ""Дніпровська політехніка""",Дніпропетровська область,Державна,Міністерство освіти і науки України,719,719,9,2,3,343.0,376,0.47705146036161333,0
1185,"Заклад фахової передвищої освіти ""Київський фаховий медичний коледж № 3""",Київ,Комунальна,Департамент освіти і науки виконавчого органу Київської міської ради (Київської міської державної адміністрації),719,719,4,1,2,627.0,92,0.8720445062586927,0
814,"Харківський фаховий коледж будівництва, архітектури та дизайну",Харківська область,Державна,Міністерство освіти і науки України,718,718,12,1,5,477.0,241,0.6643454038997214,0
448,Дніпровський фаховий коледж технологій та дизайну,Дніпропетровська область,Державна,Міністерство освіти і науки України,717,717,17,2,10,446.0,271,0.6220362622036262,0
6944,"Відокремлений структурний підрозділ ""Дніпровський фаховий коледж інженерії та педагогіки Українського державного університету науки і технологій""",Дніпропетровська область,Державна,Міністерство освіти і науки України,715,715,47,2,18,534.0,181,0.7468531468531469,0
475,Дніпровський індустріальний фаховий коледж,Дніпропетровська область,Державна,Міністерство освіти і науки України,714,714,18,2,15,662.0,52,0.927170868347339,0
843,Чернівецький медичний фаховий коледж,Чернівецька область,Комунальна,Обласна рада,713,713,4,1,2,453.0,260,0.635343618513324,0
1164,"Львівський інститут Приватного акціонерного товариства ""Вищий навчальний заклад ""Міжрегіональна Академія управління персоналом""",Львівська область,Приватна,,709,709,32,2,10,0.0,709,0.0,0
941,"Відокремлений структурний підрозділ ""Павлоградський фаховий коледж Національного технічного університету ""Дніпровська політехніка""",Дніпропетровська область,Державна,Міністерство освіти і науки України,706,706,21,2,12,457.0,249,0.6473087818696884,0
774,Тернопільський кооперативний фаховий коледж,Тернопільська область,Приватна,"ТОВАРИСТВО З ОБМЕЖЕНОЮ ВІДПОВІДАЛЬНІСТЮ ""ТЕРНОПІЛЬСЬКА ОБЛСПОЖИВСПІЛКА""",704,704,26,1,14,0.0,704,0.0,0
883,Відокремлений структурний підрозділ «Машинобудівний фаховий коледж Сумського державного університету»,Сумська область,Державна,Міністерство освіти і науки України,697,697,23,1,10,482.0,215,0.6915351506456241,0
535,Калинівський технологічний фаховий коледж,Вінницька область,Державна,Міністерство освіти і науки України,697,697,30,1,12,321.0,376,0.460545193687231,0
998,"Відокремлений структурний підрозділ ""Маслівський аграрний фаховий коледж ім. П.Х. Гаркавого Білоцерківського національного аграрного університету""",Київська область,Державна,Міністерство освіти і науки України,695,695,32,2,10,463.0,232,0.6661870503597123,0
999,"Комунальний заклад вищої освіти ""Барський гуманітарно-педагогічний коледж імені Михайла Грушевського""",Вінницька область,Комунальна,Департамент гуманітарної політики Вінницької обласної державної адміністрації,695,695,53,3,11,468.0,227,0.6733812949640288,0
1035,Полтавський юридичний інститут Національного юридичного університету імені Ярослава Мудрого,Полтавська область,Державна,Міністерство освіти і науки України,689,689,8,2,2,2.0,687,0.002902757619738752,0
1060,Відокремлений структурний підрозділ «Бучацький фаховий коледж Закладу вищої освіти «Подільський державний університет»,Тернопільська область,Державна,Міністерство освіти і науки України,687,687,38,1,14,499.0,188,0.7263464337700145,0
634,"Відокремлений структурний підрозділ ""Львівський фаховий коледж індустрії моди Київського національного університету технологій та дизайну""",Львівська область,Державна,Міністерство освіти і науки України,686,686,23,1,8,450.0,236,0.6559766763848397,0
7234,"Слов'янський фаховий коледж Державного некомерційного підприємства ""Державний університет ""Київський авіаційний інститут""",Донецька область,Державна,Міністерство освіти і науки України,685,685,54,1,21,586.0,99,0.8554744525547445,0
2786,Вінницький навчально-науковий інститут економіки Західноукраїнського національного університету,Вінницька область,Державна,Міністерство освіти і науки України,685,685,33,2,10,12.0,673,0.017518248175182483,0
823,Хмельницький базовий медичний фаховий коледж,Хмельницька область,Комунальна,Обласна рада,683,683,6,1,4,360.0,323,0.527086383601757,0
890,Відокремлений структурний підрозділ «Путивльський фаховий коледж Сумського національного аграрного університету»,Сумська область,Державна,Міністерство освіти і науки України,682,682,51,1,15,432.0,250,0.6334310850439883,0
1082,"Комунальний заклад ""Уманський гуманітарно-педагогічний фаховий коледж ім. Т.Г. Шевченка Черкаської обласної ради""",Черкаська область,Комунальна,Управління освіти і науки Черкаської обласної державної адміністрації,681,681,33,2,8,353.0,328,0.5183553597650514,0
1409,Лозівська філія Харківського автомобільно-дорожнього фахового коледжу,Харківська область,Державна,Міністерство освіти і науки України,681,681,16,1,9,273.0,408,0.4008810572687225,0
236,"Відокремлений структурний підрозділ закладу вищої освіти ""Відкритий міжнародний університет розвитку людини ""Україна"" Хмельницький інститут соціальних технологій",Хмельницька область,Приватна,,680,680,44,2,12,0.0,680,0.0,0
850,Пенітенціарна академія України,Чернігівська область,Державна,Міністерство юстиції України,678,678,16,3,6,17.0,661,0.025073746312684365,0
202,"Державний вищий навчальний заклад ""Донецький національний технічний університет""",Донецька область,Державна,Міністерство освіти і науки України,676,676,108,3,44,323.0,353,0.47781065088757396,0
456,Кропивницький будівельний фаховий коледж,Кіровоградська область,Державна,Міністерство освіти і науки України,676,676,10,1,6,602.0,74,0.8905325443786982,0
782,Відокремлений структурний підрозділ «Технологічний фаховий коледж Національного лісотехнічного університету України»,Львівська область,Державна,Міністерство освіти і науки України,675,675,15,1,8,205.0,470,0.3037037037037037,0
455,Київський механіко-технологічний фаховий коледж,Київ,Державна,Міністерство освіти і науки України,674,674,29,1,14,439.0,235,0.6513353115727003,0
7229,Українська державна льотна академія,Кіровоградська область,Державна,Міністерство освіти і науки України,673,673,22,3,9,312.0,361,0.4635958395245171,0
740,"Комунальний заклад Львівської обласної ради ""Самбірський фаховий педагогічний коледж імені Івана Филипчака""",Львівська область,Комунальна,Департамент освіти і науки Львівської обласної державної адміністрації,672,672,29,2,12,661.0,11,0.9836309523809523,0
175,Львівська національна музична академія імені М.В.Лисенка,Львівська область,Державна,Міністерство культури України,671,671,9,3,2,459.0,212,0.684053651266766,0
1277,"Відокремлений структурний підрозділ ""Ногайський фаховий коледж Таврійського державного агротехнологічного університету імені Дмитра Моторного""",Запорізька область,Державна,Міністерство освіти і науки України,664,664,22,1,8,586.0,78,0.8825301204819277,0
6755,"Відокремлений структурний підрозділ ""Старобільський фаховий коледж Східноукраїнського національного університету імені Володимира Даля""",Дніпропетровська область,Державна,Міністерство освіти і науки України,664,664,36,2,11,437.0,227,0.6581325301204819,0
847,"Комунальний заклад ""Чернігівський базовий фаховий медичний коледж"" Чернігівської обласної ради",Чернігівська область,Комунальна,Управління охорони здоров’я Чернігівської обласної державної адміністрації,663,663,8,1,4,548.0,115,0.8265460030165912,0
1285,Комунальний заклад Сумської обласної ради «Сумський фаховий медичний коледж»,Сумська область,Комунальна,Обласна рада,663,663,8,1,6,550.0,113,0.8295625942684767,0
398,Відокремлений структурний підрозділ «Вишнянський фаховий коледж Львівського національного університету природокористування»,Львівська область,Державна,Міністерство освіти і науки України,663,663,39,1,12,272.0,391,0.41025641025641024,0
433,"Відокремлений структурний підрозділ ""Гірничий фаховий коледж Криворізького національного університету""",Дніпропетровська область,Державна,Міністерство освіти і науки України,662,662,25,1,12,580.0,82,0.8761329305135952,0
394,"Відокремлений структурний підрозділ ""Бурштинський енергетичний фаховий коледж Івано-Франківського національного технічного університету нафти і газу""",Івано-Франківська область,Державна,Міністерство освіти і науки України,657,657,44,2,14,405.0,252,0.6164383561643836,0
1099,Звягельський політехнічний фаховий коледж,Житомирська область,Державна,Міністерство освіти і науки України,655,655,21,1,10,500.0,155,0.7633587786259542,0
130,Первомайський навчально-науковий інститут Національного університету кораблебудування імені адмірала Макарова,Миколаївська область,Державна,Міністерство освіти і науки України,653,653,38,2,12,170.0,483,0.26033690658499237,0
544,Київський авіаційний фаховий коледж,Київ,Державна,Міністерство освіти і науки України,653,653,16,1,6,451.0,202,0.6906584992343032,0
970,"Відокремлений структурний підрозділ ""Кіцманський фаховий коледж Закладу вищої освіти ""Подільський державний університет""",Чернівецька область,Державна,Міністерство освіти і науки України,652,652,23,1,11,419.0,233,0.6426380368098159,0
443,"Кам’янець-Подільський фаховий коледж індустрії, бізнесу та інформаційних технологій",Хмельницька область,Державна,Міністерство освіти і науки України,648,648,35,2,18,407.0,241,0.6280864197530864,0
931,Відокремлений структурний підрозділ «Техніко-економічний фаховий коледж Дніпровського державного технічного університету»,Дніпропетровська область,Державна,Міністерство освіти і науки України,645,645,29,1,11,427.0,218,0.662015503875969,0
255,"Приватний заклад вищої освіти ""Східноєвропейський університет імені Рауфа Аблязова""",Черкаська область,Приватна,,645,645,58,3,17,0.0,645,0.0,0
13,"Державний заклад ""Луганський державний медичний університет""",Рівненська область,Державна,Міністерство охорони здоров`я України,645,645,32,2,10,248.0,397,0.38449612403100775,0
807,Харківський фаховий коледж технологій та дизайну,Харківська область,Державна,Міністерство освіти і науки України,642,642,14,1,8,279.0,363,0.43457943925233644,0
771,"Відокремлений структурний підрозділ ""Тальянківський агротехнічний фаховий коледж Уманського національного університету""",Черкаська область,Державна,Міністерство освіти і науки України,640,640,30,1,10,605.0,35,0.9453125,0
4,Донецький національний медичний університет,Донецька область,Державна,Міністерство охорони здоров`я України,637,637,29,3,11,328.0,309,0.5149136577708007,0
836,Черкаський художньо-технічний фаховий коледж,Черкаська область,Державна,Міністерство освіти і науки України,637,637,41,2,18,474.0,163,0.7441130298273155,0
1279,Чернівецький транспортний фаховий коледж,Чернівецька область,Державна,Міністерство освіти і науки України,635,635,16,1,5,291.0,344,0.4582677165354331,0
701,Олександрійський політехнічний фаховий коледж,Кіровоградська область,Державна,Міністерство освіти і науки України,635,635,24,2,12,614.0,21,0.9669291338582677,0
2875,Сумська філія Харківського національного університету внутрішніх справ,Сумська область,Державна,Міністерство внутрішніх справ України,635,635,11,2,4,0.0,635,0.0,0
5779,"Відокремлений структурний підрозділ ""Фаховий коледж економіки і технологій Державного університету економіки і технологій""",Дніпропетровська область,Державна,Міністерство освіти і науки України,630,630,23,2,10,493.0,137,0.7825396825396825,0
515,"Комунальний заклад ""Хустський базовий медичний фаховий коледж"" Закарпатської обласної ради",Закарпатська область,Комунальна,Управління (головне управління) охорони здоров`я обласної державної адміністрації,630,630,9,2,4,259.0,371,0.4111111111111111,0
1013,"Відокремлений структурний підрозділ ""Львівський фаховий коледж харчових технологій та бізнесу Національного університету харчових технологій""",Львівська область,Державна,Міністерство освіти і науки України,629,629,18,1,8,386.0,243,0.6136724960254372,0
1133,"Відокремлений структурний підрозділ ""Професійно-педагогічний фаховий коледж Глухівського національного педагогічного університету імені Олександра Довженка""",Сумська область,Державна,Міністерство освіти і науки України,624,624,24,1,8,414.0,210,0.6634615384615384,0
6742,"ВИЩИЙ ПРИВАТНИЙ НАВЧАЛЬНИЙ ЗАКЛАД ЛЬВІВСЬКИЙ МЕДИЧНИЙ ФАХОВИЙ КОЛЕДЖ ""МОНАДА""",Львівська область,Приватна,,623,623,26,2,6,0.0,623,0.0,0
719,Дніпровський фаховий коледж енергетичних та інформаційних технологій,Дніпропетровська область,Державна,Міністерство освіти і науки України,622,622,21,1,11,520.0,102,0.8360128617363344,0
6512,"Навчально-реабілітаційний заклад вищої освіти ""Кам'янець-Подільський державний інститут""",Хмельницька область,Державна,Міністерство освіти і науки України,622,622,43,2,16,150.0,472,0.24115755627009647,0
1291,Відокремлений структурний підрозділ Миколаївський будівельний фаховий коледж Київського національного університету будівництва і архітектури,Миколаївська область,Державна,Міністерство освіти і науки України,622,622,13,1,8,438.0,184,0.7041800643086816,0
839,Чернівецький індустріальний фаховий коледж,Чернівецька область,Державна,Міністерство освіти і науки України,621,621,31,1,17,401.0,220,0.6457326892109501,0
518,Запорізький авіаційний фаховий коледж ім. О. Г. Івченка,Запорізька область,Державна,Міністерство освіти і науки України,621,621,29,2,13,488.0,133,0.785829307568438,0
891,"Відокремлений структурний підрозділ ""Роменський фаховий коледж Сумського національного аграрного університету""",Сумська область,Державна,Міністерство освіти і науки України,616,616,25,1,8,382.0,234,0.6201298701298701,0
6689,Комунальний заклад вищої освіти «Академія культури i мистецтв» Закарпатської обласної ради,Закарпатська область,Комунальна,Департаменту культури Закарпатської обласної державної адміністрації,615,615,60,3,12,294.0,321,0.47804878048780486,0
6560,"Відокремлений структурний підрозділ Кам'янець-Подільський фаховий коледж Навчально-реабілітаційного закладу вищої освіти ""Кам'янець-Подільський державний інститут""",Хмельницька область,Державна,Міністерство освіти і науки України,614,614,35,1,13,244.0,370,0.3973941368078176,0
98,Харківський національний університет мистецтв імені І.П. Котляревського,Харківська область,Державна,Міністерство культури України,611,611,13,3,4,505.0,106,0.8265139116202946,0
605,"Приватний вищий навчальний заклад ""Деснянський економіко-правовий коледж при Міжрегіональній Академії управління персоналом""",Київ,Приватна,,610,610,24,1,8,0.0,610,0.0,0
1109,"Комунальний заклад Львівської обласної ради ""Бродівський фаховий педагогічний коледж імені Маркіяна Шашкевича""",Львівська область,Комунальна,Департамент освіти і науки Львівської обласної державної адміністрації,609,609,18,1,6,609.0,0,1.0,0
449,Дніпровський політехнічний фаховий коледж,Дніпропетровська область,Державна,Міністерство освіти і науки України,607,607,21,1,15,556.0,51,0.9159802306425041,0
1552,"""Дніпровський фаховий коледж Київського університету культури""",Дніпропетровська область,Приватна,,607,607,11,1,6,0.0,607,0.0,0
770,"Відокремлений структурний підрозділ ""Тальнівський будівельно-економічний фаховий коледж Уманського національного університету""",Черкаська область,Державна,Міністерство освіти і науки України,606,606,24,2,8,304.0,302,0.5016501650165016,0
118,Одеська національна музична академія імені А.В. Нежданової,Одеська область,Державна,Міністерство культури України,606,606,16,3,4,364.0,242,0.6006600660066007,0
687,Новороздільський політехнічний фаховий коледж,Львівська область,Державна,Міністерство освіти і науки України,603,603,25,1,8,349.0,254,0.5787728026533997,0
481,Дніпровський фаховий коледж залізничного транспорту та транспортної інфраструктури,Дніпропетровська область,Державна,Міністерство освіти і науки України,603,603,16,2,7,405.0,198,0.6716417910447762,0
882,"Відокремлений структурний підрозділ ""Маловисторопський фаховий коледж імені П.С. Рибалка Сумського національного аграрного університету""",Сумська область,Державна,Міністерство освіти і науки України,600,600,20,1,8,364.0,236,0.6066666666666667,0
559,Кіровоградський кооперативний фаховий коледж економіки і права імені М. П. Сая Кіровоградської облспоживспілки,Кіровоградська область,Приватна,КІРОВОГРАДСЬКА ОБЛАСНА СПІЛКА СПОЖИВЧИХ ТОВАРИСТВ (ОБЛСПОЖИВСПІЛКА),599,599,36,1,13,0.0,599,0.0,0
6517,"Відокремлений структурний підрозділ ""Харківський фаховий коледж харчової промисловості Державного біотехнологічного університету""",Харківська область,Державна,Міністерство освіти і науки України,599,599,19,1,8,356.0,243,0.5943238731218697,0
469,Кам`янський енергетичний фаховий коледж,Дніпропетровська область,Державна,Міністерство освіти і науки України,596,596,13,1,10,581.0,15,0.9748322147651006,0
844,Чернівецький політехнічний фаховий коледж,Чернівецька область,Державна,Міністерство освіти і науки України,594,594,20,1,8,408.0,186,0.6868686868686869,0
235,"Відокремлений структурний підрозділ закладу вищої освіти ""Відкритий міжнародний університет розвитку людини ""Україна"" Вінницький соціально-економічний інститут",Вінницька область,Приватна,,594,594,40,2,12,0.0,594,0.0,0
7280,"Відокремлений структурний підрозділ ""Дунайський інститут водного транспорту Національного транспортного університету""",Одеська область,Державна,Міністерство освіти і науки України,593,593,16,1,2,56.0,537,0.09443507588532883,0
395,Великоанадольський лісотехнічний фаховий коледж імені Віктора Єгоровича фон Граффа,Донецька область,Державна,Міністерство освіти і науки України,591,591,20,1,6,167.0,424,0.2825719120135364,0
407,"Відокремлений структурний підрозділ ""Василівський фаховий коледж Таврійського державного агротехнологічного університету імені Дмитра Моторного""",Запорізька область,Державна,Міністерство освіти і науки України,590,590,36,1,12,259.0,331,0.43898305084745765,0
1134,Відокремлений структурний підрозділ «Політехнічний фаховий коледж Криворізького національного університету»,Дніпропетровська область,Державна,Міністерство освіти і науки України,589,589,17,1,8,513.0,76,0.8709677419354839,0
666,Могилів-Подільський монтажно-економічний фаховий коледж,Вінницька область,Державна,Департамент гуманітарної політики Вінницької обласної державної адміністрації,589,589,18,1,10,469.0,120,0.7962648556876061,0
898,"Відокремлений структурний підрозділ ""Фаховий коледж інформаційних систем і технологій Київського національного економічного університету імені Вадима Гетьмана""",Київ,Державна,Міністерство освіти і науки України,588,588,14,1,12,404.0,184,0.6870748299319728,0
873,Відокремлений структурний підрозділ «Чернятинський фаховий коледж Вінницького національного аграрного університету»,Вінницька область,Державна,Міністерство освіти і науки України,587,587,30,1,10,450.0,137,0.7666098807495741,0
537,"Кам’янець-Подільський фаховий коледж будівництва, архітектури та дизайну",Хмельницька область,Державна,Міністерство освіти і науки України,587,587,7,1,3,511.0,76,0.8705281090289608,0
820,Комунальний заклад «Херсонський базовий медичний фаховий коледж» Херсонської обласної ради,Херсонська область,Комунальна,Обласна рада,585,585,20,2,8,405.0,180,0.6923076923076923,0
853,Чугуєво-Бабчанський лісовий фаховий коледж,Харківська область,Державна,Міністерство освіти і науки України,584,584,15,1,4,183.0,401,0.3133561643835616,0
958,"Відокремлений структурний підрозділ ""Новоушицький фаховий коледж Закладу вищої освіти ""Подільський державний університет""",Хмельницька область,Державна,Міністерство освіти і науки України,582,582,34,1,12,289.0,293,0.4965635738831615,0
905,Таращанський технічний та економіко-правовий фаховий коледж,Київська область,Державна,Міністерство освіти і науки України,582,582,21,1,8,317.0,265,0.5446735395189003,0
1048,ВIДОКРЕМЛЕНИЙ СТРУКТУРНИЙ ПIДРОЗДІЛ «НОВОМОСКОВСЬКИЙ ФАХОВИЙ КОЛЕДЖ ДНIПРОВСЬКОГО ДЕРЖАВНОГО АГРАРНО-ЕКОНОМIЧНОГО УНIВЕРСИТЕТУ»,Дніпропетровська область,Державна,Міністерство освіти і науки України,581,581,13,1,6,278.0,303,0.4784853700516351,0
769,Сумський фаховий коледж економіки і торгівлі,Сумська область,Приватна,СУМСЬКА ОБЛАСНА СПІЛКА СПОЖИВЧИХ ТОВАРИСТВ,578,578,26,1,10,0.0,578,0.0,0
1328,Нововолинський електромеханічний фаховий коледж,Волинська область,Державна,Міністерство освіти і науки України,578,578,14,1,7,396.0,182,0.6851211072664359,0
1183,"Одеський інститут Приватного акціонерного товариства ""Вищий навчальний заклад ""Міжрегіональна Академія управління персоналом""",Одеська область,Приватна,,576,576,31,2,10,0.0,576,0.0,0
1559,"Відокремлений підрозділ ""Дніпровський факультет менеджменту і бізнесу Київського університету культури""",Дніпропетровська область,Приватна,,574,574,24,1,6,0.0,574,0.0,0
1240,Відокремлений структурний підрозділ «Технологічний фаховий коледж Дніпровського державного технічного університету»,Дніпропетровська область,Державна,Міністерство освіти і науки України,573,573,43,1,20,413.0,160,0.7207678883071553,0
403,Комунальний заклад «Білгород-Дністровський педагогічний фаховий коледж»,Одеська область,Комунальна,Департамент освіти і науки Одеської обласної державної адміністрації,571,571,31,1,10,360.0,211,0.6304728546409807,0
1104,"Комунальний заклад ""Балтський педагогічний фаховий коледж""",Одеська область,Комунальна,Департамент освіти і науки Одеської обласної державної адміністрації,569,569,8,2,2,401.0,168,0.7047451669595782,0
711,Комунальний заклад освіти Полтавський базовий медичний фаховий коледж Полтавської обласної ради,Полтавська область,Комунальна,Обласна рада,568,568,4,1,2,381.0,187,0.670774647887324,0
692,"Комунальний заклад ""Одеський педагогічний фаховий коледж""",Одеська область,Комунальна,Департамент освіти і науки Одеської обласної державної адміністрації,567,567,11,1,4,307.0,260,0.5414462081128748,0
661,Миколаївський фаховий коледж економіки та харчових технологій,Миколаївська область,Державна,Міністерство освіти і науки України,567,567,18,1,9,427.0,140,0.7530864197530864,0
5781,Відокремлений структурний підрозділ «Новокаховський політехнічний фаховий коледж Національного університету «Одеська політехніка»,Херсонська область,Державна,Міністерство освіти і науки України,566,566,31,1,14,346.0,220,0.6113074204946997,0
713,Полтавський фаховий коледж транспортного будівництва,Полтавська область,Державна,Міністерство освіти і науки України,566,566,14,1,6,350.0,216,0.6183745583038869,0
895,"Відокремлений структурний підрозділ ""Шосткинський фаховий коледж імені Івана Кожедуба Сумського державного університету""",Сумська область,Державна,Міністерство освіти і науки України,563,563,46,1,15,367.0,196,0.6518650088809946,0
420,"Відокремлений структурний підрозділ ""Вознесенський фаховий коледж Миколаївського національного аграрного університету""",Миколаївська область,Державна,Міністерство освіти і науки України,563,563,19,1,10,137.0,426,0.2433392539964476,0
6536,"Відокремлений структурний підрозділ ""Нікопольський фаховий коледж Українського державного університету науки і технологій""",Дніпропетровська область,Державна,Міністерство освіти і науки України,561,561,17,1,7,408.0,153,0.7272727272727273,0
734,Рогатинський аграрний фаховий коледж,Івано-Франківська область,Державна,Міністерство освіти і науки України,560,560,9,1,8,560.0,0,1.0,0
1097,"Відокремлений структурний підрозділ ""Костянтинівський індустріальний фаховий коледж Державного вищого навчального закладу ""Донецький національний технічний університет""",Донецька область,Державна,Міністерство освіти і науки України,560,560,27,1,11,221.0,339,0.39464285714285713,0
620,Лубенський лісотехнічний фаховий коледж,Полтавська область,Державна,Міністерство освіти і науки України,559,559,18,1,6,262.0,297,0.46869409660107336,0
577,Комунальний заклад освіти Кременчуцький медичний фаховий коледж імені В.І. Литвиненка Полтавської обласної ради,Полтавська область,Комунальна,Обласна рада,559,559,6,1,4,420.0,139,0.7513416815742398,0
768,Сумський фаховий коледж будівництва та архітектури,Сумська область,Державна,Міністерство освіти і науки України,557,557,14,1,8,531.0,26,0.9533213644524237,0
1290,"Львівська філія Приватного вищого навчального закладу ""Європейський університет""",Львівська область,Приватна,,557,557,40,2,11,0.0,557,0.0,0
1165,Відокремлений структурний підрозділ «Індустріальний фаховий коледж Криворізького національного університету»,Дніпропетровська область,Державна,Міністерство освіти і науки України,555,555,46,1,14,549.0,6,0.9891891891891892,0
1373,"Комунальний заклад вищої освіти Київської обласної ради ""Академія мистецтв імені Павла Чубинського""",Київська область,Комунальна,Обласна державна адміністрація,553,553,27,3,8,331.0,222,0.5985533453887885,0
409,Відокремлений структурний підрозділ «Городищенський фаховий коледж Уманського національного університету»,Черкаська область,Державна,Міністерство освіти і науки України,552,552,32,2,12,242.0,310,0.4384057971014493,0
1455,Фаховий коледж Львівського університету бізнесу та права,Львівська область,Приватна,,552,552,39,1,13,0.0,552,0.0,0
1320,Чернівецький педагогічний фаховий коледж імені Осипа Маковея,Чернівецька область,Комунальна,Департамент освіти і науки Чернівецької обласної державної адміністрації,552,552,13,1,8,418.0,134,0.7572463768115942,0
2528,Фаховий коледж Закладу вищої освіти «Міжнародний науково-технічний університет імені академіка Юрія Бугая»,Київ,Приватна,,550,550,17,2,8,0.0,550,0.0,0
1198,"Хмельницький інститут імені Блаженнішого Володимира, Митрополита Київського і всієї України Приватного акціонерного товариства ""Вищий навчальний заклад ""Міжрегіональна Академія управління персоналом""",Хмельницька область,Приватна,,550,550,32,2,11,0.0,550,0.0,0
618,"Відокремлений структурний підрозділ ""Лохвицький механіко-технологічний фаховий коледж Полтавського державного аграрного університету""",Полтавська область,Державна,Міністерство освіти і науки України,550,550,16,2,4,249.0,301,0.4527272727272727,0
3038,Відокремлений структурний підрозділ Київський індустріальний фаховий коледж Київського національного університету будівництва і архітектури,Київ,Державна,Міністерство освіти і науки України,547,547,13,1,11,427.0,120,0.7806215722120659,0
665,Млинівський технолого-економічний фаховий коледж,Рівненська область,Державна,Міністерство освіти і науки України,545,545,24,1,11,356.0,189,0.653211009174312,0
776,"Відокремлений структурний підрозділ ""Фаховий коледж промислової автоматики та інформаційних технологій Одеського національного технологічного університету""",Одеська область,Державна,Міністерство освіти і науки України,545,545,27,1,11,320.0,225,0.5871559633027523,0
851,Чортківський гуманітарно-педагогічний фаховий коледж імені Олександра Барвінського,Тернопільська область,Комунальна,Департамент освіти і науки Тернопільської обласної державної адміністрації,544,544,14,1,6,348.0,196,0.6397058823529411,0
1188,"Придніпровський інститут Приватного акціонерного товариства ""Вищий навчальний заклад ""Міжрегіональна академія управління персоналом""",Полтавська область,Приватна,,544,544,30,2,15,0.0,544,0.0,0
884,"Відокремлений структурний підрозділ «Немирівський фаховий коледж будівництва, економіки та дизайну Вінницького національного аграрного університету»",Вінницька область,Державна,Міністерство освіти і науки України,543,543,22,1,10,296.0,247,0.5451197053406999,0
996,"Відокремлений структурний підрозділ ""Електромеханічний фаховий коледж Харківського національного університету міського господарства імені О.М. Бекетова""",Харківська область,Державна,Міністерство освіти і науки України,541,541,14,1,6,355.0,186,0.6561922365988909,0
612,Липковатівський аграрний фаховий коледж,Харківська область,Державна,Міністерство освіти і науки України,540,540,17,1,8,324.0,216,0.6,0
2970,Білгород-Дністровський економіко-правовий фаховий коледж Полтавського університету економіки і торгівлі,Одеська область,Приватна,"ТОВАРИСТВО З ОБМЕЖЕНОЮ ВІДПОВІДАЛЬНІСТЮ ""УКРАЇНСЬКЕ ОБ’ЄДНАННЯ ЗАКЛАДІВ КООПЕРАТИВНОЇ ОСВІТИ""",540,540,25,1,9,0.0,540,0.0,0
1329,Слов`янський фаховий коледж транспортної інфраструктури,Донецька область,Державна,Міністерство освіти і науки України,540,540,14,2,4,395.0,145,0.7314814814814815,0
1161,Київський фаховий коледж транспортної інфраструктури,Київ,Державна,Міністерство освіти і науки України,539,539,22,1,9,311.0,228,0.5769944341372912,0
173,Карпатський університет імені Августина Волошина,Закарпатська область,Приватна,,537,537,47,3,11,2.0,535,0.0037243947858473,0
809,Харківський машинобудівний фаховий коледж,Харківська область,Державна,Міністерство освіти і науки України,537,537,13,1,10,406.0,131,0.7560521415270018,0
7231,"ВАСИЛЬКІВСЬКИЙ ФАХОВИЙ КОЛЕДЖ ДЕРЖАВНОГО НЕКОМЕРЦІЙНОГО ПІДПРИЄМСТВА ""ДЕРЖАВНИЙ УНІВЕРСИТЕТ ""КИЇВСЬКИЙ АВІАЦІЙНИЙ ІНСТИТУТ""",Київська область,Державна,Міністерство освіти і науки України,536,536,33,1,14,381.0,155,0.710820895522388,0
25,Київський університет права Національної академії наук України,Київ,Державна,Національна академія наук України,536,536,17,3,4,0.0,536,0.0,0
354,"Приватний заклад ""Київський кооперативний інститут бізнесу і права""",Київ,Приватна,,534,534,37,3,11,0.0,534,0.0,0
5752,"Товариство з обмеженою відповідальністю ""Вищий навчальний заклад ""АМЕРІКАН ЮНІВЕРСІТІ КИЇВ""",Київ,Приватна,,533,533,21,2,11,0.0,533,0.0,0
821,Херсонський кооперативний економіко-правовий фаховий коледж,Херсонська область,Приватна,ХЕРСОНСЬКА ОБЛАСНА СПІЛКА СПОЖИВЧИХ ТОВАРИСТВ,532,532,24,1,12,0.0,532,0.0,0
560,"Відокремлений структурний підрозділ ""Кропивницький інженерний фаховий коледж Центральноукраїнського національного технічного університету""",Кіровоградська область,Державна,Міністерство освіти і науки України,530,530,37,1,15,395.0,135,0.7452830188679245,0
1044,Луцький фаховий коледж рекреаційних технологій і права,Волинська область,Приватна,,529,529,26,1,10,0.0,529,0.0,0
1446,Фаховий коледж Закладу вищої освіти «Київський інститут бізнесу та технологій» товариство з обмеженою відповідальністю,Київ,Приватна,,525,525,26,1,8,0.0,525,0.0,0
706,Первомайський медичний фаховий коледж Миколаївської обласної ради,Миколаївська область,Комунальна,Обласна рада,524,524,5,2,2,398.0,126,0.7595419847328244,0
968,"Відокремлений структурний підрозділ ""Зборівський фаховий коледж Тернопільського національного технічного університету імені Івана Пулюя""",Тернопільська область,Державна,Міністерство освіти і науки України,523,523,28,1,10,331.0,192,0.6328871892925431,0
1014,Вiдокремлений структурний пiдроздiл «Київський фаховий коледж ресторанного господарства Нацiонального унiверситету харчових технологiй»,Київ,Державна,Міністерство освіти і науки України,521,521,18,1,6,322.0,199,0.6180422264875239,0
538,"Відокремлений структурний підрозділ ""Кам'янець-Подільський фаховий коледж харчової промисловості Національного університету харчових технологій""",Хмельницька область,Державна,Міністерство освіти і науки України,520,520,31,1,11,343.0,177,0.6596153846153846,0
480,Дніпровський фаховий коледж радіоелектроніки,Дніпропетровська область,Державна,Міністерство освіти і науки України,520,520,7,1,5,498.0,22,0.9576923076923077,0
393,"Відокремлений структурний підрозділ «Фаховий коледж будівництва, архітектури та дизайну Поліського національного університету»",Житомирська область,Державна,Міністерство освіти і науки України,519,519,9,2,3,300.0,219,0.5780346820809249,0
591,Берестинський аграрно-технічний фаховий коледж,Харківська область,Державна,Міністерство освіти і науки України,517,517,27,1,9,147.0,370,0.28433268858800775,0
857,Шацький лісовий фаховий коледж ім. В. В. Сулька,Волинська область,Державна,Міністерство освіти і науки України,516,516,11,1,6,245.0,271,0.4748062015503876,0
648,"Відокремлений структурний підрозділ ""Машинобудівний фаховий коледж Дніпровського національного університету імені Олеся Гончара""",Дніпропетровська область,Державна,Міністерство освіти і науки України,515,515,17,2,11,355.0,160,0.6893203883495146,0
872,"Відокремлений структурний підрозділ ""Виноградівський фаховий коледж Мукачівського державного університету""",Закарпатська область,Державна,Міністерство освіти і науки України,514,514,26,1,14,270.0,244,0.5252918287937743,0
696,"Одеський фаховий коледж економіки, права та готельно-ресторанного бізнесу",Одеська область,Державна,Міністерство освіти і науки України,514,514,15,1,8,157.0,357,0.30544747081712065,0
440,"Відокремлений структурний підрозділ ""Гуманітарно-педагогічний фаховий коледж Мукачівського державного університету""",Закарпатська область,Державна,Міністерство освіти і науки України,511,511,9,1,6,457.0,54,0.8943248532289628,0
741,"Комунальний заклад Львівської обласної ради ""Самбірський фаховий медичний коледж""",Львівська область,Комунальна,Департамент охорони здоров`я обласної державної адміністрації,509,509,8,1,4,256.0,253,0.5029469548133595,0
1027,"Фаховий коледж економіки та управління Національної академії статистики, обліку та аудиту",Київська область,Державна,Державна служба статистики України,506,506,33,2,11,0.0,506,0.0,0
667,Відокремлений структурний підрозділ «Могилів-Подільський технолого-економічний фаховий коледж Вінницького національного аграрного університету»,Вінницька область,Державна,Міністерство освіти і науки України,505,505,12,1,6,342.0,163,0.6772277227722773,0
786,"Відокремлений структурний підрозділ ""Токмацький механічний фаховий коледж Національного університету ""Запорізька політехніка""",Запорізька область,Державна,Міністерство освіти і науки України,505,505,27,1,8,211.0,294,0.4178217821782178,0
552,Київський фаховий коледж електронних приладів,Київ,Державна,Міністерство освіти і науки України,505,505,31,2,13,426.0,79,0.8435643564356435,0
476,Дніпровський індустріально-педагогічний фаховий коледж,Дніпропетровська область,Державна,Міністерство освіти і науки України,504,504,15,1,10,368.0,136,0.7301587301587301,0
1204,Відокремлений структурний підрозділ «Мигійський фаховий коледж Миколаївського національного аграрного університету»,Миколаївська область,Державна,Міністерство освіти і науки України,504,504,30,1,8,217.0,287,0.4305555555555556,0
758,Слов’янський енергобудівний фаховий коледж,Донецька область,Державна,Міністерство освіти і науки України,503,503,14,1,4,303.0,200,0.6023856858846919,0
1441,Фаховий коледж Кременецької обласної гуманітарно-педагогічної академії ім. Тараса Шевченка,Тернопільська область,Комунальна,Департамент освіти і науки Тернопільської обласної державної адміністрації,498,498,36,1,9,346.0,152,0.6947791164658634,0
7281,"Відокремлений структурний підрозділ ""Київський фаховий коледж морського і річкового флоту та транспортних технологій Національного транспортного університету""",Київ,Державна,Міністерство освіти і науки України,498,498,23,1,8,270.0,228,0.5421686746987951,0
815,Харківський радіотехнічний фаховий коледж,Харківська область,Державна,Міністерство освіти і науки України,487,487,10,1,8,417.0,70,0.8562628336755647,0
904,Дніпрорудненський індустріальний фаховий коледж,Запорізька область,Державна,Міністерство освіти і науки України,487,487,23,1,8,277.0,210,0.5687885010266941,0
389,"Комунальний заклад Київської обласної ради ""Богуславський гуманітарний фаховий коледж імені І. С. Нечуя-Левицького""",Київська область,Комунальна,Департамент освіти і науки Київської обласної державної адміністрації,487,487,25,2,10,316.0,171,0.648870636550308,0
7282,"Відокремлений структурний підрозділ ""Кілійський транспортний фаховий коледж Національного транспортного університету""",Одеська область,Державна,Міністерство освіти і науки України,487,487,16,1,4,159.0,328,0.3264887063655031,0
5718,"ТОВАРИСТВО З ОБМЕЖЕНОЮ ВІДПОВІДАЛЬНІСТЮ ""ТЕХНІЧНИЙ УНІВЕРСИТЕТ ""МЕТІНВЕСТ ПОЛІТЕХНІКА""",Запорізька область,Приватна,,485,485,69,4,23,0.0,485,0.0,0
439,"Відокремлений структурний підрозділ ""Горохівський фаховий коледж Львівського національного університету природокористування""",Волинська область,Державна,Міністерство освіти і науки України,483,483,23,1,10,314.0,169,0.650103519668737,0
2782,Чортківський навчально-науковий інститут підприємництва і бізнесу Західноукраїнського національного університету,Тернопільська область,Державна,Міністерство освіти і науки України,481,481,18,2,6,6.0,475,0.012474012474012475,0
2965,Черкаський кооперативний економіко-правовий фаховий коледж Полтавського університету економіки і торгівлі,Черкаська область,Приватна,"ТОВАРИСТВО З ОБМЕЖЕНОЮ ВІДПОВІДАЛЬНІСТЮ ""УКРАЇНСЬКЕ ОБ’ЄДНАННЯ ЗАКЛАДІВ КООПЕРАТИВНОЇ ОСВІТИ""",480,480,24,1,10,0.0,480,0.0,0
7042,"Луцький базовий фаховий медичний коледж Комунального закладу вищої освіти ""Волинський медичний інститут"" Волинської обласної ради",Волинська область,Комунальна,Обласна рада,480,480,12,1,6,232.0,248,0.48333333333333334,0
2627,Коломийський педагогічний фаховий коледж Івано-Франківської обласної ради,Івано-Франківська область,Комунальна,Департамент освіти і науки Івано-Франківської обласної державної адміністрації,479,479,9,2,6,400.0,79,0.8350730688935282,0
501,"Відокремлений структурний підрозділ ""Фаховий економічний коледж Київського національного економічного університету імені Вадима Гетьмана""",Київ,Державна,Міністерство освіти і науки України,478,478,14,1,13,242.0,236,0.5062761506276151,0
6371,"Відокремлений структурний підрозділ ""Фаховий коледж вимірювань Державного університету інтелектуальних технологій і зв'язку""",Одеська область,Державна,Міністерство освіти і науки України,477,477,17,1,7,171.0,306,0.3584905660377358,0
319,Житомирський медичний інститут Житомирської обласної ради,Житомирська область,Комунальна,Обласна рада,476,476,28,2,8,265.0,211,0.5567226890756303,0
671,Мукачівський кооперативний фаховий коледж бізнесу,Закарпатська область,Приватна,ЗАКАРПАТСЬКА ОБЛАСНА СПІЛКА СПОЖИВЧИХ ТОВАРИСТВ,475,475,16,1,8,0.0,475,0.0,0
1221,Медичний фаховий коледж Міжнародного університету,Одеська область,Приватна,,474,474,15,1,6,0.0,474,0.0,0
1450,"Структурний підрозділ ""Фаховий коледж економіки та інформаційних технологій"" Приватного акціонерного товариства ""Приватний вищий навчальний заклад ""Запорізький інститут економіки та інформаційних технологій""",Запорізька область,Приватна,,474,474,40,2,16,0.0,474,0.0,0
899,Тернопільський фаховий коледж харчових технологій і торгівлі,Тернопільська область,Державна,Міністерство освіти і науки України,474,474,19,1,8,320.0,154,0.6751054852320675,0
6573,Одеський торговельно-економічний фаховий коледж,Одеська область,Державна,Міністерство освіти і науки України,473,473,19,2,8,186.0,287,0.39323467230443976,0
626,Комунальний заклад Львівської обласної ради Львівський фаховий коледж культури і мистецтв,Львівська область,Комунальна,Обласна рада,472,472,29,1,10,322.0,150,0.6822033898305084,0
1028,"Відокремлений структурний підрозділ ""Сєвєродонецький політехнічний фаховий коледж Східноукраїнського національного університету імені Володимира Даля""",Черкаська область,Державна,Міністерство освіти і науки України,471,471,50,1,19,283.0,188,0.6008492569002123,0
1135,"Комунальний заклад ""Бахмутський медичний фаховий коледж""",Донецька область,Комунальна,Управління (головне управління) охорони здоров`я обласної державної адміністрації,469,469,5,2,2,337.0,132,0.7185501066098081,0
737,"Відокремлений структурний підрозділ ""Роменський фаховий коледж Київського національного економічного університету імені Вадима Гетьмана""",Сумська область,Державна,Міністерство освіти і науки України,467,467,29,1,12,267.0,200,0.5717344753747323,0
1299,"Відокремлений структурний підрозділ ""Снятинський фаховий коледж Закладу вищої освіти ""Подільський державний університет""",Івано-Франківська область,Державна,Міністерство освіти і науки України,467,467,20,1,8,367.0,100,0.7858672376873662,0
6930,"Івано-Франківський інститут ""Одеська юридична академія""",Івано-Франківська область,Приватна,,466,466,13,2,4,0.0,466,0.0,0
431,Гайворонський політехнічний фаховий коледж,Кіровоградська область,Державна,Міністерство освіти і науки України,462,462,11,1,5,338.0,124,0.7316017316017316,0
858,Шепетівський медичний фаховий коледж,Хмельницька область,Комунальна,Обласна рада,461,461,12,1,6,216.0,245,0.4685466377440347,0
7242,"Відокремлений структурний підрозділ ""Фаховий коледж Національного університету кораблебудування імені адмірала Макарова""",Миколаївська область,Державна,Міністерство освіти і науки України,458,458,19,1,10,187.0,271,0.40829694323144106,0
418,"Заклад фахової передвищої освіти ""Київський фаховий медичний коледж ім. П.І.Гаврося""",Київ,Комунальна,Департамент освіти і науки виконавчого органу Київської міської ради (Київської міської державної адміністрації),458,458,4,1,4,287.0,171,0.6266375545851528,0
119,"Заклад вищої освіти ""Міжнародний університет бізнесу і права""",Херсонська область,Приватна,,457,457,31,4,11,0.0,457,0.0,0
1730,Відокремлений структурний підрозділ «Вінницький фаховий коледж економіки та підприємництва Західноукраїнського національного університету»,Вінницька область,Державна,Міністерство освіти і науки України,456,456,25,1,11,124.0,332,0.2719298245614035,0
531,Ізмаїльський агротехнічний фаховий коледж,Одеська область,Державна,Міністерство освіти і науки України,453,453,18,1,8,211.0,242,0.46578366445916114,0
808,Харківський кооперативний торгово-економічний фаховий коледж,Харківська область,Приватна,"Спілка споживчих товариств ""Кооперація Харківщини""",450,450,30,1,10,0.0,450,0.0,0
1070,"Комунальний заклад ""Бериславський медичний фаховий коледж"" Херсонської обласної ради",Херсонська область,Комунальна,Обласна рада,449,449,8,1,4,391.0,58,0.8708240534521158,0
630,Комунальний заклад Львівської обласної ради Львівський фаховий коледж декоративного і ужиткового мистецтва ім. І. Труша,Львівська область,Комунальна,Управління (головне управління) культури обласної державної адміністрації,449,449,13,2,5,290.0,159,0.6458797327394209,0
232,"Відокремлений структурний підрозділ закладу вищої освіти ""Відкритий міжнародний університет розвитку людини ""Україна"" Миколаївський інститут розвитку людини",Миколаївська область,Приватна,,448,448,56,2,23,0.0,448,0.0,0
396,"ВІДОКРЕМЛЕНИЙ СТРУКТУРНИЙ ПІДРОЗДІЛ ""ВЕРХНЬОДНІПРОВСЬКИЙ ФАХОВИЙ КОЛЕДЖ ДНІПРОВСЬКОГО ДЕРЖАВНОГО АГРАРНО-ЕКОНОМІЧНОГО УНІВЕРСИТЕТУ""",Дніпропетровська область,Державна,Міністерство освіти і науки України,446,446,13,1,9,241.0,205,0.5403587443946188,0
739,"Відокремлений структурний підрозділ ""Рубіжанський фаховий коледж Державного закладу ""Луганський національний університет імені Тараса Шевченка""",Полтавська область,Державна,Міністерство освіти і науки України,446,446,29,1,17,229.0,217,0.5134529147982063,0
790,Відокремлений структурний підрозділ «Тульчинський фаховий коледж ветеринарної медицини Білоцерківського національного аграрного університету»,Вінницька область,Державна,Міністерство освіти і науки України,445,445,16,1,6,334.0,111,0.750561797752809,0
1160,"Черкаська філія Приватного вищого навчального закладу ""Європейський університет""",Черкаська область,Приватна,,445,445,31,2,11,0.0,445,0.0,0
385,"Білгород-Дністровський фаховий коледж природокористування, будівництва та комп'ютерних технологій",Одеська область,Державна,Міністерство освіти і науки України,445,445,37,1,16,247.0,198,0.5550561797752809,0
840,Чернівецький фаховий коледж технологій та дизайну,Чернівецька область,Державна,Міністерство освіти і науки України,444,444,13,1,6,284.0,160,0.6396396396396397,0
581,"КОМУНАЛЬНИЙ ЗАКЛАД ОХОРОНИ ЗДОРОВ'Я ""ІЗЮМСЬКИЙ МЕДИЧНИЙ ФАХОВИЙ КОЛЕДЖ"" ХАРКІВСЬКОЇ ОБЛАСНОЇ РАДИ",Харківська область,Комунальна,Обласна рада,443,443,9,2,2,243.0,200,0.5485327313769752,0
585,"Комунальний навчальний заклад фахової передвищої освіти ""Корсунь-Шевченківський педагогічний фаховий коледж ім. Т.Г.Шевченка Черкаської обласної ради""",Черкаська область,Комунальна,Управління освіти і науки Черкаської обласної державної адміністрації,442,442,20,2,4,354.0,88,0.8009049773755657,0
623,Луцький кооперативний фаховий коледж Львівського торговельно-економічного університету,Волинська область,Приватна,ВОЛИНСЬКА ОБЛАСНА СПІЛКА СПОЖИВЧИХ ТОВАРИСТВ,442,442,26,1,10,0.0,442,0.0,0
1052,Сторожинецький лісовий фаховий коледж,Чернівецька область,Державна,Міністерство освіти і науки України,441,441,17,1,6,139.0,302,0.31519274376417233,0
1061,"Відокремлений структурний підрозділ ""Технологічний фаховий коледж Дніпровського державного аграрно-економічного університету""",Дніпропетровська область,Державна,Міністерство освіти і науки України,440,440,14,2,4,330.0,110,0.75,0
708,Тилігульський аграрний фаховий коледж,Одеська область,Державна,Міністерство освіти і науки України,438,438,32,2,11,211.0,227,0.4817351598173516,0
772,Теребовлянський фаховий коледж культури і мистецтв,Тернопільська область,Комунальна,Обласна рада,437,437,31,1,11,324.0,113,0.7414187643020596,0
720,Прикарпатський фаховий коледж лісового господарства та туризму,Івано-Франківська область,Комунальна,Департамент освіти і науки Івано-Франківської обласної державної адміністрації,437,437,21,1,10,255.0,182,0.5835240274599542,0
694,Комунальний заклад «Одеський фаховий коледж мистецтв імені К.Ф. Данькевича»,Одеська область,Комунальна,"Департамент культури, національностей, релігій та охорони об'єктів культурної спадщини облдержадміністрації",437,437,5,1,4,437.0,0,1.0,0
2730,"Відокремлений структурний підрозділ ""Політехнічний фаховий коледж Кременчуцького національного університету імені Михайла Остроградського""",Полтавська область,Державна,Міністерство освіти і науки України,433,433,18,1,10,389.0,44,0.8983833718244804,0
1029,"Відокремлений структурний підрозділ ""Хотинський фаховий коледж Закладу вищої освіти ""Подільський державний університет""",Чернівецька область,Державна,Міністерство освіти і науки України,433,433,10,1,4,299.0,134,0.6905311778290993,0
795,"Комунальний заклад фахової передвищої освіти ""Уманський медичний фаховий коледж Черкаської обласної ради""",Черкаська область,Комунальна,Обласна рада,433,433,5,2,2,352.0,81,0.812933025404157,0
5845,"Відокремлений структурний підрозділ ""Фаховий коледж зв'язку та інформатизації Державного університету інтелектуальних технологій і зв'язку""",Одеська область,Державна,Міністерство освіти і науки України,432,432,12,1,6,288.0,144,0.6666666666666666,0
1444,"Фаховий коледж Приватного закладу вищої освіти ""Східноєвропейський університет імені Рауфа Аблязова""",Черкаська область,Приватна,,431,431,37,1,17,0.0,431,0.0,0
406,"Відокремлений структурний підрозділ ""Бобровицький фаховий коледж імені О. Майнової Національного університету біоресурсів і природокористування України""",Чернігівська область,Державна,Міністерство освіти і науки України,430,430,32,1,14,206.0,224,0.4790697674418605,0
1192,"Північноукраїнський інститут імені Героїв Крут Приватного акціонерного товариства ""Вищий навчальний заклад ""Міжрегіональна Академія управління персоналом""",Чернігівська область,Приватна,,430,430,30,2,9,0.0,430,0.0,0
3203,"Відокремлений структурний підрозділ ""Педагогічний фаховий коледж Львівського національного університету імені Івана Франка""",Львівська область,Державна,Міністерство освіти і науки України,429,429,11,1,11,156.0,273,0.36363636363636365,0
408,"Відокремлений структурний підрозділ ""Бердянський фаховий коледж Таврійського державного агротехнологічного університету імені Дмитра Моторного""",Запорізька область,Державна,Міністерство освіти і науки України,424,424,30,1,10,224.0,200,0.5283018867924528,0
7244,Косівський державний інститут декоративного мистецтва,Івано-Франківська область,Державна,Міністерство культури України,423,423,17,3,6,312.0,111,0.7375886524822695,0
1537,"""Львівський фаховий коледж Київського університету культури""",Львівська область,Приватна,,421,421,9,1,8,0.0,421,0.0,0
676,"ВІДОКРЕМЛЕНИЙ СТРУКТУРНИЙ ПІДРОЗДІЛ ""НІКОПОЛЬСЬКИЙ ФАХОВИЙ КОЛЕДЖ ДНІПРОВСЬКОГО ДЕРЖАВНОГО АГРАРНО-ЕКОНОМІЧНОГО УНІВЕРСИТЕТУ""",Дніпропетровська область,Державна,Міністерство освіти і науки України,420,420,16,2,6,251.0,169,0.5976190476190476,0
447,Білоцерківський механіко-енергетичний фаховий коледж,Київська область,Державна,Міністерство освіти і науки України,418,418,10,1,6,380.0,38,0.9090909090909091,0
156,Університет економіки і підприємництва,Хмельницька область,Приватна,,416,416,26,2,9,0.0,416,0.0,0
616,"Відокремлений структурний підрозділ ""Лисичанський педагогічний фаховий коледж Державного закладу ""Луганський національний університет імені Тараса Шевченка""",Івано-Франківська область,Державна,Міністерство освіти і науки України,416,416,22,1,8,295.0,121,0.7091346153846154,0
6516,Нікопольський факультет Українського державного університету науки і технологій,Дніпропетровська область,Державна,Міністерство освіти і науки України,414,414,6,1,3,148.0,266,0.357487922705314,0
703,"Комунальний заклад ""Павлоградський фаховий медичний коледж"" Дніпропетровської обласної ради""",Дніпропетровська область,Комунальна,Обласна рада,413,413,5,2,3,333.0,80,0.8062953995157385,0
401,Коростишівський педагогічний фаховий коледж імені І.Я.Франка Житомирської обласної ради,Житомирська область,Комунальна,Обласна рада,412,412,13,1,4,337.0,75,0.8179611650485437,0
610,"Товариство з обмеженою відповідальністю ""Ізмаїльський фаховий медичний коледж""",Одеська область,Приватна,,409,409,36,2,10,0.0,409,0.0,0
6604,Ужгородський торговельно-економічний інститут Державного торговельно-економічного університету,Закарпатська область,Державна,Міністерство освіти і науки України,409,409,24,2,10,21.0,388,0.05134474327628362,0
558,Кропивницький фаховий коледж харчування та торгівлі,Кіровоградська область,Державна,Міністерство освіти і науки України,408,408,12,1,6,367.0,41,0.8995098039215687,0
6753,"Відокремлений структурний підрозділ ""Донецький фаховий коледж Східноукраїнського національного університету імені Володимира Даля""",Донецька область,Державна,Міністерство освіти і науки України,407,407,17,1,8,282.0,125,0.6928746928746928,0
1025,Ковельський фаховий медичний коледж Волинської обласної ради,Волинська область,Комунальна,Обласна рада,406,406,10,2,5,301.0,105,0.7413793103448276,0
1059,Кременчуцький фаховий коледж транспортної інфраструктури та технологій,Полтавська область,Державна,Міністерство освіти і науки України,405,405,9,1,2,132.0,273,0.32592592592592595,0
1071,"Відокремлений структурний підрозділ ""Механіко-технологічний фаховий коледж Одеського національного технологічного університету""",Одеська область,Державна,Міністерство освіти і науки України,405,405,27,1,9,184.0,221,0.454320987654321,0
520,"Відокремлений структурний підрозділ ""Запорізький гуманітарний фаховий коледж Національного університету ""Запорізька політехніка""",Запорізька область,Державна,Міністерство освіти і науки України,402,402,22,1,11,131.0,271,0.32587064676616917,0
572,КОМУНАЛЬНИЙ ЗАКЛАД КИЇВСЬКОЇ ОБЛАСНОЇ РАДИ «БІЛОЦЕРКІВСЬКИЙ МЕДИЧНИЙ ФАХОВИЙ КОЛЕДЖ»,Київська область,Комунальна,Департамент охорони здоров`я обласної державної адміністрації,402,402,6,1,4,303.0,99,0.753731343283582,0
849,"Відокремлений структурний підрозділ ""Чернігівський фаховий коледж інженерії та дизайну Київського національного університету технологій та дизайну""",Чернігівська область,Державна,Міністерство освіти і науки України,398,398,16,1,9,255.0,143,0.6407035175879398,0
848,Чернігівський кооперативний фаховий коледж Чернігівської облспоживспілки,Чернігівська область,Приватна,ЧЕРНІГІВСЬКА ОБЛАСНА СПІЛКА СПОЖИВЧИХ ТОВАРИСТВ,397,397,18,2,8,0.0,397,0.0,0
1634,Чорноморський морський фаховий коледж Одеського національного морського університету,Одеська область,Державна,Міністерство освіти і науки України,397,397,9,1,6,346.0,51,0.871536523929471,0
611,"Комунальний заклад Сумської обласної ради ""Лебединський педагогічний фаховий коледж""",Сумська область,Комунальна,Департамент освіти і науки Сумської обласної державної адміністрації,395,395,15,1,8,336.0,59,0.850632911392405,0
1391,"Товариство з обмеженою відповідальністю ""Київський інститут сучасної психології та психотерапії""",Київ,Приватна,,395,395,5,2,2,0.0,395,0.0,0
5761,"Відокремлений структурний підрозділ ""Фаховий коледж геологорозвідувальних технологій Київського національного університету імені Тараса Шевченка""",Київ,Державна,Міністерство освіти і науки України,395,395,19,1,10,267.0,128,0.6759493670886076,0
745,"Відокремлений структурний підрозділ ""Світловодський політехнічний фаховий коледж Центральноукраїнського національного технічного університету""",Кіровоградська область,Державна,Міністерство освіти і науки України,395,395,31,1,14,349.0,46,0.8835443037974684,0
1063,"Філія ""Київський фаховий бізнес-коледж Приватного вищого навчального закладу ""Європейський університет""",Київ,Приватна,,394,394,15,1,5,0.0,394,0.0,0
586,КОМУНАЛЬНИЙ ЗАКЛАД «КОСТЯНТИНІВСЬКИЙ МЕДИЧНИЙ ФАХОВИЙ КОЛЕДЖ»,Донецька область,Комунальна,Обласна рада,393,393,4,1,2,365.0,28,0.9287531806615776,0
664,"Відокремлений структурний підрозділ ""Миргородський фаховий коледж імені Миколи Гоголя Національного університету ""Полтавська політехніка імені Юрія Кондратюка""",Полтавська область,Державна,Міністерство освіти і науки України,393,393,35,1,12,229.0,164,0.5826972010178118,0
2645,"Відокремлений структурний підрозділ ""Полтавський фаховий коледж Національного юридичного університету імені Ярослава Мудрого""",Полтавська область,Державна,Міністерство освіти і науки України,393,393,6,1,3,30.0,363,0.07633587786259542,0
128,"Приватний вищий навчальний заклад ""Буковинський університет""",Чернівецька область,Приватна,,391,391,32,3,7,0.0,391,0.0,0
674,Комунальний заклад «Ніжинський фаховий медичний коледж» Чернігівської обласної ради,Чернігівська область,Комунальна,Управління охорони здоров’я Чернігівської обласної державної адміністрації,390,390,4,1,2,339.0,51,0.8692307692307693,0
926,"Відокремлений структурний підрозділ ""Скадовський аграрний фаховий коледж Херсонського державного аграрно-економічного університету""",Херсонська область,Державна,Міністерство освіти і науки України,390,390,7,2,2,213.0,177,0.5461538461538461,0
1047,"Відокремлений структурний підрозділ ""Смілянський промислово-економічний фаховий коледж Черкаського державного технологічного університету""",Черкаська область,Державна,Міністерство освіти і науки України,389,389,30,1,11,175.0,214,0.4498714652956298,0
728,Ржищівський індустріально-педагогічний фаховий коледж,Київська область,Державна,Міністерство освіти і науки України,388,388,10,1,6,312.0,76,0.8041237113402062,0
714,Полтавський фаховий коледж підприємництва і ресторанного бізнесу,Полтавська область,Державна,Міністерство освіти і науки України,387,387,13,2,6,246.0,141,0.6356589147286822,0
653,Приватний фаховий навчальний заклад «Медичний коледж»,Тернопільська область,Приватна,,386,386,12,1,6,0.0,386,0.0,0
760,Слов’янський фаховий коледж індустрії та фармації,Донецька область,Державна,Міністерство освіти і науки України,385,385,25,1,8,198.0,187,0.5142857142857142,0
6766,Івано-Франківський фаховий коледж Київського університету інтелектуальної власності та права,Івано-Франківська область,Приватна,,385,385,9,1,5,0.0,385,0.0,0
376,"Комунальний заклад ""Бахмутський педагогічний фаховий коледж""",Донецька область,Комунальна,Департамент освіти і науки Донецької обласної державної адміністрації,384,384,26,2,4,327.0,57,0.8515625,0
459,КРИВОРІЗЬКИЙ БУДІВЕЛЬНИЙ ФАХОВИЙ КОЛЕДЖ,Дніпропетровська область,Державна,Міністерство освіти і науки України,384,384,7,2,2,359.0,25,0.9348958333333334,0
1536,"Фаховий коледж Приватного вищого навчального закладу ""Буковинський університет""",Чернівецька область,Приватна,,382,382,22,1,7,0.0,382,0.0,0
1139,"Заклад вищої освіти ""Львівський університет бізнесу та права""",Львівська область,Приватна,,381,381,58,3,20,1.0,380,0.0026246719160104987,0
1074,"Обласна комунальна установа ""Білгород-Дністровський медичний фаховий коледж""",Одеська область,Комунальна,Обласна рада,380,380,4,1,2,307.0,73,0.8078947368421052,0
378,Бахмутський фаховий коледж транспортної інфраструктури,Донецька область,Державна,Міністерство освіти і науки України,377,377,13,1,7,227.0,150,0.6021220159151194,0
767,"Комунальний заклад Сумської обласної ради ""Сумський фаховий коледж мистецтв і культури ім. Д.С. Бортнянського""",Сумська область,Комунальна,Департамент освіти і науки Сумської обласної державної адміністрації,376,376,21,1,11,369.0,7,0.9813829787234043,0
832,Черкаський фаховий коледж харчових технологій та бізнесу,Черкаська область,Державна,Міністерство освіти і науки України,376,376,29,1,10,178.0,198,0.4734042553191489,0
1457,Хмельницький фаховий економіко-технологічний коледж Університету економіки і підприємництва,Хмельницька область,Приватна,,374,374,20,1,9,0.0,374,0.0,0
6915,"Чернівецький інститут ""Одеська юридична академія""",Чернівецька область,Приватна,,374,374,16,2,4,0.0,374,0.0,0
910,Відокремлений структурний підрозділ «Любешівський технічний фаховий коледж Луцького національного технічного університету»,Волинська область,Державна,Міністерство освіти і науки України,372,372,22,1,12,199.0,173,0.5349462365591398,0
1036,Відокремлений структурний підрозділ «Сумський фаховий коледж Національного університету харчових технологій»,Сумська область,Державна,Міністерство освіти і науки України,372,372,12,1,8,271.0,101,0.728494623655914,0
1137,"Комунальний заклад Львівської обласної ради ""Бориславський фаховий медичний коледж""",Львівська область,Комунальна,Управління (головне управління) охорони здоров`я обласної державної адміністрації,371,371,6,1,2,306.0,65,0.8247978436657682,0
2784,Івано-Франківський навчально-науковий інститут менеджменту Західноукраїнського національного університету,Івано-Франківська область,Державна,Міністерство освіти і науки України,369,369,23,2,10,0.0,369,0.0,0
26,"Приватний заклад вищої освіти ""Арт академія сучасного мистецтва імені Сальвадора Далі""",Київ,Приватна,,369,369,28,2,4,0.0,369,0.0,0
864,"ТОВАРИСТВО З ОБМЕЖЕНОЮ ВІДПОВІДАЛЬНІСТЮ ""ЄВРОПЕЙСЬКИЙ МЕДИЧНИЙ УНІВЕРСИТЕТ""",Дніпропетровська область,Приватна,,368,368,15,2,5,0.0,368,0.0,0
2707,"Відокремлений структурний підрозділ ""Фаховий коледж корабелів Національного університету кораблебудування імені адмірала Макарова""",Миколаївська область,Державна,Міністерство освіти і науки України,363,363,5,2,4,140.0,223,0.3856749311294766,0
238,"Відокремлений структурний підрозділ закладу вищої освіти ""Відкритий міжнародний університет розвитку людини ""Україна"" Дубенська філія",Рівненська область,Приватна,,363,363,30,1,10,0.0,363,0.0,0
1038,Краматорський фаховий коледж технологій та дизайну,Донецька область,Державна,Міністерство освіти і науки України,363,363,27,1,9,243.0,120,0.6694214876033058,0
2759,"Відокремлений структурний підрозділ ""Навчально-науковий інститут просторового планування та перспективних технологій Національного університету ""Львівська політехніка""",Львівська область,Державна,Міністерство освіти і науки України,360,360,24,3,6,0.0,360,0.0,0
410,"Відокремлений структурний підрозділ ""Золочівський фаховий коледж Національного університету ""Львівська політехніка""",Львівська область,Державна,Міністерство освіти і науки України,358,358,17,1,10,205.0,153,0.5726256983240223,0
536,Кам’янець-Подільський медичний фаховий коледж,Хмельницька область,Комунальна,Обласна рада,358,358,6,1,4,173.0,185,0.48324022346368717,0
743,"Відокремлений структурний підрозділ ""Сарненський педагогічний фаховий коледж Рівненського державного гуманітарного університету""",Рівненська область,Державна,Міністерство освіти і науки України,357,357,15,1,6,338.0,19,0.9467787114845938,0
1214,ОЛЕКСАНДРІЙСЬКИЙ ПЕДАГОГІЧНИЙ ФАХОВИЙ КОЛЕДЖ ІМЕНІ В.О. СУХОМЛИНСЬКОГО,Кіровоградська область,Комунальна,Обласна державна адміністрація,356,356,14,2,6,355.0,1,0.9971910112359551,0
1107,Тульчинський фаховий коледж культури,Вінницька область,Комунальна,Обласна рада,356,356,22,1,12,268.0,88,0.7528089887640449,0
1363,Комунальний заклад Львівської обласної ради Дрогобицький музичний фаховий коледж ім. В.Барвінського,Львівська область,Комунальна,Управління (головне управління) культури обласної державної адміністрації,355,355,7,1,2,261.0,94,0.7352112676056338,0
564,"ВІДОКРЕМЛЕНИЙ СТРУКТУРНИЙ ПІДРОЗДІЛ ""ФАХОВИЙ КОЛЕДЖ ЕЛЕКТРИФІКАЦІЇ ДНІПРОВСЬКОГО ДЕРЖАВНОГО АГРАРНО-ЕКОНОМІЧНОГО УНІВЕРСИТЕТУ""",Дніпропетровська область,Державна,Міністерство освіти і науки України,355,355,8,2,2,168.0,187,0.4732394366197183,0
908,Відокремлений структурний підрозділ «Фаховий коледж економіки та бізнесу Дніпровського національного університету імені Олеся Гончара»,Дніпропетровська область,Державна,Міністерство освіти і науки України,354,354,11,1,8,129.0,225,0.3644067796610169,0
838,Чернівецький фаховий коледж бізнесу та харчових технологій,Чернівецька область,Державна,Міністерство освіти і науки України,352,352,20,1,6,185.0,167,0.5255681818181818,0
2651,"Відокремлений структурний підрозділ ""Калуський фаховий коледж економіки, права та інформаційних технологій Івано-Франківського національного технічного університету нафти і газу""",Івано-Франківська область,Державна,Міністерство освіти і науки України,352,352,28,1,10,209.0,143,0.59375,0
762,Відокремлений структурний підрозділ «Смілянський технологічний фаховий коледж Національного університету харчових технологій»,Черкаська область,Державна,Міністерство освіти і науки України,352,352,25,1,13,335.0,17,0.9517045454545454,0
113,Закарпатська академія мистецтв,Закарпатська область,Державна,Міністерство культури України,351,351,17,2,5,180.0,171,0.5128205128205128,0
6611,"Відокремлений структурний підрозділ ""Коломийський економіко-правовий фаховий коледж Державного торговельно-економічного університету""",Івано-Франківська область,Державна,Міністерство освіти і науки України,351,351,35,2,13,191.0,160,0.5441595441595442,0
1241,Комунальний заклад фахової передвищої освіти “Коломийський медичний фаховий коледж ім. І. Франка” Івано-Франківської обласної ради,Івано-Франківська область,Комунальна,Управління (головне управління) охорони здоров`я обласної державної адміністрації,351,351,8,1,4,268.0,83,0.7635327635327636,0
382,"Відокремлений структурний підрозділ ""Бердянський машинобудівний фаховий коледж Національного університету ""Запорізька політехніка""",Запорізька область,Державна,Міністерство освіти і науки України,351,351,23,1,8,113.0,238,0.32193732193732194,0
182,Харківський національний університет Повітряних Сил імені Івана Кожедуба,Харківська область,Державна,Міністерство оборони України,350,350,34,2,10,0.0,350,0.0,0
684,Новокаховський приладобудівний фаховий коледж,Херсонська область,Державна,Міністерство освіти і науки України,350,350,22,1,8,216.0,134,0.6171428571428571,0
943,КОМУНАЛЬНИЙ ЗАКЛАД “БЕРЕГІВСЬКИЙ МЕДИЧНИЙ ФАХОВИЙ КОЛЕДЖ” ЗАКАРПАТСЬКОЇ ОБЛАСНОЇ РАДИ,Закарпатська область,Комунальна,Обласна рада,350,350,6,1,4,232.0,118,0.6628571428571428,0
472,"Відокремлений структурний підрозділ ""Фаховий коледж харчових технологій та підприємництва Дніпровського державного технічного університету""",Дніпропетровська область,Державна,Міністерство освіти і науки України,350,350,16,1,6,334.0,16,0.9542857142857143,0
411,Відокремлений структурний підрозділ «Шевченківський фаховий коледж Уманського національного університету»,Черкаська область,Державна,Міністерство освіти і науки України,348,348,14,1,5,241.0,107,0.6925287356321839,0
412,Вінницький фаховий коледж мистецтв ім. М.Д. Леонтовича,Вінницька область,Комунальна,Обласна рада,344,344,10,2,5,344.0,0,1.0,0
467,Донбаський фаховий коледж технологій та управління,Донецька область,Державна,Міністерство освіти і науки України,343,343,26,1,12,258.0,85,0.7521865889212828,0
725,"Комунальний заклад Сумської обласної ради ""Путивльський педагогічний фаховий коледж імені С.В. Руднєва""",Сумська область,Комунальна,Департамент освіти і науки Сумської обласної державної адміністрації,343,343,12,1,8,242.0,101,0.7055393586005831,0
1252,Медичний фаховий коледж Харківського національного медичного університету,Харківська область,Державна,Міністерство охорони здоров`я України,339,339,5,1,2,0.0,339,0.0,0
1039,Волинський фаховий коледж культури і мистецтв імені І.Ф.Стравінського Волинської обласної ради,Волинська область,Комунальна,Обласна державна адміністрація,339,339,15,2,7,339.0,0,1.0,0
1403,Відокремлений структурний підрозділ «Чортківський фаховий коледж економіки та підприємництва Західноукраїнського національного університету»,Тернопільська область,Державна,Міністерство освіти і науки України,339,339,15,1,6,122.0,217,0.35988200589970504,0
2718,Київська православна богословська академія,Київ,Приватна,,338,338,12,3,2,0.0,338,0.0,0
681,Звягельський медичний фаховий коледж Житомирської обласної ради,Житомирська область,Комунальна,Обласна рада,338,338,4,1,2,208.0,130,0.6153846153846154,0
722,"Комунальний заклад ""Прилуцький гуманітарно-педагогічний фаховий коледж імені Івана Франка"" Чернігівської обласної ради",Чернігівська область,Комунальна,Управління освіти і науки Чернігівської обласної державної адміністрації,338,338,18,1,8,311.0,27,0.9201183431952663,0
554,Ківерцівський фаховий медичний коледж Волинської обласної ради,Волинська область,Комунальна,Обласне управління охорони здоров`я,338,338,6,1,3,284.0,54,0.8402366863905325,0
1114,Харківський фаховий коледж транспортних технологій,Харківська область,Державна,Міністерство освіти і науки України,337,337,14,1,4,117.0,220,0.34718100890207715,0
380,Бердичівський медичний фаховий коледж Житомирської обласної ради,Житомирська область,Комунальна,Департамент охорони здоров`я обласної державної адміністрації,335,335,8,1,4,214.0,121,0.6388059701492538,0
3925,"ХАРКІВСЬКИЙ ПЕДАГОГІЧНИЙ ФАХОВИЙ КОЛЕДЖ КОМУНАЛЬНОГО ЗАКЛАДУ ""ХАРКІВСЬКА ГУМАНІТАРНО-ПЕДАГОГІЧНА АКАДЕМІЯ"" ХАРКІВСЬКОЇ ОБЛАСНОЇ РАДИ",Харківська область,Комунальна,Обласна рада,334,334,12,1,8,313.0,21,0.937125748502994,0
388,"Відокремлений структурний підрозділ ""Бобринецький аграрний фаховий коледж ім. В.Порика Білоцерківського національного аграрного університету""",Кіровоградська область,Державна,Міністерство освіти і науки України,331,331,10,1,4,212.0,119,0.6404833836858006,0
588,"Обласна комунальна установа ""Подільський медичний фаховий коледж імені В.О. Жуковського""",Одеська область,Комунальна,Департамент охорони здоров`я обласної державної адміністрації,330,330,4,1,2,266.0,64,0.806060606060606,0
2648,Шосткинський інститут Сумського державного університету,Сумська область,Державна,Міністерство освіти і науки України,330,330,22,2,9,165.0,165,0.5,0
1509,"Відокремлений підрозділ ""Фаховий коледж Харківського університету""",Харківська область,Приватна,,330,330,9,1,3,0.0,330,0.0,0
502,"Відокремлений структурний підрозділ ""Ерастівський фаховий коледж ім. Е. К. Бродського Дніпровського державного аграрно-економічного університету""",Дніпропетровська область,Державна,Міністерство освіти і науки України,327,327,9,1,4,111.0,216,0.3394495412844037,0
498,"Відокремлений структурний підрозділ ""Дружківський фаховий коледж Донбаської державної машинобудівної академії""",Донецька область,Державна,Міністерство освіти і науки України,325,325,21,1,8,260.0,65,0.8,0
801,"Комунальний заклад ""Харківський фаховий вищий коледж мистецтв"" Харківської обласної ради",Харківська область,Комунальна,Управління культури і туризму Харківської обласної державної адміністрації,324,324,17,2,7,293.0,31,0.904320987654321,0
645,"Відокремлений структурний підрозділ ""Маріупольський фаховий коледж Державного вищого навчального закладу ""Приазовський державний технічний університет""",Донецька область,Державна,Міністерство освіти і науки України,323,323,34,2,15,179.0,144,0.5541795665634675,0
2738,Коломийський навчально-науковий інститут Карпатського національного університету імені Василя Стефаника,Івано-Франківська область,Державна,Міністерство освіти і науки України,321,321,18,1,4,128.0,193,0.3987538940809969,0
2825,"Структурний підрозділ ""Міжнародний фаховий коледж моди і дизайну"" Вищого навчального закладу ""Київська академія прикладних мистецтв""",Київ,Приватна,,318,318,18,2,3,0.0,318,0.0,0
533,"Відокремлений структурний підрозділ ""Інгулецький фаховий коледж Криворізького національного університету""",Дніпропетровська область,Державна,Міністерство освіти і науки України,317,317,7,1,2,307.0,10,0.9684542586750788,0
381,Бердичівський педагогічний фаховий коледж Житомирської обласної ради,Житомирська область,Комунальна,Департамент освіти і науки Житомирської обласної державної адміністрації,317,317,8,1,6,250.0,67,0.7886435331230284,0
3913,"Комунальний заклад ""Нікопольський фаховий педагогічний коледж"" Дніпропетровської обласної ради """,Дніпропетровська область,Комунальна,Обласна рада,315,315,9,2,4,271.0,44,0.8603174603174604,0
993,Маріупольський будівельний фаховий коледж,Донецька область,Державна,Міністерство освіти і науки України,315,315,13,1,5,231.0,84,0.7333333333333333,0
2713,"Відокремлений структурний підрозділ ""Ананьївський аграрно-економічний фаховий коледж Уманського національного університету""",Одеська область,Державна,Міністерство освіти і науки України,313,313,17,1,8,211.0,102,0.6741214057507987,0
6767,Чернівецький фаховий коледж Київського університету інтелектуальної власності та права,Чернівецька область,Приватна,,312,312,9,1,6,0.0,312,0.0,0
812,Харківський комп`ютерний фаховий коледж,Харківська область,Державна,Міністерство освіти і науки України,311,311,4,1,4,284.0,27,0.9131832797427653,0
622,"Комунальний заклад вищої освіти ""Волинський медичний інститут"" Волинської обласної ради",Волинська область,Комунальна,Обласна рада,311,311,11,4,3,221.0,90,0.7106109324758842,0
1056,"БЕРЕСТИНСЬКИЙ ПЕДАГОГІЧНИЙ ФАХОВИЙ КОЛЕДЖ КОМУНАЛЬНОГО ЗАКЛАДУ ""ХАРКІВСЬКА ГУМАНІТАРНО-ПЕДАГОГІЧНА АКАДЕМІЯ"" ХАРКІВСЬКОЇ ОБЛАСНОЇ РАДИ",Харківська область,Комунальна,Департамент освіти і науки Харківської обласної державної адміністрації,311,311,9,1,6,258.0,53,0.8295819935691319,0
1019,"Фаховий коледж бізнесу та аналітики Національної академії статистики, обліку та аудиту",Київ,Державна,Державна служба статистики України,310,310,26,2,11,0.0,310,0.0,0
1197,"Дніпровський інститут Приватного акціонерного товариства ""Вищий навчальний заклад ""Міжрегіональна Академія управління персоналом""",Дніпропетровська область,Приватна,,310,310,19,2,8,0.0,310,0.0,0
569,Коломийський індустріально-педагогічний фаховий коледж,Івано-Франківська область,Державна,Міністерство освіти і науки України,309,309,14,2,5,171.0,138,0.5533980582524272,0
1211,"Пирятинська філія Приватного вищого навчального закладу ""Європейський університет""",Полтавська область,Приватна,,306,306,30,1,10,0.0,306,0.0,0
2795,Херсонський морський фаховий коледж рибної промисловості,Херсонська область,Державна,Міністерство освіти і науки України,304,304,19,1,2,207.0,97,0.680921052631579,0
592,Кременецький медичний фаховий коледж імені Арсена Річинського,Тернопільська область,Комунальна,Обласна рада,304,304,4,1,2,294.0,10,0.9671052631578947,0
508,Житомирський фаховий коледж культури і мистецтв імені Івана Огієнка Житомирської обласної ради,Житомирська область,Комунальна,Обласна рада,303,303,27,2,12,254.0,49,0.8382838283828383,0
675,"Комунальний заклад ""Нікопольський фаховий медичний коледж"" Дніпропетровської обласної ради""",Дніпропетровська область,Комунальна,Обласна рада,303,303,5,2,2,266.0,37,0.8778877887788779,0
736,Відокремлений структурний підрозділ «Рожищенський фаховий коледж Львівського національного університету ветеринарної медицини та біотехнологій імені С.З. Гжицького»,Волинська область,Державна,Міністерство освіти і науки України,303,303,15,1,4,127.0,176,0.41914191419141916,0
659,Миколаївський фаховий коледж культури і мистецтв Миколаївської обласної ради,Миколаївська область,Комунальна,"Управління культури, національностей та релігій обласної державної адміністрації",303,303,19,1,9,240.0,63,0.7920792079207921,0
826,"Відокремлений структурний підрозділ ""Хомутецький фаховий коледж Полтавського державного аграрного університету""",Полтавська область,Державна,Міністерство освіти і науки України,302,302,15,1,4,184.0,118,0.609271523178808,0
679,Комунальний заклад фахової передвищої освіти «Новобузький фаховий педагогічний коледж» Миколаївської обласної ради,Миколаївська область,Комунальна,Департамент освіти і науки Миколаївської обласної державної адміністрації,298,298,12,1,4,205.0,93,0.6879194630872483,0
471,Кам'янський фаховий коледж фізичного виховання,Дніпропетровська область,Державна,Міністерство освіти і науки України,298,298,6,1,4,260.0,38,0.87248322147651,0
204,Луганська державна академія культури і мистецтв,Київ,Державна,Міністерство культури України,296,296,23,3,9,210.0,86,0.7094594594594594,0
583,"КОМУНАЛЬНИЙ ЗАКЛАД ОХОРОНИ ЗДОРОВ'Я ""БЕРЕСТИНСЬКИЙ МЕДИЧНИЙ ФАХОВИЙ КОЛЕДЖ"" ХАРКІВСЬКОЇ ОБЛАСНОЇ РАДИ",Харківська область,Комунальна,Департамент охорони здоров`я обласної державної адміністрації,296,296,4,1,2,234.0,62,0.7905405405405406,0
1087,"Відокремлений структурний підрозділ ""Дубенський педагогічний фаховий коледж Рівненського державного гуманітарного університету""",Рівненська область,Державна,Міністерство освіти і науки України,295,295,10,1,5,280.0,15,0.9491525423728814,0
1518,"Відокремлений структурний підрозділ ""Фаховий коледж Одеського національного університету імені І.І.Мечникова""",Одеська область,Державна,Міністерство освіти і науки України,294,294,15,1,7,150.0,144,0.5102040816326531,0
700,"""Олександрійський фаховий коледж культури і мистецтв""",Кіровоградська область,Комунальна,Обласна державна адміністрація,294,294,14,1,8,271.0,23,0.9217687074829932,0
1443,"Відокремлений структурний підрозділ закладу вищої освіти ""Відкритий міжнародний університет розвитку людини ""Україна"" Хмельницький фаховий коледж",Хмельницька область,Приватна,,294,294,15,1,7,0.0,294,0.0,0
4412,"Відокремлений підрозділ ""Рокитнівський фаховий медичний коледж"" комунального закладу вищої освіти ""Рівненська медична академія"" Рівненської обласної ради""",Рівненська область,Комунальна,Обласна рада,293,293,9,2,4,168.0,125,0.5733788395904437,0
1548,"Структурний підрозділ ""Фаховий коледж конструювання одягу"" приватного вищого навчального закладу ""Вінницький інститут конструювання одягу і підприємництва""",Вінницька область,Приватна,,292,292,7,1,2,0.0,292,0.0,0
397,Вижницький фаховий коледж мистецтв та дизайну імені Василя Шкрібляка,Чернівецька область,Державна,Міністерство освіти і науки України,291,291,20,2,4,191.0,100,0.6563573883161512,0
907,"Відокремлений структурний підрозділ ""Марганецький фаховий коледж Національного технічного університету ""Дніпровська політехніка""",Дніпропетровська область,Державна,Міністерство освіти і науки України,288,288,10,1,5,184.0,104,0.6388888888888888,0
625,Комунальний заклад Львівської обласної ради Львівський музичний фаховий коледж імені С.П.Людкевича,Львівська область,Комунальна,Управління (головне управління) культури обласної державної адміністрації,287,287,4,1,2,287.0,0,1.0,0
517,Закарпатський політехнічний фаховий коледж,Закарпатська область,Державна,Міністерство освіти і науки України,287,287,12,1,6,224.0,63,0.7804878048780488,0
7408,"Відокремлений структурний підрозділ ""Канівський фаховий коледж культури і мистецтв Уманського національного університету""",Черкаська область,Державна,Міністерство освіти і науки України,286,286,29,1,13,206.0,80,0.7202797202797203,0
802,КОМУНАЛЬНИЙ ЗАКЛАД«ХАРКІВСЬКИЙ ФАХОВИЙ ВИЩИЙ ХУДОЖНІЙ КОЛЕДЖ» ХАРКІВСЬКОЇ ОБЛАСНОЇ РАДИ,Харківська область,Комунальна,Управління культури і туризму Харківської обласної державної адміністрації,286,286,15,2,7,227.0,59,0.7937062937062938,0
773,Тернопільський мистецький фаховий коледж ім. Соломії Крушельницької,Тернопільська область,Комунальна,Обласна рада,285,285,4,1,2,285.0,0,1.0,0
387,Білоцерківський фаховий коледж сервісу та дизайну,Київська область,Державна,Міністерство освіти і науки України,284,284,11,1,8,274.0,10,0.9647887323943662,0
6515,"Відокремлений структурний підрозділ ""Вовчанський фаховий коледж Державного біотехнологічного університету""",Харківська область,Державна,Міністерство освіти і науки України,284,284,11,1,4,137.0,147,0.4823943661971831,0
693,"Комунальний заклад ""Одеський театрально-художній фаховий коледж""",Одеська область,Комунальна,Управління (головне управління) культури обласної державної адміністрації,283,283,6,1,4,201.0,82,0.7102473498233216,0
2799,Єреванський навчально-науковий інститут Західноукраїнського національного університету.,,Державна,Міністерство освіти і науки України,283,283,21,1,6,0.0,283,0.0,0
702,Відокремлений структурний підрозділ «Олександрійський аграрний фаховий коледж Білоцерківського національного аграрного університету»,Кіровоградська область,Державна,Міністерство освіти і науки України,280,280,13,1,6,213.0,67,0.7607142857142857,0
1356,"Комунальний заклад Львівської обласної ради ""Львівський обласний медичний фаховий коледж""",Львівська область,Комунальна,Обласна рада,280,280,4,1,4,158.0,122,0.5642857142857143,0
912,"Відокремлений структурний підрозділ ""Економіко-технологічний фаховий коледж Херсонського національного технічного університету""",Херсонська область,Державна,Міністерство освіти і науки України,279,279,26,1,10,197.0,82,0.7060931899641577,0
7007,"ЗАКЛАД ВИЩОЇ ОСВІТИ ""Університет трансформації майбутнього""",Чернігівська область,Приватна,,279,279,24,2,9,0.0,279,0.0,0
224,Економіко-технологічний інститут імені Роберта Ельворті,Кіровоградська область,Приватна,,279,279,26,2,11,59.0,220,0.2114695340501792,0
6749,"Луцька філія Вищого приватного навчального закладу Львівський медичний фаховий коледж ""Монада""",Волинська область,Приватна,,278,278,26,1,6,0.0,278,0.0,0
1657,"Товариство з обмеженою відповідальністю ""Заклад вищої освіти ""Університет глобальних стратегій ""Альтера""",Закарпатська область,Приватна,,278,278,13,1,7,0.0,278,0.0,0
811,Харківський механіко-технологічний фаховий коледж імені О.О. Морозова,Харківська область,Державна,Міністерство освіти і науки України,276,276,7,1,3,120.0,156,0.43478260869565216,0
241,"Відокремлений структурний підрозділ закладу вищої освіти ""Відкритий міжнародний університет розвитку людини ""Україна"" Центральноукраїнський інститут розвитку людини",Кіровоградська область,Приватна,,276,276,27,1,10,0.0,276,0.0,0
290,Білоцерківський інститут неперервної професійної освіти,Київська область,Державна,Національна академія педагогічних наук України,276,276,8,1,4,0.0,276,0.0,0
933,"Відокремлений підрозділ ""Костопільський фаховий медичний коледж"" комунального закладу вищої освіти ""Рівненська медична академія"" Рівненської обласної ради",Рівненська область,Комунальна,Обласна рада,276,276,4,1,2,196.0,80,0.7101449275362319,0
1396,"Комунальний заклад вищої освіти ""Вінницька академія безперервної освіти""",Вінницька область,Комунальна,Департамент гуманітарної політики Вінницької обласної державної адміністрації,273,273,13,3,5,0.0,273,0.0,0
837,"Комунальний заклад ""Чернівецький обласний фаховий коледж мистецтв ім. С. Воробкевича""",Чернівецька область,Комунальна,Управління (головне управління) культури обласної державної адміністрації,273,273,6,1,5,250.0,23,0.9157509157509157,0
673,"Комунальний заклад ""Ніжинський фаховий коледж культури і мистецтв імені Марії Заньковецької"" Чернігівської обласної ради",Чернігівська область,Комунальна,"Департамент культури і туризму, національностей та релігій Чернігівської обласної державної адміністрації",270,270,12,1,8,231.0,39,0.8555555555555555,0
976,Могилів-Подільський медичний фаховий коледж,Вінницька область,Комунальна,Обласна рада,269,269,5,2,3,267.0,2,0.9925650557620818,0
524,"Відокремлений структурний підрозділ ""Золотоніський фаховий коледж ветеринарної медицини Білоцерківського національного аграрного університету""",Черкаська область,Державна,Міністерство освіти і науки України,269,269,11,2,4,209.0,60,0.7769516728624535,0
1260,"Відокремлений структурний підрозділ ""Лубенський фінансово-економічний фаховий коледж Полтавського державного аграрного університету""",Полтавська область,Державна,Міністерство освіти і науки України,267,267,19,1,8,143.0,124,0.5355805243445693,0
7291,"ВІДОКРЕМЛЕНИЙ СТРУКТУРНИЙ ПІДРОЗДІЛ ""ХАРКІВСЬКИЙ ПРИРОДООХОРОННИЙ ФАХОВИЙ КОЛЕДЖ ОДЕСЬКОГО НАЦІОНАЛЬНОГО УНІВЕРСИТЕТУ ІМЕНІ І. І. МЕЧНИКОВА""",Харківська область,Державна,Міністерство освіти і науки України,267,267,13,1,6,85.0,182,0.31835205992509363,0
1325,"Приватний вищий навчальний заклад ""Інститут екології економіки і права""",Київ,Приватна,,265,265,30,2,10,0.0,265,0.0,0
1454,"Коледж Вищого навчального закладу ""Київський університет ринкових відносин""",Київ,Приватна,,263,263,30,1,10,0.0,263,0.0,0
6509,"Відокремлений структурний підрозділ ""Вільногірський фаховий коледж Українського державного університету науки і технологій""",Дніпропетровська область,Державна,Міністерство освіти і науки України,263,263,19,1,9,251.0,12,0.9543726235741445,0
3955,"Приватний вищий навчальний заклад ""Медико-Природничий Університет""",Миколаївська область,Приватна,,262,262,21,2,6,0.0,262,0.0,0
589,"Відокремлений структурний підрозділ ""Краматорський фаховий коледж Донецького національного університету економіки і торгівлі імені Михайла Туган-Барановського""",Донецька область,Державна,Міністерство освіти і науки України,262,262,11,1,5,156.0,106,0.5954198473282443,0
1186,"Житомирський інститут Приватного акціонерного товариства ""Вищий навчальний заклад ""Міжрегіональна Академія управління персоналом""",Житомирська область,Приватна,,261,261,20,2,8,0.0,261,0.0,0
966,"Комунальний заклад ""Міжгірський медичний фаховий коледж"" Закарпатської обласної ради",Закарпатська область,Комунальна,Обласна рада,260,260,9,1,5,184.0,76,0.7076923076923077,0
256,Вінницький кооперативний інститут,Вінницька область,Приватна,ВІННИЦЬКА ОБЛАСНА СПІЛКА СПОЖИВЧИХ ТОВАРИСТВ,260,260,21,2,7,0.0,260,0.0,0
925,ОСТЕРСЬКИЙ ФАХОВИЙ КОЛЕДЖ БУДІВНИЦТВА ТА ДИЗАЙНУ,Чернігівська область,Державна,Міністерство освіти і науки України,259,259,7,2,2,152.0,107,0.5868725868725869,0
1388,"Відокремлений структурний підрозділ закладу вищої освіти ""Відкритий міжнародний університет розвитку людини ""Україна"" Полтавський фаховий коледж",Полтавська область,Приватна,,259,259,15,2,4,0.0,259,0.0,0
1195,"Херсонський інститут Приватного акціонерного товариства ""Вищий навчальний заклад ""Міжрегіональна Академія управління персоналом""",Херсонська область,Приватна,,258,258,18,2,8,0.0,258,0.0,0
889,"Приватний заклад передвищої освіти ""Мистецький коледж імені Сальвадора Далі""",Київ,Приватна,,258,258,19,2,4,0.0,258,0.0,0
929,Куп'янський автотранспортний фаховий коледж,Харківська область,Державна,Міністерство освіти і науки України,258,258,9,2,3,59.0,199,0.22868217054263565,0
731,"Приватний вищий навчальний заклад ""Рівненський економіко-гуманітарний та інженерний коледж"" (у формі товариства з обмеженою відповідальністю)",Рівненська область,Приватна,,257,257,23,1,9,0.0,257,0.0,0
988,Фаховий коледж культури і мистецтв (м. Калуш),Івано-Франківська область,Комунальна,Обласна рада,256,256,19,1,11,224.0,32,0.875,0
6471,"Відокремлений підрозділ ""Дубенський фаховий медичний коледж"" комунального закладу вищої освіти ""Рівненська медична академія"" Рівненської обласної ради",Рівненська область,Комунальна,Обласна рада,255,255,4,1,2,179.0,76,0.7019607843137254,0
866,"Вищий навчальний заклад ""Київський університет ринкових відносин"" у формі товариства з обмеженою відповідальністю",Київ,Приватна,,254,254,30,3,11,0.0,254,0.0,0
1132,Комунальний заклад Сумської обласної ради «Лебединський фаховий медичний коледж імені професора М.І.Ситенка»,Сумська область,Комунальна,Обласна рада,254,254,5,1,2,244.0,10,0.9606299212598425,0
932,Харківський соціально-економічний фаховий коледж,Харківська область,Державна,Міністерство освіти і науки України,252,252,12,1,4,129.0,123,0.5119047619047619,0
1478,"Хмельницький економіко-правовий фаховий коледж Приватного акціонерного товариства ""Вищий навчальний заклад ""Міжрегіональна академія управління персоналом""",Хмельницька область,Приватна,,252,252,23,1,8,0.0,252,0.0,0
1405,Фаховий коледж мистецтв ім. А. Ерделі Закарпатської академії мистецтв,Закарпатська область,Державна,Міністерство культури України,252,252,10,1,5,120.0,132,0.47619047619047616,0
3962,Ржищівський фаховий коледж будівництва та економіки,Київська область,Державна,Міністерство освіти і науки України,251,251,6,1,3,149.0,102,0.5936254980079682,0
4308,"Відокремлений структурний підрозділ ""Фаховий коледж економіки, права та інформаційних технологій"" Приватного закладу вищої освіти ""Кам'янець-Подільський податковий інститут""",Хмельницька область,Приватна,,246,246,12,1,6,0.0,246,0.0,0
1001,"Відокремлений структурний підрозділ ""Чигиринський економіко-правовий фаховий коледж Уманського національного університету""",Черкаська область,Державна,Міністерство освіти і науки України,246,246,11,1,6,104.0,142,0.42276422764227645,0
689,"Комунальний заклад Київської обласної ради ""Обухівський медичний фаховий коледж""",Київська область,Комунальна,Обласна рада,246,246,4,1,2,161.0,85,0.6544715447154471,0
1400,"Фаховий коледж при Яготинському інституті Приватного акціонерного товариства ""Вищий навчальний заклад ""Міжрегіональна академія управління персоналом""",Київська область,Приватна,,246,246,14,1,6,0.0,246,0.0,0
1725,Відокремлений структурний підрозділ «Фаховий коледж Державного закладу «Луганський національний університет імені Тараса Шевченка»,Полтавська область,Державна,Міністерство освіти і науки України,245,245,14,2,7,157.0,88,0.6408163265306123,0
859,"Комунальний заклад Сумської обласної ради ""Шосткинський фаховий медичний коледж""",Сумська область,Комунальна,Обласна рада,245,245,7,2,4,155.0,90,0.6326530612244898,0
1315,"Економіко-правовий фаховий коледж Приватного вищого навчального закладу ""Вінницький фінансово-економічний університет""",Вінницька область,Приватна,,245,245,28,3,10,0.0,245,0.0,0
738,Рубіжанський індустріально-педагогічний фаховий коледж,Луганська область,Державна,Міністерство освіти і науки України,245,245,9,1,4,116.0,129,0.47346938775510206,0
3788,"Комунальний заклад ""Жовтоводський фаховий педагогічний коледж"" Дніпропетровської обласної ради""",Дніпропетровська область,Комунальна,Обласна рада,244,244,12,1,4,204.0,40,0.8360655737704918,0
243,"Відокремлений структурний підрозділ закладу вищої освіти ""Відкритий міжнародний університет розвитку людини ""Україна"" Рівненський інститут",Рівненська область,Приватна,,243,243,24,2,8,0.0,243,0.0,0
1187,"Яготинський інститут Приватного акціонерного товариства ""Вищий навчальний заклад ""Міжрегіональна Академія управління персоналом""",Київська область,Приватна,,241,241,16,1,6,0.0,241,0.0,0
423,"Відокремлений структурний підрозділ ""Брянківський фаховий коледж Державного закладу ""Луганський національний університет імені Тараса Шевченка""",Полтавська область,Державна,Міністерство освіти і науки України,241,241,18,1,6,130.0,111,0.5394190871369294,0
584,Комунальний заклад Сумської обласної ради «Конотопський фаховий медичний коледж»,Сумська область,Комунальна,Обласна рада,240,240,4,1,2,230.0,10,0.9583333333333334,0
984,"КОМУНАЛЬНИЙ ЗАКЛАД ""ЛОЗІВСЬКИЙ ФАХОВИЙ ВИЩИЙ КОЛЕДЖ МИСТЕЦТВ"" ХАРКІВСЬКОЇ ОБЛАСНОЇ РАДИ",Харківська область,Комунальна,Управління культури і туризму Харківської обласної державної адміністрації,239,239,14,1,6,224.0,15,0.9372384937238494,0
909,"БАЛАКЛІЙСЬКИЙ ПЕДАГОГІЧНИЙ ФАХОВИЙ КОЛЕДЖ КОМУНАЛЬНОГО ЗАКЛАДУ ""ХАРКІВСЬКА ГУМАНІТАРНО-ПЕДАГОГІЧНА АКАДЕМІЯ"" ХАРКІВСЬКОЇ ОБЛАСНОЇ РАДИ",Харківська область,Комунальна,Департамент освіти і науки Харківської обласної державної адміністрації,238,238,7,1,4,141.0,97,0.592436974789916,0
582,"КОМУНАЛЬНИЙ ЗАКЛАД ОХОРОНИ ЗДОРОВ'Я ""БОГОДУХІВСЬКИЙ МЕДИЧНИЙ ФАХОВИЙ КОЛЕДЖ"" ХАРКІВСЬКОЇ ОБЛАСНОЇ РАДИ",Харківська область,Комунальна,Обласна рада,238,238,4,1,2,167.0,71,0.7016806722689075,0
6510,"Відокремлений структурний підрозділ ""Новомосковський фаховий коледж Українського державного університету науки і технологій""",Дніпропетровська область,Державна,Міністерство освіти і науки України,237,237,11,1,8,221.0,16,0.9324894514767933,0
709,Погребищенський медичний фаховий коледж,Вінницька область,Комунальна,Обласна рада,237,237,5,2,2,230.0,7,0.9704641350210971,0
49,"Приватний заклад вищої освіти Харківський гуманітарний університет ""Народна українська академія""",Харківська область,Приватна,,237,237,32,3,7,0.0,237,0.0,0
1122,"Рівненська філія Приватного вищого навчального закладу ""Європейський університет""",Рівненська область,Приватна,,236,236,26,1,11,0.0,236,0.0,0
6644,"Відокремлений структурний підрозділ ""Бурштинський торговельно-економічний фаховий коледж Державного торговельно-економічного університету""",Івано-Франківська область,Державна,Міністерство освіти і науки України,235,235,11,1,8,175.0,60,0.7446808510638298,0
1251,"Комунальний заклад ""Маріупольський медичний фаховий коледж""",Донецька область,Комунальна,Обласна рада,234,234,9,1,4,200.0,34,0.8547008547008547,0
1005,Новоселицький медичний фаховий коледж,Чернівецька область,Комунальна,Обласна рада,234,234,4,1,2,206.0,28,0.8803418803418803,0
721,"Комунальний заклад ""Прилуцький фаховий медичний коледж"" Чернігівської обласної ради",Чернігівська область,Комунальна,Управління охорони здоров’я Чернігівської обласної державної адміністрації,233,233,4,1,2,215.0,18,0.9227467811158798,0
6746,"Хустська філія Вищого приватного навчального закладу Львівський медичний фаховий коледж ""Монада""",Закарпатська область,Приватна,,233,233,14,1,6,0.0,233,0.0,0
822,Хмельницький фаховий музичний коледж ім. В.І. Заремби,Хмельницька область,Комунальна,Управління (головне управління) культури обласної державної адміністрації,233,233,6,2,2,227.0,6,0.9742489270386266,0
3083,"Відокремлений структурний підрозділ ""Фаховий музичний коледж"" комунального закладу вищої освіти ""Дніпровська академія музики"" Дніпропетровської обласної ради""",Дніпропетровська область,Комунальна,Обласна рада,233,233,6,2,2,232.0,1,0.9957081545064378,0
846,Комунальний заклад «Чернігівський фаховий музичний коледж ім. Л. М. Ревуцького» Чернігівської обласної ради,Чернігівська область,Комунальна,Управління освіти і науки Чернігівської обласної державної адміністрації,232,232,4,1,2,231.0,1,0.9956896551724138,0
2527,Фаховий Полтавський бізнес-коледж Закладу вищої освіти «Міжнародний науково-технічний університет імені академіка Юрія Бугая»,Полтавська область,Приватна,,232,232,13,1,7,0.0,232,0.0,0
602,"Комунальний заклад охорони здоров'я ""Куп'янський медичний фаховий коледж ім. Героя України Олександра Макаренка"" Харківської обласної ради",Харківська область,Комунальна,Департамент охорони здоров`я обласної державної адміністрації,230,230,4,1,2,185.0,45,0.8043478260869565,0
1274,"Київський університет туризму, економіки і права",Київ,Приватна,,230,230,37,2,13,0.0,230,0.0,0
894,Відокремлений структурний підрозділ «Фаховий коледж бізнесу та харчових технологій Запорізького національного університету»,Запорізька область,Державна,Міністерство освіти і науки України,230,230,17,1,8,155.0,75,0.6739130434782609,0
2785,Нововолинський навчально-науковий інститут економіки та менеджменту Західноукраїнського національного університету,Волинська область,Державна,Міністерство освіти і науки України,229,229,16,1,8,0.0,229,0.0,0
289,"Заклад вищої освіти ""Київський інститут бізнесу та технологій"" товариство з обмеженою відповідальністю",Київ,Приватна,,229,229,23,2,7,0.0,229,0.0,0
1265,"Комунальний заклад вищої освіти ""Дніпровська академія музики"" Дніпропетровської обласної ради""",Дніпропетровська область,Комунальна,Обласна рада,229,229,7,3,2,225.0,4,0.982532751091703,0
430,Гадяцький фаховий коледж культури і мистецтв ім. І.П. Котляревського,Полтавська область,Комунальна,Обласна рада,228,228,14,1,8,186.0,42,0.8157894736842105,0
1387,"Приватний вищий навчальний заклад ""Вінницький інститут конструювання одягу і підприємництва""",Вінницька область,Приватна,,227,227,19,3,8,1.0,226,0.004405286343612335,0
829,Чемеровецький медичний фаховий коледж,Хмельницька область,Комунальна,Обласна рада,226,226,4,1,2,182.0,44,0.8053097345132744,0
390,Борзнянський аграрний фаховий коледж,Чернігівська область,Державна,Міністерство освіти і науки України,225,225,10,1,6,205.0,20,0.9111111111111111,0
1343,"Відокремлений структурний підрозділ закладу вищої освіти ""Відкритий міжнародний університет розвитку людини ""Україна"" Житомирський економіко-гуманітарний інститут",Житомирська область,Приватна,,225,225,17,2,6,0.0,225,0.0,0
575,Комунальний заклад «Криворізький обласний фаховий музичний коледж» Дніпропетровської обласної ради»,Дніпропетровська область,Комунальна,Обласна рада,222,222,4,1,2,217.0,5,0.9774774774774775,0
922,"Відокремлений структурний підрозділ закладу вищої освіти ""Відкритий міжнародний університет розвитку людини ""Україна"" Тернопільський фаховий коледж",Тернопільська область,Приватна,,221,221,7,1,6,0.0,221,0.0,0
4216,"Приватний заклад вищої освіти ""Івано-Франківська академія Івана Золотоустого""",Івано-Франківська область,Приватна,,219,219,7,2,2,0.0,219,0.0,0
1724,"Відокремлений структурний підрозділ ""Старобільський фаховий коледж Державного закладу ""Луганський національний університет імені Тараса Шевченка""",Полтавська область,Державна,Міністерство освіти і науки України,219,219,12,1,6,120.0,99,0.547945205479452,0
231,"Відокремлений структурний підрозділ закладу вищої освіти ""Відкритий міжнародний університет розвитку людини ""Україна"" Карпатський інститут підприємництва",Закарпатська область,Приватна,,218,218,18,1,7,0.0,218,0.0,0
963,"Відокремлений структурний підрозділ "" Шепетівський фаховий коледж Закладу вищої освіти ""Подільський державний університет""",Хмельницька область,Державна,Міністерство освіти і науки України,218,218,12,1,6,109.0,109,0.5,0
646,"Відокремлений структурний підрозділ ""Маріупольський машинобудівний фаховий коледж Державного вищого навчального закладу ""Приазовський державний технічний університет""",Донецька область,Державна,Міністерство освіти і науки України,218,218,12,1,9,111.0,107,0.5091743119266054,0
2629,"Відокремлений структурний підрозділ закладу вищої освіти ""Відкритий міжнародний університет розвитку людини ""Україна"" Вінницький фаховий коледж",Вінницька область,Приватна,,218,218,9,1,3,0.0,218,0.0,0
974,"Відокремлений структурний підрозділ ""Костопільський будівельно-технологічний фаховий коледж Національного університету водного господарства та природокористування""",Рівненська область,Державна,Міністерство освіти і науки України,217,217,6,1,2,98.0,119,0.45161290322580644,0
785,"Відокремлений структурний підрозділ ""Тлумацький фаховий коледж Львівського національного університету природокористування""",Івано-Франківська область,Державна,Міністерство освіти і науки України,216,216,20,1,10,105.0,111,0.4861111111111111,0
6917,ЧЕРКАСЬКИЙ ЕКОНОМІКО-ПРАВОВИЙ ІНСТИТУТ КИЇВСЬКОГО УНІВЕРСИТЕТУ ІНТЕЛЕКТУАЛЬНОЇ ВЛАСНОСТІ ТА ПРАВА,Черкаська область,Приватна,,215,215,4,1,2,0.0,215,0.0,0
507,Житомирський музичний фаховий коледж ім. В. С. Косенка Житомирської обласної ради,Житомирська область,Комунальна,Обласна рада,215,215,5,2,2,207.0,8,0.9627906976744186,0
2154,"Державний професійно-технічний навчальний заклад ""Дніпровський центр професійно-технічної освіти""",Дніпропетровська область,Державна,Департамент освіти і науки Дніпропетровської обласної державної адміністрації,214,214,8,1,8,198.0,16,0.9252336448598131,0
699,"Комунальний заклад ""Олександрійський медичний фаховий коледж""",Кіровоградська область,Комунальна,Обласна державна адміністрація,214,214,6,1,4,127.0,87,0.5934579439252337,0
3569,Інститут держави і права імені В.М.Корецького Національної академії наук України,Київ,Державна,Національна академія наук України,214,214,8,1,8,32.0,182,0.14953271028037382,0
695,"Комунальний заклад ""Одеський художній фаховий коледж ім. М.Б.Грекова""",Одеська область,Комунальна,"Департамент культури, національностей, релігій та охорони об'єктів культурної спадщини облдержадміністрації",211,211,3,1,2,140.0,71,0.6635071090047393,0
799,"КОМУНАЛЬНИЙ ЗАКЛАД ""ХАРКІВСЬКИЙ МУЗИЧНИЙ ФАХОВИЙ КОЛЕДЖ ІМ. Б.М. ЛЯТОШИНСЬКОГО"" ХАРКІВСЬКОЇ ОБЛАСНОЇ РАДИ",Харківська область,Комунальна,Обласна державна адміністрація,211,211,4,1,2,210.0,1,0.995260663507109,0
245,"Відокремлений структурний підрозділ закладу вищої освіти ""Відкритий міжнародний університет розвитку людини ""Україна"" Івано-Франківська філія",Івано-Франківська область,Приватна,,208,208,16,2,6,0.0,208,0.0,0
211,"Товариство з обмеженою відповідальністю ""Харківський університет""",Харківська область,Приватна,,208,208,9,2,3,0.0,208,0.0,0
869,"Інститут управління природними ресурсами Вищого навчального закладу ""Університет економіки та права ""КРОК""",Івано-Франківська область,Приватна,,208,208,20,2,9,0.0,208,0.0,0
1138,"Миколаївська філія Приватного вищого навчального закладу ""Європейський університет""",Миколаївська область,Приватна,,205,205,22,2,10,0.0,205,0.0,0
619,Комунальний заклад освіти Лубенський медичний фаховий коледж Полтавської обласної ради,Полтавська область,Комунальна,Обласна рада,204,204,4,1,2,185.0,19,0.9068627450980392,0
2794,Білгород-Дністровський морський рибопромисловий фаховий коледж,Одеська область,Державна,Міністерство освіти і науки України,204,204,17,1,8,127.0,77,0.6225490196078431,0
239,"Відокремлений структурний підрозділ закладу вищої освіти ""Відкритий міжнародний університет розвитку людини ""Україна"" Полтавський інститут економіки і права",Полтавська область,Приватна,,204,204,28,2,10,0.0,204,0.0,0
529,Фінансово-комерційний фаховий коледж імені С. Граната,Івано-Франківська область,Приватна,Засновник,203,203,16,1,8,0.0,203,0.0,0
901,"Відокремлений структурний підрозділ ""Фаховий коледж геодезії та землеустрою Поліського національного університету""",Житомирська область,Державна,Міністерство освіти і науки України,201,201,12,1,6,63.0,138,0.31343283582089554,0
1289,Кам'янець-Подільський фаховий коледж культури і мистецтв,Хмельницька область,Комунальна,Обласна рада,201,201,18,2,7,151.0,50,0.7512437810945274,0
6410,Київський аграрний університет Національної академії аграрних наук України,Київ,Державна,Національна академія аграрних наук України,200,200,28,3,9,2.0,198,0.01,0
540,"Приватний навчальний заклад ""Міжнародний фаховий коледж еколого-інформаційної та медичної безпеки Центрально-Європейського університету""",Черкаська область,Приватна,,200,200,8,1,4,0.0,200,0.0,0
7220,Бахмутський навчально-науковий професійно-педагогічний інститут Харківського національного університету імені В. Н. Каразіна,Донецька область,Державна,Міністерство освіти і науки України,197,197,21,2,7,87.0,110,0.4416243654822335,0
967,"Відокремлений структурний підрозділ ""Рівненський музичний фаховий коледж Рівненського державного гуманітарного університету""",Рівненська область,Державна,Міністерство освіти і науки України,197,197,2,1,2,196.0,1,0.9949238578680203,0
657,Миколаївський фаховий коледж музичного мистецтва Миколаївської обласної ради,Миколаївська область,Комунальна,"Управління культури, національностей та релігій Миколаївської обласної державної адміністрації",197,197,4,1,2,196.0,1,0.9949238578680203,0
7247,Полтавський фаховий коледж Полтавського університету економіки і торгівлі,Полтавська область,Приватна,"ТОВАРИСТВО З ОБМЕЖЕНОЮ ВІДПОВІДАЛЬНІСТЮ ""УКРАЇНСЬКЕ ОБ’ЄДНАННЯ ЗАКЛАДІВ КООПЕРАТИВНОЇ ОСВІТИ""",196,196,14,1,5,0.0,196,0.0,0
6779,"Комунальний заклад професійної (професійно-технічної) освіти ""Київський професійний коледж ТЕХНО-АРТ імені Бадрі Лолашвілі""",Київ,Комунальна,Департамент освіти і науки виконавчого органу Київської міської ради (Київської міської державної адміністрації),196,196,6,1,6,88.0,108,0.4489795918367347,0
1125,"Уманська філія Приватного вищого навчального закладу ""Європейський університет""",Черкаська область,Приватна,,195,195,21,1,10,0.0,195,0.0,0
260,"Відокремлений структурний підрозділ закладу вищої освіти ""Відкритий міжнародний університет розвитку людини ""Україна"" Білоцерківський інститут економіки та управління",Київська область,Приватна,,195,195,21,2,7,0.0,195,0.0,0
1184,"Волинський інститут імені В'ячеслава Липинського Приватного акціонерного товариства ""Вищий навчальний заклад ""Міжрегіональна Академія управління персоналом""",Волинська область,Приватна,,195,195,15,2,7,0.0,195,0.0,0
293,"Приватний вищий навчальний заклад ""Херсонський економічно - правовий інститут""",Херсонська область,Приватна,,195,195,13,2,5,0.0,195,0.0,0
953,"Коледж хореографічного мистецтва ""Київська муніципальна академія танцю імені Сержа Лифаря""",Київ,Комунальна,Департамент освіти і науки виконавчого органу Київської міської ради (Київської міської державної адміністрації),194,194,8,3,2,176.0,18,0.9072164948453608,0
2354,"Відокремлений структурний підрозділ закладу вищої освіти ""Відкритий міжнародний університет розвитку людини ""Україна"" Рівненський фаховий коледж",Рівненська область,Приватна,,193,193,7,1,4,0.0,193,0.0,0
1182,"Центральноукраїнський інститут Приватного акціонерного товариства ""Вищий навчальний заклад ""Міжрегіональна Академія управління персоналом""",Кіровоградська область,Приватна,,192,192,22,2,6,0.0,192,0.0,0
765,"Відокремлений структурний підрозділ ""Кадіївський педагогічний фаховий коледж Державного закладу ""Луганський національний університет імені Тараса Шевченка""",Івано-Франківська область,Державна,Міністерство освіти і науки України,192,192,8,1,4,120.0,72,0.625,0
281,"Приватний вищий навчальний заклад ""Університет сучасних знань""",Київ,Приватна,,192,192,29,3,8,0.0,192,0.0,0
1578,"Фаховий коледж при Центральноукраїнському інституті Приватного акціонерного товариства ""Вищий навчальний заклад ""Міжрегіональна академія управління персоналом""",Кіровоградська область,Приватна,,191,191,14,1,7,0.0,191,0.0,0
4354,Кременчуцький льотний коледж Харківського національного університету внутрішніх справ,Полтавська область,Державна,Міністерство внутрішніх справ України,191,191,10,2,4,68.0,123,0.35602094240837695,0
1650,Відокремлений структурний підрозділ «Івано-Франківський фаховий коледж ресторанного сервісу і туризму Національного університету харчових технологій»,Івано-Франківська область,Державна,Міністерство освіти і науки України,191,191,9,1,6,131.0,60,0.6858638743455497,0
6744,"Дрогобицька філія Вищого приватного навчального закладу Львівський медичний фаховий коледж ""МОНАДА""",Львівська область,Приватна,,190,190,10,1,2,0.0,190,0.0,0
2755,"Західнодонбаський інститут Приватного акціонерного товариства ""Вищий навчальний заклад ""Міжрегіональна академія управління персоналом""",Дніпропетровська область,Приватна,,188,188,17,1,8,3.0,185,0.015957446808510637,0
169,"Вищий навчальний заклад ""Приватне акціонерне товариство ""Львівський інститут менеджменту""",Львівська область,Приватна,,187,187,11,2,4,0.0,187,0.0,0
1216,"УЖГОРОДСЬКА ФІЛІЯ ВИЩОГО ПРИВАТНОГО НАВЧАЛЬНОГО ЗАКЛАДУ ""ЛЬВІВСЬКИЙ МЕДИЧНИЙ ФАХОВИЙ КОЛЕДЖ ""МЕДИК""",Закарпатська область,Приватна,,187,187,13,1,4,0.0,187,0.0,0
1101,Верхівнянська філія Житомирського агротехнічного фахового коледжу,Житомирська область,Державна,Міністерство освіти і науки України,185,185,5,1,3,76.0,109,0.41081081081081083,0
1361,"Відокремлений структурний підрозділ закладу вищої освіти ""Відкритий міжнародний університет розвитку людини ""Україна"" Центральноукраїнський фаховий коледж",Кіровоградська область,Приватна,,185,185,13,1,4,0.0,185,0.0,0
1269,Комунальний заклад Львівської обласної ради Самбірський фаховий коледж культури і мистецтв,Львівська область,Комунальна,Управління (головне управління) культури обласної державної адміністрації,184,184,17,1,6,144.0,40,0.782608695652174,0
1666,"Відокремлений структурний підрозділ закладу вищої освіти ""Відкритий міжнародний університет розвитку людини ""Україна"" Дубенський фаховий коледж",Рівненська область,Приватна,,183,183,7,1,2,0.0,183,0.0,0
573,Вашковецький медичний фаховий коледж,Чернівецька область,Комунальна,Департамент охорони здоров`я обласної державної адміністрації,182,182,5,2,2,158.0,24,0.8681318681318682,0
791,Комунальний заклад «Ужгородський музичний фаховий коледж імені Д.Є Задора» Закарпатської обласної ради,Закарпатська область,Комунальна,Обласна рада,181,181,4,1,2,181.0,0,1.0,0
957,Комунальний заклад Київської обласної ради «Чорнобильський медичний фаховий коледж»,Київська область,Комунальна,Управління (головне управління) охорони здоров`я обласної державної адміністрації,181,181,4,1,2,149.0,32,0.8232044198895028,0
176,"Приватне акціонерне товариство «Українсько-Польський вищий навчальний заклад ""Центрально-Європейський університет»",Київ,Приватна,,181,181,17,2,3,0.0,181,0.0,0
574,Комунальний заклад «Кам’янський фаховий музичний коледж імені Мирослава Скорика» Дніпропетровської обласної ради»,Дніпропетровська область,Комунальна,Обласна рада,179,179,4,1,2,179.0,0,1.0,0
1151,"Криворізька філія Приватного вищого навчального закладу ""Європейський університет""",Дніпропетровська область,Приватна,,177,177,21,2,8,0.0,177,0.0,0
571,Відокремлений структурний підрозділ «Компаніївський фаховий коледж ветеринарної медицини Білоцерківського національного аграрного університету»,Кіровоградська область,Державна,Міністерство освіти і науки України,176,176,6,1,2,100.0,76,0.5681818181818182,0
990,Відокремлений структурний підрозділ «Козелецький фаховий коледж ветеринарної медицини Білоцерківського національного аграрного університету»,Чернігівська область,Державна,Міністерство освіти і науки України,175,175,5,1,2,119.0,56,0.68,0
2269,Вище художнє професійне училище № 3 м. Івано-Франківська,Івано-Франківська область,Державна,Департамент освіти і науки Івано-Франківської обласної державної адміністрації,175,175,4,1,4,175.0,0,1.0,0
483,"КОМУНАЛЬНИЙ ЗАКЛАД ""ДОНЕЦЬКИЙ ОБЛАСНИЙ СПЕЦІАЛІЗОВАНИЙ ФАХОВИЙ КОЛЕДЖ СПОРТИВНОГО ПРОФІЛЮ ІМ. С. БУБКИ""",Донецька область,Комунальна,Департамент освіти і науки Донецької обласної державної адміністрації,173,173,2,1,2,173.0,0,1.0,0
499,"Відокремлений структурний підрозділ ""Дубенський фаховий коледж культури і мистецтв Рівненського державного гуманітарного університету""",Рівненська область,Державна,Міністерство освіти і науки України,172,172,16,1,10,112.0,60,0.6511627906976745,0
2659,Надслучанський інститут Національного університету водного господарства та природокористування,Рівненська область,Державна,Міністерство освіти і науки України,171,171,4,1,2,63.0,108,0.3684210526315789,0
6514,"Відокремлений структурний підрозділ ""Фаховий коледж Українського державного університету науки і технологій""",Дніпропетровська область,Державна,Міністерство освіти і науки України,170,170,9,1,4,0.0,170,0.0,0
526,Івано-Франківський фаховий музичний коледж імені Дениса Січинського,Івано-Франківська область,Комунальна,Івано-Франківська обласна рада,170,170,4,1,2,170.0,0,1.0,0
3846,"Приватний заклад вищої освіти ""ІТ СТЕП Університет""",Львівська область,Приватна,,169,169,8,2,4,0.0,169,0.0,0
1293,"Комунальний заклад ""Запорізький фаховий коледж мистецтв і культури ім. П.І. Майбороди""",Запорізька область,Комунальна,Обласна рада,168,168,18,1,10,160.0,8,0.9523809523809523,0
865,"Вищий навчальний заклад ""Київська академія прикладних мистецтв""",Київ,Приватна,,168,168,16,1,2,0.0,168,0.0,0
680,Економіко-гуманітарний фаховий коледж (Товариство з обмеженою відповідальністю),Житомирська область,Приватна,,167,167,13,1,6,0.0,167,0.0,0
6747,"Первомайська філія Вищого приватного навчального закладу Львівський медичний фаховий коледж ""Монада""",Миколаївська область,Приватна,,167,167,15,1,4,0.0,167,0.0,0
432,Гайсинський медичний фаховий коледж,Вінницька область,Комунальна,Обласна рада,167,167,4,1,2,157.0,10,0.9401197604790419,0
555,Кропивницький музичний фаховий коледж,Кіровоградська область,Комунальна,Обласна рада,166,166,4,1,2,161.0,5,0.9698795180722891,0
951,КОМУНАЛЬНИЙ ЗАКЛАД «БАХМУТСЬКИЙ ФАХОВИЙ КОЛЕДЖ КУЛЬТУРИ І МИСТЕЦТВ ІМЕНІ ІВАНА КАРАБИЦЯ»,Донецька область,Комунальна,Управління (головне управління) культури обласної державної адміністрації,163,163,6,1,3,163.0,0,1.0,0
6748,"Ужгородська філія Вищого приватного навчального закладу Львівський медичний фаховий коледж ""МОНАДА""",Закарпатська область,Приватна,,162,162,10,1,4,0.0,162,0.0,0
638,"Комунальний заклад Київської обласної ради ""Макарівський медичний фаховий коледж""",Київська область,Комунальна,Обласна рада,162,162,4,1,2,129.0,33,0.7962962962962963,0
615,Лисичанський промислово-технологічний фаховий коледж,Луганська область,Державна,Міністерство освіти і науки України,161,161,5,1,5,100.0,61,0.6211180124223602,0
514,Відокремлений структурний підрозділ “Жовтоводський промисловий фаховий коледж Дніпровського національного університету імені Олеся Гончара”,Дніпропетровська область,Державна,Міністерство освіти і науки України,161,161,16,1,8,135.0,26,0.8385093167701864,0
6695,"Фаховий медико-фармацевтичний коледж Приватного акціонерного товариства ""Вищий навчальний заклад ""Міжрегіональна Академія управління персоналом""",Київ,Приватна,,161,161,8,1,4,0.0,161,0.0,0
5,"Приватний вищий навчальний заклад-інститут ""Українсько-американський університет Конкордія""",Київ,Приватна,,160,160,10,3,5,0.0,160,0.0,0
819,"Комунальний заклад ""Херсонський фаховий коледж культури і мистецтв"" Херсонської обласної ради",Херсонська область,Комунальна,Управління освіти і науки Херсонської обласної державної адміністрації,159,159,18,1,9,128.0,31,0.8050314465408805,0
960,Хустський фаховий технічний коледж Товариства сприяння обороні України,Закарпатська область,Приватна,Товариство сприяння обороні України,159,159,10,2,4,0.0,159,0.0,0
1690,"Державний навчальний заклад ""Вище професійне училище №34 м. Стрий""",Львівська область,Державна,Департамент освіти і науки Львівської обласної державної адміністрації,159,159,9,2,9,148.0,11,0.9308176100628931,0
6745,"Чернівецька філія Вищого приватного навчального закладу Львівський медичний фаховий коледж ""МОНАДА""",Чернівецька область,Приватна,,158,158,12,1,4,0.0,158,0.0,0
991,"Товариство з обмеженою відповідальністю ""Політико-правовий коледж ""АЛСКО""",Київ,Приватна,,158,158,6,2,2,0.0,158,0.0,0
1331,"Відокремлений структурний підрозділ ""Маріупольський політехнічний фаховий коледж Державного вищого навчального закладу ""Приазовський державний технічний університет""",Донецька область,Державна,Міністерство освіти і науки України,157,157,23,1,13,81.0,76,0.5159235668789809,0
143,"Приватний вищий навчальний заклад ""Вінницький фінансово-економічний університет""",Вінницька область,Приватна,,157,157,31,4,10,0.0,157,0.0,0
2589,"Житомирський фаховий коледж управління та безпеки Приватного акціонерного Товариства ""Вищий навчальний заклад ""Міжрегіональна академія управління персоналом""",Житомирська область,Приватна,,155,155,11,1,4,0.0,155,0.0,0
969,Полтавський фаховий коледж мистецтв імені М.В. Лисенка,Полтавська область,Комунальна,Обласна рада,155,155,5,1,3,155.0,0,1.0,0
1288,Рівненський інститут Київського університету права Національної академії наук України,Рівненська область,Державна,Національна академія наук України,155,155,7,1,2,0.0,155,0.0,0
1069,"Приватний вищий навчальний заклад ""Бориспільський інститут муніципального менеджменту при Міжрегіональній Академії управління персоналом""",Київська область,Приватна,,154,154,13,2,7,0.0,154,0.0,0
1127,"Комунальний заклад фахової передвищої освіти ""Черкаський музичний фаховий коледж ім. С.С. Гулака-Артемовського Черкаської обласної ради""",Черкаська область,Комунальна,Обласна рада,153,153,5,2,2,146.0,7,0.954248366013072,0
5187,Бериславський фаховий педагогічний коледж імені В.Ф. Беньковського Херсонського державного університету,Херсонська область,Державна,Міністерство освіти і науки України,153,153,8,1,4,134.0,19,0.8758169934640523,0
1210,"Відокремлений підрозділ приватного акціонерного товариства ""Приватний вищий навчальний заклад ""Запорізький інститут економіки та інформаційних технологій"" у м. Кривий Ріг",Дніпропетровська область,Приватна,,151,151,18,1,6,0.0,151,0.0,0
7309,"Відокремлений структурний підрозділ ""Херсонський гідрометеорологічний фаховий коледж Одеського національного університету імені І. І. Мечникова""",Херсонська область,Державна,Міністерство освіти і науки України,149,149,11,1,4,124.0,25,0.8322147651006712,0
3914,ВОЛИНСЬКА ПРАВОСЛАВНА БОГОСЛОВСЬКА АКАДЕМІЯ,Волинська область,Приватна,,148,148,7,2,2,0.0,148,0.0,0
6502,"Відокремлений структурний підрозділ ""Вугледарський фаховий коледж Маріупольського державного університету""",Київ,Державна,Міністерство освіти і науки України,146,146,14,1,9,68.0,78,0.4657534246575342,0
2976,Ужгородський гуманітарно-економічний коледж Карпатського університету імені Августина Волошина,Закарпатська область,Приватна,,146,146,14,1,5,0.0,146,0.0,0
1172,"Прикарпатський інститут імені Михайла Грушевського Приватного акціонерного товариства ""Вищий навчальний заклад ""Міжрегіональна Академія управління персоналом""",Львівська область,Приватна,,145,145,14,2,6,0.0,145,0.0,0
2390,Вище професійне училище № 17,Дніпропетровська область,Державна,Департамент освіти і науки Дніпропетровської обласної державної адміністрації,144,144,7,1,7,126.0,18,0.875,0
339,"Приватне акціонерне товариство ""Вищий навчальний заклад ""Національна академія управління""",Київ,Приватна,,144,144,24,3,10,0.0,144,0.0,0
7012,"ТОВАРИСТВО З ОБМЕЖЕНОЮ ВІДПОВІДАЛЬНІСТЮ ПРИВАТНИЙ ВИЩИЙ НАВЧАЛЬНИЙ ЗАКЛАД ""УНІВЕРСИТЕТ СУЧАСНИХ ТЕХНОЛОГІЙ""",Київ,Приватна,,143,143,7,1,2,0.0,143,0.0,0
764,Сосницький обліково-економічний фаховий коледж,Чернігівська область,Державна,Міністерство освіти і науки України,143,143,8,1,4,109.0,34,0.7622377622377622,0
613,Лисичанський медичний фаховий коледж,Луганська область,Комунальна,Міська рада,141,141,6,1,2,113.0,28,0.8014184397163121,0
2036,Краматорське вище професійне училище,Донецька область,Державна,Департамент освіти і науки Донецької обласної державної адміністрації,140,140,7,1,7,140.0,0,1.0,0
3509,"Відокремлений структурний підрозділ фаховий коледж Енергодарського інституту державного та муніципального управління імені Р.Г. Хеноха ""Класичного приватного університету""",Запорізька область,Приватна,,140,140,16,2,6,0.0,140,0.0,0
923,Каховський агротехнологічний фаховий коледж,Херсонська область,Державна,Міністерство освіти і науки України,140,140,17,1,8,93.0,47,0.6642857142857143,0
1564,"Відокремлений підрозділ ""Львівський факультет менеджменту і бізнесу Київського університету культури""",Львівська область,Приватна,,139,139,11,1,6,0.0,139,0.0,0
614,Лисичанський гірничо-індустріальний фаховий коледж,Луганська область,Державна,Міністерство освіти і науки України,139,139,10,1,4,93.0,46,0.6690647482014388,0
1795,"Державний навчальний заклад ""Миколаївське вище професійне училище технологій та дизайну""",Миколаївська область,Державна,Департамент освіти і науки Миколаївської обласної державної адміністрації,138,138,4,1,4,138.0,0,1.0,0
1701,"Державний навчальний заклад ""Запорізький політехнічний центр професійно-технічної освіти""",Запорізька область,Державна,Департамент освіти і науки Запорізької обласної державної адміністрації,137,137,5,1,5,137.0,0,1.0,0
798,Харківський фаховий коледж спорту,Харківська область,Державна,Міністерство освіти і науки України,136,136,2,1,2,118.0,18,0.8676470588235294,0
750,Селидівський політехнічний фаховий коледж,Донецька область,Державна,Міністерство освіти і науки України,135,135,9,2,3,66.0,69,0.4888888888888889,0
2661,"Відокремлений структурний підрозділ закладу вищої освіти ""Відкритий міжнародний університет розвитку людини ""Україна"" Мелітопольський фаховий коледж",Київ,Приватна,,134,134,12,1,6,0.0,134,0.0,0
590,"Комунальний заклад ""Покровський педагогічний фаховий коледж""",Донецька область,Комунальна,Департамент освіти і науки Донецької обласної державної адміністрації,134,134,9,1,4,109.0,25,0.8134328358208955,0
530,"Товариство з обмеженою відповідальністю ""Ізмаїльський фаховий коледж економіки і права""",Одеська область,Приватна,,134,134,19,1,9,0.0,134,0.0,0
1021,Комунальний заклад «Новгород-Сіверський фаховий медичний коледж» Чернігівської обласної ради,Чернігівська область,Комунальна,Управління охорони здоров’я Чернігівської обласної державної адміністрації,134,134,4,1,2,126.0,8,0.9402985074626866,0
617,Комунальний заклад освіти Лохвицький медичний фаховий коледж Полтавської обласної ради,Полтавська область,Комунальна,Обласна рада,133,133,4,1,2,120.0,13,0.9022556390977443,0
4083,"Приватний заклад вищої освіти ""Кам`янець-Подільський податковий інститут""",Хмельницька область,Приватна,,129,129,16,2,5,0.0,129,0.0,0
2054,Вінницьке вище професійне училище Департаменту поліції охорони,Вінницька область,Державна,Департамент поліції охорони,129,129,3,1,2,0.0,129,0.0,0
794,"КОМУНАЛЬНИЙ ЗАКЛАД ФАХОВОЇ ПЕРЕДВИЩОЇ ОСВІТИ ""УМАНСЬКИЙ ОБЛАСНИЙ МУЗИЧНИЙ ФАХОВИЙ КОЛЕДЖ ІМ. П.Д. ДЕМУЦЬКОГО ЧЕРКАСЬКОЇ ОБЛАСНОЇ РАДИ""",Черкаська область,Комунальна,Управління культури та охорони культурної спадщини Черкаської обласної державної адміністрації,128,128,4,1,2,128.0,0,1.0,0
5076,Генічеський фаховий коледж Херсонського державного університету,Херсонська область,Державна,Міністерство освіти і науки України,127,127,6,2,2,110.0,17,0.8661417322834646,0
1823,"Державний професійно - технічний навчальний заклад ""Сновське вище професійне училище лісового господарства""",Чернігівська область,Державна,Управління освіти і науки Чернігівської обласної державної адміністрації,125,125,4,1,4,89.0,36,0.712,0
5773,"Відокремлений структурний підрозділ ""Березівське вище професійне училище Національного університету ""Одеська політехніка """,Одеська область,Державна,Міністерство освіти і науки України,124,124,4,1,4,120.0,4,0.967741935483871,0
2300,"Відокремлений структурний підрозділ закладу вищої освіти ""Відкритий міжнародний університет розвитку людини ""Україна"" Білоцерківський фаховий коледж",Київська область,Приватна,,123,123,2,1,2,0.0,123,0.0,0
1092,"Приватний фаховий навчальний заклад ""Одеський коледж комп'ютерних технологій та дизайну ""Сервер""",Одеська область,Приватна,,121,121,15,2,6,0.0,121,0.0,0
3218,"Коледж Мелітопольського інституту державного та муніципального управління ""Класичного приватного університету""",Запорізька область,Приватна,,119,119,16,2,6,0.0,119,0.0,0
4250,"Приватний заклад вищої освіти ""Дніпровський інститут медицини та громадського здоров'я""",Вінницька область,Приватна,,119,119,6,1,2,0.0,119,0.0,0
2591,"ТРУСКАВЕЦЬКИЙ ФАХОВИЙ КОЛЕДЖ ПРИ ЛЬВІВСЬКОМУ ІНСТИТУТІ ПРИВАТНОГО АКЦІОНЕРНОГО ТОВАРИСТВА ""ВИЩИЙ НАВЧАЛЬНИЙ ЗАКЛАД ""МІЖРЕГІОНАЛЬНА АКАДЕМІЯ УПРАВЛІННЯ ПЕРСОНАЛОМ""",Львівська область,Приватна,,119,119,5,1,2,0.0,119,0.0,0
2353,Вище професійне училище № 7 м. Кременчука Полтавської області,Полтавська область,Державна,Департамент освіти і науки Полтавської обласної державної адміністрації,117,117,9,1,8,117.0,0,1.0,0
6792,"Комунальний заклад професійної (професійно-технічної) освіти ""Київський професійний коледж автотранспортних технологій""",Київ,Комунальна,Департамент освіти і науки виконавчого органу Київської міської ради (Київської міської державної адміністрації),117,117,5,1,5,117.0,0,1.0,0
1534,"""Миколаївський фаховий коледж Київського університету культури""",Миколаївська область,Приватна,,117,117,3,1,2,0.0,117,0.0,0
6664,"Приватна установа ""Університет науки, підприємництва та технологій""",Київ,Приватна,,116,116,4,1,2,0.0,116,0.0,0
222,"Енергодарський інститут державного та муніципального управління імені Р.Г. Хеноха ""Класичного приватного університету""",Запорізька область,Приватна,,116,116,14,1,6,0.0,116,0.0,0
4194,"Приватний заклад вищої освіти ""Одеський технологічний університет ""ШАГ""""",Одеська область,Приватна,,116,116,2,1,2,0.0,116,0.0,0
1175,"Придунайська філія Приватного акціонерного товариства ""Вищий навчальний заклад ""Міжрегіональна Академія управління персоналом""",Одеська область,Приватна,,113,113,9,1,4,0.0,113,0.0,0
727,Комунальний заклад Київської обласної ради «Ржищівський гуманітарний фаховий коледж»,Київська область,Комунальна,Департамент освіти і науки Київської обласної державної адміністрації,113,113,8,2,2,93.0,20,0.8230088495575221,0
2199,"Відокремлений структурний підрозділ закладу вищої освіти ""Відкритий міжнародний університет розвитку людини ""Україна"" Карпатський фаховий коледж",Закарпатська область,Приватна,,112,112,2,1,2,0.0,112,0.0,0
5810,"Відокремлений структурний підрозділ ""Олімпійський фаховий коледж імені Івана Піддубного Національного університету фізичного виховання і спорту України""",Київ,Державна,Міністерство молоді та спорту України,112,112,2,1,2,91.0,21,0.8125,0
606,Заклад фахової передвищої освіти «Академічний фаховий коледж Міжрегіональної Академії управління персоналом»,Київ,Приватна,,110,110,13,1,5,0.0,110,0.0,0
1098,"Відокремлений структурний підрозділ закладу вищої освіти ""Відкритий міжнародний університет розвитку людини ""Україна"" Сторожинецький фаховий коледж",Чернівецька область,Приватна,,109,109,7,1,4,0.0,109,0.0,0
1193,"Харківський інститут Приватного акціонерного товариства ""Вищий навчальний заклад ""Міжрегіональна Академія управління персоналом""",Харківська область,Приватна,,107,107,10,1,4,0.0,107,0.0,0
6709,Відокремлений підрозділ «Фаховий коледж «ІТ СТЕП» Приватного закладу вищої освіти «Одеський технологічний університет «ШАГ»»,Одеська область,Приватна,,107,107,3,1,2,0.0,107,0.0,0
1628,"Відокремлений структурний підрозділ ""Кібернетичний фаховий коледж"" Економіко-технологічного інституту імені Роберта Ельворті",Кіровоградська область,Приватна,,106,106,7,1,4,0.0,106,0.0,0
1512,"РЕЛІГІЙНА ОРГАНІЗАЦІЯ ""УКРАЇНСЬКА ЄВАНГЕЛЬСЬКА ТЕОЛОГІЧНА СЕМІНАРІЯ СОЮЗУ ВІЛЬНИХ ЦЕРКОВ ХРИСТИЯН ЄВАНГЕЛЬСЬКОЇ ВІРИ УКРАЇНИ""",Київ,Приватна,,105,105,6,2,3,0.0,105,0.0,0
1485,Медичний фаховий коледж Національного медичного університету імені О.О. Богомольця,Київ,Державна,Міністерство охорони здоров`я України,105,105,2,1,2,0.0,105,0.0,0
1740,"Державний професійно-технічний навчальний заклад ""Луцьке вище професійне училище будівництва та архітектури""",Волинська область,Державна,Управління освіти і науки Волинської обласної державної адміністрації,105,105,6,1,6,72.0,33,0.6857142857142857,0
221,"Мелітопольський інститут державного та муніципального управління ""Класичного приватного університету""",Запорізька область,Приватна,,104,104,13,1,5,0.0,104,0.0,0
356,"Відокремлений структурний підрозділ закладу вищої освіти ""Відкритий міжнародний університет розвитку людини ""Україна"" Мелітопольський інститут екології та соціальних технологій",Київ,Приватна,,103,103,13,2,6,0.0,103,0.0,0
94,Національна академія Державної прикордонної служби України імені Богдана Хмельницького (військова частина 9960),Хмельницька область,Державна,Адміністрація Державної прикордонної служби України,103,103,8,2,7,0.0,103,0.0,0
2484,Міжрегіональний центр професійної перепідготовки звільнених у запас військовослужбовців м. Кривого Рогу Дніпропетровської області,Дніпропетровська область,Державна,Міністерство освіти і науки України,101,101,5,1,5,100.0,1,0.9900990099009901,0
291,"Приватний вищий навчальний заклад ""Нікопольський економічний університет""",Дніпропетровська область,Приватна,,101,101,13,2,5,8.0,93,0.07920792079207921,0
6863,"КОМУНАЛЬНИЙ ЗАКЛАД ОСВІТИ ""ПОКРОВСЬКИЙ ПРОФЕСІЙНИЙ КОЛЕДЖ"" ДНІПРОПЕТРОВСЬКОЇ ОБЛАСНОЇ РАДИ""",Дніпропетровська область,Комунальна,Обласна рада,101,101,4,1,4,101.0,0,1.0,0
7425,"Комунальний заклад ""Вище професійне училище м. Тульчина"" Вінницької обласної ради",Вінницька область,Комунальна,Обласна рада,100,100,2,1,2,90.0,10,0.9,0
6484,"Придунайський фаховий коледж Приватного акціонерного товариства ""Вищий навчальний заклад ""Міжрегіональна Академія управління персоналом""",Одеська область,Приватна,,100,100,10,1,4,0.0,100,0.0,0
1729,"Товариство з обмеженою відповідальністю ""Вінницький фаховий коледж менеджменту""",Вінницька область,Приватна,,98,98,8,1,4,0.0,98,0.0,0
1413,Житомирська філія Закладу вищої освіти «Київський інститут бізнесу та технологій» товариство з обмеженою відповідальністю,Житомирська область,Приватна,,98,98,14,1,4,0.0,98,0.0,0
7447,"Комунальний заклад Сумської обласної ради ""Роменське вище професійне училище""",Сумська область,Комунальна,Департамент освіти і науки Сумської обласної державної адміністрації,96,96,4,1,4,85.0,11,0.8854166666666666,0
609,"Товариство з обмеженою відповідальністю Західноукраїнський коледж ""Полісся""",Рівненська область,Приватна,,96,96,3,1,3,0.0,96,0.0,0
7169,"ВІДОКРЕМЛЕНИЙ СТРУКТУРНИЙ ПІДРОЗДІЛ ""ФАХОВИЙ КОЛЕДЖ ЗАКЛАДУ ВИЩОЇ ОСВІТИ ""УНІВЕРСИТЕТ ТРАНСФОРМАЦІЇ МАЙБУТНЬОГО""",Чернігівська область,Приватна,,95,95,3,1,1,0.0,95,0.0,0
705,Первомайський індустріально-педагогічний фаховий коледж,Луганська область,Державна,Міністерство освіти і науки України,95,95,5,1,3,56.0,39,0.5894736842105263,0
2812,"Київський фаховий коледж Приватного вищого навчального закладу ""Університет сучасних знань""",Київ,Приватна,,92,92,14,1,8,0.0,92,0.0,0
7274,ФАХОВИЙ МЕДИЧНИЙ КОЛЕДЖ ПРИВАТНОГО ВИЩОГО НАВЧАЛЬНОГО ЗАКЛАДУ «КИЇВСЬКИЙ МЕДИЧНИЙ УНІВЕРСИТЕТ»,Київ,Приватна,,92,92,1,1,1,0.0,92,0.0,0
1907,Вище професійне училище №7 м. Калуша,Івано-Франківська область,Державна,Департамент освіти і науки Івано-Франківської обласної державної адміністрації,91,91,4,1,4,91.0,0,1.0,0
1275,Приватний вищий навчальний заклад Харківський інститут економіки ринкових відносин та менеджменту,Харківська область,Приватна,,91,91,12,2,8,0.0,91,0.0,0
2814,"Кропивницький фаховий коледж Приватного вищого навчального закладу ""Університет сучасних знань""",Кіровоградська область,Приватна,,90,90,14,1,6,0.0,90,0.0,0
1064,"Відокремлений структурний підрозділ ""Дружківський житлово-комунальний фаховий коледж Донбаської національної академії будівництва і архітектури""",Івано-Франківська область,Державна,Міністерство освіти і науки України,90,90,8,1,3,76.0,14,0.8444444444444444,0
2720,Київський державний фаховий хореографічний коледж імені Тетяни Таякіної,Київ,Державна,Міністерство культури України,90,90,2,1,2,72.0,18,0.8,0
800,"Комунальний заклад ""Харківський фаховий коледж спортивного профілю"" Харківської обласної ради",Харківська область,Комунальна,Департамент освіти і науки Харківської обласної державної адміністрації,89,89,2,1,2,89.0,0,1.0,0
2041,Вище професійне училище № 22 м.Сарни,Рівненська область,Державна,Департамент освіти і науки Рівненської обласної державної адміністрації,87,87,4,1,4,87.0,0,1.0,0
1085,"ДРОГОБИЦЬКА ФІЛІЯ ВИЩОГО ПРИВАТНОГО НАВЧАЛЬНОГО ЗАКЛАДУ ""ЛЬВІВСЬКИЙ МЕДИЧНИЙ ФАХОВИЙ КОЛЕДЖ ""МЕДИК""",Львівська область,Приватна,,86,86,12,1,4,0.0,86,0.0,0
7246,"Відокремлений структурний підрозділ ""Фаховий коледж ""Альма-матер. Плюс"" Центральноукраїнського державного університету імені Володимира Винниченка",Кіровоградська область,Державна,Міністерство освіти і науки України,86,86,6,1,5,0.0,86,0.0,0
3597,"Національний науковий центр ""Інститут аграрної економіки""",Київ,Державна,Національна академія аграрних наук України,85,85,11,1,9,42.0,43,0.49411764705882355,0
2462,Вище професійне училище №21 м. Івано-Франківська,Івано-Франківська область,Державна,Департамент освіти і науки Івано-Франківської обласної державної адміністрації,85,85,4,1,4,85.0,0,1.0,0
6665,"ПРИВАТНИЙ ЗАКЛАД ФАХОВОЇ ПЕРЕДВИЩОЇ ОСВІТИ ""КОЛЕДЖ ІНФОРМАЦІЙНИХ ТЕХНОЛОГІЙ ""ШАГ""",Київ,Приватна,,83,83,3,1,2,0.0,83,0.0,0
2418,Вище професійне училище №21 м.Миколаєва,Миколаївська область,Державна,Департамент освіти і науки Миколаївської обласної державної адміністрації,80,80,8,1,8,80.0,0,1.0,0
1883,"Державний професійно-технічний навчальний заклад ""Конотопське вище професійне училище""",Сумська область,Державна,Департамент освіти і науки Сумської обласної державної адміністрації,78,78,4,1,4,78.0,0,1.0,0
4167,"Приватний заклад вищої освіти ""Харківський технологічний університет ""ШАГ""",Харківська область,Приватна,,78,78,8,1,4,0.0,78,0.0,0
1953,Вище професійне училище №1 м. Рівне,Рівненська область,Державна,Департамент освіти і науки Рівненської обласної державної адміністрації,78,78,2,1,2,78.0,0,1.0,0
658,"Комунальний заклад фахової передвищої освіти ""Миколаївський фаховий коледж фізичної культури"" Миколаївської обласної ради",Миколаївська область,Комунальна,Обласна державна адміністрація,77,77,2,1,2,77.0,0,1.0,0
3835,"Приватна установа ""Науково-дослідний інститут публічного права""",Київ,Приватна,,76,76,2,1,2,0.0,76,0.0,0
4123,"Приватний заклад ""Інститут ""Харківська школа архітектури""",Харківська область,Приватна,,76,76,6,2,2,0.0,76,0.0,0
3778,Філія Класичного приватного університету у місті Кременчук,Полтавська область,Приватна,,76,76,5,1,2,0.0,76,0.0,0
1046,"Відокремлений структурний підрозділ закладу вищої освіти ""Відкритий міжнародний університет розвитку людини ""Україна"" Васильківський фаховий коледж",Київська область,Приватна,,76,76,4,1,4,0.0,76,0.0,0
2416,Вище професійне училище №14 м. Коломиї,Івано-Франківська область,Державна,Департамент освіти і науки Івано-Франківської обласної державної адміністрації,74,74,3,1,3,71.0,3,0.9594594594594594,0
1759,"Державний навчальний заклад ""Одеське вище професійне училище морського туристичного сервісу""",Одеська область,Державна,Департамент освіти і науки Одеської обласної державної адміністрації,74,74,2,1,2,74.0,0,1.0,0
1257,"Дочірнє підприємство ""Київський хореографічний коледж""",Київ,Приватна,,73,73,9,3,2,0.0,73,0.0,0
2162,Кам`янське вище професійне училище,Дніпропетровська область,Державна,Департамент освіти і науки Дніпропетровської обласної державної адміністрації,73,73,4,1,4,73.0,0,1.0,0
1788,"Державний навчальний заклад ""Запорізьке вище професійне училище""",Запорізька область,Державна,Департамент освіти і науки Запорізької обласної державної адміністрації,73,73,2,1,2,73.0,0,1.0,0
7004,"Комунальний заклад професійної (професійно-технічної) освіти ""Київський професійний коледж з посиленою військовою та фізичною підготовкою""",Київ,Комунальна,Департамент освіти і науки виконавчого органу Київської міської ради (Київської міської державної адміністрації),73,73,5,1,5,57.0,16,0.7808219178082192,0
1487,"Комунальний заклад ""Херсонський фаховий спортивний коледж"" Херсонської обласної ради",Херсонська область,Комунальна,Обласна рада,71,71,2,1,2,71.0,0,1.0,0
364,"Товариство з обмеженою відповідальністю ""Академія адвокатури України""",Київ,Приватна,,71,71,5,2,2,0.0,71,0.0,0
402,"Приватна установа ""Заклад вищої освіти ""Міжнародний гуманітарно-педагогічний інститут ""Бейт-Хана""",Дніпропетровська область,Приватна,,69,69,11,2,6,0.0,69,0.0,0
1268,"Приватний заклад вищої освіти ""Академія кіно та нових медіа""",Київ,Приватна,,68,68,8,1,4,0.0,68,0.0,0
1743,"Державний навчальний заклад ""Гадяцьке вище професійне аграрне училище""",Полтавська область,Державна,Департамент освіти і науки Полтавської обласної державної адміністрації,68,68,4,1,4,61.0,7,0.8970588235294118,0
1722,"Державний навчальний заклад ""Михайлівське вище професійне училище""",Запорізька область,Державна,Департамент освіти і науки Запорізької обласної державної адміністрації,67,67,4,1,4,67.0,0,1.0,0
3001,"Державна навчально-наукова установа ""Академія фінансового управління""",Київ,Державна,Міністерство фінансів України,67,67,7,1,6,32.0,35,0.47761194029850745,0
2178,Вище професійне училище №29 м. Львова,Львівська область,Державна,Департамент освіти і науки Львівської обласної державної адміністрації,67,67,3,1,3,67.0,0,1.0,0
4001,"Державна наукова установа ""Київський академічний університет""",Київ,Державна,Національна академія наук України,67,67,16,2,12,64.0,3,0.9552238805970149,0
1957,"ЗАКЛАД ПРОФЕСІЙНОЇ (ПРОФЕСІЙНО-ТЕХНІЧНОЇ) ОСВІТИ ""ПОЛІСЬКИЙ ІНДУСТРІАЛЬНИЙ ПРОФЕСІЙНИЙ КОЛЕДЖ""",Житомирська область,Державна,Департамент освіти і науки Житомирської обласної державної адміністрації,67,67,4,1,4,67.0,0,1.0,0
2816,"Кропивницький інститут приватного вищого навчального закладу ""Університет сучасних знань""",Кіровоградська область,Приватна,,66,66,9,1,4,0.0,66,0.0,0
1693,Вище професійне училище №20 м.Львова,Львівська область,Державна,Департамент освіти і науки Львівської обласної державної адміністрації,66,66,4,1,4,66.0,0,1.0,0
1714,"ЗАКЛАД ПРОФЕСІЙНОЇ (ПРОФЕСІЙНО-ТЕХНІЧНОЇ) ОСВІТИ ""ЛЬВІВСЬКИЙ ПРОФЕСІЙНИЙ КОЛЕДЖ ПРИКЛАДНОГО МИСТЕЦТВА ТА ДИЗАЙНУ""",Львівська область,Державна,Департамент освіти і науки Львівської обласної державної адміністрації,65,65,4,1,4,65.0,0,1.0,0
2035,Сокирянське вище професійне училище,Чернівецька область,Державна,Департамент освіти і науки Чернівецької обласної державної адміністрації,65,65,4,1,4,46.0,19,0.7076923076923077,0
2265,Вище професійне училище № 94,Луганська область,Державна,"Департамент освіти, культури, молоді та спорту Луганської обласної державної адміністрації",65,65,4,1,4,65.0,0,1.0,0
3721,Державний науково-дослідний інститут інформатизації та моделювання економіки,Київ,Державна,Міністерство економічного розвитку і торгівлі України,65,65,2,1,2,4.0,61,0.06153846153846154,0
4054,"Приватний вищий навчальний заклад ""Харківський міжнародний медичний університет""",Харківська область,Приватна,,64,64,6,1,2,0.0,64,0.0,0
1624,Комунальний заклад Сумський обласний інститут післядипломної педагогічної освіти,Сумська область,Комунальна,Департамент освіти і науки Сумської обласної державної адміністрації,63,63,2,1,2,0.0,63,0.0,0
1889,"Державний навчальний заклад ""Одеське вище професійне училище торгівлі та технологій харчування""",Одеська область,Державна,Департамент освіти і науки Одеської обласної державної адміністрації,63,63,2,1,2,59.0,4,0.9365079365079365,0
1292,"Приватний вищий навчальний заклад ""Міжнародна академія екології та медицини""",Київ,Приватна,,62,62,13,2,4,0.0,62,0.0,0
1095,КОМУНАЛЬНИЙ ЗАКЛАД “ДНІПРОПЕТРОВСЬКИЙ ФАХОВИЙ КОЛЕДЖ СПОРТУ” ДНІПРОПЕТРОВСЬКОЇ ОБЛАСНОЇ РАДИ”,Дніпропетровська область,Комунальна,Департамент освіти і науки Дніпропетровської обласної державної адміністрації,61,61,2,1,2,61.0,0,1.0,0
2218,"Державний професійно-технічний навчальний заклад ""Полтавське вище професійне училище ім. А.О. Чепіги""",Полтавська область,Державна,Міністерство освіти і науки України,60,60,2,1,2,60.0,0,1.0,0
6776,"Комунальний заклад професійної (професійно-технічної) освіти ""Київський професійний коледж інформаційних технологій та поліграфії""",Київ,Комунальна,Департамент освіти і науки виконавчого органу Київської міської ради (Київської міської державної адміністрації),59,59,2,1,2,59.0,0,1.0,0
3730,Науково-дослідний інститут приватного права і підприємництва імені академіка Ф.Г. Бурчака Національної академії правових наук України,Київ,Державна,Національна академія правових наук України,59,59,1,1,1,0.0,59,0.0,0
7240,"Комунальний заклад ""Чернігівське вище професійне училище побутового обслуговування"" Чернігівської обласної ради",Чернігівська область,Комунальна,Управління освіти і науки Чернігівської обласної державної адміністрації,59,59,2,1,2,59.0,0,1.0,0
1767,Вище професійне училище №71 м. Кам`янка-Бузька Львівської області,Львівська область,Державна,Департамент освіти і науки Львівської обласної державної адміністрації,59,59,2,1,2,59.0,0,1.0,0
2325,"Державний навчальний заклад ""Сєвєродонецьке вище професійне училище""",Луганська область,Державна,Міністерство освіти і науки України,59,59,3,1,3,59.0,0,1.0,0
6478,"Фаховий коледж Приватного вищого навчального закладу ""Медико-Природничий університет""",Миколаївська область,Приватна,,58,58,2,1,1,0.0,58,0.0,0
6768,"Комунальний заклад професійної (професійно-технічної) освіти ""Київський професійний коледж ""СИНЕРГІЯ""",Київ,Комунальна,Департамент освіти і науки виконавчого органу Київської міської ради (Київської міської державної адміністрації),58,58,5,1,5,58.0,0,1.0,0
3251,"Приватний вищий навчальний заклад ""Міжнародний коледж медицини""",Київ,Приватна,,58,58,3,1,1,0.0,58,0.0,0
7165,"ТОВАРИСТВО З ОБМЕЖЕНОЮ ВІДПОВІДАЛЬНІСТЮ ""КИЇВСЬКИЙ УНІВЕРСИТЕТ АВІАЦІЙНИХ ТА ІНФОРМАЦІЙНИХ ТЕХНОЛОГІЙ""",Київ,Приватна,,57,57,2,1,2,0.0,57,0.0,0
2405,Вище професійне училище №36 с. Балин Хмельницької області,Хмельницька область,Державна,Департамент освіти та науки Хмельницької обласної державної адміністрації,57,57,2,1,2,0.0,57,0.0,0
3760,Інститут психології імені Г.С.Костюка Національної академії педагогічних наук України,Київ,Державна,Національна академія педагогічних наук України,57,57,2,1,2,3.0,54,0.05263157894736842,0
7187,"Комунальний заклад Львівської обласної ради ""Львівське вище професійне училище комп'ютерних технологій та будівництва""",Львівська область,Комунальна,Департамент освіти і науки Львівської обласної державної адміністрації,56,56,2,1,2,56.0,0,1.0,0
1842,Заболотненське вище професійне училище № 31 ім. Д.К. Заболотного,Вінницька область,Державна,Департамент гуманітарної політики Вінницької обласної державної адміністрації,55,55,2,1,2,55.0,0,1.0,0
4165,"Приватний заклад вищої освіти ""ДНІПРОВСЬКИЙ ТЕХНОЛОГІЧНИЙ УНІВЕРСИТЕТ ""ШАГ""""",Дніпропетровська область,Приватна,,55,55,4,1,2,0.0,55,0.0,0
2127,"Державний професійно-технічний навчальний заклад ""Криворізький навчально-виробничий центр""",Дніпропетровська область,Державна,Департамент освіти і науки Дніпропетровської обласної державної адміністрації,55,55,2,1,2,50.0,5,0.9090909090909091,0
392,"КОМУНАЛЬНИЙ ЗАКЛАД КИЇВСЬКОЇ ОБЛАСНОЇ РАДИ ""КИЇВСЬКИЙ ОБЛАСНИЙ СПОРТИВНИЙ ФАХОВИЙ КОЛЕДЖ""",Київська область,Комунальна,Управління (головне управління) освіти і науки державної обласної адміністрації,54,54,2,1,2,54.0,0,1.0,0
6770,"Комунальний заклад професійної (професійно-технічної) освіти ""Київський професійний коледж ""ЛІВОБЕРЕЖНИЙ""",Київ,Комунальна,Департамент освіти і науки виконавчого органу Київської міської ради (Київської міської державної адміністрації),53,53,2,1,2,53.0,0,1.0,0
7396,"Комунальний заклад Сумської обласної ради ""Шосткинське вище професійне училище""",Сумська область,Комунальна,Департамент освіти і науки Сумської обласної державної адміністрації,53,53,2,1,2,50.0,3,0.9433962264150944,0
1338,"ПРИВАТНИЙ ФАХОВИЙ НАВЧАЛЬНИЙ ЗАКЛАД ""ГАЛИЦЬКИЙ МЕДИЧНИЙ КОЛЕДЖ ІМЕНІ ЄВГЕНА ГЛИВИ""",Тернопільська область,Приватна,,53,53,5,1,2,0.0,53,0.0,0
1017,Сєвєродонецький фаховий коледж культури і мистецтв імені Сергія Прокоф’єва,Луганська область,Комунальна,Обласна рада,52,52,8,1,4,52.0,0,1.0,0
1178,"Приватний вищий навчальний заклад ""Міжнародний інститут менеджменту (МІМ-Київ)""",Київ,Приватна,,52,52,3,1,2,0.0,52,0.0,0
1989,"Державний професійно-технічний навчальний заклад ""Івано-Франківське вище професійне училище сервісного обслуговування техніки""",Івано-Франківська область,Державна,Департамент освіти і науки Івано-Франківської обласної державної адміністрації,51,51,2,1,2,43.0,8,0.8431372549019608,0
7417,"Комунальний заклад ""Вінницький професійний коледж цифрових технологій та підприємництва"" Вінницької обласної ради",Вінницька область,Комунальна,Обласна рада,51,51,2,1,2,51.0,0,1.0,0
3755,"Відокремлений підрозділ ""Об`єднане вище професійно-технічне училище сфери послуг Національного університету ""Одеська юридична академія""",Одеська область,Державна,Міністерство освіти і науки України,50,50,2,1,2,50.0,0,1.0,0
1625,"Комунальний заклад Львівської обласної ради ""Львівський фаховий коледж спорту""",Львівська область,Комунальна,Департамент освіти і науки Львівської обласної державної адміністрації,50,50,2,1,2,50.0,0,1.0,0
2210,"Державний навчальний заклад ""Харківський регіональний центр професійної освіти поліграфічних медіатехнологій та машинобудування""",Харківська область,Державна,Міністерство освіти і науки України,50,50,2,1,2,0.0,50,0.0,0
2715,Вище професійне училище №13 м. Івано-Франківська,Івано-Франківська область,Державна,Департамент освіти і науки Івано-Франківської обласної державної адміністрації,49,49,2,1,2,49.0,0,1.0,0
1262,Приватний вищий навчальний заклад Університет новітніх технологій,Київ,Приватна,,48,48,9,2,8,0.0,48,0.0,0
6791,"Комунальний заклад професійної (професійно-технічної) освіти ""Київський професійний коледж цивільного будівництва""",Київ,Комунальна,Департамент освіти і науки виконавчого органу Київської міської ради (Київської міської державної адміністрації),48,48,2,1,2,48.0,0,1.0,0
962,Полтавська філія Національного університету харчових технологій,Полтавська область,Державна,Міністерство освіти і науки України,47,47,8,1,6,0.0,47,0.0,0
1670,Заклад професійної (професійно-технічної) освіти «Галицький професійний агротехнічний коледж»,Львівська область,Державна,Міністерство освіти і науки України,47,47,2,1,2,47.0,0,1.0,0
2503,"Державний навчальний заклад ""Вище професійне училище № 2 м. Херсона""",Херсонська область,Державна,Міністерство освіти і науки України,47,47,2,1,2,47.0,0,1.0,0
2561,"Державний професійно-технічний навчальний заклад ""Тернопільське вище професійне училище ресторанного сервісу і торгівлі""",Тернопільська область,Державна,Департамент освіти і науки Тернопільської обласної державної адміністрації,46,46,3,1,3,42.0,4,0.9130434782608695,0
1680,Львівський професійний коледж готельно-туристичного та ресторанного сервісу,Львівська область,Державна,Міністерство освіти і науки України,46,46,3,1,3,45.0,1,0.9782608695652174,0
3036,"Приватний заклад ""Морський інститут післядипломної освіти імені контр-адмірала Федора Федоровича Ушакова""",Херсонська область,Приватна,,45,45,9,1,2,0.0,45,0.0,0
3611,Інститут агроекології і природокористування Національної академії аграрних наук України,Київ,Державна,Національна академія аграрних наук України,44,44,6,1,6,25.0,19,0.5681818181818182,0
1732,"Заклад професійної(професійно-технічної) освіти ""Львівський професійний коледж моделювання і ресторанної справи",Львівська область,Державна,Міністерство освіти і науки України,44,44,3,1,3,44.0,0,1.0,0
6769,"Комунальний заклад професійної (професійно-технічної) освіти ""Київський професійний коледж технологій та дизайну одягу""",Київ,Комунальна,Департамент освіти і науки виконавчого органу Київської міської ради (Київської міської державної адміністрації),43,43,2,1,2,43.0,0,1.0,0
4166,"Релігійна організація ""Вищий духовний навчальний заклад ""ТАВРІЙСЬКИЙ ХРИСТИЯНСЬКИЙ ІНСТИТУТ""",Херсонська область,Приватна,,43,43,5,2,2,0.0,43,0.0,0
3610,Інститут кібернетики імені В.М.Глушкова Національної академії наук України,Київ,Державна,Національна академія наук України,42,42,6,1,6,41.0,1,0.9761904761904762,0
3615,Інститут програмних систем Національної академії наук України,Київ,Державна,Національна академія наук України,42,42,2,1,2,21.0,21,0.5,0
3566,Інститут математики Національної академії наук України,Київ,Державна,Національна академія наук України,42,42,3,1,3,38.0,4,0.9047619047619048,0
2126,"Державний навчальний заклад ""Міжрегіональне вище професійне училище з поліграфії та інформаційних технологій""",Дніпропетровська область,Державна,Департамент освіти і науки Дніпропетровської обласної державної адміністрації,42,42,3,1,3,39.0,3,0.9285714285714286,0
3576,"Державна установа ""Інститут регіональних досліджень імені М. І. Долішнього Національної академії наук України""",Львівська область,Державна,Національна академія наук України,42,42,4,1,3,8.0,34,0.19047619047619047,0
2531,"Приватний вищий навчальний заклад ""Міжнародний коледж Святого Луки""",Київ,Приватна,,41,41,4,1,2,0.0,41,0.0,0
3487,Інститут проблем моделювання в енергетиці ім. Г.Є. Пухова Національної академії наук України,Київ,Державна,Національна академія наук України,41,41,2,1,2,29.0,12,0.7073170731707317,0
3647,Інститут електрозварювання ім. Є.О. Патона Національної академії наук України,Київ,Державна,Національна академія наук України,40,40,3,1,3,34.0,6,0.85,0
1668,"Державний професійно-технічний навчальний заклад ""Міжрегіональне вище професійне училище автомобільного транспорту та будівництва""",Львівська область,Державна,Департамент освіти і науки Львівської обласної державної адміністрації,40,40,3,1,3,40.0,0,1.0,0
7445,"Комунальний заклад Сумської обласної ради ""Кролевецьке вище професійне училище""",Сумська область,Комунальна,Обласна рада,40,40,3,1,3,40.0,0,1.0,0
3498,"Державна установа ""Інститут економіко-правових досліджень імені В.К. Мамутова Національної академії наук України""",Київ,Державна,Національна академія наук України,40,40,2,1,2,16.0,24,0.4,0
2491,"Державний професійно-технічний навчальний заклад ""Луцьке вище професійне училище""",Волинська область,Державна,Управління освіти і науки Волинської обласної державної адміністрації,39,39,2,1,2,0.0,39,0.0,0
6774,"Товариство з обмеженою відповідальністю ""ЗІҐМУНД ФРОЙД УНІВЕРСИТЕТ УКРАЇНА""",Київ,Приватна,,39,39,4,2,2,0.0,39,0.0,0
2384,ЗАКЛАД ПРОФЕСІЙНОЇ (ПРОФЕСІЙНО-ТЕХНІЧНОЇ) ОСВІТИ «КАТЮЖАНСЬКИЙ ПРОФЕСІЙНИЙ КОЛЕДЖ»,Київська область,Державна,Департамент освіти і науки Київської обласної державної адміністрації,38,38,3,1,3,34.0,4,0.8947368421052632,0
1974,"Державний навчальний заклад ""Сквирське вище професійне училище""",Київська область,Державна,Департамент освіти і науки Київської обласної державної адміністрації,37,37,2,1,2,37.0,0,1.0,0
3699,Інститут фізики Національної академії наук України,Київ,Державна,Національна академія наук України,36,36,2,1,2,34.0,2,0.9444444444444444,0
2428,"Державний навчальний заклад ""Тернопільський центр професійно-технічної освіти""",Тернопільська область,Державна,Міністерство освіти і науки України,36,36,2,1,2,26.0,10,0.7222222222222222,0
3543,Інститут тваринництва Національної академії аграрних наук України,Харківська область,Державна,Національна академія аграрних наук України,36,36,4,1,4,6.0,30,0.16666666666666666,0
3936,Інститут загальної енергетики Національної академії наук України,Київ,Державна,Національна академія наук України,35,35,4,1,4,19.0,16,0.5428571428571428,0
3606,Інститут молекулярної біології і генетики Національної академії наук України,Київ,Державна,Національна академія наук України,35,35,3,1,2,30.0,5,0.8571428571428571,0
3740,ІНСТИТУТ СПЕЦІАЛЬНОЇ ПЕДАГОГІКИ І ПСИХОЛОГІЇ ІМЕНІ МИКОЛИ ЯРМАЧЕНКА НАЦІОНАЛЬНОЇ АКАДЕМІЇ ПЕДАГОГІЧНИХ НАУК УКРАЇНИ,Київ,Державна,Національна академія педагогічних наук України,35,35,2,1,2,1.0,34,0.02857142857142857,0
3799,Науково-дослідний інститут вивчення проблем злочинності імені академіка В.В.Сташиса Національної академії правових наук України,Харківська область,Державна,Національна академія правових наук України,35,35,2,1,2,0.0,35,0.0,0
2315,Вище професійне училище № 92 м. Сєвєродонецька,Луганська область,Державна,Міністерство освіти і науки України,34,34,3,1,3,34.0,0,1.0,0
6874,Комунальний заклад «Мукачівський професійний політехнічний коледж» Закарпатської обласної ради,Закарпатська область,Комунальна,"Департамент освіти і науки, молоді та спорту Закарпатської обласної державної адміністрації",33,33,6,1,5,22.0,11,0.6666666666666666,0
1978,Чернівецьке вище професійне училище радіоелектроніки,Чернівецька область,Державна,Департамент освіти і науки Чернівецької обласної державної адміністрації,33,33,4,1,4,33.0,0,1.0,0
2203,"Заклад професійної (професійно-технічної) освіти ""Регіональний професійний коледж м. Володимир""",Волинська область,Державна,Управління освіти і науки Волинської обласної державної адміністрації,33,33,4,1,4,31.0,2,0.9393939393939394,0
1258,"Заклад вищої освіти ""Міжнародний університет фінансів""",Київ,Приватна,,32,32,3,2,2,0.0,32,0.0,0
2414,"Державний навчальний заклад ""Краматорське вище професійне торгово-кулінарне училище""",Донецька область,Державна,Департамент освіти і науки Донецької обласної державної адміністрації,32,32,2,1,2,32.0,0,1.0,0
3621,Інститут органічної хімії Національної академії наук України,Київ,Державна,Національна академія наук України,32,32,2,1,2,27.0,5,0.84375,0
3608,Інститут біоорганічної хімії та нафтохімії ім. В.П. Кухаря Національної академії наук України,Київ,Державна,Національна академія наук України,32,32,5,1,4,29.0,3,0.90625,0
3702,Інститут біоенергетичних культур і цукрових буряків Національної академії аграрних наук України,Київ,Державна,Національна академія аграрних наук України,32,32,2,1,2,23.0,9,0.71875,0
6572,"Державна наукова установа ""Інститут інформації, безпеки і права Національної академії правових наук України""",Київ,Державна,Національна академія правових наук України,32,32,2,1,2,0.0,32,0.0,0
6857,"комунальний заклад професійної (професійно-технічної) освіти ""Київський професійний технологічний коледж""",Київ,Комунальна,Департамент освіти і науки виконавчого органу Київської міської ради (Київської міської державної адміністрації),31,31,2,1,2,30.0,1,0.967741935483871,0
1686,Вище професійне училище № 19 м. Дрогобича,Львівська область,Державна,Міністерство освіти і науки України,31,31,2,1,2,31.0,0,1.0,0
1865,Вище професійне училище №11 м. Вінниці,Вінницька область,Державна,Департамент гуманітарної політики Вінницької обласної державної адміністрації,31,31,2,1,2,27.0,4,0.8709677419354839,0
1837,"комунальний заклад ""Чернігівське вище професійне училище"" Чернігівської обласної ради",Чернігівська область,Комунальна,Управління освіти і науки Чернігівської обласної державної адміністрації,30,30,1,1,1,30.0,0,1.0,0
6602,Чернівецьке вище комерційне училище Державного торговельно - економічного університету,Чернівецька область,Державна,Міністерство освіти і науки України,30,30,2,1,2,22.0,8,0.7333333333333333,0
3518,Інститут фізіології ім. О.О. Богомольця Національної академії наук України,Київ,Державна,Національна академія наук України,30,30,4,1,3,28.0,2,0.9333333333333333,0
3560,Інститут педагогіки Національної академії педагогічних наук України,Київ,Державна,Національна академія педагогічних наук України,29,29,3,1,3,6.0,23,0.20689655172413793,0
1785,Вище професійне училище суднобудування м. Миколаєва,Миколаївська область,Державна,Департамент освіти і науки Миколаївської обласної державної адміністрації,29,29,2,1,2,29.0,0,1.0,0
314,Національна академія Національної гвардії України,Харківська область,Державна,Міністерство внутрішніх справ України,29,29,6,1,6,0.0,29,0.0,0
6115,Інститут правотворчості та науково-правових експертиз Національної академії наук України,Київ,Державна,Національна академія наук України,29,29,2,1,2,2.0,27,0.06896551724137931,0
3528,Інститут соціальної та політичної психології Національної академії педагогічних наук України,Київ,Державна,Національна академія педагогічних наук України,29,29,2,1,2,8.0,21,0.27586206896551724,0
6743,РЕЛІГІЙНА ОРГАНІЗАЦІЯ КИЇВСЬКА ТРЬОХСВЯТИТЕЛЬСЬКА ДУХОВНА СЕМІНАРІЯ УКРАЇНСЬКОЇ ГРЕКО-КАТОЛИЦЬКОЇ ЦЕРКВИ,Київська область,Приватна,,28,28,2,1,2,0.0,28,0.0,0
1753,"Державний професійно-технічний навчальний заклад ""Камінь-Каширське вище професійне училище""",Волинська область,Державна,Управління освіти і науки Волинської обласної державної адміністрації,28,28,1,1,1,14.0,14,0.5,0
3893,Науково-дослідний інститут інтелектуальної власності Національної академії правових наук України,Київ,Державна,Національна академія правових наук України,28,28,2,1,2,0.0,28,0.0,0
3619,Інститут економіки промисловості Національної академії наук України,Київ,Державна,Національна академія наук України,27,27,2,1,2,18.0,9,0.6666666666666666,0
3602,Інститут педагогічної освіти і освіти дорослих імені Івана Зязюна Національної академії педагогічних наук України,Київ,Державна,Національна академія педагогічних наук України,27,27,3,1,3,1.0,26,0.037037037037037035,0
3584,"Національний науковий центр ""Інститут землеробства Національної академії аграрних наук України""",Київська область,Державна,Національна академія аграрних наук України,27,27,2,1,2,11.0,16,0.4074074074074074,0
6777,"Комунальний заклад професійної (професійно-технічної) освіти ""Київський професійний коледж мистецтва та технологій сервісу""",Київ,Комунальна,Департамент освіти і науки виконавчого органу Київської міської ради (Київської міської державної адміністрації),26,26,2,1,2,26.0,0,1.0,0
973,Курахівська філія Дніпровського фахового коледжу енергетичних та інформаційних технологій,Донецька область,Державна,Міністерство освіти і науки України,26,26,3,1,1,0.0,26,0.0,0
3771,Науково-дослідний інститут державного будівництва та місцевого самоврядування Національної академії правових наук України,Харківська область,Державна,Національна академія правових наук України,26,26,1,1,1,0.0,26,0.0,0
3539,Інститут сільського господарства Карпатського регіону Національної академії аграрних наук України,Львівська область,Державна,Національна академія аграрних наук України,26,26,6,1,6,18.0,8,0.6923076923076923,0
1726,"Державний навчальний заклад ""Львівське вище професійне училище дизайну та будівництва""",Львівська область,Державна,Департамент освіти і науки Львівської обласної державної адміністрації,26,26,2,1,2,26.0,0,1.0,0
7174,"Державна наукова установа ""Центр інноваційних технологій охорони здоров'я"" Державного управління справами",Київ,Державна,Державне управління справами,25,25,3,2,3,14.0,11,0.56,0
3836,"Державна установа ""Національний інститут травматології та ортопедії Національної академії медичних наук України""",Київ,Державна,Національна академія медичних наук України,25,25,2,1,2,16.0,9,0.64,0
3513,Інститут овочівництва і баштанництва Національної академії аграрних наук України,Харківська область,Державна,Національна академія аграрних наук України,25,25,2,1,2,11.0,14,0.44,0
3626,Інститут телекомунікацій і глобального інформаційного простору Національної академії наук України,Київ,Державна,Національна академія наук України,25,25,4,1,4,18.0,7,0.72,0
971,"Відокремлений структурний підрозділ закладу вищої освіти ""Відкритий міжнародний університет розвитку людини ""Україна"" Броварський фаховий коледж",Київська область,Приватна,,25,25,4,1,2,0.0,25,0.0,0
6457,Інститут українознавства ім. І.Крип'якевича Національної Академії Наук України,Львівська область,Державна,Національна академія наук України,24,24,4,1,4,16.0,8,0.6666666666666666,0
2513,"Державний навчальний заклад ""Херсонське вище професійне комерційне училище""",Херсонська область,Державна,Управління освіти і науки Херсонської обласної державної адміністрації,24,24,2,1,2,24.0,0,1.0,0
3535,Державна установа Інститут зернових культур Національної академії аграрних наук України,Дніпропетровська область,Державна,Національна академія аграрних наук України,24,24,2,1,2,20.0,4,0.8333333333333334,0
3636,Інститут професійної освіти Національної академії педагогічних наук України,Київ,Державна,Національна академія педагогічних наук України,24,24,2,1,2,4.0,20,0.16666666666666666,0
978,Кам'янець-Подільська філія Національного університету харчових технологій,Хмельницька область,Державна,Міністерство освіти і науки України,24,24,5,1,5,0.0,24,0.0,0
3559,Інститут водних проблем і меліорації Національної академії аграрних наук України,Київ,Державна,Національна академія аграрних наук України,24,24,3,1,3,17.0,7,0.7083333333333334,0
3582,Інститут проблем математичних машин і систем Національної академії наук України,Київ,Державна,Національна академія наук України,23,23,2,1,2,20.0,3,0.8695652173913043,0
3758,Інститут проблем виховання Національної академії педагогічних наук України,Київ,Державна,Національна академія педагогічних наук України,23,23,3,1,3,2.0,21,0.08695652173913043,0
3698,Інститут філософії імені Г. С. Сковороди Національної академії наук України,Київ,Державна,Національна академія наук України,22,22,2,1,2,16.0,6,0.7272727272727273,0
3508,Науково-дослідний центр індустріальних проблем розвитку Національної академії наук України,Харківська область,Державна,Національна академія наук України,22,22,4,1,4,20.0,2,0.9090909090909091,0
6938,Черкаський фаховий коледж Київського університету інтелектуальної власності та права,Черкаська область,Приватна,,22,22,8,1,6,0.0,22,0.0,0
7020,"Фаховий коледж ""ІТ СТЕП ЗАПОРІЖЖЯ""",Запорізька область,Приватна,,21,21,2,1,2,0.0,21,0.0,0
3537,Інститут геологічних наук Національної академії наук України,Київ,Державна,Національна академія наук України,21,21,2,1,2,18.0,3,0.8571428571428571,0
2750,"Комунальний вищий навчальний заклад ""Херсонська академія неперервної освіти"" Херсонської обласної ради",Херсонська область,Комунальна,"Департамент освіти, науки та молоді Херсонської обласної державної адміністрації",21,21,5,2,4,0.0,21,0.0,0
3746,Інститут інформаційних технологій та систем Національної академії наук України,Київ,Державна,Національна академія наук України,21,21,2,1,2,21.0,0,1.0,0
3590,Інститут відновлюваної енергетики Національної академії наук України,Київ,Державна,Національна академія наук України,21,21,2,1,2,14.0,7,0.6666666666666666,0
3592,Фізико-механічний інститут ім.Г.В.Карпенка Національної академії наук України,Львівська область,Державна,Національна академія наук України,21,21,4,1,4,12.0,9,0.5714285714285714,0
3600,Інститут розведення і генетики тварин імені М.В. Зубця Національної академії аграрних наук України,Київська область,Державна,Національна академія аграрних наук України,21,21,4,1,3,20.0,1,0.9523809523809523,0
3736,Інститут технічної теплофізики Національної академії наук України,Київ,Державна,Національна академія наук України,21,21,2,1,2,14.0,7,0.6666666666666666,0
3547,Інститут демографії та досліджень якості життя імені Михайла Птухи Національної академії наук України,Київ,Державна,Національна академія наук України,20,20,2,1,2,14.0,6,0.7,0
6701,Інститут кліматично орієнтованого сільського господарства Національної академії аграрних наук України,Одеська область,Державна,Національна академія аграрних наук України,20,20,2,1,2,11.0,9,0.55,0
3637,Інститут продовольчих ресурсів Національної академії аграрних наук України,Київ,Державна,Національна академія аграрних наук України,20,20,4,1,4,13.0,7,0.65,0
7385,"Державна наукова установа ""Інститут екологічного відновлення та розвитку України""",Київ,Державна,"Міністерство економіки, довкілля та сільського господарства України",20,20,3,1,3,10.0,10,0.5,0
2166,"Державний професійно-технічний навчальний заклад ""Криворізький центр професійної освіти робітничих кадрів торгівлі та ресторанного сервісу""",Дніпропетровська область,Державна,Департамент освіти і науки Дніпропетровської обласної державної адміністрації,20,20,1,1,1,20.0,0,1.0,0
2800,"Відокремлений структурний підрозділ ""Єреванський фаховий коледж Західноукраїнського національного університету""",,Державна,Міністерство освіти і науки України,20,20,3,1,2,0.0,20,0.0,0
2851,"Коледж при Приватному вищому навчальному закладі ""Херсонський економічно-правовий інститут""",Херсонська область,Приватна,,20,20,2,1,1,0.0,20,0.0,0
1798,Вище професійне художнє училище №5 м. Чернівці,Чернівецька область,Державна,Департамент освіти і науки Чернівецької обласної державної адміністрації,20,20,2,1,2,20.0,0,1.0,0
3915,Інститут мікробіології і вірусології ім. Д.К. Заболотного Національної академії наук України,Київ,Державна,Національна академія наук України,19,19,3,1,2,19.0,0,1.0,0
3551,Інститут енергетичних машин і систем ім. А. М. Підгорного Національної академії наук України,Харківська область,Державна,Національна академія наук України,19,19,5,1,5,19.0,0,1.0,0
3709,Інститут фізики напівпровідників імені В.Є.Лашкарьова Національної академії наук України,Київ,Державна,Національна академія наук України,19,19,2,1,2,19.0,0,1.0,0
1016,Сумська філія Національного університету харчових технологій,Сумська область,Державна,Міністерство освіти і науки України,19,19,4,1,4,0.0,19,0.0,0
1636,"Комунальний заклад ""Запорізький обласний інститут післядипломної педагогічної освіти"" Запорізької обласної ради",Запорізька область,Комунальна,Обласна рада,19,19,1,1,1,0.0,19,0.0,0
1124,Кремінський медичний фаховий коледж,Луганська область,Комунальна,Департамент охорони здоров`я обласної державної адміністрації,19,19,2,1,1,8.0,11,0.42105263157894735,0
2019,"Державний навчальний заклад ""Запорізький будівельний центр професійно-технічної освіти""",Запорізька область,Державна,Департамент освіти і науки Запорізької обласної державної адміністрації,18,18,2,2,2,18.0,0,1.0,0
63,"Товариство з обмеженою відповідальністю ""Бердянський університет менеджменту і бізнесу""",Запорізька область,Приватна,,18,18,8,2,4,0.0,18,0.0,0
1250,Інститут Управління державної охорони України Київського національного університету імені Тараса Шевченка,Київ,Державна,Міністерство освіти і науки України,18,18,1,1,1,0.0,18,0.0,0
7448,"Державна установа ""Національний науковий центр серцево-судинної хірургії та спадкової патології імені М.М. Амосова Національної Академії медичних наук України""",Київ,Державна,Національна академія медичних наук України,18,18,2,1,2,13.0,5,0.7222222222222222,0
3522,Інститут кормів та сільського господарства Поділля Національної академії аграрних наук України,Вінницька область,Державна,Національна академія аграрних наук України,18,18,2,1,2,10.0,8,0.5555555555555556,0
3618,"Державна установа ""Інститут харчової біотехнології та геноміки Національної академії наук України""",Київ,Державна,Національна академія наук України,17,17,3,1,2,15.0,2,0.8823529411764706,0
6899,"Державна установа ""Національний науковий центр хірургії та трансплантології імені О.О. Шалімова Національної академії медичних наук України""",Київ,Державна,Національна академія медичних наук України,17,17,2,1,2,9.0,8,0.5294117647058824,0
6877,"ТОВАРИСТВО З ОБМЕЖЕНОЮ ВІДПОВІДАЛЬНІСТЮ ""УНІВЕРСИТЕТ МІЖНАРОДНОЇ ОСВІТИ""",Київ,Приватна,,17,17,10,2,6,0.0,17,0.0,0
3849,Миронівський інститут пшениці імені В.М.Ремесла Національної академії аграрних наук України,Київська область,Державна,Національна академія аграрних наук України,17,17,2,1,2,10.0,7,0.5882352941176471,0
2735,Чернігівський обласний інститут післядипломної педагогічної освіти імені К.Д. Ушинського,Чернігівська область,Комунальна,Управління (головне управління) освіти і науки державної обласної адміністрації,17,17,1,1,1,0.0,17,0.0,0
3648,Інститут захисту рослин Національної академії аграрних наук України,Київ,Державна,Національна академія аграрних наук України,17,17,2,1,2,8.0,9,0.47058823529411764,0
4180,Національний науковий центр «Інститут судових експертиз ім. Засл. проф. М. С. Бокаріуса» Міністерства юстиції України,Харківська область,Державна,Міністерство юстиції України,17,17,2,1,2,0.0,17,0.0,0
3701,Інститут металофізики ім.Г.В.Курдюмова Національної академії наук України,Київ,Державна,Національна академія наук України,16,16,2,1,2,10.0,6,0.625,0
2427,"Державний навчальний заклад ""Київське обласне вище професійне училище харчових технологій та ресторанного сервісу""",Київ,Державна,Департамент освіти і науки Київської обласної державної адміністрації,16,16,2,1,2,16.0,0,1.0,0
4101,Інститут проблем сучасного мистецтва Національної академії мистецтва України,Київ,Державна,Національна академія мистецтв України,15,15,2,1,2,15.0,0,1.0,0
4233,"Державна установа ""Інститут отоларингології ім. проф. О.С.Коломійченка Національної академії медичних наук України""",Київ,Державна,Національна академія медичних наук України,15,15,1,1,1,15.0,0,1.0,0
3653,Інститут електродинаміки Національної академії наук України,Київ,Державна,Національна академія наук України,15,15,4,1,4,13.0,2,0.8666666666666667,0
3763,Інститут проблем матеріалознавства ім. І. М. Францевича Національної академії наук України,Київ,Державна,Національна академія наук України,15,15,6,1,6,13.0,2,0.8666666666666667,0
3792,Інститут проблем кріобіології і кріомедицини Національної академії наук України,Харківська область,Державна,Національна академія наук України,15,15,5,1,4,13.0,2,0.8666666666666667,0
3545,Інститут надтвердих матеріалів ім. В.М. Бакуля Національної академії наук України,Київ,Державна,Національна академія наук України,15,15,2,1,2,15.0,0,1.0,0
6687,"Державна установа «Національний науковий центр «Інститут кардіології, клінічної та регенеративної медицини імені академіка М.Д. Стражеска Національної академії медичних наук України»",Київ,Державна,Національна академія медичних наук України,15,15,2,1,2,14.0,1,0.9333333333333333,0
3705,"Інститут мистецтвознавства, фольклористики та етнології ім. М. Т. Рильського НАН України",Київ,Державна,Національна академія наук України,14,14,4,1,4,14.0,0,1.0,0
3898,"Національний науковий центр ""Харківський фізико-технічний інститут""",Харківська область,Державна,Національна академія наук України,14,14,2,1,2,14.0,0,1.0,0
3574,Інститут біології тварин Національної академії аграрних наук України,Львівська область,Державна,Національна академія аграрних наук України,14,14,4,1,3,12.0,2,0.8571428571428571,0
3534,Національна наукова сільськогосподарська бібліотека Національної академії аграрних наук України,Київ,Державна,Національна академія аграрних наук України,14,14,2,1,2,14.0,0,1.0,0
6803,"Приватний вищий навчальний заклад ""Академія морських наук та інновацій""",Миколаївська область,Приватна,,14,14,3,1,1,0.0,14,0.0,0
6680,Інститут механіки та автоматики агропромислового виробництва Національної академії аграрних наук України,Київська область,Державна,Національна академія аграрних наук України,13,13,2,1,2,9.0,4,0.6923076923076923,0
3654,"Національний науковий центр ""Інститут експериментальної і клінічної ветеринарної медицини""",Харківська область,Державна,Національна академія аграрних наук України,13,13,5,1,4,12.0,1,0.9230769230769231,0
7049,"ФАХОВИЙ КОЛЕДЖ ""ІТ СТЕП РІВНЕ""",Рівненська область,Приватна,,13,13,1,1,1,0.0,13,0.0,0
4168,Інститут сцинтиляційних матеріалів Національної академії наук України,Харківська область,Державна,Національна академія наук України,13,13,3,1,3,11.0,2,0.8461538461538461,0
3604,Інститут прикладних проблем механіки і математики ім. Я.С.Підстригача Національної академії наук України,Львівська область,Державна,Національна академія наук України,13,13,2,1,2,13.0,0,1.0,0
3751,Інститут теоретичної фізики ім. М.М. Боголюбова Національної академії наук України,Київ,Державна,Національна академія наук України,13,13,2,1,2,13.0,0,1.0,0
6667,"Державна установа ""Інститут ринку і економіко-екологічних досліджень Національної академії наук України""",Одеська область,Державна,Національна академія наук України,13,13,3,1,3,7.0,6,0.5384615384615384,0
4117,"Державне підприємство ""Конструкторське бюро ""Південне"" ім. М.К. Янгеля""",Дніпропетровська область,Державна,Державне космічне агентство України,13,13,2,1,2,0.0,13,0.0,0
3594,"Державна установа ""Інститут всесвітньої історії Національної академії наук України""",Київ,Державна,Національна академія наук України,12,12,2,1,2,9.0,3,0.75,0
4031,Національна бібліотека України імені В.І.Вернадського,Київ,Державна,Національна академія наук України,12,12,2,1,2,11.0,1,0.9166666666666666,0
7226,"Державна установа ""Всеукраїнський центр материнства та дитинства Національної академії медичних наук України""",Київ,Державна,Національна академія медичних наук України,12,12,3,1,3,9.0,3,0.75,0
3591,Інститут садівництва Національної академії аграрних наук України,Київська область,Державна,Національна академія аграрних наук України,12,12,1,1,1,6.0,6,0.5,0
3531,"Економіко-правничий фаховий коледж ТОВ ""Бердянський університет менеджменту і бізнесу""",Запорізька область,Приватна,,12,12,6,1,3,0.0,12,0.0,0
2656,"Приватний вищий навчальний заклад ""Кропивницький інститут державного та муніципального управління""",Кіровоградська область,Приватна,,12,12,4,1,3,0.0,12,0.0,0
4013,Інститут механіки ім. С.П. Тимошенка НАН України,Київ,Державна,Національна академія наук України,12,12,2,1,2,10.0,2,0.8333333333333334,0
3612,Інститут фізичної хімії ім. Л.В. Писаржевського Національної академії наук України,Київ,Державна,Національна академія наук України,12,12,2,1,2,10.0,2,0.8333333333333334,0
3655,Інститут зоології ім. І . І.Шмальгаузена Національної академії наук України,Київ,Державна,Національна академія наук України,12,12,3,1,2,11.0,1,0.9166666666666666,0
3810,Інститут прикладної фізики Національної академії наук України,Сумська область,Державна,Національна академія наук України,12,12,2,1,2,12.0,0,1.0,0
3859,"Державна установа ""Інститут стоматології та щелепно-лицевої хірургії Національної академії медичних наук України""",Одеська область,Державна,Національна академія медичних наук України,12,12,2,1,2,8.0,4,0.6666666666666666,0
3885,Фізико - технічний інститут низьких температур ім. Б. І. Вєркіна Національної академії наук України,Харківська область,Державна,Національна академія наук України,12,12,3,1,3,12.0,0,1.0,0
3692,Інститут свинарства і агропромислового виробництва Національної академії аграрних наук України,Полтавська область,Державна,Національна академія аграрних наук України,12,12,2,1,2,10.0,2,0.8333333333333334,0
3550,Інститут біохімії ім. О.В.Палладіна Національної академії наук України,Київ,Державна,Національна академія наук України,11,11,3,1,2,11.0,0,1.0,0
3527,Інститут вищої освіти Національної академії педагогічних наук України,Київ,Державна,Національна академія педагогічних наук України,11,11,2,1,2,5.0,6,0.45454545454545453,0
3712,Інститут геотехнічної механіки ім.М.С. Полякова Національної академії наук України,Дніпропетровська область,Державна,Національна академія наук України,11,11,7,1,7,11.0,0,1.0,0
3694,"Інститут експериментальної патології, онкології і радіобіології ім. Р. Є. Кавецького Національної академії наук України",Київ,Державна,Національна академія наук України,11,11,5,1,4,11.0,0,1.0,0
324,"Азовський морський інститут Національного університету ""Одеська морська академія""",Донецька область,Державна,Міністерство освіти і науки України,11,11,3,1,1,0.0,11,0.0,0
4104,"Приватний вищий навчальний заклад ""Інститут психології і підприємництва""",Київ,Приватна,,11,11,2,1,2,0.0,11,0.0,0
4043,Національний ботанічний сад імені М. М. Гришка Національної академії наук України,Київ,Державна,Національна академія наук України,11,11,3,1,2,11.0,0,1.0,0
1283,Лиманський медичний фаховий коледж Донецького національного медичного університету,Донецька область,Державна,Міністерство охорони здоров`я України,11,11,3,2,1,0.0,11,0.0,0
3964,Інститут літератури ім. Т.Г. Шевченка Національної академії наук України,Київ,Державна,Національна академія наук України,10,10,2,1,2,10.0,0,1.0,0
3633,Інститут географії Національної академії наук України,Київ,Державна,Національна академія наук України,10,10,2,1,2,10.0,0,1.0,0
3572,Інститут рибного господарства Національної академії аграрних наук України,Київ,Державна,Національна академія аграрних наук України,10,10,2,1,2,10.0,0,1.0,0
3549,"Державна установа ""Інститут нейрохірургії ім.акад. А.П. Ромоданова Національної академії медичних наук України""",Київ,Державна,Національна академія медичних наук України,10,10,2,1,2,5.0,5,0.5,0
3827,Інститут цифровізації освіти Національної академії педагогічних наук України,Київ,Державна,Національна академія педагогічних наук України,10,10,1,1,1,2.0,8,0.2,0
3575,Інститут ядерних досліджень Національної академії наук України,Київ,Державна,Національна академія наук України,10,10,3,1,3,9.0,1,0.9,0
7170,"Товариство з обмеженою відповідальністю ""Фаховий коледж Українського Червоного Хреста""",Київ,Приватна,,10,10,3,1,1,0.0,10,0.0,0
6670,ІНСТИТУТ ГАЗУ НАЦІОНАЛЬНОЇ АКАДЕМІЇ НАУК УКРАЇНИ,Київ,Державна,Національна академія наук України,9,9,2,1,2,9.0,0,1.0,0
3524,Інститут рослинництва ім.В.Я.Юр'єва Національної академії аграрних наук України,Харківська область,Державна,Національна академія аграрних наук України,9,9,2,1,2,7.0,2,0.7777777777777778,0
3596,Інститут сільськогосподарської мікробіології та агропромислового виробництва Національної академії аграрних наук України,Чернігівська область,Державна,Національна академія аграрних наук України,9,9,2,1,2,8.0,1,0.8888888888888888,0
3950,Центральний науково-дослідний інститут Збройних Сил України,Київ,Державна,Міністерство оборони України,9,9,1,1,1,5.0,4,0.5555555555555556,0
3650,Інститут соціології Національної академії наук України,Київ,Державна,Національна академія наук України,9,9,2,1,2,9.0,0,1.0,0
3579,Інститут народознавства Національної академії наук України,Львівська область,Державна,Національна академія наук України,9,9,1,1,1,8.0,1,0.8888888888888888,0
3908,Інститут проблем реєстрації інформації Національної академії наук України,Київ,Державна,Національна академія наук України,9,9,3,1,2,9.0,0,1.0,0
3649,Інститут хімії високомолекулярних сполук Національної академії наук України,Київ,Державна,Національна академія наук України,9,9,2,1,2,9.0,0,1.0,0
370,"Державна установа ""Інститут економіки та прогнозування Національної академії наук України""",Київ,Державна,Національна академія наук України,9,9,2,1,2,9.0,0,1.0,0
3585,Інститут геофізики ім. С.І.Субботіна Національної академії наук України,Київ,Державна,Національна академія наук України,9,9,2,1,2,7.0,2,0.7777777777777778,0
3937,Інститут історії України Національної академії наук України,Київ,Державна,Національна академія наук України,9,9,2,1,2,8.0,1,0.8888888888888888,0
3523,"Національний науковий центр ""Інститут грунтознавства та агрохімії імені О.Н. Соколовського""",Харківська область,Державна,Національна академія аграрних наук України,8,8,3,1,2,8.0,0,1.0,0
4103,Інститут політичних і етнонаціональних досліджень ім. І.Ф. Кураса Національної академії наук України,Київ,Державна,Національна академія наук України,8,8,2,1,2,7.0,1,0.875,0
4383,"Комунальний заклад вищої освіти ""Одеська академія неперервної освіти Одеської обласної ради""",Одеська область,Комунальна,Департамент освіти і науки Одеської обласної державної адміністрації,8,8,3,2,2,0.0,8,0.0,0
3556,"Національний науковий центр ""Інститут виноградарства і виноробства імені В. Є. Таїрова""",Одеська область,Державна,Національна академія аграрних наук України,8,8,3,1,2,6.0,2,0.75,0
4760,"Приватний вищий навчальний заклад ""Одеський морський інститут"" у вигляді ТОВ",Одеська область,Приватна,,8,8,3,1,1,0.0,8,0.0,0
3583,"Інститут геохімії, мінералогії та рудоутворення імені М.П. Семененка НАН України",Київ,Державна,Національна академія наук України,8,8,1,1,1,8.0,0,1.0,0
4169,"Державна наукова установа ""Науково-технологічний комплекс ""Інститут монокристалів"" Національної академії наук України""",Харківська область,Державна,Національна академія наук України,7,7,2,1,2,7.0,0,1.0,0
3735,"Державна установа ""Науковий центр аерокосмічних досліджень Землі Інституту геологічних наук Національної академії наук України""",Київ,Державна,Національна академія наук України,7,7,4,1,4,7.0,0,1.0,0
4046,"Державна установа ""Інститут геохімії навколишнього середовища Національної академії наук України""",Київ,Державна,Національна академія наук України,7,7,2,1,2,7.0,0,1.0,0
3630,Інститут загальної та неорганічної хімії ім. В.І. Вернадського Національної академії наук України,Київ,Державна,Національна академія наук України,7,7,1,1,1,7.0,0,1.0,0
4114,Інститут чорної металургії ім. З.І. Некрасова Національної академії наук України,Дніпропетровська область,Державна,Національна академія наук України,7,7,2,1,2,7.0,0,1.0,0
3603,Національний інститут стратегічних досліджень,Київ,Державна,Державне управління справами,7,7,2,1,2,7.0,0,1.0,0
2822,"Державна установа ""Інститут патології хребта та суглобів імені професора М.І. Ситенка Національної академії медичних наук України""",Харківська область,Державна,Національна академія медичних наук України,7,7,1,1,1,4.0,3,0.5714285714285714,0
4182,Інститут екології Карпат Національної академії наук України,Львівська область,Державна,Національна академія наук України,7,7,1,1,1,7.0,0,1.0,0
3860,Український гідрометеорологічний інститут Державної служби України з надзвичайних ситуацій та Національної академії наук України,Київ,Державна,Національна академія наук України,7,7,2,1,2,7.0,0,1.0,0
3853,Фізико-технологічний інститут металів та сплавів Національної академії наук України,Київ,Державна,Національна академія наук України,7,7,2,1,2,7.0,0,1.0,0
3843,"ДЕРЖАВНА УСТАНОВА ""ІНСТИТУТ ОЧНИХ ХВОРОБ І ТКАНИННОЇ ТЕРАПІЇ ІМ. В.П. ФІЛАТОВА НАЦІОНАЛЬНОЇ АКАДЕМІЇ МЕДИЧНИХ НАУК УКРАЇНИ""",Одеська область,Державна,Національна академія медичних наук України,7,7,2,1,2,5.0,2,0.7142857142857143,0
3644,"Державна установа ""Інститут досліджень науково-технічного потенціалу та історії науки ім. Г.М.Доброва НАН України""",Київ,Державна,Національна академія наук України,7,7,4,1,4,7.0,0,1.0,0
3571,"Державна установа ""Інститут загальної та невідкладної хірургії імені В.Т.Зайцева Національної академії медичних наук України""",Харківська область,Державна,Національна академія медичних наук України,7,7,1,1,1,7.0,0,1.0,0
3737,Інститут магнетизму імені В.Г. Бар’яхтара Національної академії наук України,Київ,Державна,Національна академія наук України,6,6,4,1,4,6.0,0,1.0,0
6387,"Державна установа ""Інститут еволюційної екології Національної академії наук України""",Київ,Державна,Національна академія наук України,6,6,1,1,1,6.0,0,1.0,0
3562,Інститут ветеринарної медицини Національної академії аграрних наук України,Київ,Державна,Національна академія аграрних наук України,6,6,2,1,2,6.0,0,1.0,0
3917,Державна установа «Інститут громадського здоров’я ім. О.М. Марзєєва Національної академії медичних наук України»,Київ,Державна,Національна академія медичних наук України,6,6,2,1,2,4.0,2,0.6666666666666666,0
4121,Інститут електронної фізики Національної академії наук України,Закарпатська область,Державна,Національна академія наук України,6,6,1,1,1,6.0,0,1.0,0
3652,Інститут радіофізики та електроніки ім. О.Я. Усикова Національної академії наук України,Харківська область,Державна,Національна академія наук України,6,6,2,1,2,6.0,0,1.0,0
3625,"Державна установа ""Інститут морської біології НАН України""",Одеська область,Державна,Національна академія наук України,6,6,3,1,2,6.0,0,1.0,0
3553,Інститут фізики конденсованих систем імені І. Р. Юхновського Національної академії наук України,Львівська область,Державна,Національна академія наук України,6,6,2,1,2,6.0,0,1.0,0
3947,"Державна Установа ""Інститут ендокринології та обміну речовин ім. В. П. Комісаренка Національної академії медичних наук України """,Київ,Державна,Національна академія медичних наук України,6,6,2,1,2,3.0,3,0.5,0
3634,Радіоастрономічний інститут Національної академії наук України,Харківська область,Державна,Національна академія наук України,5,5,2,1,2,5.0,0,1.0,0
3700,Інститут біології клітини Національної академії наук України,Львівська область,Державна,Національна академія наук України,5,5,3,1,2,5.0,0,1.0,0
4129,"Державна організація (установа, заклад) Інститут сорбції та проблем ендоекології Національної академії наук України",Київ,Державна,Національна академія наук України,5,5,1,1,1,4.0,1,0.8,0
2633,Вище професійне училище Львівського державного університету безпеки життєдіяльності (м. Вінниця),Вінницька область,Державна,Державна служба України з надзвичайних ситуацій,5,5,1,1,1,3.0,2,0.6,0
3715,Інститут клітинної біології та генетичної інженерії Національної академії наук України,Київ,Державна,Національна академія наук України,5,5,2,1,1,5.0,0,1.0,0
3620,Інститут української мови Національної академії наук України,Київ,Державна,Національна академія наук України,5,5,2,1,1,5.0,0,1.0,0
3841,"Науково-дослідна установа ""Український науково-дослідний інститут екологічних проблем""",Харківська область,Державна,"Міністерство економіки, довкілля та сільського господарства України",5,5,2,1,2,5.0,0,1.0,0
3587,Інститут олійних культур Національної академії аграрних наук України,Запорізька область,Державна,Національна академія аграрних наук України,4,4,1,1,1,4.0,0,1.0,0
3862,"Державна установа ""Національний інститут терапії імені Л.Т.Малої Національної академії медичних наук України""",Харківська область,Державна,Національна академія медичних наук України,4,4,2,1,2,3.0,1,0.75,0
4243,"Державна Установа ""Інститут фармакології та токсикології Національної академії медичних наук України""",Київ,Державна,Національна академія медичних наук України,4,4,2,1,2,0.0,4,0.0,0
3605,Центр гуманітарної освіти Національної академії наук України,Київ,Державна,Національна академія наук України,4,4,1,1,1,4.0,0,1.0,0
3639,Державний науково-дослідний інститут авіації,Київ,Державна,Міністерство оборони України,4,4,1,1,1,4.0,0,1.0,0
320,"Приватний вищий навчальний заклад ""Інститут ділового адміністрування""",Дніпропетровська область,Приватна,,4,4,3,2,3,0.0,4,0.0,0
3696,Інститут технічної механіки Національної академії наук України і Державного космічного агентства України,Дніпропетровська область,Державна,Національна академія наук України,4,4,2,1,2,4.0,0,1.0,0
3554,Інститут ботаніки ім. М.Г. Холодного Національної академії наук України,Київ,Державна,Національна академія наук України,4,4,2,1,1,3.0,1,0.75,0
5716,Інститут хімії поверхні ім.О.О. Чуйка НАН України,Київ,Державна,Національна академія наук України,4,4,1,1,1,4.0,0,1.0,0
3529,Інститут гідробіології Національної академії наук України,Київ,Державна,Національна академія наук України,4,4,2,1,1,4.0,0,1.0,0
14,"Товариство з обмеженою відповідальністю ""Університет міжнародних інноваційних ідей""",Київ,Приватна,,3,3,1,1,1,0.0,3,0.0,0
3753,Центральний науково-дослідний інститут озброєння та військової техніки Збройних Сил України,Київ,Державна,Міністерство оборони України,3,3,1,1,1,3.0,0,1.0,0
4071,Інститут фізіології рослин і генетики Національної Академії Наук України,Київ,Державна,Національна академія наук України,3,3,2,1,1,3.0,0,1.0,0
4215,Інститут монокристалів Національної академії наук України,Харківська область,Державна,Національна академія наук України,3,3,1,1,1,3.0,0,1.0,0
3903,"Державна установа ""Інститут медицини праці імені Ю.І. Кундієва Національної академії медичних наук України""",Київ,Державна,Національна академія медичних наук України,3,3,2,1,2,3.0,0,1.0,0
3711,"Державна установа ""Інститут охорони здоров'я дітей та підлітків Національної академії медичних наук України""",Харківська область,Державна,Національна академія медичних наук України,3,3,1,1,1,3.0,0,1.0,0
6698,Воєнна академія імені Євгенія Березняка,Київ,Державна,Міністерство оборони України,3,3,2,1,2,1.0,2,0.3333333333333333,0
3800,"Інститут тваринництва степових районів імені М.Ф. Іванова ""Асканія-Нова"" - Національний науковий селекційно-генетичний центр з вівчарства",Херсонська область,Державна,Національна академія аграрних наук України,3,3,1,1,1,2.0,1,0.6666666666666666,0
6820,Інститут гідромеханіки Національної академії наук України,Київ,Державна,Національна академія наук України,3,3,1,1,1,3.0,0,1.0,0
4039,"Державна наукова установа ""Центр проблем морської геології, геоекології та осадового рудоутворення НАН України""",Київ,Державна,Національна академія наук України,3,3,1,1,1,3.0,0,1.0,0
4066,"ДЕРЖАВНА УСТАНОВА ""ІНСТИТУТ МІКРОБІОЛОГІЇ ТА ІМУНОЛОГІЇ ІМ. І.І.МЕЧНИКОВА НАЦІОНАЛЬНОЇ АКАДЕМІЇ МЕДИЧНИХ НАУК УКРАЇНИ""",Харківська область,Державна,Національна академія медичних наук України,3,3,1,1,1,1.0,2,0.3333333333333333,0
1393,Бердянський інститут державного та муніципального управління Класичного приватного університету,Запорізька область,Приватна,,2,2,2,2,2,0.0,2,0.0,0
4082,Інститут української археографії та джерелознавства ім. М.С. Грушевського Національної академії наук України,Київ,Державна,Національна академія наук України,2,2,1,1,1,2.0,0,1.0,0
1093,"Приватний вищий навчальний заклад ""Міжнародний інститут бізнесу""",Київ,Приватна,,2,2,1,1,1,0.0,2,0.0,0
4045,Інститут обдарованої дитини Національної академії педагогічних наук України,Київ,Державна,Національна академія педагогічних наук України,2,2,1,1,1,2.0,0,1.0,0
3731,"Державна установа ""Інститут судової психіатрії та судової медицини Міністерства охорони здоров'я України""",Київ,Державна,Міністерство охорони здоров`я України,2,2,1,1,1,2.0,0,1.0,0
4211,"Державна наукова установа ""Центр інноваційних медичних технологій НАН України""",Київ,Державна,Національна академія наук України,2,2,2,1,2,2.0,0,1.0,0
6900,Інститут археології Національної академії наук України,Київ,Державна,Національна академія наук України,2,2,1,1,1,2.0,0,1.0,0
4122,"Державна установа ""Науково-практичний медичний центр дитячої кардіології та кардіохірургії Міністерства охорони здоров`я України""",Київ,Державна,Міністерство охорони здоров`я України,2,2,1,1,1,2.0,0,1.0,0
4163,"Державна установа ""Інститут геронтології імені Д.Ф. Чеботарьова Національної академії медичних наук України""",Київ,Державна,Національна академія наук України,2,2,2,1,2,2.0,0,1.0,0
3818,Інститут прикладної математики і механіки Національної академії наук України,Донецька область,Державна,Національна академія наук України,2,2,2,1,2,2.0,0,1.0,0
3720,"Державна установа ""Інститут проблем ендокринної патології ім.В.Я.Данилевського Національної академії медичних наук України""",Харківська область,Державна,Національна академія медичних наук України,2,2,3,1,2,2.0,0,1.0,0
7050,Центр інформаційно-аналітичного та технічного забезпечення моніторингу об'єктів атомної енергетики Національної академії наук України,Київ,Державна,Національна академія наук України,2,2,1,1,1,2.0,0,1.0,0
3697,"Український ордена ""Знак пошани"" науково-дослідний інститут лісового господарства та агролісомеліорації ім.Г.М.Висоцького Державного агентства лісових ресурсів України та Національної академії наук України",Харківська область,Державна,Державне агентство лісових ресурсів України,2,2,1,1,1,0.0,2,0.0,0
3593,Інститут картоплярства Національної академії аграрних наук України,Київська область,Державна,Національна академія аграрних наук України,2,2,1,1,1,2.0,0,1.0,0
3595,Інститут мовознавства ім. О.О.Потебні Національної академії наук України,Київ,Державна,Національна академія наук України,2,2,2,1,2,2.0,0,1.0,0
656,Мелітопольський промислово-економічний фаховий коледж,Запорізька область,Державна,Міністерство освіти і науки України,1,1,1,1,1,0.0,1,0.0,0
117,"Відокремлений структурний підрозділ закладу вищої освіти ""Відкритий міжнародний університет розвитку людини ""Україна"" Новокаховський гуманітарний інститут",Київ,Приватна,,1,1,1,1,1,0.0,1,0.0,0
186,"Приватний вищий навчальний заклад ""Донецький університет економіки та права""",Донецька область,Приватна,,1,1,1,1,1,0.0,1,0.0,0
1015,"Державний навчально-науковий заклад післядипломної освіти ""Дипломатична академія України імені Геннадія Удовенка при Міністерстві закордонних справ України""",Київ,Державна,Міністерство закордонних справ України,1,1,1,1,1,1.0,0,1.0,0
3693,Інститут біоколоїдної хімії імені Ф.Д.Овчаренка НАН України,Київ,Державна,Національна академія наук України,1,1,1,1,1,1.0,0,1.0,0
1106,"Приватний вищий навчальний заклад ""Київський коледж бізнесу""",Київ,Приватна,,1,1,1,1,1,0.0,1,0.0,0
4106,Інститут колоїдної хімії та хімії води ім.А.В. Думанського Національної академії наук України,Київ,Державна,Національна академія наук України,1,1,1,1,1,1.0,0,1.0,0
342,"Приватний вищий навчальний заклад ""Рівненський інститут слов'янознавства Київського славістичного університету""",Рівненська область,Приватна,,1,1,1,1,1,0.0,1,0.0,0
2788,"Державна установа ""Інститут дерматології та венерології Національної академії медичних наук України""",Харківська область,Державна,Національна академія медичних наук України,1,1,1,1,1,1.0,0,1.0,0
2664,Рівненський обласний інститут післядипломної педагогічної освіти,Рівненська область,Комунальна,Департамент освіти і науки Рівненської обласної державної адміністрації,1,1,1,1,1,0.0,1,0.0,0
2400,Вище професійне училище № 25 м. Хмельницького,Хмельницька область,Державна,Міністерство освіти і науки України,1,1,1,1,1,0.0,1,0.0,0
3926,"Державна установа ""Інститут гастроентерології Національної академії медичних наук України""",Дніпропетровська область,Державна,,1,1,2,1,2,1.0,0,1.0,0
