country_code,year,total_students,academic_personnel_fte,total_personnel_fte,student_staff_ratio,total_revenues_eur,total_revenues_ppp,total_expenditure_eur,total_expenditure_ppp,revenue_per_student_eur,revenue_per_student_ppp,expenditure_per_student_eur,expenditure_per_student_ppp,third_party_funding_ppp,third_party_funding_per_student_ppp,rd_expenditure_ppp,rd_expenditure_per_student_ppp,rd_expenditure_share_of_expenditure_ppp,student_staff_ratio_aggregate_unmatched,student_staff_ratio_pair_numerator,student_staff_ratio_pair_denominator,student_staff_ratio_pair_records,student_staff_ratio_pair_institutions,student_staff_ratio_pair_record_coverage,student_staff_ratio_denominator_coverage,revenue_per_student_eur_aggregate_unmatched,revenue_per_student_eur_pair_numerator,revenue_per_student_eur_pair_denominator,revenue_per_student_eur_pair_records,revenue_per_student_eur_pair_institutions,revenue_per_student_eur_pair_record_coverage,revenue_per_student_eur_denominator_coverage,revenue_per_student_ppp_aggregate_unmatched,revenue_per_student_ppp_pair_numerator,revenue_per_student_ppp_pair_denominator,revenue_per_student_ppp_pair_records,revenue_per_student_ppp_pair_institutions,revenue_per_student_ppp_pair_record_coverage,revenue_per_student_ppp_denominator_coverage,expenditure_per_student_eur_aggregate_unmatched,expenditure_per_student_eur_pair_numerator,expenditure_per_student_eur_pair_denominator,expenditure_per_student_eur_pair_records,expenditure_per_student_eur_pair_institutions,expenditure_per_student_eur_pair_record_coverage,expenditure_per_student_eur_denominator_coverage,expenditure_per_student_ppp_aggregate_unmatched,expenditure_per_student_ppp_pair_numerator,expenditure_per_student_ppp_pair_denominator,expenditure_per_student_ppp_pair_records,expenditure_per_student_ppp_pair_institutions,expenditure_per_student_ppp_pair_record_coverage,expenditure_per_student_ppp_denominator_coverage,third_party_funding_per_student_ppp_aggregate_unmatched,third_party_funding_per_student_ppp_pair_numerator,third_party_funding_per_student_ppp_pair_denominator,third_party_funding_per_student_ppp_pair_records,third_party_funding_per_student_ppp_pair_institutions,third_party_funding_per_student_ppp_pair_record_coverage,third_party_funding_per_student_ppp_denominator_coverage,rd_expenditure_per_student_ppp_aggregate_unmatched,rd_expenditure_per_student_ppp_pair_numerator,rd_expenditure_per_student_ppp_pair_denominator,rd_expenditure_per_student_ppp_pair_records,rd_expenditure_per_student_ppp_pair_institutions,rd_expenditure_per_student_ppp_pair_record_coverage,rd_expenditure_per_student_ppp_denominator_coverage,rd_expenditure_share_of_expenditure_ppp_aggregate_unmatched,rd_expenditure_share_of_expenditure_ppp_pair_numerator,rd_expenditure_share_of_expenditure_ppp_pair_denominator,rd_expenditure_share_of_expenditure_ppp_pair_records,rd_expenditure_share_of_expenditure_ppp_pair_institutions,rd_expenditure_share_of_expenditure_ppp_pair_record_coverage,rd_expenditure_share_of_expenditure_ppp_denominator_coverage
AD,2017,,,,,,,,,,,,,,,,,,,,,0,0,0.0,,,,,0,0,0.0,,,,,0,0,0.0,,,,,0,0,0.0,,,,,0,0,0.0,,,,,0,0,0.0,,,,,0,0,0.0,,,,,0,0,0.0,
AD,2018,541.0,,,,3343654.0,3588882.329580216,3343654.0,3588882.329580216,6180.506469500924,6633.793585176,6180.506469500924,6633.793585176,156083.16249315746,288.5086182867975,,,,,,,0,0,0.0,,6180.506469500924,3343654.0,541.0,1,1,0.5,1.0,6633.793585176,3588882.329580216,541.0,1,1,0.5,1.0,6180.506469500924,3343654.0,541.0,1,1,0.5,1.0,6633.793585176,3588882.329580216,541.0,1,1,0.5,1.0,288.5086182867975,156083.16249315746,541.0,1,1,0.5,1.0,,,,0,0,0.0,,,,,0,0,0.0,
AD,2019,569.0,,,,3574855.0,3848548.36556556,3574855.0,3848548.36556556,6282.697715289983,6763.705387637187,6282.697715289983,6763.705387637187,208795.7161497022,366.95204947223584,,,,,,,0,0,0.0,,6282.697715289983,3574855.0,569.0,1,1,0.5,1.0,6763.705387637187,3848548.36556556,569.0,1,1,0.5,1.0,6282.697715289983,3574855.0,569.0,1,1,0.5,1.0,6763.705387637187,3848548.36556556,569.0,1,1,0.5,1.0,366.95204947223584,208795.7161497022,569.0,1,1,0.5,1.0,,,,0,0,0.0,,,,,0,0,0.0,
AD,2020,547.0,,,,3743096.0,3944032.6304221153,3743096.0,3944032.6304221153,6842.954296160878,7210.297313385951,6842.954296160878,7210.297313385951,280255.15961700765,512.3494691352973,,,,,,,0,0,0.0,,6842.954296160878,3743096.0,547.0,1,1,0.5,1.0,7210.297313385951,3944032.6304221153,547.0,1,1,0.5,1.0,6842.954296160878,3743096.0,547.0,1,1,0.5,1.0,7210.297313385951,3944032.6304221153,547.0,1,1,0.5,1.0,512.3494691352973,280255.15961700765,547.0,1,1,0.5,1.0,,,,0,0,0.0,,,,,0,0,0.0,
AD,2021,629.0,,,,3749057.0,4063833.408126676,3749057.0,4063833.408126676,5960.344992050875,6460.784432633825,5960.344992050875,6460.784432633825,303422.50000541983,482.38871225027,,,,,,,0,0,0.0,,5960.344992050875,3749057.0,629.0,1,1,1.0,1.0,6460.784432633825,4063833.408126676,629.0,1,1,1.0,1.0,5960.344992050875,3749057.0,629.0,1,1,1.0,1.0,6460.784432633825,4063833.408126676,629.0,1,1,1.0,1.0,482.38871225027,303422.50000541983,629.0,1,1,1.0,1.0,,,,0,0,0.0,,,,,0,0,0.0,
AD,2022,674.0,,,,3982353.0,4395770.852949001,3982353.0,4395770.852949001,5908.535608308605,6521.9152120905055,5908.535608308605,6521.9152120905055,216296.4663651787,320.914638524004,,,,,,,0,0,0.0,,5908.535608308605,3982353.0,674.0,1,1,1.0,1.0,6521.9152120905055,4395770.852949001,674.0,1,1,1.0,1.0,5908.535608308605,3982353.0,674.0,1,1,1.0,1.0,6521.9152120905055,4395770.852949001,674.0,1,1,1.0,1.0,320.914638524004,216296.4663651787,674.0,1,1,1.0,1.0,,,,0,0,0.0,,,,,0,0,0.0,
AD,2023,675.0,,,,4488648.0,5038047.028452775,4488648.0,5038047.028452775,6649.848888888889,7463.7733754855935,6649.848888888889,7463.7733754855935,215398.17049217128,319.10840072914266,,,,,,,0,0,0.0,,6649.848888888889,4488648.0,675.0,1,1,1.0,1.0,7463.7733754855935,5038047.028452775,675.0,1,1,1.0,1.0,6649.848888888889,4488648.0,675.0,1,1,1.0,1.0,7463.7733754855935,5038047.028452775,675.0,1,1,1.0,1.0,319.10840072914266,215398.17049217128,675.0,1,1,1.0,1.0,,,,0,0,0.0,,,,,0,0,0.0,
AL,2013,163530.0,,,,,,,,,,,,,,,,,,,,0,0,0.0,,,,,0,0,0.0,,,,,0,0,0.0,,,,,0,0,0.0,,,,,0,0,0.0,,,,,0,0,0.0,,,,,0,0,0.0,,,,,0,0,0.0,
AL,2014,163530.0,,,,,,,,,,,,,,,,,,,,0,0,0.0,,,,,0,0,0.0,,,,,0,0,0.0,,,,,0,0,0.0,,,,,0,0,0.0,,,,,0,0,0.0,,,,,0,0,0.0,,,,,0,0,0.0,
AL,2015,146075.0,,,,,,,,,,,,,,0.0,0.0,,,,,0,0,0.0,,,,,0,0,0.0,,,,,0,0,0.0,,,,,0,0,0.0,,,,,0,0,0.0,,,,,0,0,0.0,,0.0,0.0,10185.0,16,16,0.4,0.0697244566147527,,,,0,0,0.0,
AL,2016,139575.0,,,,,,,,,,,,,,0.0,0.0,,,,,0,0,0.0,,,,,0,0,0.0,,,,,0,0,0.0,,,,,0,0,0.0,,,,,0,0,0.0,,,,,0,0,0.0,,0.0,0.0,9885.0,17,17,0.425,0.07082213863514239,,,,0,0,0.0,
AL,2017,131833.0,,,,,,,,,,,,,,0.0,0.0,,,,,0,0,0.0,,,,,0,0,0.0,,,,,0,0,0.0,,,,,0,0,0.0,,,,,0,0,0.0,,,,,0,0,0.0,,0.0,0.0,12976.0,21,21,0.525,0.09842755607473092,,,,0,0,0.0,
AL,2018,139043.0,,,,,,,,,,,,,,0.0,0.0,,,,,0,0,0.0,,,,,0,0,0.0,,,,,0,0,0.0,,,,,0,0,0.0,,,,,0,0,0.0,,,,,0,0,0.0,,0.0,0.0,14096.0,23,23,0.5609756097560976,0.10137871018318075,,,,0,0,0.0,
AL,2019,130264.0,,,,,,,,,,,,,,0.0,0.0,,,,,0,0,0.0,,,,,0,0,0.0,,,,,0,0,0.0,,,,,0,0,0.0,,,,,0,0,0.0,,,,,0,0,0.0,,0.0,0.0,14265.0,23,23,0.5609756097560976,0.10950838297611006,,,,0,0,0.0,
AL,2022,,,,,,,,,,,,,,,,,,,,,0,0,0.0,,,,,0,0,0.0,,,,,0,0,0.0,,,,,0,0,0.0,,,,,0,0,0.0,,,,,0,0,0.0,,,,,0,0,0.0,,,,,0,0,0.0,
AL,2023,,,,,,,,,,,,,,,,,,,,,0,0,0.0,,,,,0,0,0.0,,,,,0,0,0.0,,,,,0,0,0.0,,,,,0,0,0.0,,,,,0,0,0.0,,,,,0,0,0.0,,,,,0,0,0.0,
AT,2013,284145.0,21515.0,34725.0,13.20683244248199,3735010228.33,3382272979.3170276,3460355958.4290004,3133557270.6707478,13207.71678040242,11960.369812641988,12236.48629169702,11080.863080981462,511874470.5195193,1810.0868860975258,1860964058.3542368,6580.727954857798,0.5938822550882855,13.20683244248199,284145.0,21515.0,24,24,1.0,1.0,13144.733246511463,3735010228.33,282790.0,22,22,0.9166666666666666,0.9952313079589646,11903.3344923086,3382272979.3170276,282790.0,22,22,0.9166666666666666,0.9952313079589646,12178.134256907566,3460355958.4290004,282790.0,22,22,0.9166666666666666,0.9952313079589646,11028.021857399382,3133557270.6707478,282790.0,22,22,0.9166666666666666,0.9952313079589646,1801.45513917021,511874470.5195193,282790.0,22,22,0.9166666666666666,0.9952313079589646,6549.3464898352495,1860964058.3542368,282790.0,22,22,0.9166666666666666,0.9952313079589646,0.5938822550882855,1860964058.3542368,3133557270.6707478,22,22,0.9166666666666666,1.0
AT,2014,356895.0,30505.0,46160.0,11.699557449598426,3807408440.52,3416340000.6460466,3545769114.98,3181574304.3599195,13409.20067803057,12031.908151884365,12487.74077262802,11205.093697118826,531670925.1572497,1872.4763159725635,,,,11.699557449598426,356895.0,30505.0,69,69,1.0,1.0,10668.147327701425,3807408440.52,283940.0,22,22,0.3188405797101449,0.7955841353899606,9572.395244108342,3416340000.6460466,283940.0,22,22,0.3188405797101449,0.7955841353899606,9935.048445565222,3545769114.98,283940.0,22,22,0.3188405797101449,0.7955841353899606,8914.594780985779,3181574304.3599195,283940.0,22,22,0.3188405797101449,0.7955841353899606,1489.7124508812108,531670925.1572497,283940.0,22,22,0.3188405797101449,0.7955841353899606,,,,0,0,0.0,,,,,0,0,0.0,
AT,2015,362415.0,31540.0,46050.0,11.490646797717185,3926521198.71,3534349750.4050555,3684750478.89,3316726505.805789,13687.935573833925,12320.817647650616,12845.117753921773,11562.178434796726,579165598.0593361,2018.9834694950014,1943204075.7543025,6774.050323343452,0.5858801056863767,11.490646797717185,362415.0,31540.0,69,69,1.0,1.0,10834.323079094409,3926521198.71,286860.0,22,22,0.3188405797101449,0.7915235296552295,9752.217072706857,3534349750.4050555,286860.0,22,22,0.3188405797101449,0.7915235296552295,10167.212943421215,3684750478.89,286860.0,22,22,0.3188405797101449,0.7915235296552295,9151.736285213881,3316726505.805789,286860.0,22,22,0.3188405797101449,0.7915235296552295,1598.072922090245,579165598.0593361,286860.0,22,22,0.3188405797101449,0.7915235296552295,5361.820221994957,1943204075.7543025,286860.0,22,22,0.3188405797101449,0.7915235296552295,0.5858801056863767,1943204075.7543025,3316726505.805789,22,22,0.3188405797101449,1.0
AT,2016,362740.0,31765.0,46530.0,11.41948685660318,4019123018.14,3593475808.610131,3741945335.52,3345652765.452188,14319.745673353047,12803.205930844517,13332.18846160972,11920.236453672242,595367993.0350038,2121.2384402857583,,,,11.41948685660318,362740.0,31765.0,69,69,1.0,1.0,11079.900254011138,4019123018.14,280670.0,22,22,0.3188405797101449,0.7737497932403374,9906.477941804407,3593475808.610131,280670.0,22,22,0.3188405797101449,0.7737497932403374,10315.778065611732,3741945335.52,280670.0,22,22,0.3188405797101449,0.7737497932403374,9223.28049140483,3345652765.452188,280670.0,22,22,0.3188405797101449,0.7737497932403374,1641.3078045845614,595367993.0350038,280670.0,22,22,0.3188405797101449,0.7737497932403374,,,,0,0,0.0,,,,,0,0,0.0,
AT,2017,363616.25019841,24167.562700000002,47659.248,15.045631812860051,3983896070.9400005,3530852399.5533133,3811716225.54,3378252630.518209,14511.049090518465,12860.870762927263,13883.89663862035,12305.037302355162,634355301.1672323,2310.592633983139,2035504.4269748563,7.414175505042849,0.000602531737439251,15.045631812860051,363616.25019841,24167.562700000002,70,70,1.0,1.0,10956.32021056858,3983896070.9400005,274542.25025970605,22,22,0.3142857142857143,0.7550329505623029,9710.381198933426,3530852399.5533133,274542.25025970605,22,22,0.3142857142857143,0.7550329505623029,10482.799444359562,3811716225.54,274542.25025970605,22,22,0.3142857142857143,0.7550329505623029,9290.708621176416,3378252630.518209,274542.25025970605,22,22,0.3142857142857143,0.7550329505623029,1744.5735739838124,634355301.1672323,274542.25025970605,22,22,0.3142857142857143,0.7550329505623029,5.5979468075592544,2035504.4269748563,274542.25025970605,22,22,0.3142857142857143,0.7550329505623029,0.000602531737439251,2035504.4269748563,3378252630.518209,22,22,0.3142857142857143,1.0
AT,2018,357628.380952383,24910.1488,49048.42360000001,14.356734029319929,4177365546.2099996,3701074295.165191,4013778356.619999,3556138848.239995,15465.023990079215,13701.74626343745,14859.40789460146,13165.180780020612,663889013.9365106,2457.783359800334,,,,14.356734029319929,357628.380952383,24910.1488,70,70,1.0,1.0,11680.743947349642,4177365546.2099996,270116.978084856,22,22,0.3142857142857143,0.7553007324684927,10348.938988871738,3701074295.165191,270116.978084856,22,22,0.3142857142857143,0.7553007324684927,11223.321666840586,4013778356.619999,270116.978084856,22,22,0.3142857142857143,0.7553007324684927,9943.67068622969,3556138848.239995,270116.978084856,22,22,0.3142857142857143,0.7553007324684927,1856.365571906065,663889013.9365106,270116.978084856,22,22,0.3142857142857143,0.7553007324684927,,,,0,0,0.0,,,,,0,0,0.0,
AT,2019,357818.26190475497,22500.688446,47096.83534600001,15.902547282652819,4329073201.130001,3813388653.515147,4201726005.1899996,3701211212.8731627,16323.923206709243,14379.39730865925,15843.726695693511,13956.402399243778,688366424.6628437,2595.6688954439846,2150187.186737489,8.107853317701137,0.000580941498085528,15.902547282652819,357818.26190475497,22500.688446,72,72,1.0,1.0,12098.52503917848,4329073201.130001,265198.086655463,22,22,0.3055555555555556,0.7411530234475683,10657.33379066663,3813388653.515147,265198.086655463,22,22,0.3055555555555556,0.7411530234475683,11742.625943190194,4201726005.1899996,265198.086655463,22,22,0.3055555555555556,0.7411530234475683,10343.829834650422,3701211212.8731627,265198.086655463,22,22,0.3055555555555556,0.7411530234475683,1923.7878497271192,688366424.6628437,265198.086655463,22,22,0.3055555555555556,0.7411530234475683,6.009160000083594,2150187.186737489,265198.086655463,22,22,0.3055555555555556,0.7411530234475683,0.000580941498085528,2150187.186737489,3701211212.8731627,22,22,0.3055555555555556,1.0
AT,2020,372918.84999998996,23464.2828,49172.65580000001,15.893042765406406,4429607399.85,3882725511.548407,4283403575.2400002,3754572095.577859,16312.654096884427,14298.684399250056,15774.237889031503,13826.741367429113,664935241.1710566,2448.7178223558094,,,,15.893042765406406,372918.84999998996,23464.2828,73,73,1.0,1.0,11878.20728249623,4429607399.85,271544.2486269611,22,22,0.3013698630136986,0.7281590850850483,10411.716950077776,3882725511.548407,271544.2486269611,22,22,0.3013698630136986,0.7281590850850483,11486.154629191084,4283403575.2400002,271544.2486269611,22,22,0.3013698630136986,0.7281590850850483,10068.067343814773,3754572095.577859,271544.2486269611,22,22,0.3013698630136986,0.7281590850850483,1783.0561291580582,664935241.1710566,271544.2486269611,22,22,0.3013698630136986,0.7281590850850483,,,,0,0,0.0,,,,,0,0,0.0,
AT,2021,374179.787698408,24153.603666666666,50596.263166666664,15.491675398102073,4731879373.9,4190136611.4107094,4496352412.799999,3981574629.0146914,17751.00297571487,15718.728560170437,16867.455561043276,14936.336601796955,758677584.1192256,2846.0759434382726,2409215.524798767,9.037844917545687,0.0006050911383758161,15.491675398102073,374179.787698408,24153.603666666666,73,73,1.0,1.0,12646.004753506177,4731879373.9,266569.69075909,22,22,0.3013698630136986,0.7124107167807454,11198.190680432996,4190136611.4107094,266569.69075909,22,22,0.3013698630136986,0.7124107167807454,12016.556106510212,4496352412.799999,266569.69075909,22,22,0.3013698630136986,0.7124107167807454,10640.806264564651,3981574629.0146914,266569.69075909,22,22,0.3013698630136986,0.7124107167807454,2027.575002877296,758677584.1192256,266569.69075909,22,22,0.3013698630136986,0.7124107167807454,6.43865757586194,2409215.524798767,266569.69075909,22,22,0.3013698630136986,0.7124107167807454,0.0006050911383758161,2409215.524798767,3981574629.0146914,22,22,0.3013698630136986,1.0
AT,2022,372900.51428570005,23825.4962,50870.15640000001,15.651322060847573,4886550764.299999,4387436040.349806,4712638863.12,4231287587.2001147,18636.08943671671,16732.589998488646,17972.832693703178,16137.078628881605,791877370.1695158,3020.023367240132,,,,15.651322060847573,372900.51428570005,23825.4962,74,74,1.0,1.0,13104.167404167585,4886550764.299999,262209.020883563,22,22,0.2972972972972973,0.7031607917887448,11765.701232013707,4387436040.349806,262209.020883563,22,22,0.2972972972972973,0.7031607917887448,12637.791267590965,4712638863.12,262209.020883563,22,22,0.2972972972972973,0.7031607917887448,11346.960985841622,4231287587.2001147,262209.020883563,22,22,0.2972972972972973,0.7031607917887448,2123.562022129082,791877370.1695158,262209.020883563,22,22,0.2972972972972973,0.7031607917887448,,,,0,0,0.0,,,,,0,0,0.0,
AT,2023,380064.1666666621,23552.238299999997,51692.7867,16.13707206192212,5342004968.299999,4735400202.375676,5235187395.0599985,4640712166.52779,20384.608857483847,18069.859815161642,19977.00263799806,17708.538815706113,854993884.0705609,3262.5795007198694,2813282.5104157436,10.735232168583149,0.0006062178410260378,16.13707206192212,380064.1666666621,23552.238299999997,76,76,1.0,1.0,14055.534398709156,5342004968.299999,262060.704997966,22,22,0.2894736842105263,0.6895170026060577,12459.47557726191,4735400202.375676,262060.704997966,22,22,0.2894736842105263,0.6895170026060577,13774.48298000573,5235187395.0599985,262060.704997966,22,22,0.2894736842105263,0.6895170026060577,12210.338604738707,4640712166.52779,262060.704997966,22,22,0.2894736842105263,0.6895170026060577,2249.6040381003327,854993884.0705609,262060.704997966,22,22,0.2894736842105263,0.6895170026060577,7.402125107161583,2813282.5104157436,262060.704997966,22,22,0.2894736842105263,0.6895170026060577,0.0006062178410260378,2813282.5104157436,4640712166.52779,22,22,0.2894736842105263,1.0
BE,2014,245180.0,23425.0,33240.0,10.387833511205976,2980523927.86,2669643896.152985,2658103935.39,2380853540.588473,12248.644575831673,10971.06415498381,10923.639983520663,9784.26260335945,777726870.6704288,3196.115933467971,,,,10.466595517609392,243335.0,23425.0,22,22,0.3384615384615385,1.0,12156.472501264378,2980523927.86,243335.0,22,22,0.3384615384615385,0.9924749163879598,10888.5059799045,2669643896.152985,243335.0,22,22,0.3384615384615385,0.9924749163879598,10841.438679296843,2658103935.3900003,243335.0,22,22,0.3384615384615385,0.9924749163879598,9710.635209187018,2380853540.588472,243335.0,22,22,0.3384615384615385,0.9924749163879598,3172.064893834851,777726870.6704288,243335.0,22,22,0.3384615384615385,0.9924749163879598,,,,0,0,0.0,,,,,0,0,0.0,
BE,2015,249010.0,23380.0,33305.0,10.571856287425149,3071408124.45,2760543339.040634,2744734580.0699997,2466933229.136894,12426.298193348708,11168.601930010254,11104.642877655057,9980.714605886209,882455028.1410377,3570.235174742234,,,,10.650556030795551,247170.0,23380.0,21,21,0.328125,1.0,12334.477026826231,3071408124.4500003,247170.0,21,21,0.328125,0.9926107385245573,11086.074210034272,2760543339.0406346,247170.0,21,21,0.328125,0.9926107385245573,11022.587767840647,2744734580.07,247170.0,21,21,0.328125,0.9926107385245573,9906.964495951544,2466933229.136894,247170.0,21,21,0.328125,0.9926107385245573,3543.8537735072396,882455028.141038,247170.0,21,21,0.328125,0.9926107385245573,,,,0,0,0.0,,,,,0,0,0.0,
BE,2016,242920.0,23570.0,33755.0,10.306321595248196,3119534017.04,2774571537.7513714,2788881367.77,2480482925.6268177,12931.514983480838,11501.529785277307,11560.848831098307,10282.433832681068,863945935.3125862,3581.345722273244,,,,10.306321595248196,242920.0,23570.0,22,22,0.3492063492063492,1.0,12841.816305944343,3119534017.04,241235.0,21,21,0.3333333333333333,0.9930635600197596,11421.750114240784,2774571537.7513714,241235.0,21,21,0.3333333333333333,0.9930635600197596,11480.65769706076,2788881367.77,241235.0,21,21,0.3333333333333333,0.9930635600197596,10211.110347549884,2480482925.6268177,241235.0,21,21,0.3333333333333333,0.9930635600197596,3556.5039326222054,863945935.3125861,241235.0,21,21,0.3333333333333333,0.9930635600197596,,,,0,0,0.0,,,,,0,0,0.0,
BE,2017,451413.0,26123.9963,43270.3842,13.426850776272698,3193176466.99,2827771795.566852,2879254294.2500005,2549772669.851756,12699.606930468228,11246.353173401307,11451.104618814106,10140.720691109002,864581901.6046474,3438.535396675327,0.0,0.0,,17.27963037569409,350763.0,26123.996299999995,27,27,0.18120805369127516,0.9999999999999999,7073.736172839505,3193176466.9900007,251439.0,21,21,0.14093959731543623,0.5570043397066544,6264.267523458235,2827771795.566851,251439.0,21,21,0.14093959731543623,0.5570043397066544,6378.314967114373,2879254294.25,251439.0,21,21,0.14093959731543623,0.5570043397066544,5648.4254327007775,2549772669.851756,251439.0,21,21,0.14093959731543623,0.5570043397066544,1915.2791381830993,864581901.6046475,251439.0,21,21,0.14093959731543623,0.5570043397066544,0.0,0.0,98917.0,35,35,0.2348993288590604,0.219127495220563,0.0,,,0,0,0.0,
BE,2018,456054.0,26585.215299999996,44238.2001,13.3643077925346,3365909717.3999996,2978233113.071485,3033892718.6099997,2684456956.5729055,13287.709594567921,11757.266247173366,11976.995454620821,10597.516705115884,942593871.9838611,3721.108017780037,0.0,0.0,,17.154421916605656,355293.0,26585.215299999996,27,27,0.18120805369127516,1.0,7380.506951808337,3365909717.4,253310.0,21,21,0.14093959731543623,0.5554386103400036,6530.439625727403,2978233113.071485,253310.0,21,21,0.14093959731543623,0.5554386103400036,6652.485711363127,3033892718.61,253310.0,21,21,0.14093959731543623,0.5554386103400036,5886.269951744543,2684456956.5729046,253310.0,21,21,0.14093959731543623,0.5554386103400036,2066.847066320789,942593871.9838611,253310.0,21,21,0.14093959731543623,0.5554386103400036,0.0,0.0,99123.0,35,35,0.2348993288590604,0.21734926127169152,0.0,,,0,0,0.0,
BE,2019,474766.0,27686.967800000006,45992.6867,13.475328995759513,3545083564.0088205,3133415443.095,3209565078.8500004,2836858596.448585,13259.489246821988,11719.748666957159,12004.56713687809,10610.552720463587,1034963958.4312963,3871.0211564519127,0.0,0.0,,17.14763434658236,373091.0,27686.967800000002,27,27,0.18120805369127516,0.9999999999999999,7467.012305027783,3545083564.0088205,267362.0,21,21,0.14093959731543623,0.5631447913287809,6599.9154174793475,3133415443.095,267362.0,21,21,0.14093959731543623,0.5631447913287809,6760.309455289554,3209565078.85,267362.0,21,21,0.14093959731543623,0.5631447913287809,5975.277497648494,2836858596.4485855,267362.0,21,21,0.14093959731543623,0.5631447913287809,2179.945401379409,1034963958.4312962,267362.0,21,21,0.14093959731543623,0.5631447913287809,0.0,0.0,100002.0,35,35,0.2348993288590604,0.21063429141935186,0.0,,,0,0,0.0,
BE,2020,500402.0,15228.060000000001,38406.21,18.540772757659216,3840304324.36,3425570503.5011196,3272461000.0,2919051441.9260173,13601.701226747893,12132.784952543458,11590.49727279167,10338.781050952814,1167333437.9298348,4134.495423708419,0.0,0.0,,32.86052195749163,282340.0,15228.060000000001,21,21,0.14093959731543623,1.0,7674.438400246202,3840304324.36,282340.0,21,21,0.14093959731543623,0.564226362004948,6845.63711476197,3425570503.5011196,282340.0,21,21,0.14093959731543623,0.564226362004948,6539.664110055515,3272461000.0,282340.0,21,21,0.14093959731543623,0.564226362004948,5833.412819944799,2919051441.9260173,282340.0,21,21,0.14093959731543623,0.564226362004948,2332.791311645107,1167333437.929835,282340.0,21,21,0.14093959731543623,0.564226362004948,0.0,0.0,102767.0,35,35,0.2348993288590604,0.20536888341773216,0.0,,,0,0,0.0,
BE,2021,512080.0,15403.21,39383.91,18.852174319508727,4005291653.4,3548871313.739911,3562933699.9300003,3156921965.896103,13793.08657983911,12221.304595776319,12269.731458792498,10871.542391785024,842574018.2791221,2901.585549751785,0.0,0.0,,33.24501840850057,290384.0,15403.21,21,21,0.14189189189189189,1.0,7821.613133494767,4005291653.4,290384.0,21,21,0.14189189189189189,0.5670676456803625,6930.306424269472,3548871313.7399106,290384.0,21,21,0.14189189189189189,0.5670676456803625,6957.76773146774,3562933699.930001,290384.0,21,21,0.14189189189189189,0.5670676456803625,6164.899949023791,3156921965.8961024,290384.0,21,21,0.14189189189189189,0.5670676456803625,1645.3952864379044,842574018.2791224,290384.0,21,21,0.14189189189189189,0.5670676456803625,0.0,0.0,103590.0,35,35,0.23648648648648649,0.20229261052960476,0.0,,,0,0,0.0,
BE,2022,395960.0,15665.0,40185.0,18.695180338333866,4449898953.02,3934655778.787745,4213674538.56,3725783225.2177377,15194.628672471486,13435.278900456686,14388.016590043024,12722.062505011741,988715652.5664265,3376.0692910142275,0.0,0.0,,25.276731567187998,292860.0,15665.0,21,21,0.14583333333333334,1.0,11238.253745378322,4449898953.0199995,292860.0,21,21,0.14583333333333334,0.7396201636528942,9937.00317907805,3934655778.787745,292860.0,21,21,0.14583333333333334,0.7396201636528942,10641.667184968179,4213674538.56,292860.0,21,21,0.14583333333333334,0.7396201636528942,9409.493951959132,3725783225.2177386,292860.0,21,21,0.14583333333333334,0.7396201636528942,2497.008921523453,988715652.5664266,292860.0,21,21,0.14583333333333334,0.7396201636528942,0.0,0.0,101270.0,35,35,0.24305555555555555,0.2557581573896353,0.0,,,0,0,0.0,
BE,2023,399445.0,15745.0,40505.0,18.905366783105748,4848964913.111165,4305483705.025763,4312974681.379999,3829568277.6875057,16290.006930983367,14464.191977645214,14489.357772596715,12865.363000982668,1033655774.17579,3472.547239936808,0.0,0.0,,25.369641155922515,297665.0,15745.0,21,21,0.14685314685314685,1.0,12139.255499783863,4848964913.111164,297665.0,21,21,0.14685314685314685,0.7451964600883726,10778.664659779852,4305483705.025763,297665.0,21,21,0.14685314685314685,0.7451964600883726,10797.418121093015,4312974681.380001,297665.0,21,21,0.14685314685314685,0.7451964600883726,9587.222966084206,3829568277.687506,297665.0,21,21,0.14685314685314685,0.7451964600883726,2587.729910690558,1033655774.17579,297665.0,21,21,0.14685314685314685,0.7451964600883726,0.0,0.0,99855.0,35,35,0.24475524475524477,0.24998435329019014,0.0,,,0,0,0.0,
BG,2014,278375.0,18110.0,28705.0,15.333793484262838,,,,,,,,,,,0.0,0.0,,15.371341800110436,277695.0,18110.0,51,51,0.9807692307692307,1.0,,,,0,0,0.0,,,,,0,0,0.0,,,,,0,0,0.0,,,,,0,0,0.0,,,,,0,0,0.0,,0.0,0.0,16805.0,11,11,0.21153846153846154,0.06036820835204311,,,,0,0,0.0,
BG,2015,266115.0,17710.0,28090.0,14.988706945228685,,,,,,,,,,,0.0,0.0,,15.026256352343308,265450.0,17710.0,51,51,0.9807692307692307,1.0,,,,0,0,0.0,,,,,0,0,0.0,,,,,0,0,0.0,,,,,0,0,0.0,,,,,0,0,0.0,,0.0,0.0,14930.0,11,11,0.21153846153846154,0.05610356424853916,,,,0,0,0.0,
BG,2016,249290.0,17255.0,27715.0,14.411764705882353,,,,,,,,,,,0.0,0.0,,14.447406548826427,248675.0,17255.0,51,51,0.9807692307692307,1.0,,,,0,0,0.0,,,,,0,0,0.0,,,,,0,0,0.0,,,,,0,0,0.0,,,,,0,0,0.0,,0.0,0.0,11980.0,10,10,0.19230769230769232,0.04805648040434835,,,,0,0,0.0,
BG,2017,235716.0,,,,,,,,,,,,,,0.0,0.0,,,,,0,0,0.0,,,,,0,0,0.0,,,,,0,0,0.0,,,,,0,0,0.0,,,,,0,0,0.0,,,,,0,0,0.0,,0.0,0.0,6504.0,9,9,0.17307692307692307,0.027592526599806547,,,,0,0,0.0,
BG,2018,228952.0,,,,,,,,,,,,,,0.0,0.0,,,,,0,0,0.0,,,,,0,0,0.0,,,,,0,0,0.0,,,,,0,0,0.0,,,,,0,0,0.0,,,,,0,0,0.0,,0.0,0.0,5947.0,9,9,0.17307692307692307,0.02597487683007792,,,,0,0,0.0,
BG,2019,226162.0,,,,,,,,,,,,,,0.0,0.0,,,,,0,0,0.0,,,,,0,0,0.0,,,,,0,0,0.0,,,,,0,0,0.0,,,,,0,0,0.0,,,,,0,0,0.0,,0.0,0.0,6305.0,9,9,0.17307692307692307,0.02787824656662039,,,,0,0,0.0,
BG,2020,225871.0,,,,,,,,,,,,,,0.0,0.0,,,,,0,0,0.0,,,,,0,0,0.0,,,,,0,0,0.0,,,,,0,0,0.0,,,,,0,0,0.0,,,,,0,0,0.0,,0.0,0.0,5630.0,8,8,0.15384615384615385,0.02492573194433991,,,,0,0,0.0,
BG,2021,226561.0,,,,,,,,,,,,,,0.0,0.0,,,,,0,0,0.0,,,,,0,0,0.0,,,,,0,0,0.0,,,,,0,0,0.0,,,,,0,0,0.0,,,,,0,0,0.0,,0.0,0.0,2653.0,6,6,0.11538461538461539,0.011709870630867624,,,,0,0,0.0,
BG,2022,221095.0,,,,,,,,,,,,,,,,,,,,0,0,0.0,,,,,0,0,0.0,,,,,0,0,0.0,,,,,0,0,0.0,,,,,0,0,0.0,,,,,0,0,0.0,,,,,0,0,0.0,,,,,0,0,0.0,
BG,2023,195516.0,,,,,,,,,,,,,,0.0,0.0,,,,,0,0,0.0,,,,,0,0,0.0,,,,,0,0,0.0,,,,,0,0,0.0,,,,,0,0,0.0,,,,,0,0,0.0,,0.0,0.0,1023.0,4,4,0.07692307692307693,0.0052323083532805495,,,,0,0,0.0,
CH,2014,233295.0,38130.0,56060.0,6.118410700236034,8633546435.86366,5863873030.101382,8611161360.118559,5848669168.870821,37556.7532445783,25508.408865936064,37459.37602278823,25442.27061454159,1191782171.7954023,5184.366503373074,2506742414.2616687,10904.569402565117,0.42860048019191277,6.118410700236034,233295.0,38130.0,35,35,1.0,1.0,37006.993016839886,8633546435.863659,229880.0,32,32,0.9142857142857143,0.9853618808804303,25135.013738405803,5863873030.101382,229880.0,32,32,0.9142857142857143,0.9853618808804303,36911.04121442191,8611161360.118559,229880.0,32,32,0.9142857142857143,0.9853618808804303,25069.843626613605,5848669168.870821,229880.0,32,32,0.9142857142857143,0.9853618808804303,5108.477128937192,1191782171.7954023,229880.0,32,32,0.9142857142857143,0.9853618808804303,10744.947016702752,2506742414.261669,229880.0,32,32,0.9142857142857143,0.9853618808804303,0.42860048019191266,2506742414.261669,5848669168.870821,32,32,0.9142857142857143,1.0
CH,2015,238605.0,39630.0,58140.0,6.020817562452687,10066471561.932764,6254755064.0243435,10084830364.380184,6266162220.133706,42638.28015558797,26493.09612446247,42716.04203642758,26541.41310573809,1275705380.5315676,5403.470627860425,2688152123.312726,11386.132929445239,0.42899497792691477,6.020817562452687,238605.0,39630.0,35,35,1.0,1.0,42188.85422322568,10066471561.932764,236090.0,33,33,0.9428571428571428,0.9894595670669097,26213.847421572656,6254755064.024344,236090.0,33,33,0.9428571428571428,0.9894595670669097,42265.79646017554,10084830364.380186,236090.0,33,33,0.9428571428571428,0.9894595670669097,26261.655120947617,6266162220.133706,236090.0,33,33,0.9428571428571428,0.9894595670669097,5346.515708101539,1275705380.5315678,236090.0,33,33,0.9428571428571428,0.9894595670669097,11266.118158935169,2688152123.3127265,236090.0,33,33,0.9428571428571428,0.9894595670669097,0.4289949779269147,2688152123.3127265,6266162220.133706,33,33,0.9428571428571428,1.0
CH,2016,244035.0,40360.0,59275.0,6.046456888007929,10024664302.7039,6316108594.252964,10034010230.383415,6321997060.176153,41523.752392941344,26162.32538419752,41562.46471039439,26186.71634568864,1284345395.8786817,5319.962703498804,2695398666.137304,11164.769555700866,0.4263524073929577,6.046456888007929,244035.0,40360.0,35,35,1.0,1.0,41078.797314745425,10024664302.7039,241420.0,33,33,0.9428571428571428,0.9892843239699224,25881.97838118698,6316108594.252965,241420.0,33,33,0.9428571428571428,0.9892843239699224,41117.09480354627,10034010230.383415,241420.0,33,33,0.9428571428571428,0.9892843239699224,25906.107977036707,6321997060.176151,241420.0,33,33,0.9428571428571428,0.9892843239699224,5262.955706676016,1284345395.8786814,241420.0,33,33,0.9428571428571428,0.9892843239699224,11045.131502191505,2695398666.1373034,241420.0,33,33,0.9428571428571428,0.9892843239699224,0.42635240739295766,2695398666.1373034,6321997060.176151,33,33,0.9428571428571428,0.9999999999999997
CH,2017,247828.0,41088.98,60532.05,6.031495549414952,9965849030.66295,6407140054.123076,9955647672.543852,6400581503.014162,40664.15465614051,26143.375568180923,40622.5295419148,26116.61438247638,1344625239.2718472,5486.541940989351,2814401361.3570676,11483.743318863326,0.4397102607054857,6.031495549414952,247828.0,41088.98,36,36,1.0,1.0,40212.764621685004,9965849030.662949,245077.0,34,34,0.9444444444444444,0.9888995593718224,25853.172579866183,6407140054.123076,245077.0,34,34,0.9444444444444444,0.9888995593718224,40171.60156456838,9955647672.543854,245077.0,34,34,0.9444444444444444,0.9888995593718224,25826.708455114684,6400581503.014163,245077.0,34,34,0.9444444444444444,0.9888995593718224,5425.638907919392,1344625239.2718472,245077.0,34,34,0.9444444444444444,0.9888995593718224,11356.268707963054,2814401361.357067,245077.0,34,34,0.9444444444444444,0.9888995593718224,0.43971026070548586,2814401361.357067,6400581503.014163,34,34,0.9444444444444444,1.0
CH,2018,252449.0,41919.91,61798.62,6.022174188828172,9860509557.23636,6551400168.321262,9869738540.259737,6557531977.2893305,39548.50279847896,26276.336571335083,39585.51837650852,26300.930012751658,1385638261.701264,5557.513874154279,2880310600.2607574,11552.341303832953,0.43923698889096136,6.022174188828172,252449.0,41919.91,36,36,1.0,1.0,39059.41222677199,9860509557.236364,249327.0,34,34,0.9444444444444444,0.987633145704677,25951.380945542514,6551400168.321262,249327.0,34,34,0.9444444444444444,0.987633145704677,39095.970038541396,9869738540.259739,249327.0,34,34,0.9444444444444444,0.987633145704677,25975.670243452463,6557531977.289332,249327.0,34,34,0.9444444444444444,0.987633145704677,5488.784909828377,1385638261.701264,249327.0,34,34,0.9444444444444444,0.987633145704677,11409.475182158603,2880310600.2607584,249327.0,34,34,0.9444444444444444,0.987633145704677,0.43923698889096136,2880310600.2607584,6557531977.289332,34,34,0.9444444444444444,1.0
CH,2019,257996.0,42828.0,63216.380000000005,6.024002988698982,10472889907.815535,6682791006.346621,10481007529.051382,6687970891.427566,41094.974642786365,26222.860105109048,41126.82768829561,26243.185654974237,1416676460.2893436,5558.951132406802,2993095705.024981,11744.723107386351,0.4475342003748013,6.024002988698982,257996.0,42828.0,36,36,1.0,1.0,40593.225894260126,10472889907.815535,254846.0,34,34,0.9444444444444444,0.9877905083799748,25902.69231440263,6682791006.346621,254846.0,34,34,0.9444444444444444,0.9877905083799748,40624.69003027715,10481007529.051384,254846.0,34,34,0.9444444444444444,0.9877905083799748,25922.76969963707,6687970891.427565,254846.0,34,34,0.9444444444444444,0.9877905083799748,5491.079165139551,1416676460.2893438,254846.0,34,34,0.9444444444444444,0.9877905083799748,11601.326009027198,2993095705.024982,254846.0,34,34,0.9444444444444444,0.9877905083799748,0.44753420037480107,2993095705.024982,6687970891.427565,34,34,0.9444444444444444,0.9999999999999999
CH,2020,270398.0,27640.960000000003,64756.46,9.782511171826158,10968301851.289118,6789544763.267914,10964379643.624475,6787116857.392331,41085.3218085177,25432.435696453133,41070.62991124074,25423.341189794617,1420512330.1347897,5320.98833601081,3060738793.427453,11464.987014831411,0.4509630315402313,9.782511171826158,270398.0,27640.960000000003,37,37,1.0,1.0,40563.54651768548,10968301851.28912,266964.0,35,35,0.9459459459459459,0.9873002019245705,25109.448898541832,6789544763.267914,266964.0,35,35,0.9459459459459459,0.9873002019245705,40549.041204537294,10964379643.624474,266964.0,35,35,0.9459459459459459,0.9873002019245705,25100.469890281478,6787116857.39233,266964.0,35,35,0.9459459459459459,0.9873002019245705,5253.412858581756,1420512330.1347897,266964.0,35,35,0.9459459459459459,0.9873002019245705,11319.38399480563,3060738793.427453,266964.0,35,35,0.9459459459459459,0.9873002019245705,0.45096303154023126,3060738793.427453,6787116857.39233,35,35,0.9459459459459459,0.9999999999999999
CH,2021,276529.0,28569.0,66950.55,9.679337743708215,11204300713.690683,7311945853.900156,11188631846.637686,7301720324.399372,41016.90460893563,26767.702265314696,40959.5437399563,26730.2684638819,1594275438.5807376,5836.352062983412,3297756512.5461783,12072.486070756942,0.4516410333502396,9.679337743708215,276529.0,28569.0,37,37,1.0,1.0,40517.63364309235,11204300713.690683,273163.0,35,35,0.9459459459459459,0.9878276781097101,26441.877177077833,7311945853.900158,273163.0,35,35,0.9459459459459459,0.9878276781097101,40460.97098907415,11188631846.637684,273163.0,35,35,0.9459459459459459,0.9878276781097101,26404.899031925666,7301720324.399372,273163.0,35,35,0.9459459459459459,0.9878276781097101,5765.310107007719,1594275438.5807378,273163.0,35,35,0.9459459459459459,0.9878276781097101,11925.535884287645,3297756512.546179,273163.0,35,35,0.9459459459459459,0.9878276781097101,0.4516410333502395,3297756512.546179,7301720324.399372,35,35,0.9459459459459459,1.0
CH,2022,274838.0,29079.309999999994,67901.37,9.451324670358412,12504039298.478155,8124431406.053805,12514529440.888826,8131247318.929704,46043.013475117754,29916.197140561853,46081.64081439916,29941.295043799284,1786431735.987454,6578.090369762287,3653252864.996249,13452.194676923882,0.44928566574176204,9.451324670358412,274838.0,29079.309999999994,38,38,1.0,1.0,45496.03511333278,12504039298.478153,271573.0,35,35,0.9210526315789473,0.9881202744889717,29560.800930198173,8124431406.053804,271573.0,35,35,0.9210526315789473,0.9881202744889717,45534.20357042631,12514529440.888823,271573.0,35,35,0.9210526315789473,0.9881202744889717,29585.600677234237,8131247318.929703,271573.0,35,35,0.9210526315789473,0.9881202744889717,6499.944461782774,1786431735.9874537,271573.0,35,35,0.9210526315789473,0.9881202744889717,13292.386296641109,3653252864.996249,271573.0,35,35,0.9210526315789473,0.9881202744889717,0.449285665741762,3653252864.996249,8131247318.929703,35,35,0.9210526315789473,0.9999999999999999
CH,2023,276406.0,29533.21,69099.70999999999,9.35915872334907,13331263961.392263,8515731077.655882,13366243210.372505,8538075086.331786,49086.17050540435,31355.213494124884,49214.96529819876,31437.484899358176,1864767064.7094665,6866.136201059199,3817501887.0802717,14056.172698748003,0.44711505210249725,9.35915872334907,276406.0,29533.21,43,43,1.0,1.0,48230.73291242688,13331263961.392262,271589.0,38,38,0.8837209302325582,0.9825727372054153,30808.777948582454,8515731077.655883,271589.0,38,38,0.8837209302325582,0.9825727372054153,48357.28316452069,13366243210.372503,271589.0,38,38,0.8837209302325582,0.9825727372054153,30889.615588416265,8538075086.331788,271589.0,38,38,0.8837209302325582,0.9825727372054153,6746.478241099927,1864767064.709467,271589.0,38,38,0.8837209302325582,0.9825727372054153,13811.212083240855,3817501887.0802712,271589.0,38,38,0.8837209302325582,0.9825727372054153,0.4471150521024974,3817501887.0802712,8538075086.331788,38,38,0.8837209302325582,1.0
CY,2014,35370.0,1975.0,3430.0,17.90886075949367,224452073.0,236683397.6223266,191350310.0,201777782.23008642,8185.706528081692,8631.779636116944,6960.274070021882,7339.568279573692,18622754.718334064,1322.6388294271353,45212491.1158868,1280.8071137644986,0.21456034131852503,17.90886075949367,35370.0,1975.0,22,22,0.9565217391304348,1.0,6345.831863160871,224452073.0,27420.0,19,19,0.8260869565217391,0.7752332485156913,6691.64256777853,236683397.6223266,27420.0,19,19,0.8260869565217391,0.7752332485156913,5409.960701159174,190850715.0,27420.0,19,19,0.8260869565217391,0.7752332485156913,5704.771903593057,201250962.22591063,27420.0,19,19,0.8260869565217391,0.7752332485156913,526.5127146828969,18622754.718334064,14080.0,3,3,0.13043478260869565,0.39807746677975686,1278.2722961800057,45212491.1158868,35300.0,20,20,0.8695652173913043,0.9980209216850439,0.22407071093848763,42001556.43336335,195756383.38032863,19,19,0.8260869565217391,0.9701582662709038
CY,2015,37180.0,2010.0,3610.0,18.497512437810947,233568201.0,253253329.0106704,200509983.0,217408964.3933291,8686.061770174787,9418.123057295294,7438.468166604685,8065.382264653974,28930775.227671694,2281.606879153919,58839799.79854078,1582.565890224335,0.23194476556311913,18.497512437810947,37180.0,2010.0,25,25,0.9615384615384616,1.0,6282.092549757935,233568201.0,26890.0,19,19,0.7307692307692307,0.7232383001613771,6811.547310668919,253253329.01067042,26890.0,19,19,0.7307692307692307,0.7232383001613771,5392.952743410436,200020409.0,26890.0,19,19,0.7307692307692307,0.7232383001613771,5847.470801326765,216878129.09654537,26890.0,19,19,0.7307692307692307,0.7232383001613771,778.1273595393139,28930775.227671694,12680.0,4,4,0.15384615384615385,0.3410435718128026,1582.5658902243351,58839799.79854077,37180.0,25,25,0.9615384615384616,1.0,0.2706410932167901,50426871.27753124,217408964.3933291,20,20,0.7692307692307693,1.0
CY,2016,43810.0,2040.0,3630.0,21.107843137254903,217943124.0,243269959.48163283,193764452.0,216281521.16889355,7209.49798213695,8047.3026623100495,6409.67423089646,7154.53262219297,25003898.916161582,1723.2183953247127,57222972.68637891,1306.1623530330726,0.18805823061910243,21.475490196078432,43060.0,2040.0,23,23,0.8846153846153846,1.0,4974.7346267975345,217943124.0,30230.0,17,17,0.6538461538461539,0.6900251084227346,5552.840892071053,243269959.4816328,30230.0,17,17,0.6538461538461539,0.6900251084227346,4422.8361561287375,193764452.0,30230.0,17,17,0.6538461538461539,0.6900251084227346,4936.807148342697,216281521.1688935,30230.0,17,17,0.6538461538461539,0.6900251084227346,570.7349672714354,25003898.916161582,14510.0,4,4,0.15384615384615385,0.33120292170737275,1306.1623530330726,57222972.68637891,43810.0,25,25,0.9615384615384616,1.0,0.26457633725302715,40673520.186630055,216281521.1688935,17,17,0.6538461538461539,0.9999999999999998
CY,2017,45173.0,2047.0,3723.0,21.721055202735712,235551219.0,263002352.54973066,200697023.0,224086249.36357218,7249.291201181793,8094.123428114691,6176.623365032468,6896.446907443824,24211020.47287701,1665.5902911995743,64879639.22360277,1436.2481841720225,0.20669464539092847,22.06790425012213,44463.0,2047.0,25,25,0.9615384615384616,1.0,5214.4249662408965,235551219.0,32493.0,20,20,0.7692307692307693,0.7193013525778673,5822.1139297751015,263002352.54973066,32493.0,20,20,0.7692307692307693,0.7193013525778673,4442.853540831913,200697023.0,32493.0,20,20,0.7692307692307693,0.7193013525778673,4960.623588505793,224086249.36357218,32493.0,20,20,0.7692307692307693,0.7193013525778673,535.9622002717776,24211020.47287701,14536.0,5,5,0.19230769230769232,0.3217851371394417,1436.2481841720225,64879639.22360277,45173.0,26,26,1.0,1.0,0.2895297654714092,46317427.84918672,224086249.36357218,20,20,0.7692307692307693,1.0
CY,2018,47771.0,2082.0,3869.0,22.585014409221902,239464702.0,265150933.53529853,206895990.0,229088731.80486447,7275.908543996111,8056.36040153435,6286.339025279533,6960.644500633946,18892594.16736978,1446.0462431970745,75178711.49762048,1573.731165301553,0.23380346810974922,22.9447646493756,47022.0,2082.0,25,25,0.9615384615384616,1.0,5012.763015218438,239464702.0,32912.0,19,19,0.7307692307692307,0.6889535492244249,5550.458092468203,265150933.53529853,32912.0,19,19,0.7307692307692307,0.6889535492244249,4330.995583094346,206895990.0,32912.0,19,19,0.7307692307692307,0.6889535492244249,4795.560733601233,229088731.80486444,32912.0,19,19,0.7307692307692307,0.6889535492244249,395.48249287998533,18892594.16736978,13065.0,5,5,0.19230769230769232,0.27349228611500703,1573.731165301553,75178711.49762048,47771.0,26,26,1.0,1.0,0.3281641611323641,53561740.00084151,229088731.80486444,19,19,0.7307692307692307,0.9999999999999999
CY,2019,47647.0,2158.0,3918.0,21.733086190917515,272294114.0,301132688.1456439,234481548.0,259315406.53791666,8513.980176349196,9415.692831769242,7392.463444623097,8175.3966561971265,30750023.500580046,3022.412374737571,88341382.14376162,1854.0806796600336,0.24741818917026256,22.07924003707136,46900.0,2158.0,25,25,0.9615384615384616,1.0,5714.821793607152,272294114.0,31982.0,19,19,0.7307692307692307,0.671227989170357,6320.076566114212,301132688.1456439,31982.0,19,19,0.7307692307692307,0.671227989170357,4921.2237496589505,234481548.0,31719.0,18,18,0.6923076923076923,0.6657082292694189,5442.428831572117,259315406.53791666,31719.0,18,18,0.6923076923076923,0.6657082292694189,645.3716603475569,30750023.500580046,10174.0,5,5,0.19230769230769232,0.2135286586773564,1854.0806796600336,88341382.14376162,47647.0,26,26,1.0,1.0,0.3406715525436569,64159348.309561804,259315406.53791666,18,18,0.6923076923076923,1.0
CY,2020,51247.0,1805.0,3902.0,28.39168975069252,270873212.0,299092928.9382531,233305906.0,257611840.79041657,8092.531429254302,8935.615706807275,7023.478415316997,7755.188174797296,32214216.54526202,2327.7849949607644,99180926.6062238,1935.3508811486292,0.26724569930089986,28.39168975069252,51247.0,1805.0,26,26,1.0,1.0,5285.640369192343,270873212.0,33472.0,17,17,0.6538461538461539,0.6531504283177552,5836.301226184032,299092928.9382531,33472.0,17,17,0.6538461538461539,0.6531504283177552,4552.576853279216,233305906.0,33218.0,16,16,0.6153846153846154,0.6481940406267684,5026.8667588427925,257611840.79041657,33218.0,16,16,0.6153846153846154,0.6481940406267684,628.6068754319672,32214216.54526202,13839.0,5,5,0.19230769230769232,0.2700450758093157,1935.3508811486292,99180926.6062238,51247.0,26,26,1.0,1.0,0.3850014281250128,68845656.54022695,257611840.79041657,16,16,0.6153846153846154,1.0
CY,2021,50177.0,1837.0,3740.0,27.314643440391944,304064865.0,331744280.8139966,247813733.0,270372535.90583956,9294.640368038148,10140.743437488434,7597.453338647372,8289.05928952847,29994226.2624323,2269.195510851286,98247095.67471555,4807.314952033838,0.3575532720029562,27.314643440391944,50177.0,1837.0,26,26,0.9285714285714286,1.0,6059.845447117205,304064865.0,32714.0,17,17,0.6071428571428571,0.651972019052554,6611.480973633271,331744280.8139966,32714.0,17,17,0.6071428571428571,0.651972019052554,4938.79133866114,247813733.0,32618.0,16,16,0.5714285714285714,0.6500587918767563,5388.375867545679,270372535.9058396,32618.0,16,16,0.5714285714285714,0.6500587918767563,597.7684250240608,29994226.2624323,13218.0,5,5,0.17857142857142858,0.26342746676764256,1958.0105561256262,98247095.67471555,20437.0,21,21,0.75,0.4072981644976782,0.36337675846237305,70874483.39668587,198220765.81668055,12,12,0.42857142857142855,0.733139426135032
CY,2022,50701.0,1843.0,4056.0,27.40640260444927,297046979.0,324687282.6879418,270283569.0,295433529.97307825,8691.68360838015,9500.447176028261,7908.578212780899,8644.473606421998,19490848.436555535,1501.8376049125854,103899894.08342814,5155.554710635049,0.33653381972628554,27.510037981551818,50510.0,1843.0,27,27,0.9642857142857143,1.0,5858.799215005622,297046979.0,34176.0,17,17,0.6071428571428571,0.674069544979389,6403.962105046089,324687282.68794185,34176.0,17,17,0.6071428571428571,0.674069544979389,5330.931717323129,270283569.0,34176.0,17,17,0.6071428571428571,0.674069544979389,5826.9763904672145,295433529.9730782,34176.0,17,17,0.6071428571428571,0.674069544979389,384.4272980129689,19490848.436555535,12978.0,4,4,0.14285714285714285,0.25597128261769986,2049.2671561394873,103899894.08342814,20153.0,23,23,0.8214285714285714,0.39748722904873673,0.3516861951752604,71844008.60886398,213482284.387635,13,13,0.4642857142857143,0.722606822614511
CY,2023,56503.0,2537.0,4567.0,22.271580607016162,354355357.0,391263648.19818276,311713126.0,344179966.4115698,9085.10298943698,10031.372377145492,7982.205987042586,8813.601864525102,12070319.288835108,852.3032967684726,102998998.53036818,4488.169355107768,0.3598583458944801,22.271580607016162,56503.0,2537.0,31,31,1.0,1.0,6271.443233102667,354355357.0,39004.0,18,18,0.5806451612903226,0.6902996301081359,6924.652641420505,391263648.19818276,39004.0,18,18,0.5806451612903226,0.6902996301081359,5516.753552908695,311713126.0,39051.0,19,19,0.6129032258064516,0.6911314443480877,6091.357386538233,344179966.4115698,39051.0,19,19,0.6129032258064516,0.6911314443480877,213.622626919546,12070319.288835108,14162.0,4,4,0.12903225806451613,0.250641558855282,1822.8943335817246,102998998.53036816,22949.0,26,26,0.8387096774193549,0.40615542537564375,0.29925913354062617,90908488.64209773,252622982.56868684,15,15,0.4838709677419355,0.7339851450464747
CZ,2014,356655.0,16845.0,30535.0,19.884832294449392,1843955798.5909352,2864882209.859338,1818766452.643812,2825746505.447631,5887.5646117943625,9147.27952189319,5807.137574494523,9022.32317070078,,,0.0,0.0,0.0,21.172751558325913,334960.0,16845.0,54,54,0.7605633802816901,1.0,5170.138645444295,1843955798.5909352,313195.0,26,26,0.36619718309859156,0.878145546816952,8032.6427776404025,2864882209.859338,313195.0,26,26,0.36619718309859156,0.878145546816952,5099.51200079576,1818766452.643812,313195.0,26,26,0.36619718309859156,0.878145546816952,7922.912914294292,2825746505.447631,313195.0,26,26,0.36619718309859156,0.878145546816952,,,,0,0,0.0,,0.0,0.0,14725.0,26,26,0.36619718309859156,0.041286397218600605,0.0,0.0,15691689.470922459,2,2,0.028169014084507043,0.005553112935173466
CZ,2015,335185.0,22465.0,41410.0,14.738927220120187,1832622959.7859159,2778312504.9322824,1815651597.1993108,2752583399.7454667,6172.525967618443,9357.73831233507,6115.364086221996,9271.079150372067,,,0.0,0.0,0.0,14.920320498553306,331110.0,22465.0,62,62,0.9117647058823529,1.0,5467.496933889988,1832622959.7859159,296900.0,26,26,0.38235294117647056,0.8857794949057983,8288.892715760796,2778312504.9322824,296900.0,26,26,0.38235294117647056,0.8857794949057983,5416.864111458779,1815651597.1993108,296900.0,26,26,0.38235294117647056,0.8857794949057983,8212.131807048247,2752583399.7454667,296900.0,26,26,0.38235294117647056,0.8857794949057983,,,,0,0,0.0,,0.0,0.0,15375.0,25,25,0.36764705882352944,0.04587019108850336,0.0,0.0,15526867.18129123,2,2,0.029411764705882353,0.0056408344185782016
CZ,2016,320220.0,22085.0,40620.0,14.019017432646592,1811007401.756307,2704217386.6906753,1787969657.136939,2669817157.575423,6366.362827610802,9506.327269402827,6285.376609203027,9385.397702970216,,,0.0,0.0,0.0,14.499434004980756,309610.0,22085.0,58,58,0.8656716417910447,1.0,5655.509967385881,1811007401.756307,284465.0,26,26,0.3880597014925373,0.8883423896071451,8444.873482888874,2704217386.6906753,284465.0,26,26,0.3880597014925373,0.8883423896071451,5583.566476600272,1787969657.136939,284465.0,26,26,0.3880597014925373,0.8883423896071451,8337.446622869973,2669817157.575423,284465.0,26,26,0.3880597014925373,0.8883423896071451,,,,0,0,0.0,,0.0,0.0,14930.0,24,24,0.3582089552238806,0.046624195865342576,0.0,0.0,16847326.64626669,2,2,0.029850746268656716,0.006310292297906454
CZ,2017,307233.0,22424.406000000003,41400.039,13.41507106141407,1942990290.4444275,2827733960.575153,1919526479.5662081,2793585866.685463,7113.53258564995,10352.69078339003,7027.628613773919,10227.670303454137,,,0.0,0.0,0.0,13.70083113907231,300825.0,22424.406,62,62,0.9253731343283582,0.9999999999999999,6324.158832040918,1942990290.4444275,273140.0,26,26,0.3880597014925373,0.8890321026712625,9203.87445546264,2827733960.575153,273140.0,26,26,0.3880597014925373,0.8890321026712625,6247.787443296157,1919526479.5662081,273140.0,26,26,0.3880597014925373,0.8890321026712625,9092.72723530826,2793585866.685463,273140.0,26,26,0.3880597014925373,0.8890321026712625,,,,0,0,0.0,,0.0,0.0,15588.0,23,23,0.34328358208955223,0.05073673726455166,0.0,0.0,17567025.556827042,2,2,0.029850746268656716,0.006288342794943328
CZ,2018,297480.0,23267.84,43019.187,12.530986976014965,2276607740.476469,3200491063.6665115,2241005149.53016,3150440379.86132,8594.442814557082,12082.203243069887,8460.039146108655,11893.256446419196,,,0.0,0.0,0.0,12.78502860600726,291569.0,23267.839999999997,60,60,0.9230769230769231,0.9999999999999999,7652.977479079162,2276607740.476469,264893.0,26,26,0.4,0.8904565012773968,10758.676427546428,3200491063.6665115,264893.0,26,26,0.4,0.8904565012773968,7533.296858713728,2241005149.53016,264893.0,26,26,0.4,0.8904565012773968,10590.427524073282,3150440379.86132,264893.0,26,26,0.4,0.8904565012773968,,,,0,0,0.0,,0.0,0.0,25435.0,34,34,0.5230769230769231,0.08550154632244185,0.0,0.0,20862827.856496833,2,2,0.03076923076923077,0.00662219415096984
CZ,2019,296655.0,24147.717,45514.827000000005,12.042256417035203,,,2408514718.7549667,3323919939.2726,,,9101.648825333177,12560.916391833696,,,0.0,0.0,0.0,12.285012285012284,290793.0,24147.716999999997,59,59,0.9516129032258065,0.9999999999999999,,,,0,0,0.0,,,,,0,0,0.0,,8118.908222531111,2408514718.7549667,264624.0,26,26,0.41935483870967744,0.8920260909136876,11204.665147301073,3323919939.2726,264624.0,26,26,0.41935483870967744,0.8920260909136876,,,,0,0,0.0,,0.0,0.0,25833.0,31,31,0.5,0.08708095262173232,0.0,0.0,22169780.38224779,2,2,0.03225806451612903,0.006669769665721666
CZ,2020,307726.0,24234.294,45763.185000000005,12.258413634826745,,,2303730933.8559813,3204302981.900966,,,8340.323999536527,11600.714592568736,,,0.0,0.0,0.0,12.697956045263789,297074.0,24234.294,54,54,0.9,1.0,,,,0,0,0.0,,,,,0,0,0.0,,7486.305784548531,2303730933.8559813,276216.0,26,26,0.43333333333333335,0.8976037123934929,10412.844484707064,3204302981.900966,276216.0,26,26,0.43333333333333335,0.8976037123934929,,,,0,0,0.0,,0.0,0.0,26015.0,30,30,0.5,0.08453949292552465,0.0,0.0,22910153.629375704,2,2,0.03333333333333333,0.007149808791110059
CZ,2021,312471.0,24654.844,46084.996999999996,12.387018145399743,,,2471537441.49766,3217873174.4967804,,,8817.97548735447,11480.75942435808,,,0.0,0.0,0.0,12.673817769846769,305400.0,24654.844,57,57,0.95,1.0,,,,0,0,0.0,,,,,0,0,0.0,,7909.653828667813,2471537441.49766,280284.0,26,26,0.43333333333333335,0.896992040861392,10298.149826693614,3217873174.4967804,280284.0,26,26,0.43333333333333335,0.896992040861392,,,,0,0,0.0,,0.0,0.0,26784.0,31,31,0.5166666666666667,0.08571675451481897,0.0,0.0,23266965.24688725,2,2,0.03333333333333333,0.007230541412038652
CZ,2022,312887.0,24909.545000000002,46396.90499999999,12.011580299840885,,,2842998453.1466255,3455649730.0934653,,,10145.413339804178,12331.696779707254,,,0.0,0.0,0.0,12.560927949506905,299203.0,24909.545,50,50,0.8928571428571429,0.9999999999999999,,,,0,0,0.0,,,,,0,0,0.0,,9086.342523488114,2842998453.1466255,280225.0,26,26,0.4642857142857143,0.895610875491791,11044.401749172914,3455649730.0934653,280225.0,26,26,0.4642857142857143,0.895610875491791,,,,0,0,0.0,,0.0,0.0,24429.0,26,26,0.4642857142857143,0.07807611054470144,0.0,0.0,26006570.77686572,2,2,0.03571428571428571,0.00752581216504322
CZ,2023,317397.0,24819.108,46422.624,12.47566995558422,,,2989653.1411431422,3564300.884076686,,,10.526095214623965,12.549338905922006,,,,,,12.788412863185897,309635.0,24819.108000000004,51,51,0.9444444444444444,1.0,,,,0,0,0.0,,,,,0,0,0.0,,9.4192860712078,2989653.1411431422,284023.0,26,26,0.48148148148148145,0.8948509280175931,11.229787565971595,3564300.884076686,284023.0,26,26,0.48148148148148145,0.8948509280175931,,,,0,0,0.0,,,,,0,0,0.0,,,,,0,0,0.0,
DE,2014,2695160.0,210455.0,425680.0,12.774417333871849,26832000450.0,25010952964.644253,24288106425.0,22639709198.27369,9994.692163710015,9316.367449697538,9047.113256041346,8433.099296279253,5404012273.375527,2012.9486514412733,,,,12.80634815043596,2688440.0,210455.0,386,386,0.9922879177377892,1.0,9955.624322860238,26832000450.0,2684625.0,383,383,0.9845758354755784,0.9960911411567402,9279.95108440473,25010952964.644253,2684625.0,383,383,0.9845758354755784,0.9960911411567402,9011.749367384497,24288106425.0,2684625.0,383,383,0.9845758354755784,0.9960911411567402,8400.135501518904,22639709198.27369,2684625.0,383,383,0.9845758354755784,0.9960911411567402,2005.080319304059,5404012273.375528,2684625.0,383,383,0.9845758354755784,0.9960911411567402,,,,0,0,0.0,,,,,0,0,0.0,
DE,2015,2753720.0,212475.0,431095.0,12.927167902106131,27816853185.0,25704460611.91299,24986029756.0,23088607954.31444,10147.794511157363,9377.178021361848,9114.89292506608,8422.71426663409,5428045108.022694,1980.2558666073433,,,,12.960207083186257,2746700.0,212475.0,385,385,0.9871794871794872,1.0,10101.5546914719,27815256972.0,2741015.0,382,382,0.9794871794871794,0.9953862411574161,9334.44962157118,25702985614.223145,2741015.0,382,382,0.9794871794871794,0.9953862411574161,9073.554956930988,24984058231.0,2741015.0,382,382,0.9794871794871794,0.9953862411574161,8384.515475180644,23086786145.55804,2741015.0,382,382,0.9794871794871794,0.9953862411574161,1971.168131844448,5427911034.208727,2741015.0,382,382,0.9794871794871794,0.9953862411574161,,,,0,0,0.0,,,,,0,0,0.0,
DE,2016,2754795.0,214095.0,436315.0,12.83397557159205,27137897901.0,25047901038.359295,25831758870.0,23842352940.63354,9736.817199160554,8986.946392195741,9262.800901073375,8549.435964218947,5469485276.526619,1957.04339919306,,,,12.867161773978841,2747690.0,214095.0,384,384,0.9795918367346939,1.0,9851.1496866373,26701127753.0,2742285.0,377,377,0.9617346938775511,0.9954588272448585,9092.473682564145,24644768287.122498,2742285.0,377,377,0.9617346938775511,0.9954588272448585,9377.016754422742,25401239969.0,2742285.0,377,377,0.9617346938775511,0.9954588272448585,8654.855602915477,23444990003.138153,2742285.0,377,377,0.9617346938775511,0.9954588272448585,1985.4418483141646,5366770757.9561405,2742285.0,377,377,0.9617346938775511,0.9954588272448585,,,,0,0,0.0,,,,,0,0,0.0,
DE,2017,2843019.0,220309.0,446043.0,12.8725335778384,29198639130.0,26928561403.67056,26555305061.0,24490736014.940517,10616.687057473497,9791.281986049522,9655.565188951296,8904.88350913151,5731071590.888129,2083.8297741733163,,,,12.904688414908152,2835935.0,220309.0,400,400,0.9925558312655087,1.0,10270.293350132377,29198639130.0,2750259.0,383,383,0.9503722084367245,0.9673727118953479,9471.819007776789,26928561403.67057,2750259.0,383,383,0.9503722084367245,0.9673727118953479,9340.530281718131,26555305061.0,2750259.0,383,383,0.9503722084367245,0.9673727118953479,8614.34130934071,24490736014.940517,2750259.0,383,383,0.9503722084367245,0.9673727118953479,2015.8400597703107,5731071590.88813,2750259.0,383,383,0.9503722084367245,0.9673727118953479,,,,0,0,0.0,,,,,0,0,0.0,
DE,2018,2866304.0,224861.0,455328.0,12.714023329968292,30514292944.0,28136219658.466415,27860042133.0,25688822827.61037,11047.221565371272,10186.277399560426,10086.291654493263,9300.235730547396,6087291214.546528,2203.808389184922,,,,12.747003704510787,2858888.0,224861.0,400,400,0.9950248756218906,1.0,10645.867620461751,30514292944.0,2762169.0,383,383,0.9527363184079602,0.9636692409458313,9816.202209698069,28136219658.46642,2762169.0,383,383,0.9527363184079602,0.9636692409458313,9719.849022643795,27860042133.0,2762169.0,383,383,0.9527363184079602,0.9636692409458313,8962.351107073908,25688822827.61037,2762169.0,383,383,0.9527363184079602,0.9636692409458313,2123.742357595889,6087291214.546527,2762169.0,383,383,0.9527363184079602,0.9636692409458313,,,,0,0,0.0,,,,,0,0,0.0,
DE,2019,2889097.0,228199.0,467987.0,12.625094763780735,32015766584.0,29011088181.08503,29029411216.0,26305002143.95099,11552.70838364105,10468.487167684016,10475.098931251214,9492.01131894779,6261721732.196417,2259.5068889503027,,,,12.660427959807011,2881034.0,228199.0,396,396,0.9850746268656716,1.0,11081.582440464961,32015766584.0,2771278.0,381,381,0.9477611940298507,0.9592194377689638,10041.576375277476,29011088181.085022,2771278.0,381,381,0.9477611940298507,0.9592194377689638,10047.918507409062,29029411216.0,2771278.0,381,381,0.9477611940298507,0.9592194377689638,9104.921760657739,26305002143.950996,2771278.0,381,381,0.9477611940298507,0.9592194377689638,2167.36292765401,6261721732.196417,2771278.0,381,381,0.9477611940298507,0.9592194377689638,,,,0,0,0.0,,,,,0,0,0.0,
DE,2020,2942308.0,241119.0,501215.0,12.167514795598853,33400640303.0,30186665976.483772,30042380294.0,27151554306.940086,11411.098926864799,10313.066713842036,10263.772503263546,9276.141696804743,6296571679.304455,2151.1803869875152,,,,12.202721477776533,2933819.0,241119.0,399,399,0.9975,1.0,11351.850419126753,33400640303.0,2927031.0,396,396,0.99,0.9948078175364374,10259.519389704876,30186665976.48377,2927031.0,396,396,0.99,0.9948078175364374,10210.481123662104,30042380294.0,2927031.0,396,396,0.99,0.9948078175364374,9227.978276557073,27151554306.940086,2927031.0,396,396,0.99,0.9948078175364374,2140.0110659062393,6296571679.304454,2927031.0,396,396,0.99,0.9948078175364374,,,,0,0,0.0,,,,,0,0,0.0,
DE,2021,2939511.0,247723.0,514592.0,11.83014899706527,34695683522.0,31316902871.223675,31456801243.0,28393433682.94686,11848.863756074126,10694.982133672229,10743.269932464522,9697.054700795676,6599722217.909721,2254.7025334502446,,,,11.866120626667689,2930600.0,247723.0,396,396,0.99,1.0,11803.21608662121,34678756789.0,2926758.0,394,394,0.985,0.9956615232941806,10653.779785557419,31301624519.582268,2926758.0,394,394,0.985,0.9956615232941806,10701.37218163157,31442951221.0,2926758.0,394,394,0.985,0.9956615232941806,9659.237091797535,28380932421.99135,2926758.0,394,394,0.985,0.9956615232941806,2245.1769079652095,6598968677.395771,2926758.0,394,394,0.985,0.9956615232941806,,,,0,0,0.0,,,,,0,0,0.0,
DE,2022,2918403.0,200840.0,330421.0,14.439105755825533,36925078812.0,33111317286.89539,33439346611.0,29985604665.614517,12711.207426840574,11398.345941319403,11511.267806754258,10322.340614747625,7283285518.032963,2507.2215401347858,,,,14.530984863572993,2899950.0,200840.0,394,394,0.9874686716791979,1.0,12652.494810346618,36925078812.0,2904923.0,396,396,0.9924812030075187,0.9953810354498677,11345.697385486304,33111317286.895386,2904923.0,396,396,0.9924812030075187,0.9953810354498677,11458.09766882778,33439346611.0,2904923.0,396,396,0.9924812030075187,0.9953810354498677,10274.662089373714,29985604665.614517,2904923.0,396,396,0.9924812030075187,0.9953810354498677,2495.640772721575,7283285518.032963,2904923.0,396,396,0.9924812030075187,0.9953810354498677,,,,0,0,0.0,,,,,0,0,0.0,
DE,2023,2866239.0,201113.0,332103.0,14.155976988061438,38921267842.0,34677751402.83507,35128855290.0,31298818829.797657,13651.172637515652,12162.80962384566,12321.02895693988,10977.689137218455,7418147598.385558,2601.8272047874207,,,,14.251883269604651,2846951.0,201113.0,396,396,0.99,1.0,13579.212285507245,38921267842.0,2851130.0,397,397,0.9925,0.9947286321901279,12098.694980716915,34677751402.835075,2851130.0,397,397,0.9925,0.9947286321901279,12256.080281511766,35128855290.0,2851130.0,397,397,0.9925,0.9947286321901279,10919.82170007374,31298818829.797653,2851130.0,397,397,0.9925,0.9947286321901279,2588.1120166132546,7418147598.385559,2851130.0,397,397,0.9925,0.9947286321901279,,,,0,0,0.0,,,,,0,0,0.0,
DK,2014,,,,,,,,,,,,,,,0.0,,,,,,0,0,0.0,,,,,0,0,0.0,,,,,0,0,0.0,,,,,0,0,0.0,,,,,0,0,0.0,,,,,0,0,0.0,,,,,0,0,0.0,,,,,0,0,0.0,
DK,2015,271775.0,,,,,,,,,,,,,,0.0,0.0,,,,,0,0,0.0,,,,,0,0,0.0,,,,,0,0,0.0,,,,,0,0,0.0,,,,,0,0,0.0,,,,,0,0,0.0,,0.0,0.0,50140.0,13,13,0.3939393939393939,0.18449084720816852,,,,0,0,0.0,
DK,2016,266745.0,,,,,,,,,,,,,,0.0,0.0,,,,,0,0,0.0,,,,,0,0,0.0,,,,,0,0,0.0,,,,,0,0,0.0,,,,,0,0,0.0,,,,,0,0,0.0,,0.0,0.0,50870.0,13,13,0.3939393939393939,0.19070647997150836,,,,0,0,0.0,
DK,2017,270326.0,19296.660000000003,46157.98999999999,8.323357513683714,5085836411.421504,3781562016.952878,5009649079.127792,3724913100.497791,18463.885989468432,13728.78014446531,18204.124584937177,13535.63514698963,869642355.9105175,3247.636488236546,1712444039.4034505,6390.675486573034,0.4647960991779851,14.008952844689182,160613.0,19296.660000000003,13,13,0.3023255813953488,1.0,18813.715334157663,4944203998.601889,267777.0,37,37,0.8604651162790697,0.9905706443331385,13988.894952586425,3676251560.7444873,267777.0,37,37,0.8604651162790697,0.9905706443331385,18531.880319051044,4874645868.980722,267777.0,37,37,0.8604651162790697,0.9905706443331385,13779.337172516853,3624531772.755442,267777.0,37,37,0.8604651162790697,0.9905706443331385,3217.013368712286,869642355.9105176,267777.0,37,37,0.8604651162790697,0.9905706443331385,6334.7367230804675,1706668232.742248,267056.0,37,37,0.8604651162790697,0.9879034942994754,0.4597272454959023,1712444039.4034505,3684290901.821234,37,37,0.8604651162790697,0.9890944573522727
DK,2018,269981.0,19076.58,46240.82,8.257297691724617,5174248614.420652,3865221839.54473,5105178161.058337,3813625434.984806,19299.840410673147,14417.19759022719,19042.209046909476,14224.744067411193,903299173.0277349,3369.2872495420884,1793526070.72412,6643.156632222711,0.4702942387238576,14.152484355162192,157521.0,19076.58,9,9,0.21951219512195122,1.0,19165.23242161727,5174248614.42065,268098.0,38,38,0.926829268292683,0.9930254351232124,14316.643910292689,3865221839.544729,268098.0,38,38,0.926829268292683,0.9930254351232124,18909.397924514455,5105178161.058337,268098.0,38,38,0.926829268292683,0.9930254351232124,14125.532667057334,3813625434.984806,268098.0,38,38,0.926829268292683,0.9930254351232124,3345.787937031624,903299173.0277348,268098.0,38,38,0.926829268292683,0.9930254351232124,6643.156632222712,1793526070.7241197,269981.0,40,40,0.975609756097561,1.0,0.47029423872385767,1793526070.7241197,3813625434.984806,38,38,0.926829268292683,1.0
DK,2019,268932.0,18947.38,46285.94000000001,8.250692180132557,5283901967.158222,3924176669.5845056,5205842420.272966,3866204463.6977644,19785.0784159595,14693.713775989016,19492.791718394277,14476.64225449896,936390803.2348231,3506.2280839302152,1820303388.308084,6768.638125281051,0.47082439777825047,14.193624659451597,156329.0,18947.38,9,9,0.21951219512195122,1.0,19647.7249533645,5283901967.158223,267065.0,38,38,0.926829268292683,0.9930577246292743,14591.705968737471,3924176669.5845065,267065.0,38,38,0.926829268292683,0.9930577246292743,19357.46739054098,5205842420.272967,267065.0,38,38,0.926829268292683,0.9930577246292743,14376.141417524745,3866204463.697765,267065.0,38,38,0.926829268292683,0.9930577246292743,3481.8868830590004,936390803.234823,267065.0,38,38,0.926829268292683,0.9930577246292743,6768.638125281052,1820303388.3080835,268932.0,40,40,0.975609756097561,1.0,0.4708243977782505,1820303388.308084,3866204463.697765,38,38,0.926829268292683,1.0
DK,2020,272135.0,17652.69,44730.50000000001,8.920113591752873,5283063220.600467,3952424572.550924,5096721051.756058,3813016177.02554,19543.737868453933,14621.280602807503,18854.398682139905,14105.56443113917,961581469.7463608,3557.1969138293903,1689370122.6243906,6207.838472171498,0.4430534894667652,15.416064067289462,157464.0,17652.69,8,8,0.1951219512195122,1.0,19413.39122347536,5283063220.600467,270320.0,37,37,0.9024390243902439,0.9933305161041395,14523.76420729022,3952424572.5509243,270320.0,37,37,0.9024390243902439,0.9933305161041395,18728.649573763236,5096721051.756059,270320.0,37,37,0.9024390243902439,0.9933305161041395,14011.487596323663,3813016177.0255404,270320.0,37,37,0.9024390243902439,0.9933305161041395,3533.4722462982004,961581469.7463608,270320.0,37,37,0.9024390243902439,0.9933305161041395,6207.838472171498,1689370122.6243906,272135.0,39,39,0.9512195121951219,1.0,0.44305348946676526,1689370122.6243906,3813016177.0255404,37,37,0.9024390243902439,1.0
DK,2021,271816.0,18338.64,34535.96,8.487052474992693,5472117245.798038,4128196837.0140667,5304652315.718703,4001860327.1019025,20307.867073154397,15320.372143391796,19686.379011640784,14851.517962361118,984474102.488413,3653.534511828979,1720676280.1922076,6345.940121529387,0.42996909925597027,14.82203696675435,155641.0,18338.64,8,8,0.1951219512195122,1.0,20131.696610199684,5472117245.798038,269458.0,37,37,0.9024390243902439,0.9913250139800454,15187.468129227369,4128196837.0140667,269458.0,37,37,0.9024390243902439,0.9913250139800454,19515.599948931274,5304652315.718702,269458.0,37,37,0.9024390243902439,0.9913250139800454,14722.68125166253,4001860327.1019025,269458.0,37,37,0.9024390243902439,0.9913250139800454,3621.8401510154404,984474102.488413,269458.0,37,37,0.9024390243902439,0.9913250139800454,6330.2979964101,1720676280.1922073,271146.0,39,39,0.9512195121951219,0.9975350972716838,0.42996909925597027,1720676280.1922076,4001860327.1019025,37,37,0.9024390243902439,1.0
DK,2022,260941.0,18711.1,35028.93000000001,8.111709092463832,5486989314.748103,4127202641.0615206,5586675002.688316,4202184203.981105,21161.75571082389,15917.445624408074,21546.215029960185,16206.628166290402,1012450468.9244059,3917.136303374921,2238534350.7853827,8578.69921087672,0.53270733554817,13.945786191084437,151779.0,18711.1,9,9,0.225,1.0,21027.700954423042,5486989314.748105,259288.0,36,36,0.9,0.9936652346699062,15816.612341722921,4127202641.0615206,259288.0,36,36,0.9,0.9936652346699062,21409.72481399365,5586675002.688316,259288.0,36,36,0.9,0.9936652346699062,16103.96298006486,4202184203.981106,259288.0,36,36,0.9,0.9936652346699062,3879.997658184823,1012450468.9244058,258467.0,35,35,0.875,0.9905189295664537,8578.699210876723,2238534350.7853823,260941.0,38,38,0.95,1.0,0.5327073355481702,2238534350.7853823,4202184203.981106,36,36,0.9,1.0
DK,2023,256180.0,18905.68,35522.979999999996,7.998284113557407,5831456982.351126,4482270146.6525545,5831689329.71319,4482448737.294273,22922.12349048999,17618.778656904815,22923.036794822343,17619.480655865977,1103833043.054945,4338.915197756886,2168935996.2387786,8478.56644373951,0.483873017485529,13.550425057443054,151213.0,18905.68,8,8,0.2,1.0,22763.123516086835,5831456982.351125,254403.0,36,36,0.9,0.9930634709969552,17496.565487752963,4482270146.652555,254403.0,36,36,0.9,0.9930634709969552,22764.0304852572,5831689329.713188,254403.0,36,36,0.9,0.9930634709969552,17497.262617277982,4482448737.294272,254403.0,36,36,0.9,0.9930634709969552,4308.818186645894,1103833043.0549452,254403.0,36,36,0.9,0.9930634709969552,8466.45326035904,2168935996.238779,255814.0,37,37,0.925,0.9985713170427043,0.48387301748552886,2168935996.238779,4482448737.294272,36,36,0.9,0.9999999999999998
EE,2014,55205.0,,,,,,,,,,,,,,0.0,0.0,,,,,0,0,0.0,,,,,0,0,0.0,,,,,0,0,0.0,,,,,0,0,0.0,,,,,0,0,0.0,,,,,0,0,0.0,,0.0,0.0,11565.0,18,18,0.72,0.20949189385019473,,,,0,0,0.0,
EE,2015,51095.0,,,,363192662.15000004,485781589.348435,339923006.3099999,454657694.02899224,7437.900105467951,9948.424930338624,6933.666625395204,9273.996818541402,187657107.42784688,3843.069986234832,150764686.76352176,3038.997919038939,0.33160042982558197,,,,0,0,0.0,,7108.18401311283,363192662.15000004,48830.0,16,16,0.6666666666666666,0.9556708092768372,9507.419304206576,485781589.348435,48830.0,16,16,0.6666666666666666,0.9556708092768372,6652.764581857322,339923006.3099999,49025.0,17,17,0.7083333333333334,0.9594872296702222,8898.281515392744,454657694.02899224,49025.0,17,17,0.7083333333333334,0.9594872296702222,3672.7098038525664,187657107.42784685,48830.0,16,16,0.6666666666666666,0.9556708092768372,2950.673975213265,150764686.76352176,49610.0,23,23,0.9583333333333334,0.9709364908503767,0.33160042982558197,150764686.76352176,454657694.02899224,17,17,0.7083333333333334,1.0
EE,2016,47780.0,0.0,0.0,,323318715.51,425486544.59914726,299290686.6600001,393865724.4038533,7299.214708432103,9605.746576343769,6756.760055536743,8891.87773798066,82067757.15902509,1852.7544228248132,0.0,0.0,0.0,,,,0,0,0.0,,6766.821170154876,323318715.51,44295.0,14,14,0.6363636363636364,0.9270615320217664,8905.118137278092,425486544.5991472,44295.0,14,14,0.6363636363636364,0.9270615320217664,6263.93232858937,299290686.66,44295.0,14,14,0.6363636363636364,0.9270615320217664,8243.317798322589,393865724.40385336,44295.0,14,14,0.6363636363636364,0.9270615320217664,1717.6173536840747,82067757.1590251,44295.0,14,14,0.6363636363636364,0.9270615320217664,0.0,0.0,10035.0,14,14,0.6363636363636364,0.2100251151109251,0.0,0.0,36209032.24193294,8,8,0.36363636363636365,0.09193242772454535
EE,2017,46154.0,3201.14,6306.62,11.132908901203946,370851361.51189655,476211180.31097955,328638296.8999999,422005276.24898237,8503.619763635244,10919.519853041194,7535.674414711885,9676.578758776051,134206156.98924178,3077.3464719736253,0.0,0.0,0.0,14.417988591564256,35638.0,3201.14,6,6,0.3,1.0,8035.086049137595,370851361.5118966,43611.0,14,14,0.7,0.9449018503271656,10317.874513822844,476211180.31097955,43611.0,14,14,0.7,0.9449018503271656,7120.472697924339,328638296.90000004,43611.0,14,14,0.7,0.9449018503271656,9143.417174004038,422005276.24898237,43611.0,14,14,0.7,0.9449018503271656,2907.7903754656536,134206156.98924178,43611.0,14,14,0.7,0.9449018503271656,0.0,0.0,9066.0,13,13,0.65,0.1964293452355159,0.0,0.0,37265319.510397375,8,8,0.4,0.08830534025932629
EE,2018,45815.0,3272.2999999999997,6420.168000000001,10.800660086177919,437499302.1318966,550681401.202434,373722336.96999997,470405185.06071347,10069.260561391437,12674.201965578817,8601.402494188587,10826.605561939594,179970574.6731465,4142.1108580898635,0.0,0.0,0.0,14.000855667267672,35343.0,3272.2999999999997,6,6,0.3,1.0,9549.259022850521,437499302.1318965,43449.0,14,14,0.7,0.9483575248281131,12019.67480524793,550681401.2024341,43449.0,14,14,0.7,0.9483575248281131,8157.204779439047,373722336.96999997,43449.0,14,14,0.7,0.9483575248281131,10267.492853011317,470405185.0607134,43449.0,14,14,0.7,0.9483575248281131,3928.2020009417547,179970574.6731465,43449.0,14,14,0.7,0.9483575248281131,0.0,0.0,9105.0,13,13,0.65,0.19873403907017353,0.0,0.0,39266379.83357437,8,8,0.4,0.08347352682455318
EE,2019,45178.0,3294.62,6476.289999999997,10.595455621589137,446947520.88879716,549824663.9325533,389440864.50999993,479081284.5879705,10414.958309381485,12812.24458061596,9074.914119168567,11163.752728432923,165586413.7258255,3858.563958750652,0.0,0.0,0.0,13.712658819530022,34908.0,3294.62,6,6,0.3157894736842105,1.0,9893.034682562246,446947520.88879704,42914.0,13,13,0.6842105263157895,0.9498871131966886,12170.186018251214,549824663.9325533,42914.0,13,13,0.6842105263157895,0.9498871131966886,8620.143975164901,389440864.5099999,42914.0,13,13,0.6842105263157895,0.9498871131966886,10604.304851652807,479081284.58797044,42914.0,13,13,0.6842105263157895,0.9498871131966886,3665.2001798624437,165586413.7258255,42914.0,13,13,0.6842105263157895,0.9498871131966886,0.0,0.0,9024.0,12,12,0.631578947368421,0.19974323785913498,0.0,0.0,36907555.748556696,7,7,0.3684210526315789,0.07703819150501506
EE,2020,45259.0,3500.4100000000003,6807.459999999999,10.358500861327672,450142001.12,558149513.4719586,396239337.87999994,491313392.45371914,10445.826494326226,12952.208327848111,9194.981502332164,11401.234364136151,163159151.5083882,3786.2100923209846,0.0,0.0,0.0,12.929628243548612,36259.0,3500.4100000000003,7,7,0.3888888888888889,1.0,9945.911335204048,450142001.12,43093.0,12,12,0.6666666666666666,0.9521421153803663,12332.343036124497,558149513.4719586,43093.0,12,12,0.6666666666666666,0.9521421153803663,8754.929138513886,396239337.87999994,43093.0,12,12,0.6666666666666666,0.9521421153803663,10855.595405415921,491313392.4537192,43093.0,12,12,0.6666666666666666,0.9521421153803663,3605.0100865769946,163159151.5083882,43093.0,12,12,0.6666666666666666,0.9521421153803663,0.0,0.0,9000.0,11,11,0.6111111111111112,0.19885547625886563,0.0,0.0,36230393.284479655,6,6,0.3333333333333333,0.07374192082071628
EE,2021,44611.0,3550.6,6904.799999999999,9.766236692390018,492092281.41999984,587709011.3053051,440924724.51,526599265.39401364,11593.645456944276,13846.366151615151,10388.142879255507,12406.626584851305,185621924.25469303,4373.234167857063,0.0,0.0,0.0,12.564355320227568,34676.0,3550.6,6,6,0.3333333333333333,1.0,11030.738638900715,492092281.4199998,42445.0,12,12,0.6666666666666666,0.9514469525453364,13174.082878781133,587709011.3053051,42445.0,12,12,0.6666666666666666,0.9514469525453364,9883.766885073188,440924724.51,42445.0,12,12,0.6666666666666666,0.9514469525453364,11804.247055524727,526599265.39401364,42445.0,12,12,0.6666666666666666,0.9514469525453364,4160.900321774742,185621924.25469303,42445.0,12,12,0.6666666666666666,0.9514469525453364,0.0,0.0,8932.0,11,11,0.6111111111111112,0.2002196767613369,0.0,0.0,38463944.388312034,6,6,0.3333333333333333,0.07304215352357628
EE,2022,44145.0,3835.0,7180.0,9.199478487614082,525688871.0800003,579150228.6904123,483303799.44999987,532454692.0754883,12520.87343289271,13794.217665604678,11511.344514707633,12682.021962021872,211586487.56734127,5039.573361137103,0.0,0.0,0.0,11.511082138200782,35280.0,3835.0,7,7,0.3888888888888889,1.0,11908.231307735878,525688871.0800004,41985.0,12,12,0.6666666666666666,0.9510703363914373,13119.271235483346,579150228.6904124,41985.0,12,12,0.6666666666666666,0.9510703363914373,10948.098299920714,483303799.4499999,41985.0,12,12,0.6666666666666666,0.9510703363914373,12061.494893543739,532454692.07548827,41985.0,12,12,0.6666666666666666,0.9510703363914373,4792.9887318459905,211586487.56734127,41985.0,12,12,0.6666666666666666,0.9510703363914373,0.0,0.0,8865.0,11,11,0.6111111111111112,0.20081549439347604,0.0,0.0,36538393.97812029,6,6,0.3333333333333333,0.06862254107611486
EE,2023,44640.0,4085.0,7470.0,8.745410036719706,590942853.73,644194552.1924354,538564100.65,587095786.7673349,13925.83607234594,15180.736472073419,12691.507026039824,13835.178196473074,234673226.80021277,5530.180907274957,0.0,0.0,0.0,10.927784577723378,35725.0,4085.0,7,7,0.3888888888888889,1.0,13237.967153449821,590942853.7299999,42435.0,12,12,0.6666666666666666,0.9506048387096774,14430.881545529466,644194552.1924355,42435.0,12,12,0.6666666666666666,0.9506048387096774,12064.607989471326,538564100.65,42435.0,12,12,0.6666666666666666,0.9506048387096774,13151.787337977934,587095786.7673349,42435.0,12,12,0.6666666666666666,0.9506048387096774,5257.016729395447,234673226.8002128,42435.0,12,12,0.6666666666666666,0.9506048387096774,0.0,0.0,8915.0,11,11,0.6111111111111112,0.19970878136200718,0.0,0.0,45226412.67757942,6,6,0.3333333333333333,0.07703412917780411
ES,2014,1538250.0,81380.0,138730.0,18.886089948390268,,,,,,,,,,,,,,18.90206438928484,1536950.0,81380.0,79,79,0.9753086419753086,1.0,,,,0,0,0.0,,,,,0,0,0.0,,,,,0,0,0.0,,,,,0,0,0.0,,,,,0,0,0.0,,,,,0,0,0.0,,,,,0,0,0.0,
ES,2015,1548340.0,90315.0,148240.0,17.126501688534574,,,,,,,,,,,,,,17.143774566793997,1546780.0,90315.0,80,80,0.975609756097561,1.0,,,,0,0,0.0,,,,,0,0,0.0,,,,,0,0,0.0,,,,,0,0,0.0,,,,,0,0,0.0,,,,,0,0,0.0,,,,,0,0,0.0,
ES,2016,1564945.0,90660.0,149590.0,17.24073461283918,,,,,,,,,,,,,,17.26169203617913,1563045.0,90660.0,80,80,0.975609756097561,1.0,,,,0,0,0.0,,,,,0,0,0.0,,,,,0,0,0.0,,,,,0,0,0.0,,,,,0,0,0.0,,,,,0,0,0.0,,,,,0,0,0.0,
ES,2017,1583025.0,87616.76567,154070.64232476018,18.04442320953343,,,,,,,,,,,,,,18.067603704550216,1580994.0,87616.76567000001,80,80,0.975609756097561,1.0,,,,0,0,0.0,,,,,0,0,0.0,,,,,0,0,0.0,,,,,0,0,0.0,,,,,0,0,0.0,,,,,0,0,0.0,,,,,0,0,0.0,
ES,2018,1599050.0,88737.36780392168,155918.80904877544,17.996048784415546,,,,,,,,,,,,,,18.02002966251306,1596922.0,88737.36780392169,81,81,0.9759036144578314,1.0,,,,0,0,0.0,,,,,0,0,0.0,,,,,0,0,0.0,,,,,0,0,0.0,,,,,0,0,0.0,,,,,0,0,0.0,,,,,0,0,0.0,
ES,2019,1626154.0,90196.1513333334,159449.64200000008,18.005601968515613,,,,,,,,,,,,,,18.02908412344895,1624036.0,90196.1513333334,81,81,0.9759036144578314,1.0,,,,0,0,0.0,,,,,0,0,0.0,,,,,0,0,0.0,,,,,0,0,0.0,,,,,0,0,0.0,,,,,0,0,0.0,,,,,0,0,0.0,
ES,2020,1679057.0,91721.69503030312,176772.5212742056,18.284452761649508,,,,,,,,,,,,,,18.305996192561327,1677081.0,91721.69503030313,82,82,0.9761904761904762,1.0,,,,0,0,0.0,,,,,0,0,0.0,,,,,0,0,0.0,,,,,0,0,0.0,,,,,0,0,0.0,,,,,0,0,0.0,,,,,0,0,0.0,
ES,2021,1698239.0,94057.25089807172,181098.13310736,18.03593007240209,,,,,,,,,,,,,,18.05537567582486,1696410.0,94057.25089807172,84,84,0.9767441860465116,1.0,,,,0,0,0.0,,,,,0,0,0.0,,,,,0,0,0.0,,,,,0,0,0.0,,,,,0,0,0.0,,,,,0,0,0.0,,,,,0,0,0.0,
ES,2022,1720975.0,98102.45465917619,187081.81636460254,17.52426079421443,,,,,,,,,,,,,,17.542629345809395,1719173.0,98102.45465917619,87,87,0.9775280898876404,1.0,,,,0,0,0.0,,,,,0,0,0.0,,,,,0,0,0.0,,,,,0,0,0.0,,,,,0,0,0.0,,,,,0,0,0.0,,,,,0,0,0.0,
ES,2023,1757811.0,101243.9300311816,193142.78244909205,17.343301464682458,,,,,,,,,,,,,,17.36213716178956,1755904.0,101243.93003118159,89,89,0.978021978021978,0.9999999999999999,,,,0,0,0.0,,,,,0,0,0.0,,,,,0,0,0.0,,,,,0,0,0.0,,,,,0,0,0.0,,,,,0,0,0.0,,,,,0,0,0.0,
FI,2014,302470.0,24475.0,40620.0,12.289683350357508,3577906835.0,2826775933.8558297,3577906835.0,2826775933.8558297,11895.032531001696,9397.838804002226,11895.032531001696,9397.838804002226,,,1126905081.6926334,3737.1661527247916,0.3982237005341141,12.35832482124617,300790.0,24475.0,38,38,0.926829268292683,1.0,11828.964310510133,3577906835.0,300790.0,38,38,0.926829268292683,0.9944457301550567,9345.640671325518,2826775933.8558292,300790.0,38,38,0.926829268292683,0.9944457301550567,11828.964310510133,3577906835.0,300790.0,38,38,0.926829268292683,0.9944457301550567,9345.640671325518,2826775933.8558292,300790.0,38,38,0.926829268292683,0.9944457301550567,,,,0,0,0.0,,3725.6755436659287,1126905081.6926336,301540.0,40,40,0.975609756097561,0.9969253149072635,0.398653840297661,1125689172.9608445,2826775933.8558292,38,38,0.926829268292683,0.9999999999999998
FI,2015,297170.0,23905.0,39510.0,12.350972599874503,3741999902.0,2964054229.0448804,3522197705.0,2789947962.7077293,13093.52987158403,10371.441369694114,12324.425994611427,9762.230878294306,583301233.3064018,2041.0134480086842,1122229535.9852986,3788.116577165565,0.39718920321084017,12.431290524994772,295250.0,23905.0,38,38,0.926829268292683,1.0,12592.118659353233,3741999902.0,285790.0,37,37,0.9024390243902439,0.9617054211394152,9974.271390264428,2964054229.044881,285790.0,37,37,0.9024390243902439,0.9617054211394152,11852.467291449339,3522197705.0,285790.0,37,37,0.9024390243902439,0.9617054211394152,9388.390358070226,2789947962.70773,285790.0,37,37,0.9024390243902439,0.9617054211394152,1962.8536975684015,583301233.3064018,285790.0,37,37,0.9024390243902439,0.9617054211394152,3776.3890567193816,1122229535.9852986,296250.0,40,40,0.975609756097561,0.9969041289497594,0.40224031092541984,1108137208.30759,2789947962.70773,37,37,0.9024390243902439,1.0
FI,2016,295520.0,23495.0,38105.0,12.295169184932965,3568455731.0,2813973228.8742385,3487221203.0,2749914206.068826,12352.940652531372,9741.144885761107,12071.7306897447,9519.391453288883,530406776.17260206,1836.1117305845157,1121804561.0825474,3796.036007994543,0.40588385926948045,12.577995318152798,288875.0,23495.0,37,37,0.9024390243902439,1.0,12075.175050757985,3568455731.0,288875.0,37,37,0.9024390243902439,0.9775142122360585,9522.107569282074,2813973228.87424,288875.0,37,37,0.9024390243902439,0.9775142122360585,11800.28831551164,3487221203.0,288875.0,37,37,0.9024390243902439,0.9775142122360585,9305.340437428351,2749914206.068826,288875.0,37,37,0.9024390243902439,0.9775142122360585,1794.8253118997093,530406776.172602,288875.0,37,37,0.9024390243902439,0.9775142122360585,3796.036007994543,1121804561.0825474,295520.0,41,41,1.0,1.0,0.40794165818221545,1116145790.6191845,2749914206.068826,37,37,0.9024390243902439,1.0
FI,2017,294520.0,23135.0,37760.0,12.147611843527123,3790218889.0,3014402195.8532486,3456042215.0,2748627862.1249113,13325.664975565165,10598.04590181503,12150.765443167036,9663.635559276136,645179609.0251875,2268.3247513454535,1186733419.7571118,4029.3814333733253,0.4084830601526666,12.730494921115193,281035.0,23135.0,35,35,0.875,1.0,12869.139240119517,3790218889.0,284430.0,36,36,0.9,0.9657408664946353,10234.966032368764,3014402195.853249,284430.0,36,36,0.9,0.9657408664946353,11734.490747657204,3456042215.0,284430.0,36,36,0.9,0.9657408664946353,9332.567778503706,2748627862.1249113,284430.0,36,36,0.9,0.9657408664946353,2190.613910855587,645179609.0251874,284430.0,36,36,0.9,0.9657408664946353,4029.3814333733253,1186733419.7571118,294520.0,40,40,1.0,1.0,0.4317548534342772,1122767920.3416655,2748627862.1249113,36,36,0.9,1.0
FI,2018,295455.0,23710.0,38475.0,11.880641079713202,3589017218.0,2850779387.748618,3565499212.0,2832098884.7937984,12590.61310273456,10000.804713997712,12508.109705144621,9935.271736309825,699088473.0253541,2452.4687271767,1226040541.39925,4149.66929447547,0.4090911014903345,12.46119780683256,281690.0,23710.0,35,35,0.875,1.0,12147.42420334738,3589017218.0,285055.0,36,36,0.9,0.9648000541537628,9648.776929646201,2850779387.7486176,285055.0,36,36,0.9,0.9648000541537628,12067.824920884737,3565499212.0,285055.0,36,36,0.9,0.9648000541537628,9585.550709224073,2832098884.7937975,285055.0,36,36,0.9,0.9648000541537628,2366.1419607904895,699088473.0253543,285055.0,36,36,0.9,0.9648000541537628,4149.66929447547,1226040541.39925,295455.0,40,40,1.0,1.0,0.43290880413185734,1158586452.3098426,2832098884.7937975,36,36,0.9,0.9999999999999997
FI,2019,295930.0,24040.0,38950.0,12.064683860232945,3618942687.0,2848394898.939017,3743345489.0,2946309770.015427,12336.603671382309,9709.885457436569,12760.68003749787,10043.667189416828,723197917.388156,2465.3073713589765,1275223609.2308657,4309.20693823156,0.43153834043555994,12.309900166389351,290035.0,24040.0,35,35,0.8974358974358975,1.0,12229.049731355388,3618942687.0,293350.0,36,36,0.9230769230769231,0.9912817220288582,9625.231976950687,2848394898.9390173,293350.0,36,36,0.9230769230769231,0.9912817220288582,12649.428881830163,3743345489.0,293350.0,36,36,0.9230769230769231,0.9912817220288582,9956.103707009857,2946309770.0154266,293350.0,36,36,0.9230769230769231,0.9912817220288582,2443.814136411165,723197917.3881558,293350.0,36,36,0.9230769230769231,0.9912817220288582,4309.20693823156,1275223609.2308657,295930.0,39,39,1.0,1.0,0.4328206158798396,1271445628.5615335,2946309770.0154266,36,36,0.9230769230769231,0.9999999999999999
FI,2020,305375.0,24685.0,39780.0,12.266356086692323,3706545056.0,2951987524.7887483,3718411025.0,2961437886.7642026,12241.103901979888,9749.129030495049,12280.292029260721,9780.339459912491,708205283.4877073,2338.8935863792576,1291007876.6495967,4227.614823248781,0.4346935530076318,12.370872999797449,302795.0,24685.0,35,35,0.9210526315789473,1.0,12137.683359803521,3706545056.0,302795.0,35,35,0.9210526315789473,0.9915513712648383,9666.762258825209,2951987524.7887483,302795.0,35,35,0.9210526315789473,0.9915513712648383,12176.540401146132,3718411025.0,302795.0,35,35,0.9210526315789473,0.9915513712648383,9697.709002911839,2961437886.7642026,302795.0,35,35,0.9210526315789473,0.9915513712648383,2319.1331428168883,708205283.4877073,302795.0,35,35,0.9210526315789473,0.9915513712648383,4227.614823248781,1291007876.6495967,305375.0,38,38,1.0,1.0,0.43593954221346465,1287317957.008944,2961437886.7642026,35,35,0.9210526315789473,1.0
FI,2021,315590.0,25670.0,41110.0,12.187573042462018,3918808266.0,3162063281.476939,3901338056.0,3147966672.0459614,12525.956964088795,10107.120811484358,12470.115727733295,10062.062847152709,777750343.7368879,2485.9770300519026,1323172626.9244425,4192.695037626168,0.41892455268941703,12.294117647058824,312855.0,25670.0,35,35,0.9210526315789473,1.0,12417.403168668208,3918808266.0,312855.0,35,35,0.9210526315789473,0.9913336924490637,10019.529394077566,3162063281.4769387,312855.0,35,35,0.9210526315789473,0.9913336924490637,12362.04586964099,3901338056.0,312855.0,35,35,0.9210526315789473,0.9913336924490637,9974.861915922434,3147966672.045961,312855.0,35,35,0.9210526315789473,0.9913336924490637,2464.4327885449093,777750343.7368879,312855.0,35,35,0.9210526315789473,0.9913336924490637,4192.695037626168,1323172626.9244425,315590.0,38,38,1.0,1.0,0.42032612310487755,1318760529.968047,3147966672.045961,35,35,0.9210526315789473,0.9999999999999999
FI,2022,327674.0,26356.7365,41965.24509999998,12.33449368816963,4028597641.0,3225923384.474944,4119393576.0,3298628766.355439,12391.986517870051,9922.956485218088,12671.275268612137,10146.598603971857,845195962.5886836,2599.8270134411687,1450033871.9751444,4425.2332256301825,0.4382128744670355,12.432267553306534,325097.0,26356.73649999999,35,35,0.9210526315789473,0.9999999999999998,12294.52944389851,4028597641.0,325097.0,35,35,0.9210526315789473,0.9921354761134542,9844.917156914935,3225923384.4749446,325097.0,35,35,0.9210526315789473,0.9921354761134542,12571.621721589141,4119393576.0,325097.0,35,35,0.9210526315789473,0.9921354761134542,10066.80043688373,3298628766.355439,325097.0,35,35,0.9210526315789473,0.9921354761134542,2579.3806117930735,845195962.5886836,325097.0,35,35,0.9210526315789473,0.9921354761134542,4425.2332256301825,1450033871.9751444,327674.0,38,38,1.0,1.0,0.4395868631125913,1445501593.5042682,3298628766.355439,35,35,0.9210526315789473,1.0
FI,2023,338812.0,26990.3627,42941.23129999999,12.458483931377474,4276126060.0,3467222946.5661235,4380534196.0,3551880480.012973,12716.763149833907,10311.167720614536,13027.262306733797,10562.930598178706,929245175.5452851,2763.480458650281,1565691072.7316957,4621.120481953696,0.43947443710356093,12.553073249363928,336259.0,26990.362700000005,35,35,0.9210526315789473,1.0,12620.94040352762,4276126060.0,336259.0,35,35,0.9210526315789473,0.9924648477621808,10233.471502090018,3467222946.566123,336259.0,35,35,0.9210526315789473,0.9924648477621808,12929.099902010554,4380534196.0,336259.0,35,35,0.9210526315789473,0.9924648477621808,10483.337308043909,3551880480.0129733,336259.0,35,35,0.9210526315789473,0.9924648477621808,2742.6572126881133,929245175.5452849,336259.0,35,35,0.9210526315789473,0.9924648477621808,4621.120481953696,1565691072.7316957,338812.0,38,38,1.0,1.0,0.4408062381440203,1560960674.6128273,3551880480.0129733,35,35,0.9210526315789473,1.0
FR,2014,1781320.0,75875.0,,20.777726523887974,11086540727.600006,9839833786.811043,10579800963.250002,9390078071.580723,9331.42795065984,8282.087468412037,8189.6307162604635,7268.687952658615,690208148.6819919,582.8197214842875,3080812.9936984107,2.369208444559685,0.0003079987359098047,23.477034596375617,1576510.0,75875.0,129,129,0.344,1.0,6223.778281050011,11044864750.96,1183620.0,102,102,0.272,0.6644623088496171,5523.900134064089,9802844369.361856,1183620.0,102,102,0.272,0.6644623088496171,5939.303978650664,10542716361.810001,1287325.0,137,137,0.36533333333333334,0.7226803718590707,5271.41561964202,9357163718.656252,1287325.0,137,137,0.36533333333333334,0.7226803718590707,387.4700495598724,689837078.7432324,1183620.0,102,102,0.272,0.6644623088496171,1.7295112577742409,3059098.25153102,1291190.0,210,210,0.56,0.7248501111535266,0.0003280923726313372,2070351.4688914532,6721947941.688116,76,76,0.20266666666666666,0.7158564487373368
FR,2015,,120.0,,,14007830996.0,12454726590.20183,13584126784.73,12078000164.248243,,,,,392305688.80590385,,3231421.7124566557,,0.000340986770731636,,,,0,0,0.0,,,,,0,0,0.0,,,,,0,0,0.0,,,,,0,0,0.0,,,,,0,0,0.0,,,,,0,0,0.0,,,,,0,0,0.0,,0.0002675460894612254,3031583.5333866808,8890619207.54868,90,90,0.23872679045092837,0.7361002721183559
FR,2017,1539503.0,,,,13188852416.0,11763472458.235592,12692038249.0,11320351283.926613,9723.683079265686,8672.79991372021,9361.164561931266,8349.460440371457,,,3689801.724983722,2.6919260777515484,0.00033952263511120997,,,,0,0,0.0,,8566.954670435849,13078188439.0,1344983.0,109,109,0.5141509433962265,0.8736475343016545,7641.084465724063,11664768446.355148,1344983.0,109,109,0.5141509433962265,0.8736475343016545,8244.243920927727,12590607196.0,1344983.0,109,109,0.5141509433962265,0.8736475343016545,7353.250551591398,11229882351.472122,1344983.0,109,109,0.5141509433962265,0.8736475343016545,,,,0,0,0.0,,2.3967486422460507,3465192.6112899915,1287254.0,97,97,0.45754716981132076,0.8361490688878164,0.00032594410124204783,3179560.6375482758,9364797243.950516,90,90,0.42452830188679247,0.8272532370304866
FR,2018,,,,,15307141196.16,13727515937.259542,14644213637.82,13132999397.185827,,,,,775339251.3474492,,3820582.564323316,,0.0003400625282738482,,,,0,0,0.0,,,,,0,0,0.0,,,,,0,0,0.0,,,,,0,0,0.0,,,,,0,0,0.0,,,,,0,0,0.0,,,,,0,0,0.0,,0.00029091469882668237,3646871.4968566997,10724120400.351545,95,95,0.45454545454545453,0.8165781537041369
FR,2019,1859507.0,,,,14156491665.0,13042168765.661852,13557047819.0,12489909915.79452,8134.871171879682,7494.537857347879,7799.382755158078,7185.457284749115,728888471.956073,466.54073159197156,4110982.6429834915,2.484880574971436,0.0003445845781267452,,,,0,0,0.0,,7613.034887741751,13302157610.0,1635202.0,108,108,0.526829268292683,0.8793739415877434,7013.777719396513,12255083293.410967,1635202.0,108,108,0.526829268292683,0.8793739415877434,7290.667805498984,12753566280.0,1635202.0,108,108,0.526829268292683,0.8793739415877434,6716.785640384532,11749674122.936323,1635202.0,108,108,0.526829268292683,0.8793739415877434,391.9794181770077,691021003.464033,1481159.0,90,90,0.43902439024390244,0.7965331671244045,2.210791700694588,3923864.976415095,1579096.0,91,91,0.44390243902439025,0.8492014281204642,0.00032914429893403916,3776723.724941038,10960222728.11026,91,91,0.44390243902439025,0.8775261632792207
FR,2020,1883214.0,,,,15608328133.0,14387014474.278502,14823821090.0,13663893196.545273,8130.001717739722,7493.848885822271,7727.216235829317,7122.580386794345,838857913.705537,515.799922918032,4658306.372074588,2.490693408157472,0.0003490826160421792,,,,0,0,0.0,,8288.133017808916,15169152325.0,1865824.0,114,114,0.5643564356435643,0.9907657865755034,7639.6067968263305,13982203103.540453,1865824.0,114,114,0.5643564356435643,0.9907657865755034,7871.55420998357,14417625506.0,1865824.0,114,114,0.5643564356435643,0.9907657865755034,7255.62426603948,13289481427.610172,1865824.0,114,114,0.5643564356435643,0.9907657865755034,445.4395059220763,815039700.7991595,1580147.0,92,92,0.45544554455445546,0.8390692719998896,2.4735937456256103,4391304.187521317,1763085.0,101,101,0.5,0.9362106483915265,0.0003409208711652091,4472058.918415692,12810889780.530746,104,104,0.5148514851485149,0.9375724470511672
FR,2021,2242313.0,,,,16453837319.0,14909645350.09107,15558592053.0,14098418816.20559,8522.271298252848,7722.456480561131,8089.835876784074,7330.605105959815,943887223.2844316,525.1174379456226,0.0,0.0,0.0,,,,0,0,0.0,,7337.886066307425,14386113810.0,1688061.0,74,74,0.20903954802259886,0.7528213055001688,6649.225754875019,13035977609.032503,1688061.0,74,74,0.20903954802259886,0.7528213055001688,6938.635263230423,13656136440.0,1688061.0,74,74,0.20903954802259886,0.7528213055001688,6287.444623567535,12374508585.771631,1688061.0,74,74,0.20903954802259886,0.7528213055001688,420.9435628676423,802063324.483268,1527398.0,65,65,0.18361581920903955,0.6811707375375338,0.0,0.0,110876.0,43,43,0.12146892655367232,0.04944715568254744,0.0,0.0,6916889.730601594,1,1,0.002824858757062147,0.0004906145732208562
FR,2022,2683891.0,,,,15483227053.95,13999807455.920647,14861773169.67,13437893928.957647,9791.859512194967,8853.719404133031,9401.820741339838,8501.0495328401,1094114671.4166877,745.5186109534233,0.0,0.0,0.0,,,,0,0,0.0,,5768.9477903350025,15406061330.95,1573354.0,115,115,0.14705882352941177,0.5862212735166965,5216.235478982063,13930034839.370321,1573354.0,115,115,0.14705882352941177,0.5862212735166965,5537.398191532368,14792392270.67,1573354.0,115,115,0.14705882352941177,0.5862212735166965,5006.870222731715,13375160286.692102,1573354.0,115,115,0.14705882352941177,0.5862212735166965,407.65987568671295,1092767015.0819197,1465781.0,98,98,0.12531969309462915,0.546140286621178,0.0,0.0,199531.0,68,68,0.08695652173913043,0.07434392827428536,0.0,0.0,161575065.101812,5,5,0.00639386189258312,0.012023838404739149
FR,2023,2545897.0,,,,17849213479.940002,16431200846.856298,17372533280.94,15992390022.03811,10110.731684756744,9307.494876881838,9841.263725607298,9059.434526012425,1307786197.9747767,800.4885724886698,0.0,0.0,0.0,,,,0,0,0.0,,7010.9723527464,17844147249.940002,1764872.0,119,119,0.14583333333333334,0.6932220745772512,6453.992776163489,16426537098.352203,1764872.0,119,119,0.14583333333333334,0.6932220745772512,6823.737677109482,17368570793.940002,1764872.0,119,119,0.14583333333333334,0.6932220745772512,6281.63276913328,15988742330.792599,1764872.0,119,119,0.14583333333333334,0.6932220745772512,513.6838599420074,1307786197.974777,1633735.0,105,105,0.12867647058823528,0.641712920829083,0.0,0.0,111268.0,60,60,0.07352941176470588,0.04370483173514089,0.0,0.0,188761052.19552606,5,5,0.006127450980392157,0.01180317963327597
GR,2014,689135.0,,,,,,,,,,,,,,0.0,0.0,,,,,0,0,0.0,,,,,0,0,0.0,,,,,0,0,0.0,,,,,0,0,0.0,,,,,0,0,0.0,,,,,0,0,0.0,,0.0,0.0,7200.0,11,11,0.22448979591836735,0.010447880313726628,,,,0,0,0.0,
GR,2015,732625.0,,,,,,,,,,,,,,0.0,0.0,,,,,0,0,0.0,,,,,0,0,0.0,,,,,0,0,0.0,,,,,0,0,0.0,,,,,0,0,0.0,,,,,0,0,0.0,,0.0,0.0,7375.0,9,9,0.19148936170212766,0.010066541545811295,,,,0,0,0.0,
GR,2016,733655.0,17105.0,,42.89125986553639,,,,,,,,,,,0.0,0.0,,42.89125986553639,733655.0,17105.0,45,45,0.9574468085106383,1.0,,,,0,0,0.0,,,,,0,0,0.0,,,,,0,0,0.0,,,,,0,0,0.0,,,,,0,0,0.0,,0.0,0.0,7555.0,9,9,0.19148936170212766,0.010297755757133802,,,,0,0,0.0,
GR,2017,765100.0,,,,,,,,,,,,,,0.0,0.0,,,,,0,0,0.0,,,,,0,0,0.0,,,,,0,0,0.0,,,,,0,0,0.0,,,,,0,0,0.0,,,,,0,0,0.0,,0.0,0.0,4701.0,5,5,0.10638297872340426,0.006144294863416547,,,,0,0,0.0,
GR,2018,800890.0,,,,0.0,0.0,0.0,0.0,0.0,0.0,0.0,0.0,0.0,0.0,0.0,0.0,,,,,0,0,0.0,,0.0,0.0,12007.0,1,1,0.021739130434782608,0.01499207132065577,0.0,0.0,12007.0,1,1,0.021739130434782608,0.01499207132065577,0.0,0.0,12007.0,1,1,0.021739130434782608,0.01499207132065577,0.0,0.0,12007.0,1,1,0.021739130434782608,0.01499207132065577,0.0,0.0,12007.0,1,1,0.021739130434782608,0.01499207132065577,0.0,0.0,25926.0,7,7,0.15217391304347827,0.032371486721022864,,,,0,0,0.0,
GR,2019,824848.0,0.0,0.0,,0.0,0.0,0.0,0.0,0.0,0.0,0.0,0.0,0.0,0.0,0.0,0.0,,,,,0,0,0.0,,0.0,0.0,168323.0,11,11,0.23404255319148937,0.20406547630593758,0.0,0.0,168323.0,11,11,0.23404255319148937,0.20406547630593758,0.0,0.0,168323.0,11,11,0.23404255319148937,0.20406547630593758,0.0,0.0,168323.0,11,11,0.23404255319148937,0.20406547630593758,0.0,0.0,168323.0,11,11,0.23404255319148937,0.20406547630593758,0.0,0.0,172924.0,16,16,0.3404255319148936,0.2096434737066708,,,,0,0,0.0,
GR,2020,855462.0,0.0,0.0,,0.0,0.0,0.0,0.0,0.0,0.0,0.0,0.0,0.0,0.0,0.0,0.0,,,,,0,0,0.0,,0.0,0.0,157408.0,11,11,0.23404255319148937,0.1840034975253138,0.0,0.0,157408.0,11,11,0.23404255319148937,0.1840034975253138,0.0,0.0,157408.0,11,11,0.23404255319148937,0.1840034975253138,0.0,0.0,157408.0,11,11,0.23404255319148937,0.1840034975253138,0.0,0.0,157408.0,11,11,0.23404255319148937,0.1840034975253138,0.0,0.0,161690.0,16,16,0.3404255319148936,0.18900897994300156,,,,0,0,0.0,
GR,2021,870675.0,,,,,,,,,,,,,,0.0,0.0,,,,,0,0,0.0,,,,,0,0,0.0,,,,,0,0,0.0,,,,,0,0,0.0,,,,,0,0,0.0,,,,,0,0,0.0,,0.0,0.0,154541.0,16,16,0.3404255319148936,0.17749562121342635,,,,0,0,0.0,
GR,2022,871725.0,,,,,,,,,,,,,,0.0,0.0,,,,,0,0,0.0,,,,,0,0,0.0,,,,,0,0,0.0,,,,,0,0,0.0,,,,,0,0,0.0,,,,,0,0,0.0,,0.0,0.0,140720.0,16,16,0.35555555555555557,0.16142705555077577,,,,0,0,0.0,
GR,2023,882145.0,,,,,,,,,,,,,,,,,,,,0,0,0.0,,,,,0,0,0.0,,,,,0,0,0.0,,,,,0,0,0.0,,,,,0,0,0.0,,,,,0,0,0.0,,,,,0,0,0.0,,,,,0,0,0.0,
HR,2014,160770.0,11515.0,,13.961788970907511,,,,,,,,,,,0.0,0.0,,13.961788970907511,160770.0,11515.0,37,37,1.0,1.0,,,,0,0,0.0,,,,,0,0,0.0,,,,,0,0,0.0,,,,,0,0,0.0,,,,,0,0,0.0,,0.0,0.0,24950.0,25,25,0.6756756756756757,0.1551906450208372,,,,0,0,0.0,
HR,2015,160515.0,11675.0,,13.748608137044968,,,,,,,,,,,0.0,0.0,,13.748608137044968,160515.0,11675.0,37,37,1.0,1.0,,,,0,0,0.0,,,,,0,0,0.0,,,,,0,0,0.0,,,,,0,0,0.0,,,,,0,0,0.0,,0.0,0.0,22080.0,24,24,0.6486486486486487,0.13755723764134192,,,,0,0,0.0,
HR,2016,163650.0,11795.0,,13.87452310300975,,,,,,,,,,,0.0,0.0,,13.87452310300975,163650.0,11795.0,37,37,1.0,1.0,,,,0,0,0.0,,,,,0,0,0.0,,,,,0,0,0.0,,,,,0,0,0.0,,,,,0,0,0.0,,0.0,0.0,19660.0,22,22,0.5945945945945946,0.1201344332416743,,,,0,0,0.0,
HR,2017,163671.0,11853.2,,13.808169945668679,,,,,,,,,,,0.0,0.0,,13.808169945668679,163671.0,11853.2,39,39,1.0,1.0,,,,0,0,0.0,,,,,0,0,0.0,,,,,0,0,0.0,,,,,0,0,0.0,,,,,0,0,0.0,,0.0,0.0,20293.0,24,24,0.6153846153846154,0.1239865339614226,,,,0,0,0.0,
HR,2018,162712.0,12265.899999999998,,13.26539430453534,,,,,,,,,,,0.0,0.0,,13.26539430453534,162712.0,12265.899999999998,39,39,1.0,1.0,,,,0,0,0.0,,,,,0,0,0.0,,,,,0,0,0.0,,,,,0,0,0.0,,,,,0,0,0.0,,0.0,0.0,27599.0,26,26,0.6666666666666666,0.16961871281773933,,,,0,0,0.0,
HR,2019,160498.0,12776.8,,12.561674284640912,,,,,,,,,,,0.0,0.0,,12.561674284640912,160498.0,12776.8,39,39,1.0,1.0,,,,0,0,0.0,,,,,0,0,0.0,,,,,0,0,0.0,,,,,0,0,0.0,,,,,0,0,0.0,,0.0,0.0,23605.0,24,24,0.6153846153846154,0.14707348378172938,,,,0,0,0.0,
HR,2020,160520.0,12609.100000000002,0.0,12.730488298133885,,,,,,,,,,,0.0,0.0,,12.730488298133885,160520.0,12609.100000000002,39,39,0.975,1.0,,,,0,0,0.0,,,,,0,0,0.0,,,,,0,0,0.0,,,,,0,0,0.0,,,,,0,0,0.0,,0.0,0.0,22613.0,24,24,0.6,0.14087341141290805,,,,0,0,0.0,
HR,2021,160979.0,13169.899999999996,,12.223251505326544,,,,,,,,,,,0.0,0.0,,12.223251505326544,160979.0,13169.899999999996,43,43,1.0,1.0,,,,0,0,0.0,,,,,0,0,0.0,,,,,0,0,0.0,,,,,0,0,0.0,,,,,0,0,0.0,,0.0,0.0,7040.0,14,14,0.32558139534883723,0.04373241230222576,,,,0,0,0.0,
HR,2022,158360.0,13100.0,,12.063358778625954,,,,,,,,,,,0.0,0.0,,12.088549618320611,158030.0,13100.0,37,37,0.9736842105263158,1.0,,,,0,0,0.0,,,,,0,0,0.0,,,,,0,0,0.0,,,,,0,0,0.0,,,,,0,0,0.0,,0.0,0.0,5880.0,10,10,0.2631578947368421,0.03713058853245769,,,,0,0,0.0,
HR,2023,154815.0,12310.0,,12.576360682372055,,,,,,,,,,,,,,12.576360682372055,154815.0,12310.0,37,37,1.0,1.0,,,,0,0,0.0,,,,,0,0,0.0,,,,,0,0,0.0,,,,,0,0,0.0,,,,,0,0,0.0,,,,,0,0,0.0,,,,,0,0,0.0,
HU,2014,302435.0,17460.0,46835.0,17.32159221076747,1933680823.426517,3306121063.591755,1568955404.7487938,2682529840.8267703,6393.707155013531,10931.674784967861,5187.744159071515,8869.773144069868,152798264.26965296,505.22679011904364,,,,17.32159221076747,302435.0,17460.0,52,52,1.0,1.0,6393.707155013531,1933680823.426517,302435.0,52,52,1.0,1.0,10931.674784967861,3306121063.591755,302435.0,52,52,1.0,1.0,5187.744159071515,1568955404.7487938,302435.0,52,52,1.0,1.0,8869.773144069868,2682529840.8267703,302435.0,52,52,1.0,1.0,505.22679011904364,152798264.26965296,302435.0,52,52,1.0,1.0,,,,0,0,0.0,,,,,0,0,0.0,
HU,2015,290900.0,17750.0,48385.0,16.388732394366198,1960367190.3225806,3296521990.778411,1316771277.419355,2214261437.4830484,7884.359677938307,13258.212639874564,5295.894777265745,8905.491624368762,63434429.075128846,255.12559956213335,,,,16.388732394366198,290900.0,17750.0,50,50,1.0,1.0,6738.972809634171,1960367190.3225806,248640.0,28,28,0.56,0.854726710209694,11332.148472940567,3296521990.7784114,248640.0,28,28,0.56,0.854726710209694,4526.542720589051,1316771277.4193547,248640.0,28,28,0.56,0.854726710209694,7611.761558896695,2214261437.483049,248640.0,28,28,0.56,0.854726710209694,218.06266440401802,63434429.07512884,248640.0,28,28,0.56,0.854726710209694,,,,0,0,0.0,,,,,0,0,0.0,
HU,2016,277640.0,18020.0,49455.0,15.407325194228635,,,,,,,,,,,,,,15.407325194228635,277640.0,18020.0,52,52,0.9811320754716981,1.0,,,,0,0,0.0,,,,,0,0,0.0,,,,,0,0,0.0,,,,,0,0,0.0,,,,,0,0,0.0,,,,,0,0,0.0,,,,,0,0,0.0,
HU,2017,274193.0,18387.950000000004,53068.799999999996,14.911558928537435,,,,,,,,,,,,,,14.911558928537435,274193.0,18387.950000000004,52,52,1.0,1.0,,,,0,0,0.0,,,,,0,0,0.0,,,,,0,0,0.0,,,,,0,0,0.0,,,,,0,0,0.0,,,,,0,0,0.0,,,,,0,0,0.0,
HU,2018,272192.0,18568.799999999996,58800.75,14.658567058722161,,,,,,,,,,,,,,14.658567058722161,272192.0,18568.799999999996,52,52,1.0,1.0,,,,0,0,0.0,,,,,0,0,0.0,,,,,0,0,0.0,,,,,0,0,0.0,,,,,0,0,0.0,,,,,0,0,0.0,,,,,0,0,0.0,
HU,2019,276030.0,18827.499999999996,58766.62,14.66100119506042,,,,,,,,,,,,,,14.66100119506042,276030.0,18827.499999999996,52,52,1.0,1.0,,,,0,0,0.0,,,,,0,0,0.0,,,,,0,0,0.0,,,,,0,0,0.0,,,,,0,0,0.0,,,,,0,0,0.0,,,,,0,0,0.0,
HU,2020,280470.0,18493.900009008124,,15.16554106291193,,,,,,,,,,,,,,15.16554106291193,280470.0,18493.900009008124,51,51,1.0,1.0,,,,0,0,0.0,,,,,0,0,0.0,,,,,0,0,0.0,,,,,0,0,0.0,,,,,0,0,0.0,,,,,0,0,0.0,,,,,0,0,0.0,
HU,2021,285802.0,18703.92501063831,,15.280322169675252,,,,,,,,,,,,,,15.280322169675252,285802.0,18703.92501063831,51,51,1.0,1.0,,,,0,0,0.0,,,,,0,0,0.0,,,,,0,0,0.0,,,,,0,0,0.0,,,,,0,0,0.0,,,,,0,0,0.0,,,,,0,0,0.0,
HU,2022,281757.0,19125.2500104215,,14.732199571062777,,,,,,,,,,,,,,14.732199571062777,281757.0,19125.2500104215,50,50,1.0,1.0,,,,0,0,0.0,,,,,0,0,0.0,,,,,0,0,0.0,,,,,0,0,0.0,,,,,0,0,0.0,,,,,0,0,0.0,,,,,0,0,0.0,
HU,2023,301843.0,19503.50001075677,,15.476350390110722,,,,,,,,,,,,,,15.476350390110722,301843.0,19503.50001075677,50,50,1.0,1.0,,,,0,0,0.0,,,,,0,0,0.0,,,,,0,0,0.0,,,,,0,0,0.0,,,,,0,0,0.0,,,,,0,0,0.0,,,,,0,0,0.0,
IE,2014,198035.0,12755.0,23100.0,15.239121912975303,1997067000.0,1747658636.0493917,1944077000.0,1701286415.626012,11919.230080572963,10430.66926916975,11602.96627872277,10153.902808869067,493095361.02773225,2942.9744018366596,,,,15.526068208545668,194375.0,12755.0,26,26,0.9629629629629629,1.0,10084.41437119701,1997067000.0,167550.0,23,23,0.8518518518518519,0.8460625646981594,8824.998793392035,1747658636.0493917,167550.0,23,23,0.8518518518518519,0.8460625646981594,9816.835407882445,1944077000.0,167550.0,23,23,0.8518518518518519,0.8460625646981594,8590.837052167608,1701286415.626012,167550.0,23,23,0.8518518518518519,0.8460625646981594,2489.9404702589554,493095361.0277323,167550.0,23,23,0.8518518518518519,0.8460625646981594,,,,0,0,0.0,,,,,0,0,0.0,
IE,2015,204195.0,13025.0,23550.0,15.417274472168906,2392311750.0,2124459851.875533,2346195715.0,2083507135.3722649,11913.309845127234,10579.452476846438,11683.65975300035,10375.514841752229,639996543.7624323,3187.075064799723,,,,15.677159309021114,200810.0,13025.0,26,26,0.9629629629629629,1.0,11715.819437302578,2392311750.0,200810.0,26,26,0.9629629629629629,0.9834227086853253,10404.073811187996,2124459851.875533,200810.0,26,26,0.9629629629629629,0.9834227086853253,11489.976321653321,2346195715.0,200810.0,26,26,0.9629629629629629,0.9834227086853253,10203.51690968077,2083507135.3722649,200810.0,26,26,0.9629629629629629,0.9834227086853253,3134.241993008802,639996543.7624323,200810.0,26,26,0.9629629629629629,0.9834227086853253,,,,0,0,0.0,,,,,0,0,0.0,
IE,2016,209350.0,13420.0,24170.0,15.342399403874813,2428778370.0,2124097783.8802211,2372042947.0,2074479594.0320437,11796.198887782608,10316.41265635504,11520.643760169018,10075.424823487912,617119769.2926606,2997.2547623432365,,,,15.599850968703429,205895.0,13420.0,24,24,0.96,1.0,11601.520754716981,2428778370.0,205895.0,24,24,0.96,0.9834965368999283,10146.156120755773,2124097783.880221,205895.0,24,24,0.96,0.9834965368999283,11330.513240983999,2372042947.0,205895.0,24,24,0.96,0.9834965368999283,9909.145421695934,2074479594.0320437,205895.0,24,24,0.96,0.9834965368999283,2947.7896789713905,617119769.2926607,205895.0,24,24,0.96,0.9834965368999283,,,,0,0,0.0,,,,,0,0,0.0,
IE,2017,214646.0,13880.669999999998,24884.67,15.211729693163228,2901082534.0,2508393527.301025,2683695663.0,2320432028.8789935,13515.660827595204,11686.188083174273,12502.891565647624,10810.506736109657,801256193.8524059,3794.743019632609,,,,15.46366277708497,211149.0,13880.669999999998,24,24,0.96,1.0,13515.660827595204,2901082534.0,214646.0,25,25,1.0,1.0,11686.188083174273,2508393527.301025,214646.0,25,25,1.0,1.0,12502.891565647624,2683695663.0,214646.0,25,25,1.0,1.0,10810.506736109657,2320432028.8789935,214646.0,25,25,1.0,1.0,3732.9192896788477,801256193.8524058,211149.0,24,24,0.96,0.9837080588503863,,,,0,0,0.0,,,,,0,0,0.0,
IE,2018,220345.0,14184.5944,25657.655,15.271145151672437,2958484491.0,2532450365.938215,2887866717.0,2472001846.3829894,13657.800664773908,11691.02031686732,13106.114125575801,11218.77894385164,817235552.9305015,3772.756055353977,,,,15.534106495142364,216615.0,14184.5944,24,24,0.96,1.0,13426.601425038009,2958484491.0,216615.0,24,24,0.96,0.983072000726134,11493.114733432638,2532450365.9382143,216615.0,24,24,0.96,0.983072000726134,13106.114125575801,2887866717.0,220345.0,25,25,1.0,1.0,11218.77894385164,2472001846.3829894,220345.0,25,25,1.0,1.0,3708.89084358847,817235552.9305017,216615.0,24,24,0.96,0.983072000726134,,,,0,0,0.0,,,,,0,0,0.0,
IE,2019,227818.0,14822.32488703704,26860.633536410416,15.10970793764388,3067782106.0,2512433749.918103,2910747779.0,2383826720.6643515,13697.84072226861,11218.175262291663,12776.636521258197,10463.732982750931,899373275.2407784,4015.758436695579,0.0,0.0,0.0,15.369923526587904,223961.0,14822.32488703704,22,22,0.9565217391304348,1.0,13465.933798031761,3067782106.0,223961.0,22,22,0.9565217391304348,0.9830698188905179,11028.249523383154,2512433749.918103,223961.0,22,22,0.9565217391304348,0.9830698188905179,12776.636521258197,2910747779.0,227818.0,23,23,1.0,1.0,10463.732982750931,2383826720.6643515,227818.0,23,23,1.0,1.0,3947.7709190703913,899373275.2407786,223961.0,22,22,0.9565217391304348,0.9830698188905179,0.0,0.0,1313.0,1,1,0.043478260869565216,0.005763372516658034,0.0,0.0,7221531.64515495,1,1,0.043478260869565216,0.003029386147304521
IE,2020,240745.0,,,,3093845542.0,2548745369.7677674,3070425388.0,2529451578.8346367,13083.18233217042,10778.075355820985,12753.849043593844,10506.76682313085,729823074.134792,3086.258903202419,0.0,0.0,0.0,,,,0,0,0.0,,12851.131039066231,3093845542.0,236475.0,21,21,0.9545454545454546,0.9822633907246257,10586.908844494246,2548745369.7677674,236475.0,21,21,0.9545454545454546,0.9822633907246257,12753.849043593844,3070425388.0,240745.0,22,22,1.0,1.0,10506.76682313085,2529451578.8346367,240745.0,22,22,1.0,1.0,3031.519134913672,729823074.134792,236475.0,21,21,0.9545454545454546,0.9822633907246257,0.0,0.0,5035.0,1,1,0.045454545454545456,0.020914245363351264,0.0,0.0,31892212.51040062,1,1,0.045454545454545456,0.012608350670659577
IE,2021,239645.0,,,,2703727490.0,2293743734.8355026,2629537048.0,2230803271.2896824,14316.040929789262,12145.20668662238,13923.207921211479,11811.941497880347,709292732.0698375,3755.6535638559644,0.0,0.0,,,,,0,0,0.0,,11282.219491330927,2703727490.0,188860.0,14,14,0.7777777777777778,0.7880823718416825,9571.423292100826,2293743734.8355026,188860.0,14,14,0.7777777777777778,0.7880823718416825,10972.634722193245,2629537048.0,188860.0,14,14,0.7777777777777778,0.7880823718416825,9308.78287170474,2230803271.2896824,188860.0,14,14,0.7777777777777778,0.7880823718416825,2959.7643684192763,709292732.0698375,188860.0,14,14,0.7777777777777778,0.7880823718416825,0.0,0.0,17500.0,1,1,0.05555555555555555,0.0730246823426318,0.0,,,0,0,0.0,
IE,2022,234485.0,,,,,,,,,,,,,,0.0,0.0,,,,,0,0,0.0,,,,,0,0,0.0,,,,,0,0,0.0,,,,,0,0,0.0,,,,,0,0,0.0,,,,,0,0,0.0,,0.0,0.0,15505.0,1,1,0.05555555555555555,0.06612363264174681,,,,0,0,0.0,
IE,2023,236485.0,,,,4193657000.0,3538204598.186036,4087304000.0,3448474161.569289,18147.288935046952,15310.93772203919,17687.065645419534,14922.64555614388,1095850664.41679,4742.09470083859,,,,,,,0,0,0.0,,17733.28963782058,4193657000.0,231090.0,16,16,0.8888888888888888,0.9771867137450578,14961.644916954716,3538204598.1860366,231090.0,16,16,0.8888888888888888,0.9771867137450578,17283.565553840624,4087304000.0,231090.0,16,16,0.8888888888888888,0.9771867137450578,14582.210971390528,3448474161.569289,231090.0,16,16,0.8888888888888888,0.9771867137450578,4633.911936980316,1095850664.4167898,231090.0,16,16,0.8888888888888888,0.9771867137450578,,,,0,0,0.0,,,,,0,0,0.0,
IS,2014,18975.0,,,,,,,,,,,,,,,,,,,,0,0,0.0,,,,,0,0,0.0,,,,,0,0,0.0,,,,,0,0,0.0,,,,,0,0,0.0,,,,,0,0,0.0,,,,,0,0,0.0,,,,,0,0,0.0,
IS,2015,,,,,,,,,,,,,,,,,,,,,0,0,0.0,,,,,0,0,0.0,,,,,0,0,0.0,,,,,0,0,0.0,,,,,0,0,0.0,,,,,0,0,0.0,,,,,0,0,0.0,,,,,0,0,0.0,
IS,2016,,,,,,,,,,,,,,,,,,,,,0,0,0.0,,,,,0,0,0.0,,,,,0,0,0.0,,,,,0,0,0.0,,,,,0,0,0.0,,,,,0,0,0.0,,,,,0,0,0.0,,,,,0,0,0.0,
IS,2017,17772.0,,,,53376414.46822631,31960146.637325957,51811506.55384105,31023128.16360593,15548.03800414399,9309.684426835409,15092.195325907674,9036.739925314863,2103267.051804901,612.6615356262456,,,,,,,0,0,0.0,,3003.399418648791,53376414.46822631,3433.0,2,2,0.2857142857142857,0.1931690299347288,1798.3427097302474,31960146.637325957,3433.0,2,2,0.2857142857142857,0.1931690299347288,2915.3447306910334,51811506.55384105,3433.0,2,2,0.2857142857142857,0.1931690299347288,1745.6182851455058,31023128.16360593,3433.0,2,2,0.2857142857142857,0.1931690299347288,118.34723451524314,2103267.051804901,3433.0,2,2,0.2857142857142857,0.1931690299347288,,,,0,0,0.0,,,,,0,0,0.0,
IS,2018,18225.0,,,,53893838.4549222,33156225.496562902,53114981.624833845,32677062.13710861,15571.753381948049,9579.95535872953,15346.715291775165,9441.508852097259,2640237.830661106,762.8540394860173,,,,,,,0,0,0.0,,2957.1379124785844,53893838.4549222,3461.0,2,2,0.2857142857142857,0.1899039780521262,1819.2716321845214,33156225.496562902,3461.0,2,2,0.2857142857142857,0.1899039780521262,2914.4022839415,53114981.624833845,3461.0,2,2,0.2857142857142857,0.1899039780521262,1792.9800898276328,32677062.13710861,3461.0,2,2,0.2857142857142857,0.1899039780521262,144.86901677152844,2640237.830661106,3461.0,2,2,0.2857142857142857,0.1899039780521262,,,,0,0,0.0,,,,,0,0,0.0,
IS,2019,19145.0,,,,46687740.384615384,30061080.91121857,46834651.8065268,30155673.540985607,15625.080450005149,10060.602714597915,15674.247592545784,10092.26022121339,3241335.966117753,1084.784459878766,,,,,,,0,0,0.0,,2438.6388291781345,46687740.384615384,2988.0,1,1,0.14285714285714285,0.15607208148341603,1570.1792066450023,30061080.91121857,2988.0,1,1,0.14285714285714285,0.15607208148341603,2446.312447455043,46834651.8065268,2988.0,1,1,0.14285714285714285,0.15607208148341603,1575.1200595970545,30155673.540985607,2988.0,1,1,0.14285714285714285,0.15607208148341603,169.30456861414223,3241335.966117753,2988.0,1,1,0.14285714285714285,0.15607208148341603,,,,0,0,0.0,,,,,0,0,0.0,
IS,2020,21920.0,99.16,1797.94,6.787010891488504,49561313.91422472,34166269.86314198,48039221.16566402,33116979.045427587,14901.176763146339,10272.480415857479,14443.542142412512,9956.999111673958,3301252.636601604,1031.31916169997,,,,221.0568777732957,673.0,99.16,2,2,0.2857142857142857,1.0,2261.0088464518576,49561313.91422472,3326.0,2,2,0.2857142857142857,0.15173357664233578,1558.680194486404,34166269.86314198,3326.0,2,2,0.2857142857142857,0.15173357664233578,2191.5703086525555,48039221.16566402,3326.0,2,2,0.2857142857142857,0.15173357664233578,1510.8110878388497,33116979.045427587,3326.0,2,2,0.2857142857142857,0.15173357664233578,150.6045910858396,3301252.636601604,3201.0,1,1,0.14285714285714285,0.14603102189781023,,,,0,0,0.0,,,,,0,0,0.0,
IS,2021,23638.0,230.0,1897.0,17.7,64734130.55611055,43482361.61227548,63934753.06027306,42945414.23938086,17062.23789038233,11460.822776034654,16851.542714884832,11319.29737463913,8207753.3540608855,2163.350910400866,3751148.8133849283,194.17894261232675,0.056205237432030986,102.77391304347826,4071.0,230.0,2,2,0.2857142857142857,1.0,2738.562084614204,64734130.55611055,3794.0,2,2,0.2857142857142857,0.16050427278111515,1839.5110251406836,43482361.61227548,3794.0,2,2,0.2857142857142857,0.16050427278111515,2704.7446086924892,63934753.06027306,3794.0,2,2,0.2857142857142857,0.16050427278111515,1816.7955935096395,42945414.23938086,3794.0,2,2,0.2857142857142857,0.16050427278111515,347.2270646442544,8207753.3540608855,3794.0,2,2,0.2857142857142857,0.16050427278111515,158.69146346496862,3751148.8133849283,19318.0,2,2,0.2857142857142857,0.8172434216092732,0.08734690024121673,1893998.7026640123,33697904.13134409,1,1,0.14285714285714285,0.7846682754882633
IS,2022,16569.0,72.0,1621.8,9.0,257436699.00871763,167567994.81523854,262260777.88245225,170708033.61629105,16401.42068098354,10675.84064826953,16708.76515560985,10875.894088703557,43817687.491133735,2791.6467565707017,,,,230.125,648.0,72.0,1,1,0.14285714285714285,1.0,15537.250226852413,257436699.00871766,15696.0,3,3,0.42857142857142855,0.9473112438891906,10113.343884074991,167567994.81523854,15696.0,3,3,0.42857142857142855,0.9473112438891906,15828.401103413136,262260777.88245222,15696.0,3,3,0.42857142857142855,0.9473112438891906,10302.856757576863,170708033.61629102,15696.0,3,3,0.42857142857142855,0.9473112438891906,2644.558361466216,43817687.491133735,15696.0,3,3,0.42857142857142855,0.9473112438891906,,,,0,0,0.0,,,,,0,0,0.0,
IS,2023,19691.0,72.9,1792.8,7.681755829903977,58523784.61744787,39546394.555357195,54326735.06336753,36710313.82819651,17734.480187105415,11983.755925865817,16462.64698889925,11124.337523695913,5821712.416286805,1764.1552776626681,,,,270.1097393689986,560.0,72.9,1,1,0.14285714285714285,1.0,2972.1083041718484,58523784.61744787,3300.0,1,1,0.14285714285714285,0.1675892539738967,2008.348715421116,39546394.555357195,3300.0,1,1,0.14285714285714285,0.1675892539738967,2758.9627273052424,54326735.06336753,3300.0,1,1,0.14285714285714285,0.1675892539738967,1864.3194265500233,36710313.82819651,3300.0,1,1,0.14285714285714285,0.1675892539738967,295.65346687759916,5821712.416286805,3300.0,1,1,0.14285714285714285,0.1675892539738967,,,,0,0,0.0,,,,,0,0,0.0,
IT,2014,1817445.0,,,,14096946991.0,13660626578.095623,12726359781.0,12332460977.382404,8124.151816803924,7872.697847553077,7334.274506538189,7107.268355270839,1557958668.13962,897.8605617480623,0.0,0.0,0.0,,,,0,0,0.0,,7756.464152147658,14096946991.0,1735190.0,90,90,0.4186046511627907,0.9547414089559794,7516.39063525753,13660626578.095623,1735190.0,90,90,0.4186046511627907,0.9547414089559794,7002.335576042191,12726359781.0,1735190.0,90,90,0.4186046511627907,0.9547414089559794,6785.603403339525,12332460977.382406,1735190.0,90,90,0.4186046511627907,0.9547414089559794,857.2246577693521,1557958668.1396203,1735190.0,90,90,0.4186046511627907,0.9547414089559794,0.0,0.0,90960.0,128,128,0.5953488372093023,0.05004828206630737,0.0,0.0,57569514.70046708,8,8,0.037209302325581395,0.004668128673267154
IT,2015,1768015.0,,,,13870001284.0,13500755617.851755,12296347411.0,11968995387.161146,8424.59549432995,8200.316829055288,7468.7630429368855,7269.930445259051,1361211660.0963645,826.7957142661519,0.0,0.0,0.0,,,,0,0,0.0,,7844.956792787391,13870001284.0,1646370.0,89,89,0.413953488372093,0.9311968507054521,7636.109206003204,13500755617.851753,1646370.0,89,89,0.413953488372093,0.9311968507054521,6954.888624248098,12296347411.0,1646370.0,89,89,0.413953488372093,0.9311968507054521,6769.736335472915,11968995387.161144,1646370.0,89,89,0.413953488372093,0.9311968507054521,769.9095653014056,1361211660.0963645,1646370.0,89,89,0.413953488372093,0.9311968507054521,0.0,0.0,96010.0,129,129,0.6,0.05430383791992715,0.0,0.0,64914216.18727794,8,8,0.037209302325581395,0.005423530888558104
IT,2016,1825660.0,,,,,,,,,,,,,,0.0,0.0,,,,,0,0,0.0,,,,,0,0,0.0,,,,,0,0,0.0,,,,,0,0,0.0,,,,,0,0,0.0,,,,,0,0,0.0,,0.0,0.0,120085.0,128,128,0.5925925925925926,0.06577621243824151,,,,0,0,0.0,
IT,2017,1881745.0,,,,,,,,,,,,,,0.0,0.0,,,,,0,0,0.0,,,,,0,0,0.0,,,,,0,0,0.0,,,,,0,0,0.0,,,,,0,0,0.0,,,,,0,0,0.0,,0.0,0.0,138505.0,119,119,0.5776699029126213,0.07360455322054794,,,,0,0,0.0,
IT,2018,1915400.0,,,,,,,,,,,,,,0.0,0.0,,,,,0,0,0.0,,,,,0,0,0.0,,,,,0,0,0.0,,,,,0,0,0.0,,,,,0,0,0.0,,,,,0,0,0.0,,0.0,0.0,149525.0,118,118,0.5700483091787439,0.07806463401900386,,,,0,0,0.0,
IT,2019,1998330.0,,,,,,,,,,,,,,0.0,0.0,,,,,0,0,0.0,,,,,0,0,0.0,,,,,0,0,0.0,,,,,0,0,0.0,,,,,0,0,0.0,,,,,0,0,0.0,,0.0,0.0,190625.0,117,117,0.5652173913043478,0.09539215244729349,,,,0,0,0.0,
IT,2020,2060350.0,,,,,,,,,,,,,,0.0,0.0,,,,,0,0,0.0,,,,,0,0,0.0,,,,,0,0,0.0,,,,,0,0,0.0,,,,,0,0,0.0,,,,,0,0,0.0,,0.0,0.0,166450.0,117,117,0.5625,0.08078724488557769,,,,0,0,0.0,
IT,2021,2063160.0,,,,,,,,,,,,,,0.0,0.0,,,,,0,0,0.0,,,,,0,0,0.0,,,,,0,0,0.0,,,,,0,0,0.0,,,,,0,0,0.0,,,,,0,0,0.0,,0.0,0.0,159365.0,119,119,0.5721153846153846,0.07724316097636635,,,,0,0,0.0,
IT,2022,2148860.0,107150.0,163630.0,20.054689687354177,,,,,,,,,,,0.0,0.0,,20.054689687354177,2148860.0,107150.0,208,208,0.9904761904761905,1.0,,,,0,0,0.0,,,,,0,0,0.0,,,,,0,0,0.0,,,,,0,0,0.0,,,,,0,0,0.0,,0.0,0.0,231165.0,119,119,0.5666666666666667,0.10757564476047765,,,,0,0,0.0,
IT,2023,2262370.0,112705.0,171490.0,20.072623219910387,,,,,,,,,,,0.0,0.0,,20.07337740118007,2262285.0,112705.0,208,208,0.9952153110047847,1.0,,,,0,0,0.0,,,,,0,0,0.0,,,,,0,0,0.0,,,,,0,0,0.0,,,,,0,0,0.0,,0.0,0.0,218900.0,115,115,0.5502392344497608,0.0967569407302961,,,,0,0,0.0,
LI,2014,655.0,70.0,125.0,9.357142857142858,18715726.280256875,12711652.550760783,18248759.44343817,12394490.390261088,28573.627908789123,19407.103130932494,27860.701440363617,18922.88609200166,2438698.3990292405,3723.203662640062,,,,9.357142857142858,655.0,70.0,1,1,1.0,1.0,28573.627908789123,18715726.280256875,655.0,1,1,1.0,1.0,19407.103130932494,12711652.550760783,655.0,1,1,1.0,1.0,27860.701440363617,18248759.44343817,655.0,1,1,1.0,1.0,18922.88609200166,12394490.390261088,655.0,1,1,1.0,1.0,3723.203662640062,2438698.3990292405,655.0,1,1,1.0,1.0,,,,0,0,0.0,,,,,0,0,0.0,
LI,2015,655.0,65.0,125.0,10.076923076923077,22865988.144957393,14207674.88028673,22168531.9037363,13774313.70404203,34909.905564820445,21691.10668746066,33845.08687593328,21029.486571056535,3491777.8598816544,5330.958564704816,,,,10.076923076923077,655.0,65.0,1,1,1.0,1.0,34909.905564820445,22865988.144957393,655.0,1,1,1.0,1.0,21691.10668746066,14207674.88028673,655.0,1,1,1.0,1.0,33845.08687593328,22168531.9037363,655.0,1,1,1.0,1.0,21029.486571056535,13774313.70404203,655.0,1,1,1.0,1.0,5330.958564704816,3491777.8598816544,655.0,1,1,1.0,1.0,,,,0,0,0.0,,,,,0,0,0.0,
LI,2016,655.0,65.0,120.0,10.076923076923077,20173523.491102543,12710467.029220028,19222361.83269125,12111181.093670536,30799.272505500066,19405.29317438172,29347.1173018187,18490.352814764177,2251369.290073512,3437.2050230129958,,,,10.076923076923077,655.0,65.0,1,1,1.0,1.0,30799.272505500066,20173523.491102543,655.0,1,1,1.0,1.0,19405.29317438172,12710467.029220028,655.0,1,1,1.0,1.0,29347.1173018187,19222361.83269125,655.0,1,1,1.0,1.0,18490.352814764177,12111181.093670536,655.0,1,1,1.0,1.0,3437.2050230129958,2251369.290073512,655.0,1,1,1.0,1.0,,,,0,0,0.0,,,,,0,0,0.0,
LI,2017,770.0,65.0,130.0,10.076923076923077,18975851.96545831,12199757.473238606,19292320.23027795,12403217.960061762,28970.766359478337,18625.583928608557,29453.92401569153,18936.21062604849,1538921.5635246967,2349.4985702667127,,,,11.846153846153847,655.0,65.0,1,1,0.5,1.0,24643.9635915043,18975851.96545831,655.0,1,1,0.5,0.8506493506493507,15843.840874335852,12199757.473238606,655.0,1,1,0.5,0.8506493506493507,25054.961338023313,19292320.23027795,655.0,1,1,0.5,0.8506493506493507,16108.075272807484,12403217.960061762,655.0,1,1,0.5,0.8506493506493507,1998.599433148957,1538921.5635246967,655.0,1,1,0.5,0.8506493506493507,,,,0,0,0.0,,,,,0,0,0.0,
LI,2018,810.0,65.0,130.0,10.538461538461538,19383640.173160173,12878643.112305062,20095510.857142854,13351615.598340992,28297.28492432142,18800.938850080383,29336.512200208548,19491.40963261459,1618107.7663815368,2362.2011188051633,,,,12.461538461538462,685.0,65.0,1,1,0.5,1.0,23930.41996686441,19383640.173160173,685.0,1,1,0.5,0.845679012345679,15899.559397907484,12878643.112305062,685.0,1,1,0.5,0.845679012345679,24809.272663139327,20095510.857142854,685.0,1,1,0.5,0.845679012345679,16483.47604733456,13351615.598340992,685.0,1,1,0.5,0.845679012345679,1997.6639091130085,1618107.7663815368,685.0,1,1,0.5,0.845679012345679,,,,0,0,0.0,,,,,0,0,0.0,
LI,2019,825.0,70.0,140.0,9.714285714285714,21308577.849694353,13597084.822376082,20535269.68716289,13103633.933539458,31336.14389660934,19995.712974082475,30198.92601053366,19270.04990226391,2025625.11114043,2978.860457559456,,,,11.785714285714286,680.0,70.0,1,1,0.5,1.0,25828.57921175073,21308577.849694353,680.0,1,1,0.5,0.8242424242424242,16481.31493621343,13597084.822376082,680.0,1,1,0.5,0.8242424242424242,24891.235984439867,20535269.68716289,680.0,1,1,0.5,0.8242424242424242,15883.192646714495,13103633.933539458,680.0,1,1,0.5,0.8242424242424242,2455.303165018703,2025625.11114043,680.0,1,1,0.5,0.8242424242424242,,,,0,0,0.0,,,,,0,0,0.0,
LI,2020,875.0,70.0,205.0,10.142857142857142,25462419.430172816,15761622.796872832,29534946.286781877,18282578.52615997,35862.562577708195,22199.468727989904,41598.515896875884,25750.110600225307,1998578.0866910303,2814.8987136493383,,,,12.5,710.0,70.0,1,1,0.5,1.0,29099.907920197504,25462419.430172816,710.0,1,1,0.5,0.8114285714285714,18013.283196426095,15761622.796872832,710.0,1,1,0.5,0.8114285714285714,33754.224327750715,29534946.286781877,710.0,1,1,0.5,0.8114285714285714,20894.375458468534,18282578.52615997,710.0,1,1,0.5,0.8114285714285714,2284.089241932606,1998578.0866910303,710.0,1,1,0.5,0.8114285714285714,,,,0,0,0.0,,,,,0,0,0.0,
LI,2021,865.0,80.0,155.0,10.8125,20708151.88234206,13514175.419533985,22786367.5885672,14870422.55221538,30011.81432223487,19585.761477585485,33023.72114285101,21551.337032196203,1533516.238077991,2222.4873015623057,,,,10.8125,865.0,80.0,2,2,1.0,1.0,23940.059979586196,20708151.88234206,690.0,1,1,0.5,0.7976878612716763,15623.324184432353,13514175.419533985,690.0,1,1,0.5,0.7976878612716763,26342.621489673063,22786367.5885672,690.0,1,1,0.5,0.7976878612716763,17191.239944757664,14870422.55221538,690.0,1,1,0.5,0.7976878612716763,1772.8511422866948,1533516.238077991,690.0,1,1,0.5,0.7976878612716763,,,,0,0,0.0,,,,,0,0,0.0,
LI,2022,850.0,75.0,155.0,11.333333333333334,24539835.771872204,15944624.58772554,24082542.052353937,15647500.48502878,36355.31225462549,23621.66605588969,35677.84007756139,23181.482200042636,1488522.2789885532,2205.218191094153,,,,11.333333333333334,850.0,75.0,2,2,1.0,1.0,28870.395025732003,24539835.771872204,675.0,1,1,0.5,0.7941176470588235,18758.3818679124,15944624.58772554,675.0,1,1,0.5,0.7941176470588235,28332.402414534045,24082542.052353937,675.0,1,1,0.5,0.7941176470588235,18408.824100033857,15647500.48502878,675.0,1,1,0.5,0.7941176470588235,1751.2026811630037,1488522.2789885532,675.0,1,1,0.5,0.7941176470588235,,,,0,0,0.0,,,,,0,0,0.0,
LI,2023,830.0,75.0,155.0,11.066666666666666,25466467.380119365,16267443.832410902,25013756.945873637,15978261.926985422,38880.10287041125,24835.792110550996,38188.941902097155,24394.293018298355,2044383.2410900916,3121.195787923804,,,,11.066666666666666,830.0,75.0,2,2,1.0,1.0,30682.49081942092,25466467.380119365,655.0,1,1,0.5,0.7891566265060241,19599.329918567353,16267443.832410902,655.0,1,1,0.5,0.7891566265060241,30137.05656129354,25013756.945873637,655.0,1,1,0.5,0.7891566265060241,19250.917984319785,15978261.926985422,655.0,1,1,0.5,0.7891566265060241,2463.112338662761,2044383.2410900916,655.0,1,1,0.5,0.7891566265060241,,,,0,0,0.0,,,,,0,0,0.0,
LT,2014,136935.0,9545.0,20115.0,14.293347302252489,456980908.2483781,2555087589.7515616,415020780.2363299,2320478658.8031826,3564.0376559692563,19927.371624953685,3236.7866185956163,18097.634213096106,1005638325.0909255,7843.069139689016,1021059432.7798452,7963.339828262712,0.4400210400152828,14.346254583551598,136430.0,9545.0,39,39,0.9069767441860465,1.0,3337.21041551377,456980908.24837804,128220.0,37,37,0.8604651162790697,0.9363566655712564,18659.127248340905,2555087589.7515616,128220.0,37,37,0.8604651162790697,0.9363566655712564,3030.7867253538534,415020780.2363299,128220.0,37,37,0.8604651162790697,0.9363566655712564,16945.840426502957,2320478658.8031826,128220.0,37,37,0.8604651162790697,0.9363566655712564,7343.910067484028,1005638325.0909257,128220.0,37,37,0.8604651162790697,0.9363566655712564,7456.526328402857,1021059432.779845,128220.0,37,37,0.8604651162790697,0.9363566655712564,0.4400210400152829,1021059432.779845,2320478658.8031826,37,37,0.8604651162790697,1.0
LT,2015,122910.0,6895.0,14785.0,15.082668600435097,503695720.0,812303707.7294489,404603610.0,652499117.0536847,4151.965709104397,6695.82250941309,3335.149074722829,5378.552669114987,370062765.79103106,3050.4287663605587,340122209.4461547,2803.628648115689,0.5212607964619991,17.825960841189268,103995.0,6895.0,32,32,0.7441860465116279,1.0,4098.085753803596,503695720.0,121315.0,30,30,0.6976744186046512,0.987023024977626,6608.930987954185,812303707.729449,121315.0,30,30,0.6976744186046512,0.987023024977626,3291.8689284842567,404603610.0,121315.0,30,30,0.6976744186046512,0.987023024977626,5308.755325471358,652499117.0536847,121315.0,30,30,0.6976744186046512,0.987023024977626,3010.8434284519653,370062765.7910312,121315.0,30,30,0.6976744186046512,0.987023024977626,2767.2460291770785,340122209.44615483,121315.0,30,30,0.6976744186046512,0.987023024977626,0.5212607964619989,340122209.44615483,652499117.0536847,30,30,0.6976744186046512,1.0
LT,2016,116845.0,6780.0,14115.0,14.486725663716815,398372990.0,631166914.0911547,374958220.0,594069448.9114643,3454.8000173445494,5473.65288432187,3251.740698985344,5151.933474212681,187194127.08799067,1623.3988993841876,196791984.3972058,1706.634154862595,0.3312609068818388,17.23377581120944,98220.0,6780.0,32,32,0.7441860465116279,1.0,3409.414095596731,398372990.0,115310.0,30,30,0.6976744186046512,0.9868629380803629,5401.7451674539325,631166914.0911548,115310.0,30,30,0.6976744186046512,0.9868629380803629,3209.022380076169,374958220.0,115310.0,30,30,0.6976744186046512,0.9868629380803629,5084.252205156098,594069448.9114642,115310.0,30,30,0.6976744186046512,0.9868629380803629,1602.0722075227068,187194127.08799067,115310.0,30,30,0.6976744186046512,0.9868629380803629,1684.2139962959973,196791984.39720583,115310.0,30,30,0.6976744186046512,0.9868629380803629,0.3312609068818387,196791984.39720583,594069448.9114642,30,30,0.6976744186046512,0.9999999999999998
LT,2017,98805.0,7230.0,14700.0,13.014522821576763,367281380.0,569835774.0959042,337268510.0,523270911.4576465,3947.5642734307826,6124.6321377461745,3624.983985382631,5624.149951178488,191539255.1885922,2058.6764315196924,178806868.16468826,1917.5694693731177,0.3416684231800947,13.66597510373444,94095.0,7230.0,31,31,0.7560975609756098,1.0,3717.2347553261475,367281380.0,93040.0,26,26,0.6341463414634146,0.9416527503668842,5767.276697494097,569835774.0959041,93040.0,26,26,0.6341463414634146,0.9416527503668842,3413.476139871464,337268510.0,93040.0,26,26,0.6341463414634146,0.9416527503668842,5295.996270003001,523270911.4576465,93040.0,26,26,0.6341463414634146,0.9416527503668842,1938.5583238560012,191539255.1885922,93040.0,26,26,0.6341463414634146,0.9416527503668842,1809.6945312958683,178803765.17169636,93245.0,27,27,0.6585365853658537,0.9437275441526238,0.3417099331330992,178785147.21374503,523270911.4576465,26,26,0.6341463414634146,1.0
LT,2018,90680.0,6630.0,13660.0,13.025641025641026,410037330.0,622588380.5217423,366527240.0,556523965.1928861,4818.583112991362,7316.392038565631,4307.271167518656,6540.0313202054895,200547949.36539727,2356.7536208402053,196472522.81730518,2303.312108057505,0.35299695596976643,13.677224736048265,86360.0,6630.0,29,29,0.7631578947368421,1.0,4521.805580061756,410037330.0,85095.0,24,24,0.631578947368421,0.9384097926775474,6865.773936058032,622588380.5217423,85095.0,24,24,0.631578947368421,0.9384097926775474,4041.985443317159,366527240.0,85095.0,24,24,0.631578947368421,0.9384097926775474,6137.2294352987,556523965.1928861,85095.0,24,24,0.631578947368421,0.9384097926775474,2211.6006767247163,200547949.36539727,85095.0,24,24,0.631578947368421,0.9384097926775474,2166.6577284660916,196472522.81730518,85300.0,25,25,0.6578947368421053,0.9406704896338773,0.3530351523122811,196451265.63731304,556523965.1928861,24,24,0.631578947368421,1.0
LT,2019,85865.0,6390.0,13085.0,13.18622848200313,432945730.0,652086607.3539889,391987750.0,590397235.2881817,5371.86835411626,8090.906475016925,4863.673304795583,7325.482167481626,255445244.2167127,3169.4924525927495,220441938.19010484,2727.22922417549,0.37333564633078453,13.437402190923319,84260.0,6390.0,29,29,0.8055555555555556,1.0,5042.1677051185,432945730.0,80595.0,23,23,0.6388888888888888,0.9386245851045245,7594.323733232271,652086607.353989,80595.0,23,23,0.6388888888888888,0.9386245851045245,4565.163337797706,391987750.0,80595.0,23,23,0.6388888888888888,0.9386245851045245,6875.8776601430345,590397235.2881817,80595.0,23,23,0.6388888888888888,0.9386245851045245,2974.963538306792,255445244.21671265,80595.0,23,23,0.6388888888888888,0.9386245851045245,2567.3084282315826,220441938.19010484,80830.0,24,24,0.6666666666666666,0.9413614394689338,0.3733790150329953,220416333.42822158,590397235.2881817,23,23,0.6388888888888888,1.0
LT,2020,65680.0,4460.0,9165.0,14.109865470852018,323983760.0,477486643.7048925,269806170.0,397639815.5394323,5374.647644326476,7921.145383292842,4475.882050431321,6596.54637590299,203434907.49706343,3374.8325729439857,193169240.65501484,2941.066392433235,0.47694980437252416,14.72645739910314,62930.0,4460.0,24,24,0.6666666666666666,1.0,4932.761266747869,323983760.0,60280.0,20,20,0.5555555555555556,0.917783191230207,7269.894088076926,477486643.7048925,60280.0,20,20,0.5555555555555556,0.917783191230207,4107.88931181486,269806170.0,60280.0,20,20,0.5555555555555556,0.917783191230207,6054.199383974304,397639815.5394322,60280.0,20,20,0.5555555555555556,0.917783191230207,3097.364608664181,203434907.49706346,60280.0,20,20,0.5555555555555556,0.917783191230207,2941.0663924332343,193169240.65501487,65680.0,26,26,0.7222222222222222,1.0,0.4857894836133658,189654232.2322588,397639815.5394322,20,20,0.5555555555555556,0.9999999999999999
LT,2021,70330.0,4310.0,9270.0,15.544083526682135,300493820.0,435676980.55869293,261690100.0,379416630.2990936,5881.656292816599,8527.637121916088,5122.139361910355,7426.436294756188,189141618.9538608,3702.1260315885847,194120197.1243278,2760.1336147352167,0.47748462780976436,16.317865429234338,66995.0,4310.0,22,22,0.6285714285714286,1.0,4272.626475188397,300493820.0,51090.0,13,13,0.37142857142857144,0.7264325323475046,6194.75302941409,435676980.55869293,51090.0,13,13,0.37142857142857144,0.7264325323475046,3720.88866770937,261690100.0,51090.0,13,13,0.37142857142857144,0.7264325323475046,5394.804923917156,379416630.2990936,51090.0,13,13,0.37142857142857144,0.7264325323475046,2689.3447881965135,189141618.9538608,51090.0,13,13,0.37142857142857144,0.7264325323475046,2760.133614735217,194120197.12432778,70330.0,25,25,0.7142857142857143,1.0,0.5116280669387189,181165608.50319767,379416630.2990936,13,13,0.37142857142857144,1.0
LT,2022,69655.0,5470.0,6965.0,11.29707495429616,465784570.0,614807031.576891,390787270.0,515815200.6768644,7169.225334769893,9462.937226056501,6014.887948283823,7939.282756300823,211310184.25022867,3252.427031710461,164577863.83777428,2493.7929212481895,0.3271980053777744,12.734003656307129,61795.0,5470.0,28,28,0.8,1.0,6687.022755006819,465784570.0,64970.0,25,25,0.7142857142857143,0.9327399325245854,8826.45942971633,614807031.576891,64970.0,25,25,0.7142857142857143,0.9327399325245854,5610.326179025195,390787270.0,64970.0,25,25,0.7142857142857143,0.9327399325245854,7405.286062405633,515815200.6768645,64970.0,25,25,0.7142857142857143,0.9327399325245854,3033.6685700987537,211310184.25022864,64970.0,25,25,0.7142857142857143,0.9327399325245854,2362.7573589516082,164577863.83777428,65995.0,25,25,0.7142857142857143,0.9474553154834542,0.3190636173998197,163029575.8641308,498259687.35934395,24,24,0.6857142857142857,0.9659654983131871
LT,2023,69260.0,5695.0,10120.0,12.161545215100967,477693905.0,607821111.0149736,460400492.0,585816849.7236332,7584.850825658939,9651.01795831968,7310.26503651953,9301.633053725518,210521667.82031575,3342.674941573764,180254277.83263266,2602.574037433333,0.2981317404847604,12.161545215100967,69260.0,5695.0,28,28,0.8235294117647058,1.0,6897.110958706324,477693905.0,62980.0,23,23,0.6764705882352942,0.9093271729714121,8775.932876335166,607821111.0149735,62980.0,23,23,0.6764705882352942,0.9093271729714121,6647.4226393300605,460400492.0,62980.0,23,23,0.6764705882352942,0.9093271729714121,8458.227688761668,585816849.7236332,62980.0,23,23,0.6764705882352942,0.9093271729714121,3039.5851547836523,210521667.82031566,62980.0,23,23,0.6764705882352942,0.9093271729714121,2602.574037433333,180254277.83263266,69260.0,28,28,0.8235294117647058,1.0,0.30769732539729777,174650597.01340607,585816849.7236332,23,23,0.6764705882352942,1.0
LU,2014,5085.0,1090.0,1445.0,4.665137614678899,175773048.03,142494810.08317524,168255265.92,136400332.31188285,34566.97109734514,28022.578187448424,33088.54787020649,26824.05748512937,32881050.5699045,6466.283297916322,17712537.566678014,3483.2915568688327,0.12985699716755705,4.665137614678899,5085.0,1090.0,1,1,1.0,1.0,34566.97109734514,175773048.03,5085.0,1,1,1.0,1.0,28022.578187448424,142494810.08317524,5085.0,1,1,1.0,1.0,33088.54787020649,168255265.92,5085.0,1,1,1.0,1.0,26824.05748512937,136400332.31188285,5085.0,1,1,1.0,1.0,6466.283297916322,32881050.5699045,5085.0,1,1,1.0,1.0,3483.2915568688327,17712537.566678014,5085.0,1,1,1.0,1.0,0.12985699716755705,17712537.566678014,136400332.31188285,1,1,1.0,1.0
LU,2015,5055.0,1135.0,1540.0,4.453744493392071,200394543.50999996,163503295.04826087,186567545.39,152221751.58081967,39642.837489614234,32344.8654892702,36907.52628882295,30113.106148530103,33128536.426164504,6553.617492811969,17826851.16225941,3526.5778758178853,0.11711106315048894,4.453744493392071,5055.0,1135.0,1,1,0.5,1.0,39642.837489614234,200394543.50999996,5055.0,1,1,0.5,1.0,32344.8654892702,163503295.04826087,5055.0,1,1,0.5,1.0,36907.52628882295,186567545.39,5055.0,1,1,0.5,1.0,30113.106148530103,152221751.58081967,5055.0,1,1,0.5,1.0,6553.617492811969,33128536.426164504,5055.0,1,1,0.5,1.0,3526.5778758178853,17826851.16225941,5055.0,1,1,0.5,1.0,0.11711106315048894,17826851.16225941,152221751.58081967,1,1,0.5,1.0
LU,2016,5140.0,1175.0,1660.0,4.374468085106383,221373464.66,180511154.5944535,188066873.46,153352473.93527237,43068.76744357977,35118.901672072665,36588.88588715954,29835.111660558825,40852824.367849834,7948.02030502915,17816094.3190065,3466.166209923443,0.11617741704334283,4.374468085106383,5140.0,1175.0,1,1,0.5,1.0,43068.76744357977,221373464.66,5140.0,1,1,0.5,1.0,35118.901672072665,180511154.5944535,5140.0,1,1,0.5,1.0,36588.88588715954,188066873.46,5140.0,1,1,0.5,1.0,29835.111660558825,153352473.93527237,5140.0,1,1,0.5,1.0,7948.02030502915,40852824.367849834,5140.0,1,1,0.5,1.0,3466.166209923443,17816094.3190065,5140.0,1,1,0.5,1.0,0.11617741704334283,17816094.3190065,153352473.93527237,1,1,0.5,1.0
LU,2017,6244.0,1224.3,1741.4499999999998,5.100057175528874,230345989.83,186510440.90426955,207648427.37000167,168132294.25196284,36890.77351537476,29870.34607691697,33255.6738260733,26927.01701665004,47119532.310956,7546.369684650224,118886453.77035376,19040.111109922127,0.7071006453536564,5.100057175528874,6244.0,1224.3,1,1,0.3333333333333333,1.0,36890.77351537476,230345989.83,6244.0,1,1,0.3333333333333333,1.0,29870.34607691697,186510440.90426955,6244.0,1,1,0.3333333333333333,1.0,33255.6738260733,207648427.37000167,6244.0,1,1,0.3333333333333333,1.0,26927.01701665004,168132294.25196284,6244.0,1,1,0.3333333333333333,1.0,7546.369684650224,47119532.310956,6244.0,1,1,0.3333333333333333,1.0,19040.111109922127,118886453.77035376,6244.0,1,1,0.3333333333333333,1.0,0.7071006453536564,118886453.77035376,168132294.25196284,1,1,0.3333333333333333,1.0
LU,2018,6283.0,1201.55,1788.88,5.2290791061545505,249943671.14,199672201.0752774,215145742.3300025,171873221.38252434,39780.94399809008,31779.7550652996,34242.518276301525,27355.279545205212,45541431.189435765,7248.357661855127,116531099.96245316,18547.047582755557,0.6780061432787094,5.2290791061545505,6283.0,1201.55,1,1,0.3333333333333333,1.0,39780.94399809008,249943671.14,6283.0,1,1,0.3333333333333333,1.0,31779.7550652996,199672201.0752774,6283.0,1,1,0.3333333333333333,1.0,34242.518276301525,215145742.3300025,6283.0,1,1,0.3333333333333333,1.0,27355.279545205212,171873221.38252434,6283.0,1,1,0.3333333333333333,1.0,7248.357661855127,45541431.189435765,6283.0,1,1,0.3333333333333333,1.0,18547.047582755557,116531099.96245316,6283.0,1,1,0.3333333333333333,1.0,0.6780061432787094,116531099.96245316,171873221.38252434,1,1,0.3333333333333333,1.0
LU,2019,6615.0,1291.65,1932.25,5.121356404598768,276124133.73,216518700.63279724,233620241.90999112,183189895.56100267,41742.12150113379,32731.474018563455,35316.74102947712,27693.105904913482,51922551.75685533,7849.214173371932,126453400.40304558,19116.160302803564,0.6902858916742834,5.121356404598768,6615.0,1291.65,1,1,0.3333333333333333,1.0,41742.12150113379,276124133.73,6615.0,1,1,0.3333333333333333,1.0,32731.474018563455,216518700.63279724,6615.0,1,1,0.3333333333333333,1.0,35316.74102947712,233620241.90999112,6615.0,1,1,0.3333333333333333,1.0,27693.105904913482,183189895.56100267,6615.0,1,1,0.3333333333333333,1.0,7849.214173371932,51922551.75685533,6615.0,1,1,0.3333333333333333,1.0,19116.160302803564,126453400.40304558,6615.0,1,1,0.3333333333333333,1.0,0.6902858916742834,126453400.40304558,183189895.56100267,1,1,0.3333333333333333,1.0
LU,2020,6785.0,1370.25,2109.25,4.95165115854771,297311807.91,226600973.9796502,244316251.799985,186209558.9344804,43818.98421665439,33397.34325418573,36008.29061164112,27444.297558508533,46547907.297740184,6860.413750588089,130517401.77584696,19236.168279417387,0.7009167656198076,4.95165115854771,6785.0,1370.25,1,1,0.3333333333333333,1.0,43818.98421665439,297311807.91,6785.0,1,1,0.3333333333333333,1.0,33397.34325418573,226600973.9796502,6785.0,1,1,0.3333333333333333,1.0,36008.29061164112,244316251.799985,6785.0,1,1,0.3333333333333333,1.0,27444.297558508533,186209558.9344804,6785.0,1,1,0.3333333333333333,1.0,6860.413750588089,46547907.297740184,6785.0,1,1,0.3333333333333333,1.0,19236.168279417387,130517401.77584696,6785.0,1,1,0.3333333333333333,1.0,0.7009167656198076,130517401.77584696,186209558.9344804,1,1,0.3333333333333333,1.0
LU,2021,6859.0,1487.4,2271.875,4.611402447223343,320645733.4599999,245147620.70995504,263503347.96999305,201459779.63561323,46748.17516547601,35741.01482868567,38417.16692958056,29371.59638950477,57284336.40679824,8351.703806210562,143824762.80037004,20968.7655343884,0.7139130354481202,4.611402447223343,6859.0,1487.4,1,1,0.3333333333333333,1.0,46748.17516547601,320645733.4599999,6859.0,1,1,0.3333333333333333,1.0,35741.01482868567,245147620.70995504,6859.0,1,1,0.3333333333333333,1.0,38417.16692958056,263503347.96999305,6859.0,1,1,0.3333333333333333,1.0,29371.59638950477,201459779.63561323,6859.0,1,1,0.3333333333333333,1.0,8351.703806210562,57284336.40679824,6859.0,1,1,0.3333333333333333,1.0,20968.7655343884,143824762.80037004,6859.0,1,1,0.3333333333333333,1.0,0.7139130354481202,143824762.80037004,201459779.63561323,1,1,0.3333333333333333,1.0
LU,2022,7132.0,1511.25,2319.65,4.719272125723738,327355992.65,252706494.24888065,291959506.65,225381740.50486332,45899.60637268648,35432.76700068433,40936.55449383062,31601.47791711488,59573129.18017602,8352.934545734159,163735460.86150995,22957.860468523548,0.7264805946335162,4.719272125723738,7132.0,1511.25,1,1,0.3333333333333333,1.0,45899.60637268648,327355992.65,7132.0,1,1,0.3333333333333333,1.0,35432.76700068433,252706494.24888065,7132.0,1,1,0.3333333333333333,1.0,40936.55449383062,291959506.65,7132.0,1,1,0.3333333333333333,1.0,31601.47791711488,225381740.50486332,7132.0,1,1,0.3333333333333333,1.0,8352.934545734159,59573129.18017602,7132.0,1,1,0.3333333333333333,1.0,22957.860468523548,163735460.86150995,7132.0,1,1,0.3333333333333333,1.0,0.7264805946335162,163735460.86150995,225381740.50486332,1,1,0.3333333333333333,1.0
LU,2023,7535.0,1576.8,2413.25,4.7786656519533235,354648640.64,274338722.8986494,319627302.79,247247940.64545077,47066.84016456536,36408.58963485725,42419.01828666225,32813.26352295299,74654246.79363213,9907.663808046733,193289769.791296,25652.258764604645,0.7817649331545704,4.7786656519533235,7535.0,1576.8,1,1,0.3333333333333333,1.0,47066.84016456536,354648640.64,7535.0,1,1,0.3333333333333333,1.0,36408.58963485725,274338722.8986494,7535.0,1,1,0.3333333333333333,1.0,42419.01828666225,319627302.79,7535.0,1,1,0.3333333333333333,1.0,32813.26352295299,247247940.64545077,7535.0,1,1,0.3333333333333333,1.0,9907.663808046733,74654246.79363213,7535.0,1,1,0.3333333333333333,1.0,25652.258764604645,193289769.791296,7535.0,1,1,0.3333333333333333,1.0,0.7817649331545704,193289769.791296,247247940.64545077,1,1,0.3333333333333333,1.0
LV,2014,83065.0,,,,217157918.0,312822921.168329,204845420.0,295086374.2963001,3455.4525897048293,4977.689890497718,3259.534091813191,4695.4630327997465,50667095.94519063,806.223183152051,71010319.97095889,854.8765421171237,0.23366653743100535,,,,0,0,0.0,,2614.3131041955094,217157918.0,62845.0,29,29,0.6444444444444445,0.7565761752844158,3766.001579104665,312822921.16832906,62845.0,29,29,0.6444444444444445,0.7565761752844158,2466.085836393186,204845420.0,62845.0,29,29,0.6444444444444445,0.7565761752844158,3552.4754625449964,295086374.29630005,62845.0,29,29,0.6444444444444445,0.7565761752844158,609.9692523348057,50667095.945190646,62845.0,29,29,0.6444444444444445,0.7565761752844158,854.8765421171238,71010319.97095887,83065.0,44,44,0.9777777777777777,1.0,0.2406424903227029,68951811.32488605,295086374.29630005,29,29,0.6444444444444445,0.9999999999999998
LV,2015,81750.0,,,,228655001.0,330425824.5291554,221928194.0,320705019.2124,3638.396069695282,5257.790190614294,3531.358007796961,5103.111133939056,42688694.09148253,679.2695376160796,81581779.50609899,997.9422569553393,0.24829182812166714,,,,0,0,0.0,,2797.0030703363914,228655001.0,62845.0,28,28,0.6363636363636364,0.7687461773700306,4041.906110448384,330425824.5291553,62845.0,28,28,0.6363636363636364,0.7687461773700306,2714.7179694189604,221928194.0,62845.0,28,28,0.6363636363636364,0.7687461773700306,3922.997176910092,320705019.2124,62845.0,28,28,0.6363636363636364,0.7687461773700306,522.1858604462694,42688694.09148252,62845.0,28,28,0.6363636363636364,0.7687461773700306,997.9422569553393,81581779.50609899,81750.0,43,43,0.9772727272727273,1.0,0.25438260899829607,79628435.50804119,320705019.2124,28,28,0.6363636363636364,1.0
LV,2016,80510.0,,,,211529805.0,303257233.4221234,207105979.0,296915066.9652457,3576.1590025359255,5126.918570111975,3501.3690448013526,5019.696821052338,22442678.839211732,379.4197605952955,54751868.747544914,840.7196736667163,0.18206612953457996,,,,0,0,0.0,,2627.3730592472984,211529805.0,59150.0,27,27,0.6136363636363636,0.734691342690349,3766.702688139652,303257233.4221233,59150.0,27,27,0.6136363636363636,0.734691342690349,2572.4255247795304,207105979.0,59150.0,27,27,0.6136363636363636,0.734691342690349,3687.927797357418,296915066.9652458,59150.0,27,27,0.6136363636363636,0.734691342690349,278.7564133550085,22442678.83921173,59150.0,27,27,0.6136363636363636,0.734691342690349,680.0629579871434,54751868.7475449,65125.0,33,33,0.75,0.8089057259967706,0.18440245995988372,54058177.04286292,296915066.9652458,27,27,0.6136363636363636,1.0
LV,2017,79343.0,,,,286269697.0,405814545.9442601,230822077.0,327212266.4511921,4610.263423197088,6535.487260351406,3717.3008181144714,5269.627765181694,33514889.002296504,539.7444036830693,74687944.77049133,1146.575756378436,0.2282553327860403,,,,0,0,0.0,,3608.001928336463,286269697.0,62094.0,28,28,0.6666666666666666,0.7826021199097589,5114.686184594231,405814545.9442602,62094.0,28,28,0.6666666666666666,0.7826021199097589,2909.1675005986667,230822077.0,62094.0,28,28,0.6666666666666666,0.7826021199097589,4124.021860166518,327212266.4511921,62094.0,28,28,0.6666666666666666,0.7826021199097589,422.4051145317987,33514889.002296507,62094.0,28,28,0.6666666666666666,0.7826021199097589,941.3299821092136,74687944.77049132,65140.0,32,32,0.7619047619047619,0.8209924000857038,0.2282553327860403,74687944.77049133,327212266.4511921,28,28,0.6666666666666666,1.0
LV,2018,77957.0,,,,360980788.0,499649518.0409374,259523193.0,359217561.1930217,5948.337145305342,8233.357249463425,4276.491991563128,5919.2822264282,56724807.1886921,934.7264144727299,114026480.06555307,1785.234219463193,0.31743013812256843,,,,0,0,0.0,,4630.511538412202,360980788.0,60686.0,27,27,0.6585365853658537,0.7784547891786497,6409.296381863558,499649518.0409374,60686.0,27,27,0.6585365853658537,0.7784547891786497,3329.055671716459,259523193.0,60686.0,27,27,0.6585365853658537,0.7784547891786497,4607.893597663093,359217561.1930218,60686.0,27,27,0.6585365853658537,0.7784547891786497,727.6422539180843,56724807.188692085,60686.0,27,27,0.6585365853658537,0.7784547891786497,1462.6843011602944,114026480.06555307,63872.0,31,31,0.7560975609756098,0.8193234731967624,0.31743013812256843,114026480.06555307,359217561.1930218,27,27,0.6585365853658537,1.0
LV,2019,77048.0,,,,382127015.0,517983106.07939863,292001194.0,395815211.9839344,6328.911441253436,8579.004042522087,4836.218390804598,6555.619795023588,54211815.84908116,897.8736600927683,116357688.06906675,1847.3286244632504,0.2939697226032576,,,,0,0,0.0,,4959.5968097809155,382127015.0,60378.0,27,27,0.6585365853658537,0.7836413664209324,6722.862450412712,517983106.0793986,60378.0,27,27,0.6585365853658537,0.7836413664209324,3789.860788080158,292001194.0,60378.0,27,27,0.6585365853658537,0.7836413664209324,5137.2548539084,395815211.9839342,60378.0,27,27,0.6585365853658537,0.7836413664209324,703.6109418684607,54211815.849081166,60378.0,27,27,0.6585365853658537,0.7836413664209324,1510.1973843456904,116357688.06906675,62987.0,31,31,0.7560975609756098,0.8175033745197798,0.2939697226032575,116357688.06906675,395815211.9839342,27,27,0.6585365853658537,0.9999999999999996
LV,2020,76233.0,,,,387595795.0,527189874.74344105,306901280.0,417432927.4181153,6460.252929313132,8786.937259253647,5115.277097188193,6957.563335135347,41512337.27460552,691.9068832542547,115495151.73195177,1515.028291316776,0.2699636541105335,,,,0,0,0.0,,5084.35710256713,387595795.0,59997.0,27,27,0.6585365853658537,0.7870213686985951,6915.507388446487,527189874.74344105,59997.0,27,27,0.6585365853658537,0.7870213686985951,4025.832382301628,306901280.0,59997.0,27,27,0.6585365853658537,0.7870213686985951,5475.751018825382,417432927.41811544,59997.0,27,27,0.6585365853658537,0.7870213686985951,544.5455022707426,41512337.27460552,59997.0,27,27,0.6585365853658537,0.7870213686985951,1515.028291316776,115495151.73195179,76233.0,40,40,0.975609756097561,1.0,0.27667954333719297,112691718.43185155,417432927.41811544,27,27,0.6585365853658537,1.0
LV,2021,75019.0,5039.0,5039.0,14.887676126215519,403341443.0,554355695.4092026,309841953.0,425849250.81021345,6819.535768027728,9372.824336954987,5238.683794065432,7200.088778598589,26542349.632895634,448.7674297556114,125327381.23053499,1670.6085289131415,0.28776963589562704,14.887676126215519,75019.0,5039.0,40,40,0.975609756097561,1.0,5376.523853956997,403341443.0,59145.0,27,27,0.6585365853658537,0.7884002719311107,7389.537256017843,554355695.4092027,59145.0,27,27,0.6585365853658537,0.7884002719311107,4130.1797278022905,309841953.0,59145.0,27,27,0.6585365853658537,0.7884002719311107,5676.551950975266,425849250.8102135,59145.0,27,27,0.6585365853658537,0.7884002719311107,353.8083636531496,26542349.632895634,59145.0,27,27,0.6585365853658537,0.7884002719311107,1670.6085289131418,125327381.23053496,75019.0,40,40,0.975609756097561,1.0,0.2942998748784676,122546483.85208072,425849250.81021357,26,26,0.6341463414634146,1.0
LV,2022,73040.0,,,,433062671.0,564490072.0174667,375083031.0,488914564.47355556,7546.880975201715,9837.235279045479,6536.483470714323,8520.198743069473,45998274.187766805,801.6010697901261,148785749.01424053,2060.459064038783,0.30055074175935903,,,,0,0,0.0,,5929.1165251916755,433062671.0,57383.0,25,25,0.625,0.7856380065717415,7728.505914806498,564490072.0174667,57383.0,25,25,0.625,0.7856380065717415,5135.309843921139,375083031.0,57383.0,25,25,0.625,0.7856380065717415,6693.791956100158,488914564.47355556,57383.0,25,25,0.625,0.7856380065717415,629.7682665356901,45998274.187766805,57383.0,25,25,0.625,0.7856380065717415,2037.044756492888,148785749.0142405,72210.0,37,37,0.925,0.9886363636363636,0.30431850434737473,146480207.253886,487372635.9696288,24,24,0.6,0.9968462209638057
LV,2023,57518.0,,,,453210405.0,576643185.4096845,393846966.0,501111992.4269606,8249.788936216688,10496.6358200394,7169.19626474443,9121.741525174031,67223346.13319488,1223.6665598732138,150669145.41202578,2619.512942244615,0.2948606671759914,,,,0,0,0.0,,7879.453475433777,453210405.0,54936.0,24,24,0.5714285714285714,0.9551097047880663,10025.438739345675,576643185.4096845,54936.0,24,24,0.5714285714285714,0.9551097047880663,6847.368927987761,393846966.0,54936.0,24,24,0.5714285714285714,0.9551097047880663,8712.263855262016,501111992.4269606,54936.0,24,24,0.5714285714285714,0.9551097047880663,1168.735806759534,67223346.13319488,54936.0,24,24,0.5714285714285714,0.9551097047880663,2619.5129422446153,150669145.41202575,57518.0,26,26,0.6190476190476191,1.0,0.3006696061738864,147758216.41690394,501111992.4269606,24,24,0.5714285714285714,1.0
ME,2014,,,,,,,,,,,,,,,,,,,,,0,0,0.0,,,,,0,0,0.0,,,,,0,0,0.0,,,,,0,0,0.0,,,,,0,0,0.0,,,,,0,0,0.0,,,,,0,0,0.0,,,,,0,0,0.0,
ME,2015,,,,,,,,,,,,,,,,,,,,,0,0,0.0,,,,,0,0,0.0,,,,,0,0,0.0,,,,,0,0,0.0,,,,,0,0,0.0,,,,,0,0,0.0,,,,,0,0,0.0,,,,,0,0,0.0,
ME,2016,,,,,,,,,,,,,,,,,,,,,0,0,0.0,,,,,0,0,0.0,,,,,0,0,0.0,,,,,0,0,0.0,,,,,0,0,0.0,,,,,0,0,0.0,,,,,0,0,0.0,,,,,0,0,0.0,
ME,2022,7591.0,,,,38191094.18,69373142.30078273,21770857.0,39546202.93287945,5049.728174005025,9172.701613219982,2867.982742721644,5209.617037660315,31276328.378596842,4738.119736191008,,,,,,,0,0,0.0,,5031.101854828086,38191094.18,7563.0,3,3,0.42857142857142855,0.9963114214201028,9138.86738252967,69373142.30078273,7563.0,3,3,0.42857142857142855,0.9963114214201028,2867.982742721644,21770857.0,7591.0,4,4,0.5714285714285714,1.0,5209.617037660315,39546202.93287945,7591.0,4,4,0.5714285714285714,1.0,4120.185532683025,31276328.378596842,6601.0,3,3,0.42857142857142855,0.8695824002107759,,,,0,0,0.0,,,,,0,0,0.0,
MK,2014,55283.0,,,,,,,,,,,,,,,,,,,,0,0,0.0,,,,,0,0,0.0,,,,,0,0,0.0,,,,,0,0,0.0,,,,,0,0,0.0,,,,,0,0,0.0,,,,,0,0,0.0,,,,,0,0,0.0,
MK,2015,49635.0,,,,,,,,,,,,,,,,,,,,0,0,0.0,,,,,0,0,0.0,,,,,0,0,0.0,,,,,0,0,0.0,,,,,0,0,0.0,,,,,0,0,0.0,,,,,0,0,0.0,,,,,0,0,0.0,
MK,2016,48822.0,,,,,,,,,,,,,,,,,,,,0,0,0.0,,,,,0,0,0.0,,,,,0,0,0.0,,,,,0,0,0.0,,,,,0,0,0.0,,,,,0,0,0.0,,,,,0,0,0.0,,,,,0,0,0.0,
MK,2017,59299.0,3698.5,,15.674192240097337,,,,,,,,,,,,,,16.03325672569961,57971.0,3698.5,15,15,0.8823529411764706,1.0,,,,0,0,0.0,,,,,0,0,0.0,,,,,0,0,0.0,,,,,0,0,0.0,,,,,0,0,0.0,,,,,0,0,0.0,,,,,0,0,0.0,
MK,2018,55941.0,3858.0,,14.212026956972524,,,,,,,,,,,,,,14.5,54830.0,3858.0,15,15,0.8823529411764706,1.0,,,,0,0,0.0,,,,,0,0,0.0,,,,,0,0,0.0,,,,,0,0,0.0,,,,,0,0,0.0,,,,,0,0,0.0,,,,,0,0,0.0,
MK,2019,55290.0,3952.0,,13.619686234817813,,,,,,,,,,,,,,13.990384615384615,53825.0,3952.0,15,15,0.8823529411764706,1.0,,,,0,0,0.0,,,,,0,0,0.0,,,,,0,0,0.0,,,,,0,0,0.0,,,,,0,0,0.0,,,,,0,0,0.0,,,,,0,0,0.0,
MT,2014,12805.0,1195.0,2075.0,10.715481171548117,80185172.17959183,98016416.72698094,78121112.6367347,95493360.22161025,6262.02047478265,7654.542501130882,6100.828788499391,7457.50567915738,5154811.4546394665,402.56239395856824,25715308.668233752,2008.224027195139,0.2692889705478638,10.715481171548117,12805.0,1195.0,2,2,1.0,1.0,6262.02047478265,80185172.17959183,12805.0,2,2,1.0,1.0,7654.542501130882,98016416.72698094,12805.0,2,2,1.0,1.0,6100.828788499391,78121112.6367347,12805.0,2,2,1.0,1.0,7457.50567915738,95493360.22161025,12805.0,2,2,1.0,1.0,402.56239395856824,5154811.4546394665,12805.0,2,2,1.0,1.0,2008.224027195139,25715308.668233752,12805.0,2,2,1.0,1.0,0.2692889705478638,25715308.668233752,95493360.22161025,2,2,1.0,1.0
MT,2015,12910.0,1240.0,2140.0,10.411290322580646,86233068.14546192,103391757.4240409,82997903.02269043,99512857.89287643,6679.556014365757,8008.65665561897,6428.962279062001,7708.199681864944,5328695.677196112,412.75721744354087,27528117.28905739,2132.3096273475903,0.2766287480025028,10.411290322580646,12910.0,1240.0,2,2,1.0,1.0,6679.556014365757,86233068.14546192,12910.0,2,2,1.0,1.0,8008.65665561897,103391757.4240409,12910.0,2,2,1.0,1.0,6428.962279062001,82997903.02269043,12910.0,2,2,1.0,1.0,7708.199681864944,99512857.89287643,12910.0,2,2,1.0,1.0,412.75721744354087,5328695.677196112,12910.0,2,2,1.0,1.0,2132.3096273475903,27528117.28905739,12910.0,2,2,1.0,1.0,0.2766287480025028,27528117.28905739,99512857.89287643,2,2,1.0,1.0
MT,2016,13335.0,1265.0,2130.0,10.541501976284586,86624945.77771474,103210944.57013552,86088486.41790923,102571769.82951178,6496.0589259628605,7739.853361090028,6455.829502655361,7691.921247057501,5760944.834981532,432.0168605160504,25701726.438698914,1927.388559332502,0.25057310097523594,10.541501976284586,13335.0,1265.0,2,2,1.0,1.0,6496.0589259628605,86624945.77771474,13335.0,2,2,1.0,1.0,7739.853361090028,103210944.57013552,13335.0,2,2,1.0,1.0,6455.829502655361,86088486.41790923,13335.0,2,2,1.0,1.0,7691.921247057501,102571769.82951178,13335.0,2,2,1.0,1.0,432.0168605160504,5760944.834981532,13335.0,2,2,1.0,1.0,1927.388559332502,25701726.438698914,13335.0,2,2,1.0,1.0,0.25057310097523594,25701726.438698914,102571769.82951178,2,2,1.0,1.0
MT,2017,13340.0,1345.0,2455.0,9.9182156133829,99879607.08487298,116988879.78709647,94243793.37463534,110387657.05612202,7471.648100815066,8751.533641246433,7049.428363915693,8256.988103017726,6072898.133300849,455.23974012749994,26059472.704634715,1953.4837109921075,0.23607234177808356,9.9182156133829,13340.0,1345.0,3,3,0.75,1.0,7487.22691790652,99671785.66487297,13340.0,3,3,0.75,1.0,8769.781093485493,116745458.77422741,13340.0,3,3,0.75,1.0,7064.752127034133,94039374.37463534,13340.0,3,3,0.75,1.0,8274.936810803749,110148221.29425646,13340.0,3,3,0.75,1.0,455.23974012749994,6072898.133300849,13340.0,3,3,0.75,1.0,1953.4837109921075,26059472.704634715,13340.0,3,3,0.75,1.0,0.23607234177808356,26059472.704634715,110387657.05612202,4,4,1.0,1.0
MT,2018,13898.49,1401.0,2525.0,9.839414703783012,111005797.92444618,128301330.47823405,107340829.16031383,124065332.2025458,7986.896268907355,9231.314371434168,7723.2008052899155,8926.533184723363,6610231.67004933,475.6079020130482,30944471.541708477,2226.462841769752,0.24942077687898617,9.920406852248394,13785.02,1401.0,3,3,0.75,1.0,7986.896268907355,111005797.92444618,13898.49,4,4,1.0,1.0,9231.314371434168,128301330.47823405,13898.49,4,4,1.0,1.0,7723.2008052899155,107340829.16031383,13898.49,4,4,1.0,1.0,8926.533184723363,124065332.2025458,13898.49,4,4,1.0,1.0,475.6079020130482,6610231.67004933,13898.49,4,4,1.0,1.0,2226.462841769752,30944471.541708477,13898.49,4,4,1.0,1.0,0.24942077687898617,30944471.541708477,124065332.2025458,4,4,1.0,1.0
MT,2019,13827.953796203794,1458.0,2747.0,9.335050614680242,119275838.50601251,137657046.23237538,117342426.10533911,135425681.99667287,8625.704154345487,9954.98309158124,8485.885029320338,9793.616900415986,9059124.887041803,655.1312667481444,34264697.837550245,2477.929731509298,0.2530147704066357,9.48419327585994,13610.503796203793,1458.0,3,3,0.75,1.0,8625.704154345487,119275838.50601251,13827.953796203794,4,4,1.0,1.0,9954.98309158124,137657046.23237538,13827.953796203794,4,4,1.0,1.0,8485.885029320338,117342426.10533911,13827.953796203794,4,4,1.0,1.0,9793.616900415986,135425681.99667287,13827.953796203794,4,4,1.0,1.0,655.1312667481444,9059124.887041803,13827.953796203794,4,4,1.0,1.0,2477.929731509298,34264697.837550245,13827.953796203794,4,4,1.0,1.0,0.2530147704066357,34264697.837550245,135425681.99667287,4,4,1.0,1.0
MT,2020,15787.4,1465.0,2792.0,10.279931740614336,129727043.39999999,148638123.17320353,119264505.73667404,136650399.40221897,8217.125264451397,9414.984302241251,7756.334755643326,8887.021630695024,9311174.236999167,605.5496889388393,35216807.15789136,2230.6907507183805,0.25771463026780955,10.776382252559726,15060.1,1465.0,5,5,0.7142857142857143,1.0,8217.125264451397,129727043.39999999,15787.4,7,7,1.0,1.0,9414.984302241251,148638123.17320353,15787.4,7,7,1.0,1.0,7554.4108426133525,119264505.73667404,15376.4,6,6,0.8571428571428571,0.9739665809442973,8655.662072426047,136650399.40221897,15376.4,6,6,0.8571428571428571,0.9739665809442973,589.7851601276441,9311174.236999167,15376.4,6,6,0.8571428571428571,0.9739665809442973,2230.6907507183805,35216807.15789136,15787.4,7,7,1.0,1.0,0.25771463026780955,35216807.15789136,136650399.40221897,6,6,0.8571428571428571,1.0
MT,2021,15462.599999999999,1636.0,3042.0,9.451466992665036,146326468.230235,164743655.73592082,105566214.19569099,118853166.2052776,9463.251214558679,10654.330819908737,6827.196861827312,7686.492970475704,10325477.056587037,667.7710770883964,38362352.46963827,2480.976838929952,0.32277097610829,9.451466992665036,15462.599999999999,1636.0,8,8,1.0,1.0,9463.251214558679,146326468.230235,15462.599999999999,8,8,1.0,1.0,10654.330819908737,164743655.73592082,15462.599999999999,8,8,1.0,1.0,6827.196861827312,105566214.19569099,15462.599999999999,8,8,1.0,1.0,7686.492970475704,118853166.2052776,15462.599999999999,8,8,1.0,1.0,667.7710770883964,10325477.056587037,15462.599999999999,8,8,1.0,1.0,2480.976838929952,38362352.46963827,15462.599999999999,8,8,1.0,1.0,0.32277097610829,38362352.46963827,118853166.2052776,8,8,1.0,1.0
MT,2022,17015.0,1685.0,3110.0,10.09792284866469,171899213.79312623,189976629.9971334,119577870.84584467,132153023.99733506,10102.80421940207,11165.24419612891,7027.791410275913,7766.854187325011,12949962.645494694,761.0909577134701,42097202.390688345,2474.1229732993443,0.31854891486658116,10.09792284866469,17015.0,1685.0,11,11,1.0,1.0,10102.80421940207,171899213.79312623,17015.0,11,11,1.0,1.0,11165.24419612891,189976629.9971334,17015.0,11,11,1.0,1.0,7027.791410275913,119577870.84584467,17015.0,11,11,1.0,1.0,7766.854187325011,132153023.99733506,17015.0,11,11,1.0,1.0,761.0909577134701,12949962.645494694,17015.0,11,11,1.0,1.0,2474.1229732993443,42097202.390688345,17015.0,11,11,1.0,1.0,0.31854891486658116,42097202.390688345,132153023.99733506,11,11,1.0,1.0
MT,2023,17595.0,1695.0,3225.0,10.380530973451327,185467411.18991318,205342285.67844415,139810340.73113436,154792557.58746776,10540.915668650934,11670.490802980628,7946.026753687659,8797.530979679896,15755182.705923643,895.435220569687,45681555.56121438,2794.833622588827,0.32285282414603655,10.380530973451327,17595.0,1695.0,13,13,1.0,1.0,10540.915668650934,185467411.18991318,17595.0,13,13,1.0,1.0,11670.490802980628,205342285.67844415,17595.0,13,13,1.0,1.0,7946.026753687659,139810340.73113436,17595.0,13,13,1.0,1.0,8797.530979679896,154792557.58746776,17595.0,13,13,1.0,1.0,895.435220569687,15755182.705923643,17595.0,13,13,1.0,1.0,2596.2805093045968,45681555.56121438,16345.0,9,9,0.6923076923076923,0.9289570900824098,0.29511467652701173,45681555.56121438,141493436.4661192,9,9,0.6923076923076923,0.9140842342253199
NL,2014,709445.0,37425.0,77625.0,18.956045424181696,10420825499.0,9234881957.958914,9421107521.0,8348937027.879689,14747.112015396917,13068.814816643548,13332.353366306508,11815.062978595299,1671158518.1049607,2365.00313903507,,,,18.9564462257849,709430.0,37425.0,55,55,0.9821428571428571,1.0,14688.70102544947,10420825499.0,706635.0,55,55,0.9821428571428571,0.996039157369493,13017.051297787586,9234881957.958914,706635.0,55,55,0.9821428571428571,0.996039157369493,13279.546012728259,9421107521.0,706635.0,55,55,0.9821428571428571,0.996039157369493,11768.265373467555,8348937027.879689,706635.0,55,55,0.9821428571428571,0.996039157369493,2355.5857298380574,1671158518.1049612,706620.0,54,54,0.9642857142857143,0.9960180140814299,,,,0,0,0.0,,,,,0,0,0.0,
NL,2015,719535.0,38790.0,79375.0,18.4271719515339,10736820520.0,9531216894.956902,9906192047.0,8793857066.640629,14984.572094483794,13302.001877055094,13825.326467324936,12272.924275692583,1786329218.1910179,2509.664809619571,,,,18.549497293116783,714790.0,38790.0,55,55,0.9821428571428571,1.0,14921.88777474341,10736820520.0,716525.0,55,55,0.9821428571428571,0.9958167427574753,13246.356181362828,9531216894.956902,716525.0,55,55,0.9821428571428571,0.9958167427574753,13767.491570250231,9906192047.0,716525.0,55,55,0.9821428571428571,0.9958167427574753,12221.583476329337,8793857066.640629,716525.0,55,55,0.9821428571428571,0.9958167427574753,2482.6161593126362,1786329218.191018,711780.0,54,54,0.9642857142857143,0.9892222060080469,,,,0,0,0.0,,,,,0,0,0.0,
NL,2016,729795.0,39985.0,81270.0,18.149681130423907,10953034307.0,9565049913.98206,10181434329.0,8891228204.277319,15074.158499057266,13163.939271386382,14012.24085685581,12236.589372947412,1748215299.8401897,2419.5746887190703,,,,18.25171939477304,725715.0,39985.0,55,55,0.9821428571428571,1.0,15008.37126453319,10953034307.0,726610.0,55,55,0.9821428571428571,0.9956357607273275,13106.488690635122,9565049913.98206,726610.0,55,55,0.9821428571428571,0.9956357607273275,13951.088085010175,10181434329.0,726610.0,55,55,0.9821428571428571,0.9956357607273275,12183.185969042428,8891228204.277319,726610.0,55,55,0.9821428571428571,0.9956357607273275,2395.4881848192845,1748215299.84019,722530.0,54,54,0.9642857142857143,0.990045149665317,,,,0,0,0.0,,,,,0,0,0.0,
NL,2017,742646.0,40332.41,81071.08,18.326700536863527,11253693062.0,9882930589.268465,10436112631.0,9164936006.849916,15229.570399100328,13374.523930008194,14123.142610263121,12402.865206167666,1805624532.361465,2494.6215391139694,,,,18.413132267573395,739160.0,40332.41,55,55,0.9482758620689655,1.0,15153.509292448893,11253693062.0,738937.0,55,55,0.9482758620689655,0.995005695849705,13307.727489636334,9882930589.268465,738937.0,55,55,0.9482758620689655,0.995005695849705,14052.607340509476,10436112631.0,738937.0,55,55,0.9482758620689655,0.995005695849705,12340.921524992953,9164936006.849916,738937.0,55,55,0.9482758620689655,0.995005695849705,2431.339470436069,1805624532.361465,723807.0,53,53,0.9137931034482759,0.9746325974959806,,,,0,0,0.0,,,,,0,0,0.0,
NL,2018,757339.0,40880.0,83768.5,18.502544031311153,11801083537.0,10302843967.278376,10832597308.0,9457314616.472559,15584.808342943745,13606.195406875859,14307.987026275243,12491.47651191287,1854075118.297218,2460.5421709718466,,,,18.525905088062622,756384.0,40880.0,52,52,0.9122807017543859,1.0,15582.300049251393,11743511537.0,753523.0,53,53,0.9298245614035088,0.9949613053071346,13604.005560625263,10252581181.575317,753523.0,53,53,0.9298245614035088,0.9949613053071346,14303.498575934951,10781397308.0,753523.0,53,53,0.9298245614035088,0.9949613053071346,12487.557905340354,9412614855.686121,753523.0,53,53,0.9298245614035088,0.9949613053071346,2448.1442501933984,1854075118.2972188,753523.0,53,53,0.9298245614035088,0.9949613053071346,,,,0,0,0.0,,,,,0,0,0.0,
NL,2019,777452.0,42373.18,86771.92,18.324161651308682,12259938455.0,10391451551.521008,11351324345.0,9621315588.950762,15851.838169504324,13435.92457218054,14677.019561473375,12440.155246584938,1899836029.5301785,2456.447346717617,,,,18.347737885143385,776453.0,42373.18,52,52,0.9122807017543859,1.0,15769.383132334859,12259938455.0,773408.0,53,53,0.9298245614035088,0.9947983926981987,13366.036168819435,10391451551.521008,773408.0,53,53,0.9298245614035088,0.9947983926981987,14600.675469353735,11351324345.0,773408.0,53,53,0.9298245614035088,0.9947983926981987,12375.446444218758,9621315588.950764,773408.0,53,53,0.9298245614035088,0.9947983926981987,2443.66987226244,1899836029.530179,773408.0,53,53,0.9298245614035088,0.9947983926981987,,,,0,0,0.0,,,,,0,0,0.0,
NL,2020,829670.0,44472.69,91015.31,18.644071226633695,12601582274.0,10764694760.13121,11741917034.0,10030339843.162718,15269.09278323034,13043.371816468205,14227.453088573851,12153.568209333234,1829941671.222579,2217.6702706644733,,,,18.65571882429419,829152.0,44472.689999999995,55,55,0.9649122807017544,0.9999999999999999,15188.66811382839,12601582274.0,825300.0,54,54,0.9473684210526315,0.9947328455892102,12974.670363073523,10764694760.13121,825300.0,54,54,0.9473684210526315,0.9947328455892102,14152.514896284065,11741917034.0,825300.0,54,54,0.9473684210526315,0.9947328455892102,12089.55348893261,10030339843.162718,825300.0,54,54,0.9473684210526315,0.9947328455892102,2205.6259370865273,1829941671.2225795,825164.0,52,52,0.9122807017543859,0.9945689249942748,,,,0,0,0.0,,,,,0,0,0.0,
NL,2021,845711.0,47154.53,96809.45000000001,17.92232898938872,13935528713.0,11987551581.075268,12647917887.0,10879929365.16129,16496.718319621457,14190.72543623351,14973.825241344874,12880.709885027847,2003486869.6774192,2381.927512932066,,,,17.934883456584128,845119.0,47154.53,54,54,0.9473684210526315,1.0,16477.885132155076,13875719713.0,841120.0,53,53,0.9298245614035088,0.9945714316119809,14174.524844864578,11936102978.92473,841120.0,53,53,0.9298245614035088,0.9945714316119809,14955.366415950602,12594783887.0,841120.0,53,53,0.9298245614035088,0.9945714316119809,12864.831325548905,10834222698.494623,841120.0,53,53,0.9298245614035088,0.9945714316119809,2368.99705653281,2003486869.6774192,841120.0,53,53,0.9298245614035088,0.9945714316119809,,,,0,0,0.0,,,,,0,0,0.0,
NL,2022,831025.0,49095.0,101545.0,16.915368163764132,14884302539.0,12868236004.21901,13877689835.0,11997968162.915955,18006.98359999274,15567.952484280517,16789.18663537325,14515.10511673446,2107029046.3139875,2549.0927028406054,,,,16.926876463998372,830460.0,49095.0,55,55,0.9649122807017544,1.0,17910.77589603201,14884302539.0,826585.0,54,54,0.9473684210526315,0.9946572004452333,15484.776034678871,12868236004.219011,826585.0,54,54,0.9473684210526315,0.9946572004452333,16699.485376492885,13877689835.0,826585.0,54,54,0.9473684210526315,0.9946572004452333,14437.55381957938,11997968162.915953,826585.0,54,54,0.9473684210526315,0.9946572004452333,2535.4580744429923,2107029046.3139875,826580.0,53,53,0.9298245614035088,0.994651183779068,,,,0,0,0.0,,,,,0,0,0.0,
NL,2023,803050.0,50190.0,104760.0,15.971707511456465,15965136740.0,13647515634.884,15303116546.0,13081599345.198404,19790.393414710485,16917.46885393521,18951.18816400626,16200.089042764064,2278620153.5278926,2848.162778490405,,,,16.000199242877066,801620.0,50190.0,50,50,0.8771929824561403,1.0,19880.62603822925,15807576740.0,798750.0,52,52,0.9122807017543859,0.994645414357761,16994.60262111201,13512828247.080748,798750.0,52,52,0.9122807017543859,0.994645414357761,19056.24375319096,15137261546.0,798750.0,52,52,0.9122807017543859,0.994645414357761,16289.89396077256,12939821122.907797,798750.0,52,52,0.9122807017543859,0.994645414357761,2837.4573856271622,2274970019.319211,798750.0,52,52,0.9122807017543859,0.994645414357761,,,,0,0,0.0,,,,,0,0,0.0,
NO,2014,261530.0,19975.0,34535.0,13.092866082603255,4803857282.629512,3100249148.873714,4536604914.416355,2927773390.6776257,18368.283878061844,11854.277325254134,17178.359409710265,11086.339790229851,402972558.40002465,1556.3292783625557,,,,13.092866082603255,261530.0,19975.0,47,47,0.9791666666666666,1.0,18368.283878061837,4803857282.629514,261530.0,47,47,0.9791666666666666,1.0,11854.277325254136,3100249148.8737135,261530.0,47,47,0.9791666666666666,1.0,17346.403527000173,4492656336.421526,261530.0,47,47,0.9791666666666666,1.0,11194.78985461563,2899410445.338813,261530.0,47,47,0.9791666666666666,1.0,1540.8272794709007,402972558.4000247,258925.0,46,46,0.9583333333333334,0.9900393836271173,,,,0,0,0.0,,,,,0,0,0.0,
NO,2015,273075.0,20850.0,35570.0,13.097122302158274,4746811494.256727,3075335110.4692407,4431563362.608385,2871094084.9006066,17382.812393140077,11261.869854322957,16093.759574045549,10426.726221885221,470264854.710507,1738.6950667745293,1055929577.6687081,4634.929232151295,0.4178979323354005,13.097122302158274,273075.0,20850.0,47,47,0.9791666666666666,1.0,17382.81239314008,4746811494.256726,273075.0,47,47,0.9791666666666666,1.0,11261.869854322955,3075335110.469241,273075.0,47,47,0.9791666666666666,1.0,16228.37448542849,4394803395.682488,273075.0,47,47,0.9791666666666666,1.0,10513.939704845214,2847278263.041307,273075.0,47,47,0.9791666666666666,1.0,1722.1087785791706,470264854.7105069,270470.0,46,46,0.9583333333333334,0.9904604962006774,3866.811599995269,1055929577.6687081,227820.0,27,27,0.5625,0.8342762977204065,0.3677795106826891,1055929577.6687081,2526764302.871042,27,27,0.5625,0.8800701851463412
NO,2016,279810.0,21790.0,36855.0,12.841211564938044,4730347656.920974,3040084666.0849056,4475074651.045142,2876026629.1046686,17056.439529525574,10961.777871833363,16135.989511043117,10370.226005028822,483717571.4072261,1744.16345361107,,,,12.841211564938044,279810.0,21790.0,36,36,0.972972972972973,1.0,16905.5704117829,4730347656.920975,277335.0,35,35,0.9459459459459459,0.9911547121260855,10864.81779094709,3040084666.0849056,277335.0,35,35,0.9459459459459459,0.9911547121260855,15993.262038687475,4475074651.045143,277335.0,35,35,0.9459459459459459,0.9911547121260855,10278.498370696789,2876026629.1046686,277335.0,35,35,0.9459459459459459,0.9911547121260855,1728.7358257647193,483717571.4072261,277335.0,35,35,0.9459459459459459,0.9911547121260855,,,,0,0,0.0,,,,,0,0,0.0,
NO,2017,286710.0,17327.020000000004,37768.5,16.49031397205059,4948703411.690795,3251744118.866597,4634299687.755978,3045152538.162937,17453.940886001747,11468.81211208211,16299.254700550126,10710.079227866694,545399728.8409514,1924.7238862674283,1359179101.617539,5441.08001535638,0.4744778645270235,16.546988460797063,285728.0,17327.02,30,30,0.9375,0.9999999999999998,17260.309761399305,4932797865.320042,282618.0,29,29,0.90625,0.9857277388301768,11341.579013172184,3241292741.492422,282618.0,29,29,0.90625,0.9857277388301768,16163.7183487007,4622468633.076015,283600.0,30,30,0.9375,0.9891528024833456,10621.019630159175,3037378469.0229945,283600.0,30,30,0.9375,0.9891528024833456,1902.2696412435962,543961615.2891281,282618.0,29,29,0.90625,0.9857277388301768,4740.605844294021,1356183752.7475622,249249.0,23,23,0.71875,0.8693418436747934,0.4463418776510608,1353112248.492363,2851792148.072479,23,23,0.71875,0.9365022317709222
NO,2018,292001.0,17893.52,38712.78,16.253258162731537,4956741421.106543,3366069652.305617,4702737522.713308,3193578343.739855,17223.70588251876,11696.43294776541,16277.288583458805,11053.731164852643,561744636.6471143,1951.9526198185954,,,,16.31881262043466,290828.0,17893.52,30,30,0.9090909090909091,1.0,16975.083719256243,4956741421.106544,287786.0,29,29,0.8787878787878788,0.9855651179276783,11527.5963174976,3366069652.3056164,287786.0,29,29,0.8787878787878788,0.9855651179276783,16105.210333914296,4691586611.121748,288229.0,30,30,0.9090909090909091,0.9870822360197397,10936.874681045116,3186005879.9143124,288229.0,30,30,0.9090909090909091,0.9870822360197397,1923.7764139407545,561744636.6471143,287786.0,29,29,0.8787878787878788,0.9855651179276783,,,,0,0,0.0,,,,,0,0,0.0,
NO,2019,295174.0,18390.370000000003,39841.450000000004,16.003158174631615,5022416599.925544,3393950264.616508,4826942479.715972,3261856594.405878,17237.7792495411,11648.608649120877,16508.3922838597,11155.717819391839,594436711.29884,2040.2068612437492,1499400011.6615674,5879.915518556667,0.4908175949987086,16.05046554256385,294304.0,18390.37,30,30,0.9090909090909091,0.9999999999999998,17015.104988669544,5022416599.925545,291361.0,29,29,0.8787878787878788,0.9870821955863321,11498.134200900175,3393950264.616508,291361.0,29,29,0.8787878787878788,0.9870821955863321,16352.871457906089,4816108839.716377,291737.0,30,30,0.9090909090909091,0.9883560205167122,11050.623003400971,3254535649.475917,291737.0,30,30,0.9090909090909091,0.9883560205167122,2013.8518680467794,594436711.29884,291361.0,29,29,0.8787878787878788,0.9870821955863321,5079.715732624037,1495638830.962148,254364.0,24,24,0.7272727272727273,0.8617425654021018,0.4596768644682467,1489071125.272675,3033858485.200786,23,23,0.696969696969697,0.9301017372756021
NO,2020,308374.0,25045.000000000004,40677.65000000001,12.261609103613493,4796378495.940422,3426559844.915182,4389206617.205393,3135673958.6505785,15733.51734434337,11240.113514192779,14397.875083911133,10285.923151475896,562347873.3780165,1844.6646833305995,,,,12.312796965462166,307092.0,25045.000000000007,30,30,0.8823529411764706,1.0,15553.77073274797,4796378495.940421,304851.0,29,29,0.8529411764705882,0.988575560844948,11111.701521254003,3426559844.9151826,304851.0,29,29,0.8529411764705882,0.988575560844948,14233.387436052952,4389206617.205393,304851.0,29,29,0.8529411764705882,0.988575560844948,10168.412248278319,3135673958.6505785,304851.0,29,29,0.8529411764705882,0.988575560844948,1823.5904238944154,562347873.3780166,304851.0,29,29,0.8529411764705882,0.988575560844948,,,,0,0,0.0,,,,,0,0,0.0,
NO,2021,252819.0,26122.6,42305.439999999995,9.585416459311094,5412181601.959003,3905179532.9307823,4943239637.405173,3566812734.3286963,21740.995191428436,15687.295011753005,19857.232644965923,14328.059220647212,655751611.5616992,2634.185931339402,1544586768.4749343,7144.9768218571535,0.46340603713183304,9.67817139182164,250396.0,26122.6,30,30,0.8823529411764706,1.0,21407.3372727485,5412181601.959003,248939.0,29,29,0.8529411764705882,0.984653052183578,15446.542913826817,3905179532.9307814,248939.0,29,29,0.8529411764705882,0.984653052183578,19552.484731785084,4943239637.405172,248939.0,29,29,0.8529411764705882,0.984653052183578,14108.167243477335,3566812734.3286963,248939.0,29,29,0.8529411764705882,0.984653052183578,2593.759217312382,655751611.5616994,248939.0,29,29,0.8529411764705882,0.984653052183578,6109.456838587821,1535555548.6926084,214914.0,23,23,0.6764705882352942,0.8500706038707534,0.4330439760991933,1522201411.400538,3284811352.096156,21,21,0.6176470588235294,0.9209374297903489
NO,2022,258520.0,26835.560000000005,43335.46000000001,9.505894417705463,5709302252.6874275,4253253566.3036184,5453681523.370221,4062824030.35152,22511.24616626223,16770.18202942835,21503.35747721087,16019.33613418311,790053978.2908467,3115.109132918724,,,,9.633486314427572,255096.0,26835.56,30,30,0.8823529411764706,0.9999999999999999,22084.56696846444,5709302252.687427,253620.0,29,29,0.8529411764705882,0.9810459538913817,16452.319225992644,4253253566.3036184,253620.0,29,29,0.8529411764705882,0.9810459538913817,21095.781848097715,5453681523.370221,253620.0,29,29,0.8529411764705882,0.9810459538913817,15715.704898466347,4062824030.35152,253620.0,29,29,0.8529411764705882,0.9810459538913817,3056.0652107800042,790053978.2908467,253620.0,29,29,0.8529411764705882,0.9810459538913817,,,,0,0,0.0,,,,,0,0,0.0,
NO,2023,315981.0,26672.279999999995,43185.549999999996,11.562378619300638,5278841494.144318,4224019688.0681906,4975351953.644703,3981173640.1966696,17117.14357931976,13696.783955862416,16133.04999641597,12909.33264221751,794404101.3384416,2575.93054796103,1619437168.1911786,6201.461174517606,0.4548780705646871,11.846793749915644,308395.0,26672.28,29,29,0.8529411764705882,1.0,16706.199088376572,5278841494.144318,308395.0,29,29,0.8529411764705882,0.9759922273807602,13367.954681035222,4224019688.06819,308395.0,29,29,0.8529411764705882,0.9759922273807602,15745.731400447188,4975351953.644703,308395.0,29,29,0.8529411764705882,0.9759922273807602,12599.408319477025,3981173640.196669,308395.0,29,29,0.8529411764705882,0.9759922273807602,2514.088193082627,794404101.3384417,308395.0,29,29,0.8529411764705882,0.9759922273807602,5125.109320469201,1619437168.1911786,261138.0,14,14,0.4117647058823529,0.8264357667074919,0.406773809572189,1619437168.1911786,3560156606.7601457,14,14,0.4117647058823529,0.8942480103892867
PL,2014,1577925.0,93750.0,170325.0,16.8312,3952046985.1588078,6707206356.545756,3442715794.7565894,5842796239.28712,3646.5230513052015,6188.687199532894,3157.1514464272454,5358.1514414114545,745644070.7526698,687.9999914675601,999503019.683714,719.9759550250236,0.17271006453109683,16.8312,1577925.0,93750.0,281,281,0.9964539007092199,1.0,2504.584809264577,3952046985.1588078,1083785.0,94,94,0.3333333333333333,0.6868418967948413,4250.6496547971265,6707206356.545757,1083785.0,94,94,0.3333333333333333,0.6868418967948413,2181.7993851143683,3442715794.75659,1090450.0,93,93,0.32978723404255317,0.6910657984378218,3702.835204009772,5842796239.287121,1090450.0,93,93,0.32978723404255317,0.6910657984378218,472.54721913441375,745644070.7526697,1083785.0,94,94,0.3333333333333333,0.6868418967948413,633.4287242319591,999503019.6837139,1388245.0,228,228,0.8085106382978723,0.879791498328501,0.17106586961958878,996230445.0636588,5768224612.551663,91,91,0.32269503546099293,0.9872369968622156
PL,2015,1529680.0,93990.0,169775.0,16.27492286413448,4173145312.0145307,7112771115.257082,3858490714.8490715,6576469126.548969,3986.4022964378973,6794.483534102072,3694.3683987352574,6296.736602962365,799624418.5004439,763.8422292702778,1084266027.390564,819.8856883312644,0.16518096739851812,16.27492286413448,1529680.0,93990.0,279,279,0.9928825622775801,1.0,2728.11654203136,4173145312.0145307,1046845.0,94,94,0.33451957295373663,0.6843555514878928,4649.84252605583,7112771115.257083,1046845.0,94,94,0.33451957295373663,0.6843555514878928,2522.4169204337322,3858490714.849071,1044425.0,93,93,0.3309608540925267,0.6827735212593483,4299.245022847242,6576469126.548968,1044425.0,93,93,0.3309608540925267,0.6827735212593483,522.7396700620025,799624418.5004439,1046845.0,94,94,0.33451957295373663,0.6843555514878928,708.8188558329612,1084266027.390564,1322460.0,227,227,0.8078291814946619,0.8645337586946289,0.16487054170351398,1083360313.82645,6558626764.866429,91,91,0.3238434163701068,0.9972869390338182
PL,2016,1479515.0,93920.0,169410.0,15.752928023850085,3439961266.960029,6016788130.972997,,,3423.988361254775,5988.850145046357,,,,,928727.7115002245,0.722565362322398,,15.752928023850085,1479515.0,93920.0,272,272,0.9927007299270073,1.0,2325.060081824131,3439961266.9600286,1004665.0,94,94,0.34306569343065696,0.6790502292981145,4066.7300642257746,6016788130.972999,1004665.0,94,94,0.34306569343065696,0.6790502292981145,,,,0,0,0.0,,,,,0,0,0.0,,,,,0,0,0.0,,0.6277244309792226,928727.7115002245,1285320.0,223,223,0.8138686131386861,0.8687441492651308,,,,0,0,0.0,
PL,2017,1242160.0,93130.0,,13.3379147428326,4954296241.484614,8311830653.424765,4793975217.289169,8042859817.13565,5052.620231183444,8476.788966717078,4889.1174427245915,8202.480079482377,533061874.35958076,543.641130764253,0.0,0.0,0.0,13.3379147428326,1242160.0,93130.0,244,244,0.9838709677419355,1.0,3988.452567692257,4954296241.484614,980540.0,133,133,0.5362903225806451,0.7893830102402267,6691.433191718269,8311830653.424765,980540.0,133,133,0.5362903225806451,0.7893830102402267,3859.386244355936,4793975217.289171,980540.0,133,133,0.5362903225806451,0.7893830102402267,6474.898416577293,8042859817.135651,980540.0,133,133,0.5362903225806451,0.7893830102402267,429.14107229308684,533061874.3595807,980540.0,133,133,0.5362903225806451,0.7893830102402267,0.0,0.0,259390.0,128,128,0.5161290322580645,0.20882172988986927,0.0,0.0,317343974.1467644,33,33,0.13306451612903225,0.0394566088881283
PL,2018,1207065.0,91390.0,,13.170368749316118,5163268004.2238655,8534054198.7131,5029251554.6169195,8312546493.994082,5600.438210972367,9256.626460196001,5455.074684488059,9016.363856643688,545347808.0433156,611.5684385718786,0.0,0.0,0.0,13.207845497319182,1203640.0,91390.0,241,241,0.9836734693877551,1.0,4277.539324082684,5163268004.223865,921940.0,133,133,0.5428571428571428,0.7637865400786205,7070.086696833311,8534054198.713101,921940.0,133,133,0.5428571428571428,0.7637865400786205,4166.512619135606,5029251554.61692,921940.0,133,133,0.5428571428571428,0.7637865400786205,6886.57735415581,8312546493.9940815,921940.0,133,133,0.5428571428571428,0.7637865400786205,451.7965544882137,545347808.0433155,891720.0,113,113,0.46122448979591835,0.7387506058083037,0.0,0.0,269425.0,128,128,0.5224489795918368,0.22320670386433208,0.0,0.0,331458679.97781473,33,33,0.1346938775510204,0.039874505389810175
PL,2019,1173915.0,91745.0,,12.795411194070521,5872486969.471334,9663580459.638079,5472005049.32986,9004559966.610764,6662.529746853183,10963.650086948424,6208.16982747142,10215.969647399383,850451635.3834019,964.8653710868845,0.0,0.0,0.0,12.795411194070521,1173915.0,91745.0,239,239,0.9835390946502057,1.0,5002.4805624524215,5872486969.471333,881420.0,129,129,0.5308641975308642,0.7508380078625795,8231.92519018675,9663580459.63808,881420.0,129,129,0.5308641975308642,0.7508380078625795,4661.329865731215,5472005049.329859,881420.0,129,129,0.5308641975308642,0.7508380078625795,7670.538298437931,9004559966.610764,881420.0,129,129,0.5308641975308642,0.7508380078625795,724.457593082465,850451635.3834018,881420.0,129,129,0.5308641975308642,0.7508380078625795,0.0,0.0,273955.0,127,127,0.522633744855967,0.23336868512626552,0.0,0.0,344534541.7786661,31,31,0.12757201646090535,0.03826222969875404
PL,2020,1272365.0,91655.0,,13.882112268834215,5501298401.980645,9194664580.127977,5309534661.264911,8874157829.598503,6011.132614696093,10046.782432107146,5801.597121090175,9696.572637880323,778996994.3309847,851.1907366608768,2904062224.225166,2698.052430866364,0.3841616262796805,13.882112268834215,1272365.0,91655.0,237,237,0.9916317991631799,1.0,4323.679448885065,5501298401.980643,915185.0,134,134,0.5606694560669456,0.7192786661060309,7226.436266423532,9194664580.127977,915185.0,134,134,0.5606694560669456,0.7192786661060309,4172.965038542329,5309534661.264912,915185.0,134,134,0.5606694560669456,0.7192786661060309,6974.537832774796,8874157829.598503,915185.0,134,134,0.5606694560669456,0.7192786661060309,612.2433376672454,778996994.3309846,915185.0,134,134,0.5606694560669456,0.7192786661060309,2282.412848691347,2904062224.2251654,1076355.0,206,206,0.8619246861924686,0.8459482931391542,0.3272493322734328,2872643068.0432305,7477693948.410832,110,110,0.4602510460251046,0.8426370244926271
PL,2021,1291930.0,92145.0,,14.020619675511423,5452813107.859459,9059181902.876442,5250965565.583108,8723836904.623268,6210.245728085394,10317.56354003706,5980.3601970116315,9935.636853454895,858102655.1764295,977.298917670058,3341905229.6640263,2982.8585464302214,0.4375469799813321,14.020619675511423,1291930.0,92145.0,237,237,0.9916317991631799,1.0,4220.672256128009,5452813107.859459,878035.0,126,126,0.5271966527196653,0.679630475335351,7012.130613018076,9059181902.87644,878035.0,126,126,0.5271966527196653,0.679630475335351,4064.4350433716286,5250965565.583108,878035.0,126,126,0.5271966527196653,0.679630475335351,6752.561597472981,8723836904.623268,878035.0,126,126,0.5271966527196653,0.679630475335351,664.2021279608257,858102655.1764294,878035.0,126,126,0.5271966527196653,0.679630475335351,2586.754104064482,3341905229.664027,1120370.0,209,209,0.8744769874476988,0.8672064275928263,0.3830774539002393,3276030243.5913296,7487265124.606965,106,106,0.4435146443514644,0.8582536797127681
PL,2022,1329410.0,93170.0,,14.268648706665235,5610289686.519708,9015008281.069443,5449966283.263268,8757389354.282326,6721.807829147546,10801.073853481068,6529.720937485944,10492.4151182334,932491761.7932372,1117.2382845217546,3167935452.5544443,3385.4687468855773,0.44266121110247986,14.268648706665235,1329410.0,93170.0,263,263,0.9924528301886792,1.0,4220.13501216307,5610289686.519708,834640.0,120,120,0.4528301886792453,0.6278273820717462,6781.209920994609,9015008281.069439,834640.0,120,120,0.4528301886792453,0.6278273820717462,4099.537601840868,5449966283.263268,834640.0,120,120,0.4528301886792453,0.6278273820717462,6587.425515290486,8757389354.282326,834640.0,120,120,0.4528301886792453,0.6278273820717462,701.4327873216217,932491761.7932372,834640.0,120,120,0.4528301886792453,0.6278273820717462,2382.963459395103,3167935452.5544443,935745.0,191,191,0.720754716981132,0.7038799166547566,0.36174427382349256,3146523574.0787096,7108198087.295845,93,93,0.35094339622641507,0.8116800338242317
PT,2014,333960.0,24335.0,37995.0,13.723443599753441,1753667381.3899999,2171380117.3188643,1645654679.9399998,2037639457.69587,6242.808662525364,7729.807117293312,5858.29867195899,7253.709222512085,228345731.45061836,812.878613971088,0.0,0.0,0.0,13.723443599753441,333960.0,24335.0,91,91,1.0,1.0,5251.130019732902,1753667381.3899999,280910.0,34,34,0.37362637362637363,0.8411486405557552,6501.916748469471,2171380117.3188643,280910.0,34,34,0.37362637362637363,0.8411486405557552,4927.699963887891,1645654679.9399998,280910.0,34,34,0.37362637362637363,0.8411486405557552,6101.4476515027845,2037639457.69587,280910.0,34,34,0.37362637362637363,0.8411486405557552,683.7517410786272,228345731.45061836,280910.0,34,34,0.37362637362637363,0.8411486405557552,0.0,0.0,108335.0,63,63,0.6923076923076923,0.3243951371421727,0.0,0.0,533693369.1130075,20,20,0.21978021978021978,0.26191746881290734
PT,2015,338705.0,25910.0,39825.0,13.07236588189888,1763884905.3,2168207995.9730654,1605965043.7199998,1974089260.9173446,6176.175721913899,7591.897603155046,5623.225349603459,6912.198255982578,274879443.3463385,962.4798870650344,0.0,0.0,0.0,13.07236588189888,338705.0,25910.0,90,90,1.0,1.0,5207.732112900607,1763884905.3,285595.0,34,34,0.37777777777777777,0.8431968822426595,6401.464389285855,2168207995.9730654,285595.0,34,34,0.37777777777777777,0.8431968822426595,4741.486082933526,1605965043.7199998,285595.0,34,34,0.37777777777777777,0.8431968822426595,5828.344018887659,1974089260.9173446,285595.0,34,34,0.37777777777777777,0.8431968822426595,811.5600399945041,274879443.3463385,285595.0,34,34,0.37777777777777777,0.8431968822426595,0.0,0.0,114250.0,65,65,0.7222222222222222,0.33731418195775087,0.0,0.0,528243859.0597428,20,20,0.2222222222222222,0.2675886392362379
PT,2016,344925.0,26950.0,40685.0,12.7987012987013,1787361143.52,2172824567.4314795,1652902869.0,2009368937.1965406,6190.638485453034,7525.715459377527,5724.933738570241,6959.5765350392785,240998562.5420922,834.7137799324336,0.0,0.0,0.0,12.7987012987013,344925.0,26950.0,95,95,0.9895833333333334,1.0,5181.883434137856,1787361143.52,288720.0,34,34,0.3541666666666667,0.8370515329419439,6299.411661756844,2172824567.4314795,288720.0,34,34,0.3541666666666667,0.8370515329419439,4792.064561861274,1652902869.0,288720.0,34,34,0.3541666666666667,0.8370515329419439,5825.524207281411,2009368937.1965406,288720.0,34,34,0.3541666666666667,0.8370515329419439,698.6984490602078,240998562.5420922,288720.0,34,34,0.3541666666666667,0.8370515329419439,0.0,0.0,119220.0,70,70,0.7291666666666666,0.34564035659926073,0.0,0.0,541411757.8452659,20,20,0.20833333333333334,0.2694436784718292
PT,2017,353454.0,23799.530038588116,37599.96003858811,14.851301661289792,1787240232.9500003,2132429369.5801578,1716794526.1,2048377717.4976497,6092.850583123675,7269.6290562299555,5852.695310124295,6983.089984446568,195036699.10418984,664.8963267271773,0.0,0.0,0.0,14.851301661289792,353454.0,23799.530038588116,90,90,1.0,1.0,5056.500231854782,1787240232.9500003,293334.0,34,34,0.37777777777777777,0.8299071449184335,6033.1170946718885,2132429369.5801578,293334.0,34,34,0.37777777777777777,0.8299071449184335,4857.19365490276,1716794526.1,293334.0,34,34,0.37777777777777777,0.8299071449184335,5795.31627170056,2048377717.4976497,293334.0,34,34,0.37777777777777777,0.8299071449184335,551.8022121809057,195036699.10418984,293334.0,34,34,0.37777777777777777,0.8299071449184335,0.0,0.0,120783.0,64,64,0.7111111111111111,0.3417219779660154,0.0,0.0,549766166.581556,20,20,0.2222222222222222,0.2683910110353887
PT,2018,365040.0,24167.71851364678,38156.90851364679,15.104446031754009,1893514079.21,2247894674.6720486,1782002805.89,2115513510.8802752,6298.29822215348,7477.056119372565,5927.384024993431,7036.723481917766,261592013.106191,870.1200213751077,0.0,0.0,0.0,15.104446031754009,365040.0,24167.71851364678,90,90,1.0,1.0,5187.141352207977,1893514079.21,300639.0,34,34,0.37777777777777777,0.8235782380013149,6157.940704229806,2247894674.6720486,300639.0,34,34,0.37777777777777777,0.8235782380013149,4881.664491261232,1782002805.89,300639.0,34,34,0.37777777777777777,0.8235782380013149,5795.2923265403115,2115513510.8802752,300639.0,34,34,0.37777777777777777,0.8235782380013149,716.6119140537777,261592013.106191,300639.0,34,34,0.37777777777777777,0.8235782380013149,0.0,0.0,125765.0,64,64,0.7111111111111111,0.34452388779311854,0.0,0.0,562199410.3282484,20,20,0.2222222222222222,0.2657508011349521
PT,2019,377613.0,24917.07256407542,42061.69256407543,15.154789914784349,1967123759.64,2323250124.764973,1874010478.1800003,2213279696.260358,6377.26167704622,7531.795553914696,7157.601866084082,8453.4078483405,250847059.4842166,813.226585978093,0.0,0.0,0.0,15.154789914784349,377613.0,24917.07256407542,89,89,1.0,1.0,5209.3645071541505,1967123759.64,308459.0,34,34,0.38202247191011235,0.8168654151207718,6152.4633017533115,2323250124.764973,308459.0,34,34,0.38202247191011235,0.8168654151207718,4962.7806197879845,1874010478.1800003,261821.0,34,34,0.38202247191011235,0.6933580146869943,5861.238083064825,2213279696.260358,261821.0,34,34,0.38202247191011235,0.6933580146869943,664.296672742243,250847059.4842166,308459.0,34,34,0.38202247191011235,0.8168654151207718,0.0,0.0,130708.0,62,62,0.6966292134831461,0.34614274402629147,0.0,0.0,967683146.9968536,21,21,0.23595505617977527,0.4372168364585317
PT,2020,402161.0,25431.948370966125,43057.56587096613,15.813220211594919,2054959952.31,2418416515.117457,1881904466.9799998,2214753060.1273603,6287.396056486699,7399.43493448576,5757.912075646038,6776.302205151666,320547703.1538884,980.754083533397,0.0,0.0,0.0,15.813220211594919,402161.0,25431.948370966125,92,92,1.0,1.0,5109.7942175148755,2054959952.31,326838.0,34,34,0.3695652173913043,0.8127043646698711,6013.553067347299,2418416515.117457,326838.0,34,34,0.3695652173913043,0.8127043646698711,4679.480275262892,1881904466.9799998,326838.0,34,34,0.3695652173913043,0.8127043646698711,5507.130378448831,2214753060.1273603,326838.0,34,34,0.3695652173913043,0.8127043646698711,797.063124355391,320547703.1538884,326838.0,34,34,0.3695652173913043,0.8127043646698711,0.0,0.0,140191.0,64,64,0.6956521739130435,0.34859421972791993,0.0,0.0,585885028.9686047,20,20,0.21739130434782608,0.2645374057796372
PT,2021,416338.0,26353.885274151005,44384.67027415101,15.797974214009415,2121727249.1900005,2504118694.4216595,1928292381.11,2275821739.901687,6312.729279982626,7450.450291790491,5737.206692918539,6771.203291555526,321362504.57042706,956.1429221709626,0.0,0.0,0.0,15.797974214009415,416338.0,26353.885274151005,93,93,1.0,1.0,5096.165253207731,2121727249.1900005,336103.0,34,34,0.3655913978494624,0.8072839856078474,6014.629206129778,2504118694.4216595,336103.0,34,34,0.3655913978494624,0.8072839856078474,4631.555085315296,1928292381.11,336103.0,34,34,0.3655913978494624,0.8072839856078474,5466.283980567921,2275821739.901687,336103.0,34,34,0.3655913978494624,0.8072839856078474,771.8788690209086,321362504.57042706,336103.0,34,34,0.3655913978494624,0.8072839856078474,0.0,0.0,146125.0,66,66,0.7096774193548387,0.35097685053970573,0.0,0.0,597711341.2683892,20,20,0.21505376344086022,0.26263539485048143
PT,2022,427826.0,27096.082840461997,52554.136040462,15.78921951630354,2306685373.7799997,2755922844.877848,2052251099.62,2451936338.244571,6726.344136551454,8036.330259490478,5984.408323550081,7149.899071377124,379680784.5833652,1107.1573298089284,0.0,0.0,0.0,15.78921951630354,427826.0,27096.082840461997,94,94,1.0,1.0,5391.643737827995,2306685373.7799997,342933.0,34,34,0.3617021276595745,0.8015711995063414,6441.69088572889,2755922844.877848,342933.0,34,34,0.3617021276595745,0.8015711995063414,4796.929358243772,2052251099.62,342933.0,34,34,0.3617021276595745,0.8015711995063414,5731.153174993037,2451936338.244571,342933.0,34,34,0.3617021276595745,0.8015711995063414,887.4654288971807,379680784.5833652,342933.0,34,34,0.3617021276595745,0.8015711995063414,0.0,0.0,149035.0,66,66,0.7021276595744681,0.3483542374703735,0.0,0.0,636591323.2265065,19,19,0.20212765957446807,0.25962799820580373
PT,2023,429885.0,27522.05579831918,53168.24769831918,15.61965440191622,2572433198.44,3130928164.4069033,2244948117.2400002,2732343561.792556,7503.546078190585,9132.623449028242,6548.30284847548,7969.989591873954,430610362.40597844,1256.049991120875,,,,15.61965440191622,429885.0,27522.05579831918,94,94,1.0,1.0,5984.003160007909,2572433198.44,342829.0,34,34,0.3617021276595745,0.79749002640241,7283.176115488801,3130928164.4069033,342829.0,34,34,0.3617021276595745,0.79749002640241,5222.206211521687,2244948117.2400002,342829.0,34,34,0.3617021276595745,0.79749002640241,6355.987210050492,2732343561.792556,342829.0,34,34,0.3617021276595745,0.79749002640241,1001.6873405817333,430610362.40597844,342829.0,34,34,0.3617021276595745,0.79749002640241,,,,0,0,0.0,,,,,0,0,0.0,
RO,2014,441210.0,,,,386883534.44201905,756730958.197432,,,879.1009439933175,1719.4913726679365,,,,,,,,,,,0,0,0.0,,876.8693693298408,386883534.4420191,440090.0,44,44,0.4583333333333333,0.9974615262573377,1715.1264889676845,756730958.1974322,440090.0,44,44,0.4583333333333333,0.9974615262573377,,,,0,0,0.0,,,,,0,0,0.0,,,,,0,0,0.0,,,,,0,0,0.0,,,,,0,0,0.0,
RO,2015,449450.0,8400.0,15010.0,20.82559523809524,693555525.711972,1333153915.404772,389663505.19638276,749012023.384328,1544.0652879433892,2968.0056000551494,2190.4129132150015,4210.416388230856,258807033.02690408,1481.7762110781177,57143148.30973858,378.9333442290356,0.0898723233363827,53.50595238095238,174935.0,8400.0,17,17,0.17708333333333334,1.0,1543.1205377950205,693555525.7119719,449175.0,50,50,0.5208333333333334,0.9993881410612971,2966.189599298636,1333153915.4047718,449175.0,50,50,0.5208333333333334,0.9993881410612971,866.9785408752537,389663505.1963827,177895.0,18,18,0.1875,0.39580598509289133,1666.5080061949673,749012023.384328,177895.0,18,18,0.1875,0.39580598509289133,575.8305329333721,258807033.02690405,174660.0,16,16,0.16666666666666666,0.3886082990321504,127.14016755976989,57143148.30973857,150800.0,13,13,0.13541666666666666,0.33552119256869506,0.07629136319006413,57143148.30973857,635825871.5072687,12,12,0.125,0.8488860681225914
RO,2016,461580.0,8920.0,15820.0,20.115470852017935,780635639.8093711,1524801547.261734,380376339.5243185,742982258.9064337,1692.2332075511235,3305.408671620151,2148.1086518385914,4195.86197321154,200696369.1330636,1139.5433178120804,68361289.31227979,410.7510022969404,0.09947779605960433,51.74663677130045,179430.0,8920.0,19,19,0.20212765957446807,1.0,1691.2250093361306,780635639.809371,461305.0,50,50,0.5319148936170213,0.9994042202868408,3303.4393761899,1524801547.2617338,461305.0,50,50,0.5319148936170213,0.9994042202868408,824.0745689248203,380376339.5243186,177075.0,17,17,0.18085106382978725,0.3836279734823866,1609.6500257949515,742982258.9064335,177075.0,17,17,0.18085106382978725,0.3836279734823866,434.8030008515612,200696369.1330636,176120.0,16,16,0.1702127659574468,0.3815589930239612,148.10279759148963,68361289.31227979,166430.0,17,17,0.18085106382978725,0.36056588240391696,0.09200931582525008,68361289.31227978,687201486.3630432,15,15,0.1595744680851064,0.9249231433527201
RO,2017,471333.0,9162.02,16841.52,20.445163839415326,858563864.4720715,1669805368.773254,428082800.7354228,832570515.1672527,1822.8996587430495,3545.324655348445,2253.1385240345635,4382.088461568537,154165837.71082184,819.3729382826657,63227156.63604554,358.34933482229394,0.08057632182766104,51.44422299885833,187319.0,9162.02,20,20,0.2127659574468085,1.0,1821.5653571298244,858563864.4720714,470988.0,52,52,0.5531914893617021,0.999268033428595,3542.7295962159533,1669805368.7732534,470988.0,52,52,0.5531914893617021,0.999268033428595,908.238550526746,428082800.73542285,189994.0,20,20,0.2127659574468085,0.403099294978285,1766.4167693907548,832570515.1672527,189994.0,20,20,0.2127659574468085,0.403099294978285,327.08475262886714,154165837.71082184,188151.0,18,18,0.19148936170212766,0.3991891083374175,134.1454059784601,63227156.63604554,176440.0,17,17,0.18085106382978725,0.374342556112133,0.07594210398304102,63227156.63604554,784686558.0595452,15,15,0.1595744680851064,0.9424866047555285
RO,2018,460425.0,8392.0,15429.0,20.387750238322212,956517672.3248817,1812458317.3529088,462574483.88483024,876509650.5478129,2079.4992604486806,3940.3409258175093,2658.0615874825758,5036.630238686026,151913007.04767254,884.3205579513494,52963215.77888793,354.3732990237122,0.06963935492778771,54.8647521448999,171094.0,8392.0,19,19,0.20430107526881722,1.0,2077.4668454686034,956517672.3248818,459975.0,51,51,0.5483870967741935,0.9990226421241245,3936.4898025800267,1812458317.3529088,459975.0,51,51,0.5483870967741935,0.9990226421241245,1004.6684777864587,462574483.88483024,174027.0,19,19,0.20430107526881722,0.3779703534777651,1903.6969116529574,876509650.547813,174027.0,19,19,0.20430107526881722,0.3779703534777651,329.9408308577348,151913007.04767257,171785.0,17,17,0.1827956989247312,0.37310093934951405,115.03114682931624,52963215.77888793,149456.0,14,14,0.15053763440860216,0.32460444154856927,0.06042513707154993,52963215.778887935,760535703.3218926,12,12,0.12903225806451613,0.86768662826081
RO,2019,479799.0,9460.0,16898.0,20.35126849894292,1210695803.6372833,2282842189.8158274,598474025.8086948,1128459974.4382417,2572.8610850751083,4851.289494767612,3061.295190251997,5772.262359208793,198810268.9686687,1029.891571532681,58884111.215306066,376.2010133674033,0.06337879072522579,50.718710359408036,192523.0,9460.0,20,20,0.21739130434782608,1.0,2523.3395726904046,1210695803.6372833,470564.0,50,50,0.5434782608695652,0.9807523567160416,4757.913605105112,2282842189.815827,470564.0,50,50,0.5434782608695652,0.9807523567160416,1247.3432120715024,598474025.8086947,195497.0,20,20,0.21739130434782608,0.4074560388829489,2351.943156276361,1128459974.4382415,195497.0,20,20,0.21739130434782608,0.4074560388829489,414.36157426061476,198810268.96866873,193040.0,18,18,0.1956521739130435,0.40233514450842955,122.72662347213326,58884111.215306066,156523.0,15,15,0.16304347826086957,0.3262261905506264,0.05218094797258462,58884111.215306066,929082277.2336241,13,13,0.14130434782608695,0.8233187691890713
RO,2020,474442.0,2898.0,5197.0,20.807798481711526,1118633655.2094743,2141333718.6897879,165068679.4948639,315981132.5681594,2361.102409597519,4519.717585293025,2861.05692858764,5476.75071614801,79324997.92287332,1374.9024685479387,20482660.146467105,349.31885098688696,0.06709666946351157,163.7135955831608,60301.0,2898.0,6,6,0.06666666666666667,1.0,2357.7880019253657,1118633655.209474,473776.0,46,46,0.5111111111111111,0.9985962456949427,4513.373012275026,2141333718.689788,473776.0,46,46,0.5111111111111111,0.9985962456949427,347.92172593249313,165068679.4948639,57695.0,4,4,0.044444444444444446,0.12160601295838058,666.005818557715,315981132.5681594,57695.0,4,4,0.044444444444444446,0.12160601295838058,167.19640740675007,79324997.92287332,57695.0,4,4,0.044444444444444446,0.12160601295838058,43.17210564508856,20482660.146467105,58636.0,5,5,0.05555555555555555,0.12358939554255315,0.06482241512331072,20482660.146467105,305270892.13580054,3,3,0.03333333333333333,0.9661048102925937
RO,2021,466980.0,,,,1025666971.4517932,1948551465.9049237,,,2196.3830816133304,4172.665779915465,,,,,0.0,,,,,,0,0,0.0,,2196.383081613331,1025666971.4517931,466980.0,46,46,0.5111111111111111,1.0,4172.665779915465,1948551465.9049237,466980.0,46,46,0.5111111111111111,1.0,,,,0,0,0.0,,,,,0,0,0.0,,,,,0,0,0.0,,0.0,,,0,0,0.0,,,,,0,0,0.0,
RO,2022,520351.0,,,,,,,,,,,,,,,,,,,,0,0,0.0,,,,,0,0,0.0,,,,,0,0,0.0,,,,,0,0,0.0,,,,,0,0,0.0,,,,,0,0,0.0,,,,,0,0,0.0,,,,,0,0,0.0,
RO,2023,525885.0,47175.0,71495.0,10.519554848966614,,,,,,,,,,,,,,11.147535771065183,496260.0,47175.0,69,69,0.7666666666666667,1.0,,,,0,0,0.0,,,,,0,0,0.0,,,,,0,0,0.0,,,,,0,0,0.0,,,,,0,0,0.0,,,,,0,0,0.0,,,,,0,0,0.0,
RS,2014,190380.0,11565.0,11565.0,16.461738002594032,,,,,,,,,,,0.0,0.0,,16.461738002594032,190380.0,11565.0,15,15,0.36585365853658536,1.0,,,,0,0,0.0,,,,,0,0,0.0,,,,,0,0,0.0,,,,,0,0,0.0,,,,,0,0,0.0,,0.0,0.0,2350.0,1,1,0.024390243902439025,0.012343733585460658,,,,0,0,0.0,
RS,2015,201360.0,11700.0,,17.21025641025641,,,,,,,,,,,,,,17.21025641025641,201360.0,11700.0,16,16,0.34782608695652173,1.0,,,,0,0,0.0,,,,,0,0,0.0,,,,,0,0,0.0,,,,,0,0,0.0,,,,,0,0,0.0,,,,,0,0,0.0,,,,,0,0,0.0,
RS,2016,247960.0,13400.0,,18.5044776119403,,,,,,,,,,,0.0,0.0,,18.5044776119403,247960.0,13400.0,46,46,1.0,1.0,,,,0,0,0.0,,,,,0,0,0.0,,,,,0,0,0.0,,,,,0,0,0.0,,,,,0,0,0.0,,0.0,0.0,33660.0,30,30,0.6521739130434783,0.13574770124213584,,,,0,0,0.0,
RS,2017,242693.0,13217.0,,18.362185064689417,,,,,,,,,,,248874889.15474924,1037.3417744325066,,18.362185064689417,242693.0,13217.0,46,46,1.0,1.0,,,,0,0,0.0,,,,,0,0,0.0,,,,,0,0,0.0,,,,,0,0,0.0,,,,,0,0,0.0,,1025.472053807688,248874889.15474924,239916.0,44,44,0.9565217391304348,0.9885575603746297,,,,0,0,0.0,
RS,2018,236432.0,13462.0,,17.562917842816816,,,,,,,,,,,249718818.1165676,1068.3797879512251,,17.562917842816816,236432.0,13462.0,46,46,1.0,1.0,,,,0,0,0.0,,,,,0,0,0.0,,,,,0,0,0.0,,,,,0,0,0.0,,,,,0,0,0.0,,1056.1972073009051,249718818.11656758,233736.0,44,44,0.9565217391304348,0.9885971442105975,,,,0,0,0.0,
RS,2019,226601.0,13226.0,,17.013382730984425,,,,,,,,,,,273025902.46919054,1219.6878363056815,,17.13299561469832,225019.0,13226.0,43,43,0.9148936170212766,1.0,,,,0,0,0.0,,,,,0,0,0.0,,,,,0,0,0.0,,,,,0,0,0.0,,,,,0,0,0.0,,1204.8750997091388,273025902.4691905,223849.0,42,42,0.8936170212765957,0.9878553051398714,,,,0,0,0.0,
RS,2020,238287.0,14288.0,,16.677421612541995,,,,,,,,,,,253617897.08597162,1064.3379499761702,,16.677421612541995,238287.0,14288.0,40,40,1.0,1.0,,,,0,0,0.0,,,,,0,0,0.0,,,,,0,0,0.0,,,,,0,0,0.0,,,,,0,0,0.0,,1064.33794997617,253617897.08597165,238287.0,39,39,0.975,1.0,,,,0,0,0.0,
RS,2021,238189.0,14179.0,,16.79871641159461,,,,,,,,,,,271351.92253980075,1.1392294461112846,,16.79871641159461,238189.0,14179.0,39,39,0.975,1.0,,,,0,0,0.0,,,,,0,0,0.0,,,,,0,0,0.0,,,,,0,0,0.0,,,,,0,0,0.0,,1.1392294461112846,271351.92253980075,238189.0,39,39,0.975,1.0,,,,0,0,0.0,
RS,2022,241405.0,14510.0,,16.637146795313576,,,,,,,,,,,295414.2836340988,1.2237289353331486,,16.637146795313576,241405.0,14510.0,39,39,0.975,1.0,,,,0,0,0.0,,,,,0,0,0.0,,,,,0,0,0.0,,,,,0,0,0.0,,,,,0,0,0.0,,1.223728935333149,295414.28363409877,241405.0,39,39,0.975,1.0,,,,0,0,0.0,
RS,2023,242775.0,14505.0,,16.71113409169252,,,,,,,,,,,343128.70031209046,1.4133900412410532,,16.737331954498448,242395.0,14505.0,38,38,0.926829268292683,1.0,,,,0,0,0.0,,,,,0,0,0.0,,,,,0,0,0.0,,,,,0,0,0.0,,,,,0,0,0.0,,1.4133609321886127,343128.70031209046,242770.0,39,39,0.9512195121951219,0.9999794047986819,,,,0,0,0.0,
SE,2014,466780.0,28775.0,50125.0,16.221720243266724,7182657800.736385,5367231603.153746,6831028191.460131,5104476839.684626,15387.672566811743,11498.418105218188,14634.363493423305,10935.508890022335,1708622700.3942182,3660.44539267796,2939142575.558476,6296.6334794945715,0.5757970244292592,16.221720243266724,466780.0,28775.0,37,37,1.0,1.0,15387.672566811743,7182657800.736385,466780.0,37,37,1.0,1.0,11498.418105218188,5367231603.153746,466780.0,37,37,1.0,1.0,14634.363493423305,6831028191.460131,466780.0,37,37,1.0,1.0,10935.508890022335,5104476839.684626,466780.0,37,37,1.0,1.0,3660.44539267796,1708622700.3942182,466780.0,37,37,1.0,1.0,6296.6334794945715,2939142575.558476,466780.0,37,37,1.0,1.0,0.5757970244292592,2939142575.558476,5104476839.684626,37,37,1.0,1.0
SE,2015,462835.0,28890.0,49970.0,16.020595361716857,7141297161.490352,5424272837.270491,6873625273.961618,5220958885.198509,15429.466573380041,11719.668644917716,14851.135445594258,11280.38909157369,1776377463.5992305,3838.0361545674605,2966713495.692001,6409.872839547573,0.568231537716697,16.020595361716857,462835.0,28890.0,37,37,1.0,1.0,15429.466573380041,7141297161.490352,462835.0,37,37,1.0,1.0,11719.668644917716,5424272837.270491,462835.0,37,37,1.0,1.0,14851.135445594258,6873625273.961618,462835.0,37,37,1.0,1.0,11280.38909157369,5220958885.198509,462835.0,37,37,1.0,1.0,3838.0361545674605,1776377463.5992305,462835.0,37,37,1.0,1.0,6409.872839547573,2966713495.692001,462835.0,37,37,1.0,1.0,0.568231537716697,2966713495.692001,5220958885.198509,37,37,1.0,1.0
SE,2016,459945.0,29155.0,50130.0,15.775853198422226,7296079058.813591,5439487512.597631,7007364530.198862,5224240520.2821865,15862.938087844397,11826.386877991132,15235.222755326968,11358.402679194656,1789147770.2191987,3889.9167731341763,3020282186.9488544,6566.615980060343,0.5781284715401492,15.775853198422226,459945.0,29155.0,37,37,1.0,1.0,15862.938087844397,7296079058.813591,459945.0,37,37,1.0,1.0,11826.386877991132,5439487512.597631,459945.0,37,37,1.0,1.0,15235.222755326968,7007364530.198862,459945.0,37,37,1.0,1.0,11358.402679194656,5224240520.2821865,459945.0,37,37,1.0,1.0,3889.9167731341763,1789147770.2191987,459945.0,37,37,1.0,1.0,6566.615980060343,3020282186.9488544,459945.0,37,37,1.0,1.0,0.5781284715401492,3020282186.9488544,5224240520.2821865,37,37,1.0,1.0
SE,2017,466595.99999999895,29780.01,60186.01999999999,15.66809413428669,7342906145.239801,5489702196.66814,7046322715.903314,5267970545.558944,15737.181941636487,11765.429186422843,15101.549768757832,11290.217973490891,1815431069.9348993,3890.798613650574,3001621701.3121033,6433.020645938049,0.5697871078346404,15.66809413428669,466595.99999999895,29780.01,37,37,1.0,1.0,15737.181941636487,7342906145.239801,466595.99999999895,37,37,1.0,1.0,11765.429186422843,5489702196.66814,466595.99999999895,37,37,1.0,1.0,15101.549768757832,7046322715.903314,466595.99999999895,37,37,1.0,1.0,11290.217973490891,5267970545.558944,466595.99999999895,37,37,1.0,1.0,3890.798613650574,1815431069.9348993,466595.99999999895,37,37,1.0,1.0,6433.020645938049,3001621701.3121033,466595.99999999895,37,37,1.0,1.0,0.5697871078346404,3001621701.3121033,5267970545.558944,37,37,1.0,1.0
SE,2018,479447.99999999884,30576.459999999995,61014.61000000001,15.680297850045392,7192992308.667128,5643906791.393539,6902902625.19131,5416290930.785763,15002.653694805578,11771.67657679989,14397.604380853245,11296.93090968317,1883371908.9177673,3928.2089171667667,3096398167.341038,6458.256510280668,0.5716823942638235,15.680297850045392,479447.99999999884,30576.459999999995,37,37,1.0,1.0,15002.653694805578,7192992308.667128,479447.99999999884,37,37,1.0,1.0,11771.67657679989,5643906791.393539,479447.99999999884,37,37,1.0,1.0,14397.604380853245,6902902625.19131,479447.99999999884,37,37,1.0,1.0,11296.93090968317,5416290930.785763,479447.99999999884,37,37,1.0,1.0,3928.2089171667667,1883371908.9177673,479447.99999999884,37,37,1.0,1.0,6458.256510280668,3096398167.341038,479447.99999999884,37,37,1.0,1.0,0.5716823942638235,3096398167.341038,5416290930.785763,37,37,1.0,1.0
SE,2019,522267.99999999884,31422.82,62489.45,16.62065976255469,7205111765.872454,5780674096.860227,6992298590.05959,5609933704.085344,13795.813195279952,11068.405678426094,13388.334322722445,10741.484647892186,1959077767.0020614,3751.096691740765,3185689174.4453874,6099.721166997393,0.5678657436050376,16.62065976255469,522267.99999999884,31422.82,37,37,1.0,1.0,13795.813195279952,7205111765.872454,522267.99999999884,37,37,1.0,1.0,11068.405678426094,5780674096.860227,522267.99999999884,37,37,1.0,1.0,13388.334322722445,6992298590.05959,522267.99999999884,37,37,1.0,1.0,10741.484647892186,5609933704.085344,522267.99999999884,37,37,1.0,1.0,3751.096691740765,1959077767.0020614,522267.99999999884,37,37,1.0,1.0,6099.721166997393,3185689174.4453874,522267.99999999884,37,37,1.0,1.0,0.5678657436050376,3185689174.4453874,5609933704.085344,37,37,1.0,1.0
SE,2020,574002.9999999985,32078.15,63857.920000000006,17.893893506950945,7468918529.681063,5930338280.954185,7147057073.0962925,5674779553.199546,13011.985180706517,10331.54579497703,12451.25386643678,9886.323857540048,1932984702.7641046,3367.5515681348525,2978190.0795153347,5.463776956212481,0.0005690823946857513,17.893893506950945,574002.9999999985,32078.15,37,37,1.0,1.0,13011.985180706517,7468918529.681063,574002.9999999985,37,37,1.0,1.0,10331.54579497703,5930338280.954185,574002.9999999985,37,37,1.0,1.0,12451.25386643678,7147057073.0962925,574002.9999999985,37,37,1.0,1.0,9886.323857540048,5674779553.199546,574002.9999999985,37,37,1.0,1.0,3367.5515681348525,1932984702.7641046,574002.9999999985,37,37,1.0,1.0,5.188457341713097,2978190.079515335,545078.9999999986,32,32,0.8648648648648649,0.9496100194598287,0.0005248115898768571,2978190.079515335,5233319651.647103,32,32,0.8648648648648649,0.9222066870767625
SE,2021,557326.9999999987,32176.719999999998,64564.73,17.320814551638538,8123044366.869823,6285976728.4769945,7612628111.876019,5890993695.537607,14575.005996246085,11278.794546966159,13659.176949754876,10570.084879321512,1998639169.3920076,3586.1158160146774,3277276956.6344824,5880.3484428970605,0.5563198886322014,17.320814551638538,557326.9999999987,32176.719999999998,37,37,1.0,1.0,14575.005996246085,8123044366.869823,557326.9999999987,37,37,1.0,1.0,11278.794546966159,6285976728.4769945,557326.9999999987,37,37,1.0,1.0,13659.176949754876,7612628111.876019,557326.9999999987,37,37,1.0,1.0,10570.084879321512,5890993695.537607,557326.9999999987,37,37,1.0,1.0,3586.1158160146774,1998639169.3920076,557326.9999999987,37,37,1.0,1.0,5880.3484428970605,3277276956.6344824,557326.9999999987,37,37,1.0,1.0,0.5563198886322014,3277276956.6344824,5890993695.537607,37,37,1.0,1.0
SE,2022,555445.0,32435.0,65095.0,17.124865114845075,7965110768.902168,6268254579.378437,7632467013.785123,6006475954.848216,14340.053054581766,11285.103978572923,13741.175118661835,10813.808666651452,2104291335.6856058,3788.4783114180627,3068682396.6654577,5840.548137008161,0.5516383200167768,17.124865114845075,555445.0,32435.0,38,38,1.0,1.0,14340.053054581766,7965110768.902168,555445.0,38,38,1.0,1.0,11285.103978572923,6268254579.378437,555445.0,38,38,1.0,1.0,13741.175118661835,7632467013.785123,555445.0,38,38,1.0,1.0,10813.808666651452,6006475954.848216,555445.0,38,38,1.0,1.0,3788.4783114180627,2104291335.6856058,555445.0,38,38,1.0,1.0,5524.727734817053,3068682396.6654577,525410.0,31,31,0.8157894736842105,0.945926239321625,0.5108956432579281,3068682396.6654577,5562852117.619622,31,31,0.8157894736842105,0.926142410198027
SE,2023,598370.0,33190.0,65880.0,18.028623079240734,7702337621.127652,6484359480.84695,7480384282.672728,6297503839.701331,12878.440377754903,10841.960073647253,12507.3305956941,10529.534242411268,2188567452.8460054,3659.322252618388,3511943615.2813735,5872.029854336165,0.5576723261589838,18.028623079240734,598370.0,33190.0,39,39,1.0,1.0,12872.198842067035,7702337621.127652,598080.0,38,38,0.9743589743589743,0.9995153500342597,10836.705518069004,6484359480.84695,598080.0,38,38,0.9743589743589743,0.9995153500342597,12501.268918349395,7480384282.672728,598080.0,38,38,0.9743589743589743,0.9995153500342597,10524.431104001422,6297503839.701331,598080.0,38,38,0.9743589743589743,0.9995153500342597,3657.548762214024,2188567452.8460054,598080.0,38,38,0.9743589743589743,0.9995153500342597,5869.1839752684355,3511943615.2813735,598080.0,38,38,0.9743589743589743,0.9995153500342597,0.5576723261589838,3511943615.2813735,6297503839.701331,38,38,0.9743589743589743,1.0
SI,2014,74435.0,,,,,,,,,,,,,,0.0,0.0,,,,,0,0,0.0,,,,,0,0,0.0,,,,,0,0,0.0,,,,,0,0,0.0,,,,,0,0,0.0,,,,,0,0,0.0,,0.0,0.0,595.0,10,10,0.20833333333333334,0.007993551420702627,,,,0,0,0.0,
SI,2015,70210.0,,,,,,,,,,,,,,0.0,0.0,,,,,0,0,0.0,,,,,0,0,0.0,,,,,0,0,0.0,,,,,0,0,0.0,,,,,0,0,0.0,,,,,0,0,0.0,,0.0,0.0,480.0,10,10,0.2,0.006836632958268053,,,,0,0,0.0,
SI,2016,68980.0,5560.0,8465.0,10.727517985611511,,,,,,,,,,,0.0,0.0,,12.406474820143885,59645.0,5560.0,3,3,0.057692307692307696,1.0,,,,0,0,0.0,,,,,0,0,0.0,,,,,0,0,0.0,,,,,0,0,0.0,,,,,0,0,0.0,,0.0,0.0,705.0,14,14,0.2692307692307692,0.010220353725717599,,,,0,0,0.0,
SI,2017,66989.0,,,,,,,,,,,,,,0.0,0.0,,,,,0,0,0.0,,,,,0,0,0.0,,,,,0,0,0.0,,,,,0,0,0.0,,,,,0,0,0.0,,,,,0,0,0.0,,0.0,0.0,761.0,13,13,0.24528301886792453,0.011360074042006897,,,,0,0,0.0,
SI,2018,66217.0,,,,,,,,,,,,,,0.0,0.0,,,,,0,0,0.0,,,,,0,0,0.0,,,,,0,0,0.0,,,,,0,0,0.0,,,,,0,0,0.0,,,,,0,0,0.0,,0.0,0.0,821.0,13,13,0.24528301886792453,0.012398628750924989,,,,0,0,0.0,
SI,2019,66798.0,,,,,,,,,,,,,,0.0,0.0,,,,,0,0,0.0,,,,,0,0,0.0,,,,,0,0,0.0,,,,,0,0,0.0,,,,,0,0,0.0,,,,,0,0,0.0,,0.0,0.0,813.0,12,12,0.23076923076923078,0.012171023084523488,,,,0,0,0.0,
SI,2020,72494.0,,,,,,,,,,,,,,0.0,0.0,,,,,0,0,0.0,,,,,0,0,0.0,,,,,0,0,0.0,,,,,0,0,0.0,,,,,0,0,0.0,,,,,0,0,0.0,,0.0,0.0,917.0,12,12,0.2608695652173913,0.012649322702568489,,,,0,0,0.0,
SI,2021,71439.0,,,,,,,,,,,,,,0.0,0.0,,,,,0,0,0.0,,,,,0,0,0.0,,,,,0,0,0.0,,,,,0,0,0.0,,,,,0,0,0.0,,,,,0,0,0.0,,0.0,0.0,897.0,12,12,0.2608695652173913,0.012556166799647252,,,,0,0,0.0,
SI,2022,70015.0,,,,,,,,,,,,,,0.0,0.0,,,,,0,0,0.0,,,,,0,0,0.0,,,,,0,0,0.0,,,,,0,0,0.0,,,,,0,0,0.0,,,,,0,0,0.0,,0.0,0.0,895.0,12,12,0.2608695652173913,0.012782975076769263,,,,0,0,0.0,
SK,2014,179095.0,11785.0,21780.0,12.523971149766652,792866355.0,1170735184.6765833,702051131.0,1036638716.3744503,5310.024813314135,7840.707127057452,4632.47199604091,6840.242272348732,28153765.736712944,189.0085310107948,360835701.7769233,2304.2606837825174,0.35933044478031684,15.196860415782774,147595.0,11785.0,20,20,0.625,1.0,4427.071414612356,792866355.0,149315.0,22,22,0.6875,0.8337195343253581,6536.950694751854,1170735184.6765835,149315.0,22,22,0.6875,0.8337195343253581,3919.9929143750524,702051131.0,151550.0,23,23,0.71875,0.8461989446941567,5788.205792313857,1036638716.3744503,151550.0,23,23,0.71875,0.8461989446941567,157.20017720602442,28153765.73671294,148955.0,21,21,0.65625,0.8317094279572294,2014.7726166387856,360835701.7769233,156595.0,24,24,0.75,0.8743683519919596,0.3480824091144438,360835701.7769233,1004189060.5665956,20,20,0.625,0.9686972372386935
SK,2015,162335.0,11380.0,21175.0,12.091388400702987,1069924338.0,1565070335.1388988,746608420.0,1092128338.991877,7684.857877536362,11241.302461044346,5276.011730619744,7717.676058171699,35048737.10371299,252.46704198604712,259793191.31631723,1794.89561500841,0.24546666745816031,14.26493848857645,137600.0,11380.0,20,20,0.625,1.0,6590.842011888995,1069924338.0,139225.0,22,22,0.6875,0.8576400652970708,9640.991376714195,1565070335.138899,139225.0,22,22,0.6875,0.8576400652970708,4599.183293806019,746608420.0,141510.0,23,23,0.71875,0.8717158961406967,6727.620901172742,1092128338.991877,141510.0,23,23,0.71875,0.8717158961406967,215.90376138055868,35048737.10371299,138825.0,21,21,0.65625,0.8551760248868081,1600.3523042863044,259793191.31631726,144740.0,24,24,0.75,0.8916130224535682,0.23787789588550315,259793191.31631723,1058364437.0394969,20,20,0.625,0.9690843092822342
SK,2016,151170.0,11205.0,20875.0,11.47657295850067,793655623.0,1095622267.3484375,705406875.0,973797019.0008671,6001.857473437441,8285.41813701696,5334.494460619352,7364.139743644775,32983653.787749108,253.40852633488862,236781201.51079258,1751.6641502555394,0.24794027918916003,13.491298527443107,128595.0,11205.0,20,20,0.625,1.0,5250.08680955216,793655623.0,132235.0,23,23,0.71875,0.8747436660713105,7247.617036107942,1095622267.3484378,132235.0,23,23,0.71875,0.8747436660713105,4666.31524111927,705406875.0,132235.0,23,23,0.71875,0.8747436660713105,6441.734596817273,973797019.0008669,132235.0,23,23,0.71875,0.8747436660713105,218.18914988257663,32983653.787749104,130160.0,22,22,0.6875,0.8610173976318053,1566.324016079861,236781201.51079255,135175.0,25,25,0.78125,0.8941919693060792,0.24315252243607632,236781201.51079255,954992880.8870384,21,21,0.65625,0.9806898791566212
SK,2017,139973.0,11086.0,20683.0,10.79821396355764,828965357.0,1102557211.0122004,706062030.0,939090851.0527933,6735.612950143006,8958.635684901525,5736.983473088923,7630.418381539206,43561665.31667591,359.3752037014883,218335865.7297864,1734.4348778610804,0.23493903979822692,12.626104997293885,119709.0,11086.0,20,20,0.625,1.0,5922.323283776157,828965357.0,123072.0,23,23,0.71875,0.8792552849478114,7876.92777187172,1102557211.0122004,123072.0,23,23,0.71875,0.8792552849478114,5044.273038371686,706062030.0,123072.0,23,23,0.71875,0.8792552849478114,6709.085688331273,939090851.0527931,123072.0,23,23,0.71875,0.8792552849478114,311.2147722537626,43561665.31667591,121215.0,22,22,0.6875,0.8659884406278354,1559.84272488113,218335865.7297864,125883.0,25,25,0.78125,0.8993377294192452,0.23249706403274514,218335865.72978637,929329863.2585717,22,22,0.6875,0.9896059174857483
SK,2018,136806.0,11079.0,20559.0,10.506182868489937,852425939.0,1098971375.2710602,733858811.0,946111315.8118654,7096.4530386280385,9148.945848077426,6109.380710955711,7876.384580518361,38200801.126269564,323.44778905439705,218833592.8979009,1790.1230553225153,0.23511866127638778,12.3482263742215,116398.0,11079.0,20,20,0.625,1.0,6230.910479072555,852425939.0,120120.0,23,23,0.71875,0.8780316652778387,8033.064158524189,1098971375.2710605,120120.0,23,23,0.71875,0.8780316652778387,5364.229719456749,733858811.0,120120.0,23,23,0.71875,0.8780316652778387,6915.715069601227,946111315.8118656,120120.0,23,23,0.71875,0.8780316652778387,279.23337519019316,38200801.126269564,118105.0,22,22,0.6875,0.8633027791178749,1599.5906093146566,218833592.89790088,122245.0,25,25,0.78125,0.8935646097393389,0.23129793422893172,218833592.8979009,930736810.5531046,22,22,0.6875,0.9837497924379355
SK,2019,134882.0,11015.0,20462.0,10.473536087153882,893044782.0,1138717358.5122187,787353824.0,1003951296.4533219,7489.724428863766,9550.113711565455,6603.323023248013,8419.867292204717,36517857.074548446,311.75339196452404,235894035.7409261,1982.9193593043726,0.23729217136279931,12.245301861098502,115366.0,11015.0,20,20,0.6451612903225806,1.0,6620.933719844012,893044782.0,119236.0,23,23,0.7419354838709677,0.8840023131329606,8442.322611706668,1138717358.5122185,119236.0,23,23,0.7419354838709677,0.8840023131329606,5837.352826915378,787353824.0,119236.0,23,23,0.7419354838709677,0.8840023131329606,7443.18216258153,1003951296.4533217,119236.0,23,23,0.7419354838709677,0.8840023131329606,270.7392911919192,36517857.07454845,117137.0,22,22,0.7096774193548387,0.8684405628623537,1748.891888768895,235894035.7409261,118963.0,24,24,0.7741935483870968,0.8819783217923814,0.23496561693208973,235894035.74092603,994107957.2332976,22,22,0.7096774193548387,0.9901954016546439
SK,2020,137254.0,11020.0,20132.0,10.703720508166969,1035729891.0,1352811264.9602346,816476810.0,1066435405.3549249,8492.025507317672,11091.798999386989,6694.3533800680525,8743.782276513137,51257223.949959055,427.92449511991936,307125487.681113,2528.655894886406,0.29282772998840356,12.454990925589836,117955.0,11020.0,20,20,0.6451612903225806,1.0,7546.081651536567,1035729891.0,121965.0,23,23,0.7419354838709677,0.8886079822810264,9856.261128711983,1352811264.9602342,121965.0,23,23,0.7419354838709677,0.8886079822810264,5948.655849738441,816476810.0,121965.0,23,23,0.7419354838709677,0.8886079822810264,7769.79472623694,1066435405.3549247,121965.0,23,23,0.7419354838709677,0.8886079822810264,373.4479428647548,51257223.94995906,119781.0,22,22,0.7096774193548387,0.8726958777157678,2237.643257618088,307125487.68111306,121458.0,24,24,0.7741935483870968,0.8849141008640914,0.28799258364729297,307125487.68111306,1048826515.4849772,22,22,0.7096774193548387,0.9834880858404291
SK,2021,136571.0,10805.0,19644.0,10.826654326700602,1030670250.0,1347223257.035971,839025016.89,1096717418.5819435,8523.571369500496,11141.4427475684,6938.67860478002,9069.776865547003,40076472.518178955,331.4296437163328,342530139.2227526,2846.5187373600966,0.3184308343857858,12.639611291068949,116982.0,10805.0,20,20,0.6451612903225806,1.0,7546.772374808707,1030670250.0,120920.0,23,23,0.7419354838709677,0.8854002679924727,9864.636394519854,1347223257.035971,120920.0,23,23,0.7419354838709677,0.8854002679924727,6143.507896185866,839025016.89,120920.0,23,23,0.7419354838709677,0.8854002679924727,8030.382867387246,1096717418.5819435,120920.0,23,23,0.7419354838709677,0.8854002679924727,293.4478953670908,40076472.51817896,120920.0,23,23,0.7419354838709677,0.8854002679924727,2508.0737434942453,342530139.2227525,120333.0,24,24,0.7741935483870968,0.8811021373498034,0.3123230591756665,342530139.2227525,1075681442.3560812,22,22,0.7096774193548387,0.9808191464187176
SK,2022,136095.0,10745.0,19540.0,10.916240111679851,1061951835.0,1344853971.614949,925472161.0,1172016347.9353275,8761.978836633663,11096.154881311459,7635.908919141914,9670.101880654516,69947723.07922207,577.1264280463866,403126109.20658875,3421.106710286322,0.3560995883113882,12.665891112145184,117295.0,10745.0,20,20,0.6451612903225806,1.0,7803.018736911716,1061951835.0,121200.0,23,23,0.7419354838709677,0.8905543921525405,9881.729465556773,1344853971.6149487,121200.0,23,23,0.7419354838709677,0.8905543921525405,6800.19222601859,925472161.0,121200.0,23,23,0.7419354838709677,0.8905543921525405,8611.751702379423,1172016347.9353273,121200.0,23,23,0.7419354838709677,0.8905543921525405,513.9624753240169,69947723.07922207,121200.0,23,23,0.7419354838709677,0.8905543921525405,2962.093458294491,403126109.20658875,117835.0,21,21,0.6774193548387096,0.8658290164958301,0.34395945919760623,403126109.20658875,1132060026.0118206,21,21,0.6774193548387096,0.9659080506906788
SK,2023,137595.0,10310.0,18905.0,11.3545101842871,1295572548.0,1630391345.0006862,1043468138.34,1313134817.6215866,10653.503396102295,13406.721034460044,8580.44682460324,10797.918079282845,69605734.17614791,572.3685073279164,531250590.65814793,4496.788476876147,0.4220050804347905,13.345780795344325,117065.0,10310.0,19,19,0.6129032258064516,1.0,9415.840313964896,1295572548.0,121610.0,23,23,0.7419354838709677,0.8838257204113522,11849.204876635678,1630391345.000686,121610.0,23,23,0.7419354838709677,0.8838257204113522,7583.6195962062575,1043468138.34,121610.0,23,23,0.7419354838709677,0.8838257204113522,9543.477725364923,1313134817.6215868,121610.0,23,23,0.7419354838709677,0.8838257204113522,505.87400832986594,69605734.17614791,121610.0,23,23,0.7419354838709677,0.8838257204113522,3860.973077932686,531250590.658148,118140.0,21,21,0.6774193548387096,0.85860678076965,0.4045666777919839,531250590.658148,1258872500.0912364,21,21,0.6774193548387096,0.9586772684707022
TR,2014,6062870.0,,,,,,4568517804.920009,8616796345.206652,,,813.0655960627961,1533.5434720254614,,,0.0,0.0,,,,,0,0,0.0,,,,,0,0,0.0,,,,,0,0,0.0,,753.5239589369405,4565595045.587478,5615285.0,103,103,0.544973544973545,0.9261760519357993,1421.2404925730968,8611283655.312492,5615285.0,103,103,0.544973544973545,0.9261760519357993,,,,0,0,0.0,,0.0,0.0,13165.0,8,8,0.042328042328042326,0.002171413868349478,0.0,,,0,0,0.0,
TR,2015,6689190.0,,,,,,,,,,,,,,0.0,0.0,,,,,0,0,0.0,,,,,0,0,0.0,,,,,0,0,0.0,,,,,0,0,0.0,,,,,0,0,0.0,,,,,0,0,0.0,,0.0,0.0,17990.0,8,8,0.041025641025641026,0.002689413815424588,,,,0,0,0.0,
TR,2016,7198875.0,,,,,,,,,,,,,,0.0,0.0,,,,,0,0,0.0,,,,,0,0,0.0,,,,,0,0,0.0,,,,,0,0,0.0,,,,,0,0,0.0,,,,,0,0,0.0,,0.0,0.0,22265.0,8,8,0.0446927374301676,0.003092844368043618,,,,0,0,0.0,
TR,2017,7560371.0,,,,,,,,,,,,,,0.0,0.0,,,,,0,0,0.0,,,,,0,0,0.0,,,,,0,0,0.0,,,,,0,0,0.0,,,,,0,0,0.0,,,,,0,0,0.0,,0.0,0.0,7161.0,4,4,0.021505376344086023,0.0009471757404497743,,,,0,0,0.0,
TR,2018,7740502.0,,,,,,,,,,,,,,0.0,0.0,,,,,0,0,0.0,,,,,0,0,0.0,,,,,0,0,0.0,,,,,0,0,0.0,,,,,0,0,0.0,,,,,0,0,0.0,,0.0,0.0,10712.0,5,5,0.024875621890547265,0.001383889572020006,,,,0,0,0.0,
TR,2019,7940133.0,,,,,,,,,,,,,,0.0,0.0,,,,,0,0,0.0,,,,,0,0,0.0,,,,,0,0,0.0,,,,,0,0,0.0,,,,,0,0,0.0,,,,,0,0,0.0,,0.0,0.0,8646.0,3,3,0.014563106796116505,0.0010888986368364358,,,,0,0,0.0,
TR,2020,8240997.0,,,,,,,,,,,,,,,,,,,,0,0,0.0,,,,,0,0,0.0,,,,,0,0,0.0,,,,,0,0,0.0,,,,,0,0,0.0,,,,,0,0,0.0,,,,,0,0,0.0,,,,,0,0,0.0,
TR,2021,8296959.0,,,,,,,,,,,,,,,,,,,,0,0,0.0,,,,,0,0,0.0,,,,,0,0,0.0,,,,,0,0,0.0,,,,,0,0,0.0,,,,,0,0,0.0,,,,,0,0,0.0,,,,,0,0,0.0,
TR,2022,6950142.0,,,,,,,,,,,,,,,,,,,,0,0,0.0,,,,,0,0,0.0,,,,,0,0,0.0,,,,,0,0,0.0,,,,,0,0,0.0,,,,,0,0,0.0,,,,,0,0,0.0,,,,,0,0,0.0,
TR,2023,7081289.0,,,,,,,,,,,,,,,,,,,,0,0,0.0,,,,,0,0,0.0,,,,,0,0,0.0,,,,,0,0,0.0,,,,,0,0,0.0,,,,,0,0,0.0,,,,,0,0,0.0,,,,,0,0,0.0,
UK,2014,2265860.0,157845.0,334440.0,14.353543032721975,40994613705.15557,33912812981.999207,36061534262.8889,29831920751.76226,18092.69930748107,14967.193796900876,15913.040540642573,13164.070082746379,8264071169.892566,3627.544243721409,0.0,0.0,0.0,14.354968481738414,2265635.0,157845.0,160,160,0.9937888198757764,1.0,18092.29771705029,40903974594.3532,2260800.0,159,159,0.9875776397515528,0.9977668523209731,14966.8615810329,33837831736.0335,2260800.0,159,159,0.9875776397515528,0.9977668523209731,15915.164336229467,35976202054.28473,2260800.0,159,159,0.9875776397515528,0.9977668523209731,13165.826993619316,29761329643.073013,2260800.0,159,159,0.9875776397515528,0.9977668523209731,3647.2117297152363,8201152026.205362,2260800.0,159,159,0.9875776397515528,0.9977668523209731,0.0,0.0,6025.0,2,2,0.012422360248447204,0.002659034538762324,0.0,0.0,51512791.226293206,2,2,0.012422360248447204,0.0017267675003209504
UK,2015,2333845.0,160725.0,340835.0,14.189329600248872,47638224677.61491,35899774080.2804,42453779069.76744,31992818535.384056,20893.77491320905,15745.37683015079,18619.915206782152,14031.81486802048,8334734949.24074,3655.5534377947297,0.0,0.0,0.0,14.520734173277337,2280580.0,160725.0,161,161,0.624031007751938,1.0,20411.905965312566,47638224677.6149,2280020.0,160,160,0.6201550387596899,0.9769372001996705,15382.244356536276,35899774080.2804,2280020.0,160,160,0.6201550387596899,0.9769372001996705,18190.487830069025,42453779069.76744,2280020.0,160,160,0.6201550387596899,0.9769372001996705,13708.201930884037,31992818535.384052,2280020.0,160,160,0.6201550387596899,0.9769372001996705,3571.2461406994635,8334734949.24074,2280020.0,160,160,0.6201550387596899,0.9769372001996705,0.0,0.0,59615.0,99,99,0.38372093023255816,0.025543684349217707,0.0,0.0,55438581.19093747,2,2,0.007751937984496124,0.0017328445485233631
UK,2016,2375415.0,163810.0,347805.0,14.139826628410963,43308973983.50173,35802390401.271866,39070185971.59174,32298295769.788704,18697.92443523968,15457.082649405338,16867.898677208905,13944.24845808138,8193369703.156871,3537.350195319092,0.0,0.0,0.0,14.50103778768085,2316245.0,163810.0,162,162,0.6230769230769231,1.0,18232.171634641414,43308973983.50174,2316245.0,162,162,0.6230769230769231,0.9750906683674221,15072.057051619135,35802390401.271866,2316245.0,162,162,0.6230769230769231,0.9750906683674221,16447.73059511359,39070185971.591736,2316245.0,162,162,0.6230769230769231,0.9750906683674221,13596.906548871968,32298295769.788704,2316245.0,162,162,0.6230769230769231,0.9750906683674221,3449.2371662033247,8193369703.156871,2316245.0,162,162,0.6230769230769231,0.9750906683674221,0.0,0.0,66000.0,99,99,0.38076923076923075,0.027784618687681943,0.0,0.0,60900960.155271165,3,3,0.011538461538461539,0.0018855781304794703
UK,2017,2413790.0,167210.0,355755.0,13.994139106512769,43839651180.03354,38560697150.356285,39434221542.883865,34685747567.4385,18655.76611169869,16409.331000077145,16852.51950583936,14823.222434331567,8592884820.294456,3677.044298127629,0.0,0.0,0.0,14.435679684229411,2339960.0,167210.0,162,162,0.627906976744186,1.0,18162.16455451118,43839651180.03354,2349925.0,182,182,0.7054263565891473,0.9735416088392114,15975.166501790249,38560697150.356285,2349925.0,182,182,0.7054263565891473,0.9735416088392114,16337.055643980571,39434221542.883865,2339960.0,162,162,0.627906976744186,0.9694132463884596,14369.828182003612,34685747567.43849,2339960.0,162,162,0.627906976744186,0.9694132463884596,3559.9140025828497,8592884820.294456,2336900.0,160,160,0.6201550387596899,0.9681455304728249,0.0,0.0,80875.0,95,95,0.3682170542635659,0.03350540022122886,0.0,0.0,63310812.03107097,3,3,0.011627906976744186,0.0018252687766921437
UK,2018,2449020.0,171200.0,363675.0,13.893165887850467,46363247843.92626,40446519676.96451,46862189870.126945,40881788330.8846,19130.737981273436,16689.33489731338,19613.908830152453,17110.8450406991,8774056580.517292,3679.4282457481954,0.0,0.0,0.0,14.305023364485981,2378510.0,171200.0,161,161,0.62890625,1.0,18931.3471690416,46363247843.92626,2423495.0,222,222,0.8671875,0.9895774636385166,16515.389697497165,40446519676.964485,2423495.0,222,222,0.8671875,0.9895774636385166,19135.07846817378,46814673734.89618,2386810.0,182,182,0.7109375,0.9745980024662927,16693.1214652737,40840336051.59102,2386810.0,182,182,0.7109375,0.9745980024662927,3582.680656147068,8774056580.51729,2384625.0,180,180,0.703125,0.9737058088541539,0.0,0.0,77750.0,89,89,0.34765625,0.0317473928346849,0.0,0.0,479257097.21633327,26,26,0.1015625,0.011722997373240476
UK,2019,2515330.0,175590.0,323235.0,14.094709265903525,47212764163.7331,40248577672.024475,40070002392.42626,34159419220.123337,18898.109948037505,16110.517136006292,16041.073548142394,13674.91198791138,8226466274.947799,3293.0477673014466,0.0,0.0,0.0,14.32501850902671,2474890.0,175590.0,181,181,0.7098039215686275,1.0,18770.007976580848,47209935404.49093,2498130.0,223,223,0.8745098039215686,0.9931619310388696,16001.311029576427,40246166172.9714,2498130.0,223,223,0.8745098039215686,0.9931619310388696,15930.31625767842,40067393508.55007,2497800.0,221,221,0.8666666666666667,0.9930307355297316,13580.49211042819,34157195163.405045,2497800.0,221,221,0.8666666666666667,0.9930307355297316,3270.531610145706,8226461418.928762,2498130.0,223,223,0.8745098039215686,0.9931619310388696,0.0,0.0,76310.0,84,84,0.32941176470588235,0.03033796758278238,0.0,0.0,834432088.5737872,65,65,0.2549019607843137,0.02442758418100454
UK,2020,2721700.0,177625.0,319590.0,15.141055594651654,48465600764.30257,42154918906.236244,43293786669.66394,37656524161.93336,17821.872023263048,15501.294898862174,15939.600005767034,13864.112587991798,8764171122.99465,3222.779325558947,0.0,0.0,0.0,15.322730471498945,2689430.0,177625.0,188,188,0.7401574803149606,1.0,17807.106133777626,48465600764.302574,2719445.0,229,229,0.9015748031496063,0.9991714737112833,15488.451668529318,42154918906.236244,2719445.0,229,229,0.9015748031496063,0.9991714737112833,15906.891527230753,43293786669.663925,2716115.0,227,227,0.8937007874015748,0.9979479736929125,13835.663064236822,37656524161.93334,2716115.0,227,227,0.8937007874015748,0.9979479736929125,3220.1091681649887,8764171122.994652,2719445.0,229,229,0.9015748031496063,0.9991714737112833,0.0,0.0,89885.0,81,81,0.3188976377952756,0.033025315060440166,0.0,0.0,898563872.9482152,70,70,0.2755905511811024,0.023862103392340323
UK,2021,2830365.0,182570.0,324610.0,15.323410198827847,55070371102.838524,45141025861.08251,56349484644.02048,46189511576.45802,19470.975170768794,15960.302720365464,19925.983098658555,16333.271418933224,9210584735.095547,3256.7467960898703,0.0,0.0,0.0,15.50290299611108,2797595.0,182570.0,189,189,0.75,1.0,19456.98561946552,55066935784.08562,2828155.0,225,225,0.8928571428571429,0.9992191819782961,15948.835525129272,45138209940.11519,2828155.0,225,225,0.8928571428571429,0.9992191819782961,19908.910915737186,56349484644.02048,2827940.0,224,224,0.8888888888888888,0.9991432200440579,16319.277399366521,46189511576.45802,2827940.0,224,224,0.8888888888888888,0.9991432200440579,3254.2038694993566,9210584735.095547,2828155.0,225,225,0.8928571428571429,0.9992191819782961,0.0,0.0,95450.0,74,74,0.29365079365079366,0.03372356568852427,0.0,0.0,1083092077.659534,67,67,0.26587301587301587,0.023448874878589685
UK,2022,2918845.0,188345.0,335270.0,15.205712920438557,59098857826.35209,49134867260.08834,51833579201.6511,43094505162.37849,20851.747849988737,17336.17028201152,18288.3521514237,15204.959764303127,9920867903.557604,3500.36267343542,0.0,0.0,0.0,15.497332023679949,2863920.0,188345.0,199,199,0.8089430894308943,1.0,20247.343667221827,59098857826.35208,2834240.0,236,236,0.959349593495935,0.9710142196656554,16833.667858378347,49134867260.08833,2834240.0,236,236,0.959349593495935,0.9710142196656554,17758.249993285393,51833579201.65111,2834240.0,236,236,0.959349593495935,0.9710142196656554,14764.232140582486,43094505162.378494,2834240.0,236,236,0.959349593495935,0.9710142196656554,3398.9019298926814,9920867903.557606,2834240.0,236,236,0.959349593495935,0.9710142196656554,0.0,0.0,130835.0,84,84,0.34146341463414637,0.04482423698414955,0.0,0.0,1418230654.4862483,79,79,0.32113821138211385,0.032909779312754794
UK,2023,2883545.0,192485.0,344690.0,14.680078967192248,58873106152.059715,48410103235.07724,44174705388.65702,36323920853.10745,21468.788082865696,17653.3279005046,16108.839003034731,13245.955753038985,9871972432.831022,3599.9337893423954,0.0,0.0,0.0,14.980621866638959,2825695.0,192485.0,199,199,0.8122448979591836,1.0,20416.919504311434,58873106152.0597,2742265.0,229,229,0.9346938775510204,0.9510047528302835,16788.398736651325,48410103235.07725,2742265.0,229,229,0.9346938775510204,0.9510047528302835,15319.58245446387,44174705388.657036,2742265.0,229,229,0.9346938775510204,0.9510047528302835,12596.966876919712,36323920853.10745,2742265.0,229,229,0.9346938775510204,0.9510047528302835,3423.55414353895,9871972432.831024,2742265.0,229,229,0.9346938775510204,0.9510047528302835,0.0,0.0,147510.0,83,83,0.33877551020408164,0.051155782205583755,0.0,0.0,1413221085.669988,78,78,0.3183673469387755,0.0389060721551784
VA,2017,,,,,,,,,,,,,,,,,,,,,0,0,0.0,,,,,0,0,0.0,,,,,0,0,0.0,,,,,0,0,0.0,,,,,0,0,0.0,,,,,0,0,0.0,,,,,0,0,0.0,,,,,0,0,0.0,
VA,2018,,,,,,,,,,,,,,,,,,,,,0,0,0.0,,,,,0,0,0.0,,,,,0,0,0.0,,,,,0,0,0.0,,,,,0,0,0.0,,,,,0,0,0.0,,,,,0,0,0.0,,,,,0,0,0.0,
VA,2019,,,,,,,,,,,,,,,,,,,,,0,0,0.0,,,,,0,0,0.0,,,,,0,0,0.0,,,,,0,0,0.0,,,,,0,0,0.0,,,,,0,0,0.0,,,,,0,0,0.0,,,,,0,0,0.0,
VA,2020,,,,,,,,,,,,,,,,,,,,,0,0,0.0,,,,,0,0,0.0,,,,,0,0,0.0,,,,,0,0,0.0,,,,,0,0,0.0,,,,,0,0,0.0,,,,,0,0,0.0,,,,,0,0,0.0,
VA,2021,,,,,,,,,,,,,,,,,,,,,0,0,0.0,,,,,0,0,0.0,,,,,0,0,0.0,,,,,0,0,0.0,,,,,0,0,0.0,,,,,0,0,0.0,,,,,0,0,0.0,,,,,0,0,0.0,
XK,2017,27914.0,,,,,,,,,,,,,,0.0,0.0,,,,,0,0,0.0,,,,,0,0,0.0,,,,,0,0,0.0,,,,,0,0,0.0,,,,,0,0,0.0,,,,,0,0,0.0,,0.0,0.0,27914.0,22,22,0.7586206896551724,1.0,,,,0,0,0.0,
XK,2018,29462.0,,,,,,,,,,,,,,0.0,0.0,,,,,0,0,0.0,,,,,0,0,0.0,,,,,0,0,0.0,,,,,0,0,0.0,,,,,0,0,0.0,,,,,0,0,0.0,,0.0,0.0,29462.0,23,23,0.7931034482758621,1.0,,,,0,0,0.0,
XK,2019,15736.0,,,,,,,,,,,,,,0.0,0.0,,,,,0,0,0.0,,,,,0,0,0.0,,,,,0,0,0.0,,,,,0,0,0.0,,,,,0,0,0.0,,,,,0,0,0.0,,0.0,0.0,15736.0,14,14,0.4827586206896552,1.0,,,,0,0,0.0,
XK,2020,25664.0,,,,,,,,,,,,,,0.0,0.0,,,,,0,0,0.0,,,,,0,0,0.0,,,,,0,0,0.0,,,,,0,0,0.0,,,,,0,0,0.0,,,,,0,0,0.0,,0.0,0.0,18308.0,18,18,0.8571428571428571,0.7133728179551122,,,,0,0,0.0,
XK,2021,23488.0,,,,,,,,,,,,,,0.0,0.0,,,,,0,0,0.0,,,,,0,0,0.0,,,,,0,0,0.0,,,,,0,0,0.0,,,,,0,0,0.0,,,,,0,0,0.0,,0.0,0.0,16451.0,21,21,0.9130434782608695,0.700400204359673,,,,0,0,0.0,
XK,2022,21139.0,,,,,,,,,,,,,,0.0,0.0,,,,,0,0,0.0,,,,,0,0,0.0,,,,,0,0,0.0,,,,,0,0,0.0,,,,,0,0,0.0,,,,,0,0,0.0,,0.0,0.0,14689.0,20,20,0.8695652173913043,0.6948767680590378,,,,0,0,0.0,
XK,2023,20506.0,,,,,,,,,,,,,,,,,,,,0,0,0.0,,,,,0,0,0.0,,,,,0,0,0.0,,,,,0,0,0.0,,,,,0,0,0.0,,,,,0,0,0.0,,,,,0,0,0.0,,,,,0,0,0.0,
