country_code,year,institutions_count,institutions_with_student_data,student_coverage_share,avg_observed_institution_size,students_per_registered_institution,records_with_complete_isced_structure,complete_isced_structure_share,isced_structure_coverage_flag,isced_shares_reliable,total_students,total_students_reliable,students_total_reliable,students_total_calc,students_total_with_observed_isced8,students_total_component_sum_complete_records,students_total_component_sum_incomplete_records,students_total_component_sum_incomplete_students,students_total_component_sum_incomplete_share,students_isced5,students_isced6,students_isced7,students_isced8,isced5_share_observed,isced6_share_observed,isced7_share_observed,isced8_share_observed,isced5_share_reliable,isced6_share_reliable,isced7_share_reliable,isced8_share_reliable,isced5_share,isced6_share,isced7_share,isced8_share,phd_share,phd_share_observed,phd_share_reliable,foreign_students_total,foreign_students_total_with_observed_isced8,foreign_total_component_sum_complete_records,foreign_total_component_sum_incomplete_records,foreign_total_component_sum_incomplete_students,foreign_total_component_sum_incomplete_share,foreign_students_share,foreign_students_isced5_share,foreign_students_isced6_share,foreign_students_isced7_share,foreign_students_isced8_share,foreign_students_share_aggregate_unmatched,foreign_students_share_pair_numerator,foreign_students_share_pair_denominator,foreign_students_share_pair_records,foreign_students_share_pair_institutions,foreign_students_share_pair_record_coverage,foreign_students_share_denominator_coverage
AD,2017,2,0,0.0,,,0,0.0,no_complete_records,False,,,True,,0,0,0,,0.0,,,,,,,,,,,,,,,,,,,,,0,0,0,,0.0,,,,,,,,,0,0,0.0,
AD,2018,2,1,0.5,541.0,270.5,0,0.0,no_complete_records,False,541.0,541.0,True,44.0,1,0,0,,0.0,22.0,,,22.0,,,,,,,,,,,,,,,,,0,0,0,,0.0,,,,,,,,,0,0,0.0,
AD,2019,2,1,0.5,569.0,284.5,0,0.0,no_complete_records,False,569.0,569.0,True,50.0,1,0,0,,0.0,27.0,,,23.0,,,,,,,,,,,,,,,,,0,0,0,,0.0,,,,,,,,,0,0,0.0,
AD,2020,2,1,0.5,547.0,273.5,0,0.0,no_complete_records,False,547.0,547.0,True,23.0,1,0,0,,0.0,,,,23.0,,,,,,,,,,,,,,,,,0,0,0,,0.0,,,,,,,,,0,0,0.0,
AD,2021,1,1,1.0,629.0,629.0,0,0.0,no_complete_records,False,629.0,629.0,True,19.0,1,0,0,,0.0,,,,19.0,,,,,,,,,,,,,,,,,0,0,0,,0.0,,,,,,,,,0,0,0.0,
AD,2022,1,1,1.0,674.0,674.0,0,0.0,no_complete_records,False,674.0,674.0,True,23.0,1,0,0,,0.0,,,,23.0,,,,,,,,,,,,,,,,,0,0,0,,0.0,,,,,,,,,0,0,0.0,
AD,2023,1,1,1.0,675.0,675.0,0,0.0,no_complete_records,False,675.0,675.0,True,24.0,1,0,0,,0.0,,,,24.0,,,,,,,,,,,,,,,,,0,0,0,,0.0,,,,,,,,,0,0,0.0,
AL,2013,38,35,0.9210526315789473,4672.285714285715,4303.421052631579,0,0.0,no_complete_records,False,163530.0,163530.0,True,,0,0,0,,0.0,,,,,,,,,,,,,,,,,,,,,0,0,0,,0.0,,,,,,,,,0,0,0.0,
AL,2014,38,38,1.0,4303.421052631579,4303.421052631579,0,0.0,no_complete_records,False,163530.0,163530.0,True,0.0,20,0,3,0.0,0.0,0.0,,0.0,0.0,,,,,,,,,,,,,,,,0.0,20,0,33,0.0,0.0,0.0,,,,,0.0,0.0,108815.0,30,30,0.7894736842105263,0.6654130740536904
AL,2015,40,40,1.0,3651.875,3651.875,7,0.175,low,False,146075.0,146075.0,True,121040.0,36,0,5,0.0,0.0,70.0,85145.0,33295.0,2530.0,0.0005783212161269003,0.7034451421017845,0.2750743555849306,0.020902181097157965,,,,,,,,,,0.020902181097157965,,,0,0,0,,0.0,,,,,,,,,0,0,0.0,
AL,2016,40,40,1.0,3489.375,3489.375,11,0.275,low,False,139575.0,139575.0,True,108010.0,30,0,2,0.0,0.0,340.0,77930.0,28055.0,1685.0,0.003147856679937043,0.7215072678455698,0.2597444681048051,0.015600407369687992,,,,,,,,,,0.015600407369687992,,,0,0,0,,0.0,,,,,,,,,0,0,0.0,
AL,2017,40,40,1.0,3295.825,3295.825,38,0.95,high,True,131833.0,131833.0,True,131833.0,40,0,2,0.0,0.0,0.0,87757.0,42664.0,1412.0,0.0,0.665667928363915,0.3236215515083477,0.010710520127737365,0.0,0.665667928363915,0.3236215515083477,0.010710520127737365,0.0,0.665667928363915,0.3236215515083477,0.010710520127737365,0.010710520127737365,0.010710520127737365,0.010710520127737365,2108.0,40,0,2,0.0,0.0,0.015989926649624904,,0.008557721891131192,0.025689105569098068,0.1848441926345609,0.015989926649624904,2108.0,131833.0,37,37,0.925,1.0
AL,2018,41,41,1.0,3391.2926829268295,3391.2926829268295,41,1.0,high,True,139043.0,139043.0,True,139043.0,41,0,0,,0.0,4198.0,89231.0,43749.0,1865.0,0.030192098847119236,0.6417511129650539,0.31464367138223426,0.013413116805592514,0.030192098847119236,0.6417511129650539,0.31464367138223426,0.013413116805592514,0.030192098847119236,0.6417511129650539,0.31464367138223426,0.013413116805592514,0.013413116805592514,0.013413116805592514,0.013413116805592514,2270.0,41,0,0,,0.0,0.016325884798227885,0.0035731300619342545,0.007990496576301957,0.030492125534297927,0.11152815013404825,0.016325884798227885,2270.0,139043.0,39,39,0.9512195121951219,1.0
AL,2019,41,41,1.0,3177.170731707317,3177.170731707317,41,1.0,high,True,130264.0,130264.0,True,130264.0,41,0,0,,0.0,5342.0,82669.0,40113.0,2140.0,0.04100902782042621,0.6346266044340724,0.30793619111957254,0.016428176625928884,0.04100902782042621,0.6346266044340724,0.30793619111957254,0.016428176625928884,0.04100902782042621,0.6346266044340724,0.30793619111957254,0.016428176625928884,0.016428176625928884,0.016428176625928884,0.016428176625928884,2246.0,41,0,0,,0.0,0.01724190873917583,0.0041183077499064025,0.008056224219477676,0.032931967192680676,0.11074766355140186,0.01724190873917583,2246.0,130264.0,39,39,0.9512195121951219,1.0
AL,2022,41,0,0.0,,,0,0.0,no_complete_records,False,,,True,,0,0,0,,0.0,,,,,,,,,,,,,,,,,,,,,0,0,0,,0.0,,,,,,,,,0,0,0.0,
AL,2023,40,0,0.0,,,0,0.0,no_complete_records,False,,,True,,0,0,0,,0.0,,,,,,,,,,,,,,,,,,,,,0,0,0,,0.0,,,,,,,,,0,0,0.0,
AT,2013,24,24,1.0,11839.375,11839.375,24,1.0,high,True,284145.0,284145.0,True,211235.0,24,0,0,,0.0,4875.0,131725.0,50210.0,24425.0,0.0230785617913698,0.6235945747627051,0.23769735129121594,0.11562951215470921,0.0230785617913698,0.6235945747627051,0.23769735129121594,0.11562951215470921,0.0230785617913698,0.6235945747627051,0.23769735129121594,0.11562951215470921,0.11562951215470921,0.11562951215470921,0.11562951215470921,70075.0,24,0,0,,0.0,0.24661704411480054,0.26256410256410256,0.25424179161131144,0.31358295160326627,0.2827021494370522,0.24661704411480054,70075.0,284145.0,24,24,1.0,1.0
AT,2014,69,69,1.0,5172.391304347826,5172.391304347826,69,1.0,high,True,356895.0,356895.0,True,289470.0,69,0,0,,0.0,9385.0,183460.0,72560.0,24065.0,0.032421321725912874,0.6337789753687775,0.25066500846374407,0.08313469444156563,0.032421321725912874,0.6337789753687775,0.25066500846374407,0.08313469444156563,0.032421321725912874,0.6337789753687775,0.25066500846374407,0.08313469444156563,0.08313469444156563,0.08313469444156563,0.08313469444156563,82945.0,69,0,0,,0.0,0.23240729065971785,0.1582312200319659,0.21852174861005125,0.30574696802646084,0.29648867650114274,0.23240729065971785,82945.0,356895.0,69,69,1.0,1.0
AT,2015,69,69,1.0,5252.391304347826,5252.391304347826,69,1.0,high,True,362415.0,362415.0,True,302470.0,69,0,0,,0.0,9335.0,192100.0,77525.0,23510.0,0.030862564882467684,0.6351043078652429,0.2563064105531127,0.07772671669917677,0.030862564882467684,0.6351043078652429,0.2563064105531127,0.07772671669917677,0.030862564882467684,0.6351043078652429,0.2563064105531127,0.07772671669917677,0.07772671669917677,0.07772671669917677,0.07772671669917677,86430.0,69,0,0,,0.0,0.2384835064773809,0.16014997321906801,0.22011972930765225,0.31551112544340537,0.30497660569970225,0.2384835064773809,86430.0,362415.0,69,69,1.0,1.0
AT,2016,69,69,1.0,5257.101449275362,5257.101449275362,69,1.0,high,True,362740.0,362740.0,True,308770.0,69,0,0,,0.0,8575.0,195950.0,81375.0,22870.0,0.027771480389934256,0.6346147617968066,0.2635456812514169,0.07406807656184215,0.027771480389934256,0.6346147617968066,0.2635456812514169,0.07406807656184215,0.027771480389934256,0.6346147617968066,0.2635456812514169,0.07406807656184215,0.07406807656184215,0.07406807656184215,0.07406807656184215,89300.0,69,0,0,,0.0,0.24618183823124,0.13994169096209913,0.22595049757591223,0.32276497695852535,0.3209444687363358,0.24618183823124,89300.0,362740.0,69,69,1.0,1.0
AT,2017,70,70,1.0,5194.517859977286,5194.517859977286,70,1.0,high,True,363616.25019841,363616.25019841,True,313619.07651304797,70,0,0,,0.0,8939.708946611001,199208.897984893,85077.09606063597,20393.373520907997,0.028504990978248317,0.6351938160133094,0.27127525852878526,0.06502593447965702,0.028504990978248317,0.6351938160133094,0.27127525852878526,0.06502593447965702,0.028504990978248317,0.6351938160133094,0.27127525852878526,0.06502593447965702,0.06502593447965702,0.06502593447965702,0.06502593447965702,92090.616233764,70,0,0,,0.0,0.2532632031255865,0.14982723853339366,0.230808024943413,0.3267571199524225,0.34463923620465653,0.2532632031255865,92090.616233764,363616.25019841,70,70,1.0,1.0
AT,2018,70,70,1.0,5108.976870748328,5108.976870748328,70,1.0,high,True,357628.380952383,357628.380952383,True,312144.745958078,70,0,0,,0.0,8678.858369406002,197156.90499329197,86943.75495080299,19365.227644577,0.027803954677397002,0.6316201299116877,0.2785366599202019,0.062039255490713305,0.027803954677397002,0.6316201299116877,0.2785366599202019,0.062039255490713305,0.027803954677397002,0.6316201299116877,0.2785366599202019,0.062039255490713305,0.062039255490713305,0.062039255490713305,0.062039255490713305,92528.915860601,70,0,0,,0.0,0.25872923064492725,0.1571415808114336,0.23279533897131122,0.3300678188407476,0.36238159184083724,0.25872923064492725,92528.915860601,357628.380952383,70,70,1.0,1.0
AT,2019,72,72,1.0,4969.698082010485,4969.698082010485,72,1.0,high,True,357818.26190475497,357818.26190475497,True,315859.62807304796,72,0,0,,0.0,8412.762467107,196225.853101781,92210.827597401,19010.184906759,0.02663449747734587,0.6212438553761622,0.2919360988295588,0.06018554831693327,0.02663449747734587,0.6212438553761622,0.2919360988295588,0.06018554831693327,0.02663449747734587,0.6212438553761622,0.2919360988295588,0.06018554831693327,0.06018554831693327,0.06018554831693327,0.06018554831693327,94804.289199993,72,0,0,,0.0,0.2649509521826146,0.15812398472073497,0.23730991171342933,0.3305633189326037,0.3740951874874973,0.2649509521826146,94804.289199993,357818.26190475497,72,72,1.0,1.0
AT,2020,73,73,1.0,5108.477397260136,5108.477397260136,73,1.0,high,True,372918.84999998996,372918.84999998996,True,332987.375796403,73,0,0,,0.0,8829.132814405999,203198.652537261,101544.78057405198,19414.809870684,0.02651491754992044,0.6102292978863615,0.30495084184854826,0.05830494271516981,0.02651491754992044,0.6102292978863615,0.30495084184854826,0.05830494271516981,0.02651491754992044,0.6102292978863615,0.30495084184854826,0.05830494271516981,0.05830494271516981,0.05830494271516981,0.05830494271516981,102025.25394999201,73,0,0,,0.0,0.27358567138666967,0.15531644529919308,0.24144257462188934,0.3405379437061217,0.3999518118156793,0.27358567138666967,102025.25394999201,372918.84999998996,73,73,1.0,1.0
AT,2021,73,73,1.0,5125.750516416548,5125.750516416548,73,1.0,high,True,374179.787698408,374179.787698408,True,337709.916140474,73,0,0,,0.0,9438.198748469,199410.20069917702,108886.09124964,19975.425443188,0.027947650623747402,0.5904777774314162,0.3224249157207089,0.059149656224127614,0.027947650623747402,0.5904777774314162,0.3224249157207089,0.059149656224127614,0.027947650623747402,0.5904777774314162,0.3224249157207089,0.059149656224127614,0.059149656224127614,0.059149656224127614,0.059149656224127614,107121.64985908601,73,0,0,,0.0,0.28628390250043906,0.17818901446674953,0.24959296472282427,0.35206741593534563,0.42134021244930076,0.28628390250043906,107121.64985908601,374179.787698408,73,73,1.0,1.0
AT,2022,74,74,1.0,5039.196138995947,5039.196138995947,74,1.0,high,True,372900.51428570005,372900.51428570005,True,337675.751310123,74,0,0,,0.0,9875.484163056,194433.307367417,113403.96179468,19962.99798497,0.02924546439814184,0.5757988443441665,0.3358368534154212,0.05911883784227043,0.02924546439814184,0.5757988443441665,0.3358368534154212,0.05911883784227043,0.02924546439814184,0.5757988443441665,0.3358368534154212,0.05911883784227043,0.05911883784227043,0.05911883784227043,0.05911883784227043,109661.81367575201,74,0,0,,0.0,0.29407793627158674,0.17210126665891573,0.2554392782921923,0.3606289307393188,0.4359544384220945,0.29407793627158674,109661.81367575201,372900.51428570005,74,74,1.0,1.0
AT,2023,76,76,1.0,5000.844298245554,5000.844298245554,76,1.0,high,True,380064.1666666621,380064.1666666621,True,346009.66724553605,76,0,0,,0.0,10356.093253967998,193700.354421351,121856.28038107402,20096.939189143,0.029930069111679145,0.5598119727790639,0.3521759416467463,0.05808201646251048,0.029930069111679145,0.5598119727790639,0.3521759416467463,0.05808201646251048,0.029930069111679145,0.5598119727790639,0.3521759416467463,0.05808201646251048,0.05808201646251048,0.05808201646251048,0.05808201646251048,116611.60677499001,76,0,0,,0.0,0.30682083974852864,0.17207261042316477,0.2665219073501111,0.375201747693819,0.4520102358236957,0.30682083974852864,116611.60677499001,380064.1666666621,76,76,1.0,1.0
BE,2014,65,23,0.35384615384615387,10660.0,3772.0,23,0.35384615384615387,low,False,245180.0,245180.0,True,245195.0,23,0,0,,0.0,0.0,183605.0,49965.0,11625.0,0.0,0.7488121699055853,0.2037765859825853,0.04741124411182936,,,,,,,,,,0.04741124411182936,,21665.0,23,0,0,,0.0,0.08836365119504037,,0.055063859916668935,0.14800360252176523,0.35956989247311827,0.08836365119504037,21665.0,245180.0,23,23,0.35384615384615387,1.0
BE,2015,64,22,0.34375,11318.636363636364,3890.78125,22,0.34375,low,False,249010.0,249010.0,True,249015.0,22,0,0,,0.0,0.0,186485.0,49710.0,12820.0,0.0,0.7488906290785695,0.19962652852237817,0.051482842399052264,,,,,,,,,,0.051482842399052264,,23975.0,22,0,0,,0.0,0.09628127384442392,,0.05831568222645253,0.15912291289478978,0.4040561622464899,0.09628127384442392,23975.0,249010.0,22,22,0.34375,1.0
BE,2016,63,22,0.3492063492063492,11041.818181818182,3855.873015873016,22,0.3492063492063492,low,False,242920.0,242920.0,True,242935.0,22,0,0,,0.0,0.0,181600.0,49075.0,12260.0,0.0,0.7475250581431248,0.20200876777738902,0.05046617407948628,,,,,,,,,,0.05046617407948628,,21555.0,22,0,0,,0.0,0.08873291618639881,,0.05346916299559471,0.14090677534386142,0.40212071778140296,0.08873291618639881,21555.0,242920.0,22,22,0.3492063492063492,1.0
BE,2017,149,63,0.4228187919463087,7165.285714285715,3029.6174496644294,63,0.4228187919463087,low,False,451413.0,451413.0,True,451413.0,63,0,0,,0.0,0.0,333025.0,98408.0,19980.0,0.0,0.737739054923097,0.21799992468094628,0.044261020395956696,,,,,,,,,,0.044261020395956696,,66278.0,63,0,0,,0.0,0.14682341890906997,,0.11297350048795135,0.20152833102999756,0.4415915915915916,0.14682341890906997,66278.0,451413.0,63,63,0.4228187919463087,1.0
BE,2018,149,63,0.4228187919463087,7238.952380952381,3060.7651006711408,63,0.4228187919463087,low,False,456054.0,456054.0,True,456054.0,63,0,0,,0.0,0.0,334499.0,100943.0,20612.0,0.0,0.7334635810671544,0.22134001675240214,0.045196402180443546,,,,,,,,,,0.045196402180443546,,68351.0,63,0,0,,0.0,0.1498747955285997,,0.11411693308500175,0.2046105227702763,0.4621094508053561,0.1498747955285997,68351.0,456054.0,63,63,0.4228187919463087,1.0
BE,2019,149,63,0.4228187919463087,7535.9682539682535,3186.3489932885905,63,0.4228187919463087,low,False,474766.0,474766.0,True,474766.0,63,0,0,,0.0,9434.0,337313.0,106541.0,21478.0,0.01987084163566894,0.710482637762603,0.2244073922732462,0.04523912832848182,,,,,,,,,,0.04523912832848182,,72590.0,63,0,0,,0.0,0.15289637421382324,0.08320966716133135,0.11589829031196544,0.2117588533991609,0.4725765899990688,0.15289637421382324,72590.0,474766.0,63,63,0.4228187919463087,1.0
BE,2020,149,63,0.4228187919463087,7942.888888888889,3358.4026845637586,63,0.4228187919463087,low,False,500402.0,500402.0,True,500402.0,63,0,0,,0.0,15692.0,349577.0,113227.0,21906.0,0.031358787534822005,0.6985923317652607,0.2262720772498911,0.04377680345002618,,,,,,,,,,0.04377680345002618,,77994.0,63,0,0,,0.0,0.1558626864001343,0.08227122100433341,0.12116643829542562,0.21116871417594743,0.47639916004747557,0.1558626864001343,77994.0,500402.0,63,63,0.4228187919463087,1.0
BE,2021,148,63,0.42567567567567566,8128.253968253968,3460.0,63,0.42567567567567566,low,False,512080.0,512080.0,True,512080.0,63,0,0,,0.0,18867.0,354269.0,117962.0,20982.0,0.03684385252304327,0.6918235431963755,0.23035853772847992,0.040974066552101236,,,,,,,,,,0.040974066552101236,,82559.0,63,0,0,,0.0,0.16122285580378065,0.08247204113001537,0.1271943071507809,0.21821434021125447,0.4861786293013059,0.16122285580378065,82559.0,512080.0,63,63,0.42567567567567566,1.0
BE,2022,144,57,0.3958333333333333,6946.666666666667,2749.722222222222,57,0.3958333333333333,low,False,395960.0,395960.0,True,395960.0,57,0,0,,0.0,21055.0,288525.0,70625.0,15755.0,0.05317456308718052,0.7286720880897061,0.178363976159208,0.03978937266390545,,,,,,,,,,0.03978937266390545,,57415.0,57,0,0,,0.0,0.14500202040610163,0.08454048919496557,0.11810068451607313,0.19376991150442477,0.5004760393525864,0.14500202040610163,57415.0,395960.0,57,57,0.3958333333333333,1.0
BE,2023,143,62,0.43356643356643354,6442.6612903225805,2793.3216783216785,57,0.3986013986013986,low,False,399445.0,399445.0,True,399420.0,57,0,5,0.0,0.0,23410.0,291060.0,68815.0,16135.0,0.05860998447749236,0.7287066246056783,0.17228731660908317,0.040396074307746235,,,,,,,,,,0.040396074307746235,,58295.0,57,0,5,0.0,0.0,0.14593999173853722,0.08607432721059376,0.11940836940836941,0.1958148659449248,0.49860551595909514,0.14593999173853722,58295.0,399445.0,57,57,0.3986013986013986,1.0
BG,2014,52,52,1.0,5353.365384615385,5353.365384615385,52,1.0,high,True,278375.0,278375.0,True,246510.0,52,0,0,,0.0,0.0,186430.0,53730.0,6350.0,0.0,0.7562776357957081,0.21796276013143484,0.025759604072857083,0.0,0.7562776357957081,0.21796276013143484,0.025759604072857083,0.0,0.7562776357957081,0.21796276013143484,0.025759604072857083,0.025759604072857083,0.025759604072857083,0.025759604072857083,11835.0,52,0,0,,0.0,0.042514593623709025,,0.02553237139945288,0.0148892611204169,0.05433070866141732,0.042514593623709025,11835.0,278375.0,52,52,1.0,1.0
BG,2015,52,52,1.0,5117.596153846154,5117.596153846154,52,1.0,high,True,266115.0,266115.0,True,233875.0,52,0,0,,0.0,0.0,178045.0,49355.0,6475.0,0.0,0.761282736504543,0.21103153393907,0.02768572955638696,0.0,0.761282736504543,0.21103153393907,0.02768572955638696,0.0,0.761282736504543,0.21103153393907,0.02768572955638696,0.02768572955638696,0.02768572955638696,0.02768572955638696,12090.0,52,0,0,,0.0,0.04543148638746407,,0.02443202561150271,0.01560125620504508,0.07104247104247104,0.04543148638746407,12090.0,266115.0,52,52,1.0,1.0
BG,2016,52,52,1.0,4794.038461538462,4794.038461538462,52,1.0,high,True,249290.0,249290.0,True,215965.0,52,0,0,,0.0,0.0,165230.0,44285.0,6450.0,0.0,0.7650776746232029,0.20505637487555853,0.029865950501238626,0.0,0.7650776746232029,0.20505637487555853,0.029865950501238626,0.0,0.7650776746232029,0.20505637487555853,0.029865950501238626,0.029865950501238626,0.029865950501238626,0.029865950501238626,13650.0,52,0,0,,0.0,0.05475550563600626,,0.026326938207347335,0.01930676301230665,0.07674418604651163,0.05475550563600626,13650.0,249290.0,52,52,1.0,1.0
BG,2017,52,52,1.0,4533.0,4533.0,52,1.0,high,True,235716.0,235716.0,True,201789.0,52,0,0,,0.0,0.0,154750.0,40745.0,6294.0,0.0,0.7668901674521406,0.2019188360118738,0.03119099653598561,0.0,0.7668901674521406,0.2019188360118738,0.03119099653598561,0.0,0.7668901674521406,0.2019188360118738,0.03119099653598561,0.03119099653598561,0.03119099653598561,0.03119099653598561,15035.0,52,0,0,,0.0,0.06378438459841504,,0.029311793214862682,0.019609768069701803,0.08388941849380362,0.06378438459841504,15035.0,235716.0,52,52,1.0,1.0
BG,2018,52,52,1.0,4402.923076923077,4402.923076923077,52,1.0,high,True,228952.0,228952.0,True,194454.0,52,0,0,,0.0,0.0,149443.0,38808.0,6203.0,0.0,0.7685262324251494,0.19957419235397575,0.03189957522087486,0.0,0.7685262324251494,0.19957419235397575,0.03189957522087486,0.0,0.7685262324251494,0.19957419235397575,0.03189957522087486,0.03189957522087486,0.03189957522087486,0.03189957522087486,16340.0,52,0,0,,0.0,0.07136867116251441,,0.03290886826415423,0.021645021645021644,0.0810897952603579,0.07136867116251441,16340.0,228952.0,52,52,1.0,1.0
BG,2019,52,52,1.0,4349.2692307692305,4349.2692307692305,52,1.0,high,True,226162.0,226162.0,True,191423.0,52,0,0,,0.0,0.0,147712.0,37485.0,6226.0,0.0,0.7716523092836284,0.19582286350125117,0.03252482721512044,0.0,0.7716523092836284,0.19582286350125117,0.03252482721512044,0.0,0.7716523092836284,0.19582286350125117,0.03252482721512044,0.03252482721512044,0.03252482721512044,0.03252482721512044,17376.0,52,0,0,,0.0,0.07682988300421821,,0.035467666811091855,0.02416966786714686,0.08946353999357533,0.07682988300421821,17376.0,226162.0,52,52,1.0,1.0
BG,2020,52,52,1.0,4343.673076923077,4343.673076923077,52,1.0,high,True,225871.0,225871.0,True,191192.0,52,0,0,,0.0,0.0,147469.0,37355.0,6368.0,0.0,0.7713136532909327,0.19537951378718774,0.033306832921879574,0.0,0.7713136532909327,0.19537951378718774,0.033306832921879574,0.0,0.7713136532909327,0.19537951378718774,0.033306832921879574,0.033306832921879574,0.033306832921879574,0.033306832921879574,17942.0,52,0,0,,0.0,0.07943472158887152,,0.03630593548474595,0.029714897604069066,0.09547738693467336,0.07943472158887152,17942.0,225871.0,52,52,1.0,1.0
BG,2021,52,52,1.0,4356.942307692308,4356.942307692308,52,1.0,high,True,226561.0,226561.0,True,191199.0,52,0,0,,0.0,0.0,146587.0,38278.0,6334.0,0.0,0.7666724198348318,0.2001997918399155,0.03312778832525275,0.0,0.7666724198348318,0.2001997918399155,0.03312778832525275,0.0,0.7666724198348318,0.2001997918399155,0.03312778832525275,0.03312778832525275,0.03312778832525275,0.03312778832525275,18918.0,52,0,0,,0.0,0.08350069076319402,,0.037315723768137694,0.037018653012174094,0.10704136406694033,0.08350069076319402,18918.0,226561.0,52,52,1.0,1.0
BG,2022,52,52,1.0,4251.826923076923,4251.826923076923,52,1.0,high,True,221095.0,221095.0,True,185840.0,52,0,0,,0.0,0.0,142730.0,36797.0,6313.0,0.0,0.7680262591476539,0.19800365906155834,0.033970081790787775,0.0,0.7680262591476539,0.19800365906155834,0.033970081790787775,0.0,0.7680262591476539,0.19800365906155834,0.033970081790787775,0.033970081790787775,0.033970081790787775,0.033970081790787775,18958.0,52,0,0,,0.0,0.08574594631267102,,0.038688432705107544,0.02997526972307525,0.12054490733407255,0.08574594631267102,18958.0,221095.0,52,52,1.0,1.0
BG,2023,52,52,1.0,3759.923076923077,3759.923076923077,52,1.0,high,True,195516.0,195516.0,True,164799.0,52,0,0,,0.0,0.0,129656.0,30140.0,5003.0,0.0,0.7867523467982208,0.18288945928069952,0.030358193921079617,0.0,0.7867523467982208,0.18288945928069952,0.030358193921079617,0.0,0.7867523467982208,0.18288945928069952,0.030358193921079617,0.030358193921079617,0.030358193921079617,0.030358193921079617,16269.0,52,0,0,,0.0,0.08321058123120359,,0.03651200098722774,0.03380889183808892,0.11153308015190885,0.08321058123120359,16269.0,195516.0,52,52,1.0,1.0
CH,2014,35,35,1.0,6665.571428571428,6665.571428571428,35,1.0,high,True,233295.0,233295.0,True,229880.0,35,0,0,,0.0,0.0,147785.0,58405.0,23690.0,0.0,0.6428788933356534,0.2540673394814686,0.10305376718287802,0.0,0.6428788933356534,0.2540673394814686,0.10305376718287802,0.0,0.6428788933356534,0.2540673394814686,0.10305376718287802,0.10305376718287802,0.10305376718287802,0.10305376718287802,57210.0,35,0,0,,0.0,0.24522600141451809,,0.17146530432723212,0.32334560397226264,0.5373575348248206,0.24522600141451809,57210.0,233295.0,35,35,1.0,1.0
CH,2015,35,35,1.0,6817.285714285715,6817.285714285715,35,1.0,high,True,238605.0,238605.0,True,235100.0,35,0,0,,0.0,0.0,151125.0,59580.0,24395.0,0.0,0.6428115695448745,0.25342407486176094,0.10376435559336453,0.0,0.6428115695448745,0.25342407486176094,0.10376435559336453,0.0,0.6428115695448745,0.25342407486176094,0.10376435559336453,0.10376435559336453,0.10376435559336453,0.10376435559336453,59120.0,35,0,0,,0.0,0.24777351690031643,,0.17164598842018197,0.32871769050016786,0.5437589670014347,0.24777351690031643,59120.0,238605.0,35,35,1.0,1.0
CH,2016,35,35,1.0,6972.428571428572,6972.428571428572,35,1.0,high,True,244035.0,244035.0,True,240390.0,35,0,0,,0.0,0.0,154170.0,61405.0,24815.0,0.0,0.6413328341445151,0.2554390781646491,0.10322808769083573,0.0,0.6413328341445151,0.2554390781646491,0.10322808769083573,0.0,0.6413328341445151,0.2554390781646491,0.10322808769083573,0.10322808769083573,0.10322808769083573,0.10322808769083573,61175.0,35,0,0,,0.0,0.25068125473804986,,0.17315301290782903,0.33564042016122464,0.5470481563570421,0.25068125473804986,61175.0,244035.0,35,35,1.0,1.0
CH,2017,36,36,1.0,6884.111111111111,6884.111111111111,36,1.0,high,True,247828.0,247828.0,True,243974.0,36,0,0,,0.0,0.0,156028.0,62740.0,25206.0,0.0,0.6395271627304548,0.25715854968152346,0.10331428758802168,0.0,0.6395271627304548,0.25715854968152346,0.10331428758802168,0.0,0.6395271627304548,0.25715854968152346,0.10331428758802168,0.10331428758802168,0.10331428758802168,0.10331428758802168,62376.0,36,0,0,,0.0,0.2516906887034556,,0.17419309354731202,0.3328179789607906,0.5539554074426724,0.2516906887034556,62376.0,247828.0,36,36,1.0,1.0
CH,2018,36,36,1.0,7012.472222222223,7012.472222222223,36,1.0,high,True,252449.0,252449.0,True,248515.0,36,0,0,,0.0,0.0,158144.0,64904.0,25467.0,0.0,0.6363559543689515,0.26116733396374464,0.10247671166730378,0.0,0.6363559543689515,0.26116733396374464,0.10247671166730378,0.0,0.6363559543689515,0.26116733396374464,0.10247671166730378,0.10247671166730378,0.10247671166730378,0.10247671166730378,63898.0,36,0,0,,0.0,0.25311250985347533,,0.17555519020639418,0.33209047208184395,0.558408921349197,0.25311250985347533,63898.0,252449.0,36,36,1.0,1.0
CH,2019,36,36,1.0,7166.555555555556,7166.555555555556,36,1.0,high,True,257996.0,257996.0,True,253915.0,36,0,0,,0.0,0.0,160365.0,67597.0,25953.0,0.0,0.6315696197546423,0.266219010298722,0.10221136994663568,0.0,0.6315696197546423,0.266219010298722,0.10221136994663568,0.0,0.6315696197546423,0.266219010298722,0.10221136994663568,0.10221136994663568,0.10221136994663568,0.10221136994663568,66250.0,36,0,0,,0.0,0.25678692692909966,,0.17892931749446575,0.3353699128659556,0.5598196740261241,0.25678692692909966,66250.0,257996.0,36,36,1.0,1.0
CH,2020,37,37,1.0,7308.054054054054,7308.054054054054,37,1.0,high,True,270398.0,270398.0,True,266141.0,37,0,0,,0.0,0.0,166917.0,72568.0,26656.0,0.0,0.6271750688544794,0.2726674958010979,0.10015743534442269,0.0,0.6271750688544794,0.2726674958010979,0.10015743534442269,0.0,0.6271750688544794,0.2726674958010979,0.10015743534442269,0.10015743534442269,0.10015743534442269,0.10015743534442269,70315.0,37,0,0,,0.0,0.2600426038654132,,0.18030518161721096,0.3422169551317385,0.5625750300120048,0.2600426038654132,70315.0,270398.0,37,37,1.0,1.0
CH,2021,37,37,1.0,7473.756756756757,7473.756756756757,37,1.0,high,True,276529.0,276529.0,True,272004.0,37,0,0,,0.0,0.0,168393.0,76343.0,27268.0,0.0,0.6190828076057705,0.2806686666372553,0.10024852575697417,0.0,0.6190828076057705,0.2806686666372553,0.10024852575697417,0.0,0.6190828076057705,0.2806686666372553,0.10024852575697417,0.10024852575697417,0.10024852575697417,0.10024852575697417,74429.0,37,0,0,,0.0,0.26915441056815015,,0.1864269892453962,0.3543612380964856,0.5705955698987825,0.26915441056815015,74429.0,276529.0,37,37,1.0,1.0
CH,2022,38,38,1.0,7232.578947368421,7232.578947368421,38,1.0,high,True,274838.0,274838.0,True,270049.0,38,0,0,,0.0,0.0,166484.0,76224.0,27341.0,0.0,0.6164955248862244,0.28225988616880643,0.10124458894496925,0.0,0.6164955248862244,0.28225988616880643,0.10124458894496925,0.0,0.6164955248862244,0.28225988616880643,0.10124458894496925,0.10124458894496925,0.10124458894496925,0.10124458894496925,76249.0,38,0,0,,0.0,0.2774325238867988,,0.19383844693784388,0.3647801217464316,0.5755824585786914,0.2774325238867988,76249.0,274838.0,38,38,1.0,1.0
CH,2023,43,43,1.0,6428.046511627907,6428.046511627907,43,1.0,high,True,276406.0,276406.0,True,271454.0,43,0,0,,0.0,0.0,166460.0,77928.0,27066.0,0.0,0.6132162355316186,0.2870762633816411,0.0997075010867403,0.0,0.6132162355316186,0.2870762633816411,0.0997075010867403,0.0,0.6132162355316186,0.2870762633816411,0.0997075010867403,0.0997075010867403,0.0997075010867403,0.0997075010867403,78543.0,43,0,0,,0.0,0.2841580862933511,,0.2006007449237054,0.37121445436813466,0.5817630976132417,0.2841580862933511,78543.0,276406.0,43,43,1.0,1.0
CY,2014,23,23,1.0,1537.8260869565217,1537.8260869565217,23,1.0,high,True,35370.0,35370.0,True,34635.0,23,0,0,,0.0,2210.0,19090.0,12225.0,1110.0,0.06380828641547567,0.5511765555074347,0.35296665223040274,0.03204850584668688,0.06380828641547567,0.5511765555074347,0.35296665223040274,0.03204850584668688,0.06380828641547567,0.5511765555074347,0.35296665223040274,0.03204850584668688,0.03204850584668688,0.03204850584668688,0.03204850584668688,12545.0,23,0,0,,0.0,0.3546791065875035,0.18778280542986425,0.2566788894709272,0.5533742331288344,0.16666666666666666,0.3546791065875035,12545.0,35370.0,22,22,0.9565217391304348,1.0
CY,2015,26,26,1.0,1430.0,1430.0,26,1.0,high,True,37180.0,37180.0,True,35845.0,26,0,0,,0.0,2980.0,18285.0,13300.0,1280.0,0.08313572325289441,0.5101129864695215,0.3710419863300321,0.03570930394755196,0.08313572325289441,0.5101129864695215,0.3710419863300321,0.03570930394755196,0.08313572325289441,0.5101129864695215,0.3710419863300321,0.03570930394755196,0.03570930394755196,0.03570930394755196,0.03570930394755196,17140.0,26,0,0,,0.0,0.46100053792361484,0.43456375838926176,0.34345091605140826,0.6492481203007519,0.203125,0.46100053792361484,17140.0,37180.0,25,25,0.9615384615384616,1.0
CY,2016,26,26,1.0,1685.0,1685.0,26,1.0,high,True,43810.0,43810.0,True,42300.0,26,0,0,,0.0,3905.0,20950.0,16105.0,1340.0,0.09231678486997635,0.49527186761229314,0.3807328605200946,0.03167848699763593,0.09231678486997635,0.49527186761229314,0.3807328605200946,0.03167848699763593,0.09231678486997635,0.49527186761229314,0.3807328605200946,0.03167848699763593,0.03167848699763593,0.03167848699763593,0.03167848699763593,22255.0,26,0,0,,0.0,0.5079890435973522,0.559539052496799,0.3844868735083532,0.6727724309220738,0.20522388059701493,0.5079890435973522,22255.0,43810.0,25,25,0.9615384615384616,1.0
CY,2017,26,26,1.0,1737.423076923077,1737.423076923077,26,1.0,high,True,45173.0,45173.0,True,43265.0,26,0,0,,0.0,3554.0,21838.0,16401.0,1472.0,0.08214492083670404,0.504749797758003,0.37908239916791864,0.03402288223737432,0.08214492083670404,0.504749797758003,0.37908239916791864,0.03402288223737432,0.08214492083670404,0.504749797758003,0.37908239916791864,0.03402288223737432,0.03402288223737432,0.03402288223737432,0.03402288223737432,23555.0,26,0,0,,0.0,0.5214397981094901,0.5486775464265616,0.39536587599597034,0.696969696969697,0.23029891304347827,0.5214397981094901,23555.0,45173.0,26,26,1.0,1.0
CY,2018,26,26,1.0,1837.3461538461538,1837.3461538461538,26,1.0,high,True,47771.0,47771.0,True,45449.0,26,0,0,,0.0,3596.0,22661.0,17692.0,1500.0,0.07912165284164668,0.4986028295452045,0.3892714911219169,0.03300402649123193,0.07912165284164668,0.4986028295452045,0.3892714911219169,0.03300402649123193,0.07912165284164668,0.4986028295452045,0.3892714911219169,0.03300402649123193,0.03300402649123193,0.03300402649123193,0.03300402649123193,26573.0,26,0,0,,0.0,0.5562579807833204,0.5361512791991101,0.4231940338025683,0.741465068957721,0.2713333333333333,0.5562579807833204,26573.0,47771.0,26,26,1.0,1.0
CY,2019,26,26,1.0,1832.576923076923,1832.576923076923,25,0.9615384615384616,high,True,47647.0,47647.0,True,45183.0,26,0,1,66.0,0.0013851868952924633,4106.0,21685.0,17817.0,1575.0,0.09087488657238342,0.47993714450125047,0.3943297257818206,0.03485824314454551,0.09087488657238342,0.47993714450125047,0.3943297257818206,0.03485824314454551,0.09087488657238342,0.47993714450125047,0.3943297257818206,0.03485824314454551,0.03485824314454551,0.03485824314454551,0.03485824314454551,27456.0,26,0,1,44.0,0.0016025641025641025,0.5762377484416648,0.5823185582075012,0.4182153562370302,0.7711174720772296,0.3022222222222222,0.5762377484416648,27456.0,47647.0,26,26,1.0,1.0
CY,2020,26,26,1.0,1971.0384615384614,1971.0384615384614,26,1.0,high,True,51247.0,51247.0,True,48378.0,26,0,0,,0.0,2677.0,22240.0,21799.0,1662.0,0.0553350696597627,0.45971309272809957,0.4505973789739138,0.034354458638223985,0.0553350696597627,0.45971309272809957,0.4505973789739138,0.034354458638223985,0.0553350696597627,0.45971309272809957,0.4505973789739138,0.034354458638223985,0.034354458638223985,0.034354458638223985,0.034354458638223985,29245.0,26,0,0,,0.0,0.570667551271294,0.5087784833769144,0.4002248201438849,0.7487040689939906,0.3297232250300842,0.570667551271294,29245.0,51247.0,26,26,1.0,1.0
CY,2021,28,26,0.9285714285714286,1929.8846153846155,1792.0357142857142,26,0.9285714285714286,high,True,50177.0,50177.0,True,46832.0,26,0,0,,0.0,2372.0,20725.0,22016.0,1719.0,0.050649128800819954,0.4425392893747865,0.4701059104885548,0.03670567133583874,0.050649128800819954,0.4425392893747865,0.4701059104885548,0.03670567133583874,0.050649128800819954,0.4425392893747865,0.4701059104885548,0.03670567133583874,0.03670567133583874,0.03670567133583874,0.03670567133583874,28951.0,26,0,0,,0.0,0.5769774996512347,0.39376053962900504,0.3889022919179735,0.7731195494186046,0.3368237347294939,0.5769774996512347,28951.0,50177.0,26,26,0.9285714285714286,1.0
CY,2022,28,28,1.0,1810.75,1810.75,28,1.0,high,True,50701.0,50701.0,True,47290.0,28,0,0,,0.0,1731.0,22693.0,21130.0,1736.0,0.036603933178261785,0.47986889405794037,0.4468175089871009,0.036709663776696974,0.036603933178261785,0.47986889405794037,0.4468175089871009,0.036709663776696974,0.036603933178261785,0.47986889405794037,0.4468175089871009,0.036709663776696974,0.036709663776696974,0.036709663776696974,0.036709663776696974,29049.0,28,0,0,,0.0,0.5729472791463679,0.2622761409589833,0.4135636539902173,0.7608613345953621,0.353110599078341,0.5729472791463679,29049.0,50701.0,28,28,1.0,1.0
CY,2023,31,31,1.0,1822.6774193548388,1822.6774193548388,31,1.0,high,True,56503.0,56503.0,True,52040.0,31,0,0,,0.0,2271.0,24644.0,23418.0,1707.0,0.04363950807071484,0.4735588009223674,0.45,0.03280169100691776,0.04363950807071484,0.4735588009223674,0.45,0.03280169100691776,0.04363950807071484,0.4735588009223674,0.45,0.03280169100691776,0.03280169100691776,0.03280169100691776,0.03280169100691776,31731.0,31,0,0,,0.0,0.5615808010194149,0.1457507705856451,0.39985391981821133,0.7537791442480144,0.36906854130052724,0.5615808010194149,31731.0,56503.0,31,31,1.0,1.0
CZ,2014,71,71,1.0,5023.30985915493,5023.30985915493,71,1.0,high,True,356655.0,356655.0,True,323670.0,71,0,0,,0.0,0.0,211175.0,87860.0,24635.0,0.0,0.6524392127784472,0.27144931566101277,0.07611147156054006,0.0,0.6524392127784472,0.27144931566101277,0.07611147156054006,0.0,0.6524392127784472,0.27144931566101277,0.07611147156054006,0.07611147156054006,0.07611147156054006,0.07611147156054006,41555.0,71,0,0,,0.0,0.11651315697242433,,0.10417899846099207,0.10220805827452766,0.14796021920032473,0.11651315697242433,41555.0,356655.0,70,70,0.9859154929577465,1.0
CZ,2015,68,68,1.0,4929.191176470588,4929.191176470588,68,1.0,high,True,335185.0,335185.0,True,302895.0,68,0,0,,0.0,0.0,195665.0,83020.0,24210.0,0.0,0.6459829313788606,0.2740883804618762,0.07992868815926311,0.0,0.6459829313788606,0.2740883804618762,0.07992868815926311,0.0,0.6459829313788606,0.2740883804618762,0.07992868815926311,0.07992868815926311,0.07992868815926311,0.07992868815926311,42565.0,68,0,0,,0.0,0.12698957292241597,,0.11386809086959855,0.1112382558419658,0.15985130111524162,0.12698957292241597,42565.0,335185.0,67,67,0.9852941176470589,1.0
CZ,2016,67,67,1.0,4779.4029850746265,4779.4029850746265,67,1.0,high,True,320220.0,320220.0,True,288325.0,67,0,0,,0.0,0.0,183310.0,81415.0,23600.0,0.0,0.6357756004508801,0.28237232289950576,0.08185207664961415,0.0,0.6357756004508801,0.28237232289950576,0.08185207664961415,0.0,0.6357756004508801,0.28237232289950576,0.08185207664961415,0.08185207664961415,0.08185207664961415,0.08185207664961415,44020.0,67,0,0,,0.0,0.13746799075635502,,0.12293382794173804,0.12135355892648775,0.16991525423728815,0.13746799075635502,44020.0,320220.0,66,66,0.9850746268656716,1.0
CZ,2017,67,67,1.0,4585.567164179104,4585.567164179104,67,1.0,high,True,307233.0,307233.0,True,275583.0,67,0,0,,0.0,0.0,175658.0,77359.0,22566.0,0.0,0.6374050648987782,0.280710348606409,0.08188458649481281,0.0,0.6374050648987782,0.280710348606409,0.08188458649481281,0.0,0.6374050648987782,0.280710348606409,0.08188458649481281,0.08188458649481281,0.08188458649481281,0.08188458649481281,44135.0,67,0,0,,0.0,0.1436531882968301,,0.12573295836227213,0.1355886192944583,0.1837277319861739,0.1436531882968301,44135.0,307233.0,64,64,0.9552238805970149,1.0
CZ,2018,65,65,1.0,4576.615384615385,4576.615384615385,65,1.0,high,True,297480.0,297480.0,True,265769.0,65,0,0,,0.0,0.0,171252.0,72828.0,21689.0,0.0,0.6443640906200497,0.27402744488634867,0.08160846449360158,0.0,0.6443640906200497,0.27402744488634867,0.08160846449360158,0.0,0.6443640906200497,0.27402744488634867,0.08160846449360158,0.08160846449360158,0.08160846449360158,0.08160846449360158,45080.0,65,0,0,,0.0,0.15153959930079333,,0.12910214187279564,0.15336134453781514,0.20208400571718382,0.15153959930079333,45080.0,297480.0,63,63,0.9692307692307692,1.0
CZ,2019,62,62,1.0,4784.758064516129,4784.758064516129,62,1.0,high,True,296655.0,296655.0,True,264707.0,62,0,0,,0.0,0.0,173407.0,70093.0,21207.0,0.0,0.6550903451740981,0.264794659755881,0.08011499507002082,0.0,0.6550903451740981,0.264794659755881,0.08011499507002082,0.0,0.6550903451740981,0.264794659755881,0.08011499507002082,0.08011499507002082,0.08011499507002082,0.08011499507002082,46816.0,62,0,0,,0.0,0.15781294770019047,,0.132705138777558,0.16615068551781206,0.22261517423492244,0.15781294770019047,46816.0,296655.0,60,60,0.967741935483871,1.0
CZ,2020,60,60,1.0,5128.766666666666,5128.766666666666,60,1.0,high,True,307726.0,307726.0,True,274706.0,60,0,0,,0.0,0.0,182022.0,70787.0,21897.0,0.0,0.6626065684768443,0.25768275902237303,0.07971067250078266,0.0,0.6626065684768443,0.25768275902237303,0.07971067250078266,0.0,0.6626065684768443,0.25768275902237303,0.07971067250078266,0.07971067250078266,0.07971067250078266,0.07971067250078266,50455.0,60,0,0,,0.0,0.16396079629280594,,0.1393512872070409,0.16902821139474764,0.24350367630268988,0.16396079629280594,50455.0,307726.0,59,59,0.9833333333333333,1.0
CZ,2021,60,60,1.0,5207.85,5207.85,60,1.0,high,True,312471.0,312471.0,True,278553.0,60,0,0,,0.0,0.0,185532.0,71401.0,21620.0,0.0,0.6660563698829307,0.25632823915017966,0.0776153909668896,0.0,0.6660563698829307,0.25632823915017966,0.0776153909668896,0.0,0.6660563698829307,0.25632823915017966,0.0776153909668896,0.0776153909668896,0.0776153909668896,0.0776153909668896,52274.0,60,0,0,,0.0,0.16729232472773473,,0.14385658538688745,0.1710620299435582,0.25888066604995374,0.16729232472773473,52274.0,312471.0,60,60,1.0,1.0
CZ,2022,56,56,1.0,5587.267857142857,5587.267857142857,56,1.0,high,True,312887.0,312887.0,True,278227.0,56,0,0,,0.0,0.0,187109.0,70386.0,20732.0,0.0,0.6725048251966919,0.2529804799677961,0.07451469483551201,0.0,0.6725048251966919,0.2529804799677961,0.07451469483551201,0.0,0.6725048251966919,0.2529804799677961,0.07451469483551201,0.07451469483551201,0.07451469483551201,0.07451469483551201,55150.0,56,0,0,,0.0,0.17626171748906155,,0.1544874912484167,0.17951012985536896,0.27257379895813233,0.17626171748906155,55150.0,312887.0,56,56,1.0,1.0
CZ,2023,54,54,1.0,5877.722222222223,5877.722222222223,54,1.0,high,True,317397.0,317397.0,True,281934.0,54,0,0,,0.0,0.0,191712.0,70210.0,20012.0,0.0,0.6799889335801996,0.24902991480275524,0.07098115161704513,0.0,0.6799889335801996,0.24902991480275524,0.07098115161704513,0.0,0.6799889335801996,0.24902991480275524,0.07098115161704513,0.07098115161704513,0.07098115161704513,0.07098115161704513,55913.0,54,0,0,,0.0,0.17616108532846877,,0.1559422467033884,0.17746759720837488,0.2791824905056966,0.17616108532846877,55913.0,317397.0,54,54,1.0,1.0
DE,2014,389,389,1.0,6928.4318766066835,6928.4318766066835,385,0.9897172236503856,high,True,2695160.0,2695160.0,True,2144575.0,385,0,2,0.0,0.0,0.0,1596145.0,436975.0,111455.0,0.0,0.7442710094074584,0.20375832041313546,0.051970670179406174,0.0,0.7442710094074584,0.20375832041313546,0.051970670179406174,0.0,0.7442710094074584,0.20375832041313546,0.051970670179406174,0.051970670179406174,0.051970670179406174,0.051970670179406174,320345.0,385,0,2,0.0,0.0,0.11885936270944954,,0.08972242496765645,0.19684192459522856,0.23839217621461575,0.11885936270944954,320345.0,2695160.0,387,387,0.9948586118251928,1.0
DE,2015,390,390,1.0,7060.820512820513,7060.820512820513,385,0.9871794871794872,high,True,2753720.0,2753720.0,True,2219140.0,387,0,3,0.0,0.0,0.0,1631420.0,477380.0,110340.0,0.0,0.73515866506845,0.2151193705669764,0.04972196436457366,0.0,0.73515866506845,0.2151193705669764,0.04972196436457366,0.0,0.73515866506845,0.2151193705669764,0.04972196436457366,0.04972196436457366,0.04972196436457366,0.04972196436457366,338995.0,387,0,3,0.0,0.0,0.12310438243539648,,0.09354733912787633,0.20054254472328123,0.24478883451150987,0.12310438243539648,338995.0,2753720.0,387,387,0.9923076923076923,1.0
DE,2016,392,392,1.0,7027.538265306122,7027.538265306122,379,0.9668367346938775,high,True,2754795.0,2754795.0,True,2238075.0,385,0,11,225.0,8.167576897736492e-05,0.0,1634895.0,494625.0,108555.0,0.0,0.7304916055091988,0.2210046580208438,0.04850373646995744,0.0,0.7304916055091988,0.2210046580208438,0.04850373646995744,0.0,0.7304916055091988,0.2210046580208438,0.04850373646995744,0.04850373646995744,0.04850373646995744,0.04850373646995744,350310.0,385,0,10,40.0,0.00011418457937255574,0.12716372724649203,,0.09824789971221394,0.20474096537781147,0.2513933029339966,0.12716372724649203,350310.0,2754795.0,382,382,0.9744897959183674,1.0
DE,2017,403,403,1.0,7054.637717121588,7054.637717121588,401,0.9950372208436724,high,True,2843019.0,2843019.0,True,2315388.0,401,0,2,0.0,0.0,0.0,1679635.0,526138.0,109615.0,0.0,0.7254226937342683,0.2272353488918488,0.04734195737388291,0.0,0.7254226937342683,0.2272353488918488,0.04734195737388291,0.0,0.7254226937342683,0.2272353488918488,0.04734195737388291,0.04734195737388291,0.04734195737388291,0.04734195737388291,373362.0,401,0,2,0.0,0.0,0.13132588983752835,,0.10135475862315324,0.2173422182013084,0.2524380787301008,0.13132588983752835,373362.0,2843019.0,401,401,0.9950372208436724,1.0
DE,2018,402,402,1.0,7130.109452736318,7130.109452736318,401,0.9975124378109452,high,True,2866304.0,2866304.0,True,2334958.0,402,0,1,0.0,0.0,0.0,1686474.0,538780.0,109704.0,0.0,0.7222716639871039,0.23074504980389368,0.046983286209002474,0.0,0.7222716639871039,0.23074504980389368,0.046983286209002474,0.0,0.7222716639871039,0.23074504980389368,0.046983286209002474,0.046983286209002474,0.046983286209002474,0.046983286209002474,393715.0,402,0,1,0.0,0.0,0.1373598194748359,,0.10607693922349233,0.23213742158209288,0.2590880915919201,0.1373598194748359,393715.0,2866304.0,401,401,0.9975124378109452,1.0
DE,2019,402,402,1.0,7186.808457711443,7186.808457711443,398,0.9900497512437811,high,True,2889097.0,2889097.0,True,2356088.0,402,0,4,0.0,0.0,0.0,1694158.0,550887.0,111043.0,0.0,0.7190554851941015,0.23381427179290418,0.04713024301299442,0.0,0.7190554851941015,0.23381427179290418,0.04713024301299442,0.0,0.7190554851941015,0.23381427179290418,0.04713024301299442,0.04713024301299442,0.04713024301299442,0.04713024301299442,410540.0,402,0,4,0.0,0.0,0.14209976335166316,,0.10973356676295835,0.245763650258583,0.2621236818169538,0.14209976335166316,410540.0,2889097.0,398,398,0.9900497512437811,1.0
DE,2020,400,400,1.0,7355.77,7355.77,400,1.0,high,True,2942308.0,2942308.0,True,2410824.0,400,0,0,,0.0,0.0,1718058.0,583875.0,108891.0,0.0,0.7126434779146051,0.24218897771052553,0.04516754437486934,0.0,0.7126434779146051,0.24218897771052553,0.04516754437486934,0.0,0.7126434779146051,0.24218897771052553,0.04516754437486934,0.04516754437486934,0.04516754437486934,0.04516754437486934,415505.0,400,0,0,,0.0,0.1412173708530854,,0.11132511242344555,0.25384542924427317,0.2644479341727048,0.1412173708530854,415505.0,2942308.0,400,400,1.0,1.0
DE,2021,400,400,1.0,7348.7775,7348.7775,399,0.9975,high,True,2939511.0,2939511.0,True,2400864.0,400,0,1,0.0,0.0,0.0,1698996.0,593565.0,108303.0,0.0,0.7076602423127674,0.24722974729097524,0.045110010396257345,0.0,0.7076602423127674,0.24722974729097524,0.045110010396257345,0.0,0.7076602423127674,0.24722974729097524,0.045110010396257345,0.045110010396257345,0.045110010396257345,0.045110010396257345,439363.0,400,0,1,0.0,0.0,0.14946805778239985,,0.11406854401069809,0.2690640452182996,0.2764004690544122,0.14946805778239985,439363.0,2939511.0,397,397,0.9925,1.0
DE,2022,399,399,1.0,7314.293233082707,7314.293233082707,399,1.0,high,True,2918403.0,2918403.0,True,2378952.0,399,0,0,,0.0,0.0,1679249.0,589460.0,110243.0,0.0,0.7058776301497466,0.2477813760008609,0.046340993849392505,0.0,0.7058776301497466,0.2477813760008609,0.046340993849392505,0.0,0.7058776301497466,0.2477813760008609,0.046340993849392505,0.046340993849392505,0.046340993849392505,0.046340993849392505,457086.0,399,0,0,,0.0,0.15662196070933315,,0.11665929233842033,0.2899755708614664,0.2828388196983028,0.15662196070933315,457086.0,2918403.0,399,399,1.0,1.0
DE,2023,400,400,1.0,7165.5975,7165.5975,398,0.995,high,True,2866239.0,2866239.0,True,2329329.0,398,0,0,,0.0,0.0,1634960.0,584965.0,109404.0,0.0,0.7019017064570956,0.251130261118116,0.046968032424788426,0.0,0.7019017064570956,0.251130261118116,0.046968032424788426,0.0,0.7019017064570956,0.251130261118116,0.046968032424788426,0.046968032424788426,0.046968032424788426,0.046968032424788426,468279.0,398,0,0,,0.0,0.16337751318016397,,0.12031364681704751,0.310122827861496,0.29139702387481264,0.16337751318016397,468279.0,2866239.0,400,400,1.0,1.0
DK,2014,33,0,0.0,,,0,0.0,no_complete_records,False,,,True,,0,0,0,,0.0,,,,,,,,,,,,,,,,,,,,,0,0,0,,0.0,,,,,,,,,0,0,0.0,
DK,2015,33,31,0.9393939393939394,8766.935483870968,8235.60606060606,31,0.9393939393939394,high,True,271775.0,271775.0,True,271775.0,31,0,0,,0.0,25165.0,168310.0,68925.0,9375.0,0.09259497746297489,0.6192990525250667,0.2536105234109098,0.03449544660104866,0.09259497746297489,0.6192990525250667,0.2536105234109098,0.03449544660104866,0.09259497746297489,0.6192990525250667,0.2536105234109098,0.03449544660104866,0.03449544660104866,0.03449544660104866,0.03449544660104866,,0,0,0,,0.0,,,,,,,,,0,0,0.0,
DK,2016,33,31,0.9393939393939394,8604.677419354839,8083.181818181818,31,0.9393939393939394,high,True,266745.0,266745.0,True,266735.0,31,0,0,,0.0,24475.0,167765.0,65200.0,9295.0,0.09175773707987328,0.6289575796202224,0.24443736292575027,0.034847320374154125,0.09175773707987328,0.6289575796202224,0.24443736292575027,0.034847320374154125,0.09175773707987328,0.6289575796202224,0.24443736292575027,0.034847320374154125,0.034847320374154125,0.034847320374154125,0.034847320374154125,,0,0,0,,0.0,,,,,,,,,0,0,0.0,
DK,2017,43,43,1.0,6286.6511627906975,6286.6511627906975,40,0.9302325581395349,high,True,270326.0,270326.0,True,269540.0,42,0,2,0.0,0.0,24962.0,171304.0,64045.0,9229.0,0.09260963122356608,0.6355420345774282,0.23760851821622023,0.034239815982785485,0.09260963122356608,0.6355420345774282,0.23760851821622023,0.034239815982785485,0.09260963122356608,0.6355420345774282,0.23760851821622023,0.034239815982785485,0.034239815982785485,0.034239815982785485,0.034239815982785485,26731.0,41,0,3,0.0,0.0,0.0988843100552666,0.14862591138530568,0.05012725914164293,0.18337106721836208,0.2914725322353451,0.0988843100552666,26731.0,270326.0,40,40,0.9302325581395349,1.0
DK,2018,41,41,1.0,6584.90243902439,6584.90243902439,39,0.9512195121951219,high,True,269981.0,269981.0,True,269261.0,40,0,1,0.0,0.0,24424.0,171677.0,63939.0,9221.0,0.09070752912601528,0.6375858367903261,0.23746105080200994,0.03424558328164866,0.09070752912601528,0.6375858367903261,0.23746105080200994,0.03424558328164866,0.09070752912601528,0.6375858367903261,0.23746105080200994,0.03424558328164866,0.03424558328164866,0.03424558328164866,0.03424558328164866,25897.0,39,0,2,0.0,0.0,0.09592156485085987,0.12643301670488044,0.048241756321464144,0.18475421886485557,0.29432816397353867,0.09592156485085987,25897.0,269981.0,40,40,0.975609756097561,1.0
DK,2019,41,41,1.0,6559.317073170731,6559.317073170731,39,0.9512195121951219,high,True,268932.0,268932.0,True,268140.0,40,0,1,0.0,0.0,23845.0,172038.0,63304.0,8953.0,0.08892742597150742,0.6415976728574625,0.236085626911315,0.03338927425971507,0.08892742597150742,0.6415976728574625,0.236085626911315,0.03338927425971507,0.08892742597150742,0.6415976728574625,0.236085626911315,0.03338927425971507,0.03338927425971507,0.03338927425971507,0.03338927425971507,24938.0,39,0,2,0.0,0.0,0.09272976068299793,0.11453134829104634,0.04608865483207199,0.1830216100088462,0.3006813358650732,0.09272976068299793,24938.0,268932.0,40,40,0.975609756097561,1.0
DK,2020,41,41,1.0,6637.4390243902435,6637.4390243902435,39,0.9512195121951219,high,True,272135.0,272135.0,True,272135.0,39,0,2,0.0,0.0,24771.0,174407.0,63908.0,9049.0,0.0910246752530913,0.6408841200139637,0.23483932606978153,0.0332518786631635,0.0910246752530913,0.6408841200139637,0.23483932606978153,0.0332518786631635,0.0910246752530913,0.6408841200139637,0.23483932606978153,0.0332518786631635,0.0332518786631635,0.0332518786631635,0.0332518786631635,24438.0,39,0,2,0.0,0.0,0.08980101787715655,0.10605143110895805,0.042291880486448365,0.18327908868999188,0.3008067189744723,0.08980101787715655,24438.0,272135.0,39,39,0.9512195121951219,1.0
DK,2021,41,41,1.0,6629.658536585366,6629.658536585366,39,0.9512195121951219,high,True,271816.0,271816.0,True,271178.0,40,0,1,0.0,0.0,25252.0,173177.0,63395.0,9354.0,0.09311964834905487,0.6386100642382494,0.23377633878854479,0.03449394862415093,0.09311964834905487,0.6386100642382494,0.23377633878854479,0.03449394862415093,0.09311964834905487,0.6386100642382494,0.23377633878854479,0.03449394862415093,0.03449394862415093,0.03449394862415093,0.03449394862415093,24702.0,39,0,2,0.0,0.0,0.09087765252965241,0.10969428164105813,0.04262690773024131,0.18419433709283067,0.30714132991233695,0.09087765252965241,24702.0,271816.0,40,40,0.975609756097561,1.0
DK,2022,40,40,1.0,6523.525,6523.525,38,0.95,high,True,260941.0,260941.0,True,260941.0,38,0,2,0.0,0.0,23108.0,166017.0,62165.0,9651.0,0.08855641696782031,0.6362242805845,0.23823393027542625,0.0369853721722535,0.08855641696782031,0.6362242805845,0.23823393027542625,0.0369853721722535,0.08855641696782031,0.6362242805845,0.23823393027542625,0.0369853721722535,0.0369853721722535,0.0369853721722535,0.0369853721722535,23368.0,38,0,2,0.0,0.0,0.08955281078864571,0.07274536956898044,0.04166440786184547,0.18865921338373684,0.31520049735778677,0.08955281078864571,23368.0,260941.0,38,38,0.95,1.0
DK,2023,40,40,1.0,6404.5,6404.5,38,0.95,high,True,256180.0,256180.0,True,256180.0,38,0,2,0.0,0.0,22012.0,161006.0,63266.0,9896.0,0.08592395971582481,0.6284877820282614,0.24695916933406198,0.03862908892185182,0.08592395971582481,0.6284877820282614,0.24695916933406198,0.03862908892185182,0.08592395971582481,0.6284877820282614,0.24695916933406198,0.03862908892185182,0.03862908892185182,0.03862908892185182,0.03862908892185182,22952.0,38,0,0,,0.0,0.089593254742759,0.027575867708522623,0.041159956771797325,0.19773654095406695,0.3241713823767179,0.089593254742759,22952.0,256180.0,38,38,0.95,1.0
EE,2014,25,25,1.0,2208.2,2208.2,25,1.0,high,True,55205.0,55205.0,True,51615.0,25,0,0,,0.0,0.0,36300.0,12420.0,2895.0,0.0,0.7032839290903807,0.24062772449869224,0.056088346410927054,0.0,0.7032839290903807,0.24062772449869224,0.056088346410927054,0.0,0.7032839290903807,0.24062772449869224,0.056088346410927054,0.056088346410927054,0.056088346410927054,0.056088346410927054,3785.0,25,0,0,,0.0,0.06856263019654017,,0.0581267217630854,0.08132045088566828,0.12089810017271158,0.06856263019654017,3785.0,55205.0,25,25,1.0,1.0
EE,2015,24,24,1.0,2128.9583333333335,2128.9583333333335,24,1.0,high,True,51095.0,51095.0,True,47755.0,24,0,0,,0.0,0.0,33140.0,11780.0,2835.0,0.0,0.6939587477751021,0.24667574076012982,0.05936551146476809,0.0,0.6939587477751021,0.24667574076012982,0.05936551146476809,0.0,0.6939587477751021,0.24667574076012982,0.05936551146476809,0.05936551146476809,0.05936551146476809,0.05936551146476809,4240.0,24,0,0,,0.0,0.08298267932283002,,0.06698853349426674,0.11205432937181664,0.13403880070546736,0.08298267932283002,4240.0,51095.0,24,24,1.0,1.0
EE,2016,22,22,1.0,2171.818181818182,2171.818181818182,22,1.0,high,True,47780.0,47780.0,True,44485.0,22,0,0,,0.0,0.0,30265.0,11585.0,2635.0,0.0,0.6803416882095088,0.26042486231313927,0.059233449477351915,0.0,0.6803416882095088,0.26042486231313927,0.059233449477351915,0.0,0.6803416882095088,0.26042486231313927,0.059233449477351915,0.059233449477351915,0.059233449477351915,0.059233449477351915,4675.0,22,0,0,,0.0,0.09784428631226455,,0.07467371551296878,0.1441519205869659,0.15749525616698293,0.09784428631226455,4675.0,47780.0,21,21,0.9545454545454546,1.0
EE,2017,20,20,1.0,2307.7,2307.7,20,1.0,high,True,46154.0,46154.0,True,42982.0,20,0,0,,0.0,0.0,28959.0,11533.0,2490.0,0.0,0.6737471499697548,0.2683216230049788,0.05793122702526639,0.0,0.6737471499697548,0.2683216230049788,0.05793122702526639,0.0,0.6737471499697548,0.2683216230049788,0.05793122702526639,0.05793122702526639,0.05793122702526639,0.05793122702526639,5083.0,20,0,0,,0.0,0.11013129956233479,,0.08232328464380675,0.16439781496575046,0.18514056224899597,0.11013129956233479,5083.0,46154.0,20,20,1.0,1.0
EE,2018,20,20,1.0,2290.75,2290.75,20,1.0,high,True,45815.0,45815.0,True,42626.0,20,0,0,,0.0,0.0,28431.0,11783.0,2412.0,0.0,0.6669872847557828,0.2764275324919063,0.056585182752310795,0.0,0.6669872847557828,0.2764275324919063,0.056585182752310795,0.0,0.6669872847557828,0.2764275324919063,0.056585182752310795,0.056585182752310795,0.056585182752310795,0.056585182752310795,5636.0,20,0,0,,0.0,0.12301647931900032,,0.08796735957229784,0.18806755495204958,0.22761194029850745,0.12301647931900032,5636.0,45815.0,20,20,1.0,1.0
EE,2019,19,19,1.0,2377.7894736842104,2377.7894736842104,19,1.0,high,True,45178.0,45178.0,True,41956.0,19,0,0,,0.0,0.0,27674.0,11966.0,2316.0,0.0,0.6595957669939937,0.2852035465725999,0.05520068643340643,0.0,0.6595957669939937,0.2852035465725999,0.05520068643340643,0.0,0.6595957669939937,0.2852035465725999,0.05520068643340643,0.05520068643340643,0.05520068643340643,0.05520068643340643,6056.0,19,0,0,,0.0,0.13404754526539467,,0.09203584592035846,0.21118168143072039,0.2664075993091537,0.13404754526539467,6056.0,45178.0,19,19,1.0,1.0
EE,2020,18,18,1.0,2514.3888888888887,2514.3888888888887,18,1.0,high,True,45259.0,45259.0,True,41953.0,18,0,0,,0.0,0.0,27674.0,11962.0,2317.0,0.0,0.6596429337592067,0.2851285962863204,0.055228469954472864,0.0,0.6596429337592067,0.2851285962863204,0.055228469954472864,0.0,0.6596429337592067,0.2851285962863204,0.055228469954472864,0.055228469954472864,0.055228469954472864,0.055228469954472864,5779.0,18,0,0,,0.0,0.1276873108111094,,0.08791645587916457,0.18943320514964052,0.29952524816573156,0.1276873108111094,5779.0,45259.0,18,18,1.0,1.0
EE,2021,18,18,1.0,2478.3888888888887,2478.3888888888887,18,1.0,high,True,44611.0,44611.0,True,41287.0,18,0,0,,0.0,0.0,27248.0,11686.0,2353.0,0.0,0.6599656066074067,0.28304308862353766,0.05699130476905564,0.0,0.6599656066074067,0.28304308862353766,0.05699130476905564,0.0,0.6599656066074067,0.28304308862353766,0.05699130476905564,0.05699130476905564,0.05699130476905564,0.05699130476905564,5597.0,18,0,0,,0.0,0.12546232991862993,,0.08202436876100998,0.18783159335957555,0.3314917127071823,0.12546232991862993,5597.0,44611.0,18,18,1.0,1.0
EE,2022,18,18,1.0,2452.5,2452.5,18,1.0,high,True,44145.0,44145.0,True,40865.0,18,0,0,,0.0,0.0,27180.0,11385.0,2300.0,0.0,0.6651168481585709,0.27860026917900405,0.05628288266242506,0.0,0.6651168481585709,0.27860026917900405,0.05628288266242506,0.0,0.6651168481585709,0.27860026917900405,0.05628288266242506,0.05628288266242506,0.05628288266242506,0.05628288266242506,5370.0,18,0,0,,0.0,0.1216445803601767,,0.07763061074319352,0.1857707509881423,0.3391304347826087,0.1216445803601767,5370.0,44145.0,18,18,1.0,1.0
EE,2023,18,18,1.0,2480.0,2480.0,18,1.0,high,True,44640.0,44640.0,True,41230.0,18,0,0,,0.0,0.0,27770.0,11170.0,2290.0,0.0,0.6735386854232355,0.27091923356779046,0.05554208100897405,0.0,0.6735386854232355,0.27091923356779046,0.05554208100897405,0.0,0.6735386854232355,0.27091923356779046,0.05554208100897405,0.05554208100897405,0.05554208100897405,0.05554208100897405,4840.0,18,0,0,,0.0,0.10842293906810035,,0.06769895570759812,0.15801253357206804,0.34934497816593885,0.10842293906810035,4840.0,44640.0,18,18,1.0,1.0
ES,2014,81,81,1.0,18990.74074074074,18990.74074074074,81,1.0,high,True,1538250.0,1538250.0,True,1356190.0,81,0,0,,0.0,0.0,1181960.0,142160.0,32070.0,0.0,0.8715298003966996,0.10482307051371859,0.023647129089581845,0.0,0.8715298003966996,0.10482307051371859,0.023647129089581845,0.0,0.8715298003966996,0.10482307051371859,0.023647129089581845,0.023647129089581845,0.023647129089581845,0.023647129089581845,86580.0,81,0,0,,0.0,0.05628473915163335,,0.03637178923144607,0.18303320202588633,0.2486747739320237,0.05628473915163335,86580.0,1538250.0,81,81,1.0,1.0
ES,2015,82,82,1.0,18882.19512195122,18882.19512195122,82,1.0,high,True,1548340.0,1548340.0,True,1410705.0,82,0,0,,0.0,0.0,1184050.0,171040.0,55615.0,0.0,0.8393321069961474,0.12124434236782318,0.0394235506360295,0.0,0.8393321069961474,0.12124434236782318,0.0394235506360295,0.0,0.8393321069961474,0.12124434236782318,0.0394235506360295,0.0394235506360295,0.0394235506360295,0.0394235506360295,101910.0,82,0,0,,0.0,0.06581887699084181,,0.037654659853891305,0.2005378858746492,0.24624651622763644,0.06581887699084181,101910.0,1548340.0,82,82,1.0,1.0
ES,2016,82,82,1.0,19084.69512195122,19084.69512195122,82,1.0,high,True,1564945.0,1564945.0,True,1449460.0,82,0,0,,0.0,0.0,1187755.0,190155.0,71550.0,0.0,0.8194465525092103,0.13119023636388724,0.04936321112690243,0.0,0.8194465525092103,0.13119023636388724,0.04936321112690243,0.0,0.8194465525092103,0.13119023636388724,0.04936321112690243,0.04936321112690243,0.04936321112690243,0.04936321112690243,114275.0,82,0,0,,0.0,0.07302173558815166,,0.040681790436579934,0.20388630327890406,0.2493361285814116,0.07302173558815166,114275.0,1564945.0,82,82,1.0,1.0
ES,2017,82,82,1.0,19305.182926829268,19305.182926829268,82,1.0,high,True,1583025.0,1583025.0,True,1482448.0,82,0,0,,0.0,0.0,1187214.0,209754.0,85480.0,0.0,0.8008469774319235,0.14149164085350718,0.057661381714569415,0.0,0.8008469774319235,0.14149164085350718,0.057661381714569415,0.0,0.8008469774319235,0.14149164085350718,0.057661381714569415,0.057661381714569415,0.057661381714569415,0.057661381714569415,127597.0,82,0,0,,0.0,0.08060327537467822,,0.04420348816641313,0.20764323922308991,0.25825924192793637,0.08060327537467822,127597.0,1583025.0,82,82,1.0,1.0
ES,2018,83,83,1.0,19265.66265060241,19265.66265060241,83,1.0,high,True,1599050.0,1599050.0,True,1500938.0,83,0,0,,0.0,0.0,1192343.0,217840.0,90755.0,0.0,0.7943985694279178,0.14513590834531473,0.06046552222676753,0.0,0.7943985694279178,0.14513590834531473,0.06046552222676753,0.0,0.7943985694279178,0.14513590834531473,0.06046552222676753,0.06046552222676753,0.06046552222676753,0.06046552222676753,137914.0,83,0,0,,0.0,0.08624745942903599,,0.047592010017251746,0.21473099522585384,0.26665197509779076,0.08624745942903599,137914.0,1599050.0,83,83,1.0,1.0
ES,2019,83,83,1.0,19592.21686746988,19592.21686746988,83,1.0,high,True,1626154.0,1626154.0,True,1528688.0,83,0,0,,0.0,0.0,1198913.0,237118.0,92657.0,0.0,0.7842757972849921,0.1551120961242582,0.06061210659074971,0.0,0.7842757972849921,0.1551120961242582,0.06061210659074971,0.0,0.7842757972849921,0.1551120961242582,0.06061210659074971,0.06061210659074971,0.06061210659074971,0.06061210659074971,153042.0,83,0,0,,0.0,0.09411285769982425,,0.051384879469986565,0.2321333681964254,0.27641732410934955,0.09411285769982425,153042.0,1626154.0,83,83,1.0,1.0
ES,2020,84,84,1.0,19988.77380952381,19988.77380952381,84,1.0,high,True,1679057.0,1679057.0,True,1581371.0,84,0,0,,0.0,0.0,1238323.0,247251.0,95797.0,0.0,0.7830692481397471,0.15635230442445194,0.06057844743580096,0.0,0.7830692481397471,0.15635230442445194,0.06057844743580096,0.0,0.7830692481397471,0.15635230442445194,0.06057844743580096,0.06057844743580096,0.06057844743580096,0.06057844743580096,155919.0,84,0,0,,0.0,0.09286105236451175,,0.05289573075845316,0.21201127599079478,0.2780254078937754,0.09286105236451175,155919.0,1679057.0,84,84,1.0,1.0
ES,2021,86,86,1.0,19746.96511627907,19746.96511627907,86,1.0,high,True,1698239.0,1698239.0,True,1600207.0,86,0,0,,0.0,0.0,1235535.0,266923.0,97749.0,0.0,0.7721094833355935,0.16680529456501564,0.06108522209939089,0.0,0.7721094833355935,0.16680529456501564,0.06108522209939089,0.0,0.7721094833355935,0.16680529456501564,0.06108522209939089,0.06108522209939089,0.06108522209939089,0.06108522209939089,170222.0,86,0,0,,0.0,0.10023441930140575,,0.05543428555241252,0.23337441883989016,0.2835936940531361,0.10023441930140575,170222.0,1698239.0,86,86,1.0,1.0
ES,2022,89,89,1.0,19336.79775280899,19336.79775280899,89,1.0,high,True,1720975.0,1720975.0,True,1621625.0,89,0,0,,0.0,0.0,1244386.0,280012.0,97227.0,0.0,0.7673697679796501,0.17267370692977724,0.059956525090572726,0.0,0.7673697679796501,0.17267370692977724,0.059956525090572726,0.0,0.7673697679796501,0.17267370692977724,0.059956525090572726,0.059956525090572726,0.059956525090572726,0.059956525090572726,180563.0,89,0,0,,0.0,0.10491901393105653,,0.057610741361603234,0.24556090453266288,0.286772192909377,0.10491901393105653,180563.0,1720975.0,89,89,1.0,1.0
ES,2023,91,91,1.0,19316.604395604394,19316.604395604394,91,1.0,high,True,1757811.0,1757811.0,True,1654963.0,91,0,0,,0.0,0.0,1265305.0,290236.0,99422.0,0.0,0.7645518359020715,0.1753731050180578,0.060075059079870666,0.0,0.7645518359020715,0.1753731050180578,0.060075059079870666,0.0,0.7645518359020715,0.1753731050180578,0.060075059079870666,0.060075059079870666,0.060075059079870666,0.060075059079870666,196567.0,91,0,0,,0.0,0.11182487764611782,,0.06062490861887055,0.2691602695737262,0.28977489891573294,0.11182487764611782,196567.0,1757811.0,91,91,1.0,1.0
FI,2014,41,41,1.0,7377.317073170731,7377.317073170731,41,1.0,high,True,302470.0,302470.0,True,297170.0,41,0,0,,0.0,0.0,219350.0,57960.0,19860.0,0.0,0.7381296900763873,0.195039876165158,0.06683043375845475,0.0,0.7381296900763873,0.195039876165158,0.06683043375845475,0.0,0.7381296900763873,0.195039876165158,0.06683043375845475,0.06683043375845475,0.06683043375845475,0.06683043375845475,20255.0,41,0,0,,0.0,0.06696531887459914,,0.04527011625256439,0.11809868875086266,0.17472306143001007,0.06696531887459914,20255.0,302470.0,41,41,1.0,1.0
FI,2015,41,41,1.0,7248.048780487805,7248.048780487805,41,1.0,high,True,297170.0,297170.0,True,291755.0,41,0,0,,0.0,0.0,215195.0,57030.0,19530.0,0.0,0.7375880447635859,0.19547222841082415,0.06693972682558996,0.0,0.7375880447635859,0.19547222841082415,0.06693972682558996,0.0,0.7375880447635859,0.19547222841082415,0.06693972682558996,0.06693972682558996,0.06693972682558996,0.06693972682558996,20360.0,41,0,0,,0.0,0.06851297237271596,,0.045842143172471476,0.11976152901981413,0.1858678955453149,0.06851297237271596,20360.0,297170.0,41,41,1.0,1.0
FI,2016,41,41,1.0,7207.804878048781,7207.804878048781,41,1.0,high,True,295520.0,295520.0,True,289965.0,41,0,0,,0.0,0.0,211045.0,60045.0,18875.0,0.0,0.7278292207680237,0.20707671615539808,0.06509406307657821,0.0,0.7278292207680237,0.20707671615539808,0.06509406307657821,0.0,0.7278292207680237,0.20707671615539808,0.06509406307657821,0.06509406307657821,0.06509406307657821,0.06509406307657821,21100.0,41,0,0,,0.0,0.0713995668651868,,0.047075268307706884,0.12473977849945873,0.1947019867549669,0.0713995668651868,21100.0,295520.0,41,41,1.0,1.0
FI,2017,40,40,1.0,7363.0,7363.0,40,1.0,high,True,294520.0,294520.0,True,288760.0,40,0,0,,0.0,0.0,207295.0,62840.0,18625.0,0.0,0.7178799002631944,0.21762016899847625,0.06449993073832941,0.0,0.7178799002631944,0.21762016899847625,0.06449993073832941,0.0,0.7178799002631944,0.21762016899847625,0.06449993073832941,0.06449993073832941,0.06449993073832941,0.06449993073832941,20370.0,40,0,0,,0.0,0.06916338449001766,,0.04638317373790974,0.11330362826225335,0.1940939597315436,0.06916338449001766,20370.0,294520.0,40,40,1.0,1.0
FI,2018,40,40,1.0,7386.375,7386.375,40,1.0,high,True,295455.0,295455.0,True,289625.0,40,0,0,,0.0,0.0,205485.0,65830.0,18310.0,0.0,0.7094864048338368,0.22729391454466982,0.06321968062149332,0.0,0.7094864048338368,0.22729391454466982,0.06321968062149332,0.0,0.7094864048338368,0.22729391454466982,0.06321968062149332,0.06321968062149332,0.06321968062149332,0.06321968062149332,20230.0,40,0,0,,0.0,0.06847066389128632,,0.04618341971433438,0.10603068509797964,0.20480611687602404,0.06847066389128632,20230.0,295455.0,40,40,1.0,1.0
FI,2019,39,39,1.0,7587.948717948718,7587.948717948718,39,1.0,high,True,295930.0,295930.0,True,290165.0,39,0,0,,0.0,0.0,204690.0,67020.0,18455.0,0.0,0.7054262230110454,0.23097203315355055,0.063601743835404,0.0,0.7054262230110454,0.23097203315355055,0.063601743835404,0.0,0.7054262230110454,0.23097203315355055,0.063601743835404,0.063601743835404,0.063601743835404,0.063601743835404,19865.0,39,0,0,,0.0,0.06712736120028386,,0.045849821681567246,0.09623992837958818,0.21809807640205905,0.06712736120028386,19865.0,295930.0,39,39,1.0,1.0
FI,2020,38,38,1.0,8036.184210526316,8036.184210526316,38,1.0,high,True,305375.0,305375.0,True,299505.0,38,0,0,,0.0,0.0,210635.0,70165.0,18705.0,0.0,0.7032770738385002,0.2342698786330779,0.062453047528421894,0.0,0.7032770738385002,0.2342698786330779,0.062453047528421894,0.0,0.7032770738385002,0.2342698786330779,0.062453047528421894,0.062453047528421894,0.062453047528421894,0.062453047528421894,20855.0,38,0,0,,0.0,0.0682930822758903,,0.0458613240914378,0.09841088861968218,0.22988505747126436,0.0682930822758903,20855.0,305375.0,38,38,1.0,1.0
FI,2021,38,38,1.0,8305.0,8305.0,38,1.0,high,True,315590.0,315590.0,True,309735.0,38,0,0,,0.0,0.0,216265.0,74280.0,19190.0,0.0,0.698225902787867,0.2398179088575718,0.06195618835456116,0.0,0.698225902787867,0.2398179088575718,0.06195618835456116,0.0,0.698225902787867,0.2398179088575718,0.06195618835456116,0.06195618835456116,0.06195618835456116,0.06195618835456116,22795.0,38,0,0,,0.0,0.07222979181849869,,0.049291378632696,0.10022886375875067,0.2433559145388223,0.07222979181849869,22795.0,315590.0,38,38,1.0,1.0
FI,2022,38,38,1.0,8623.0,8623.0,38,1.0,high,True,327674.0,327674.0,True,321805.0,38,0,0,,0.0,0.0,225486.0,77188.0,19131.0,0.0,0.7006914125013595,0.23985954226938674,0.05944904522925374,0.0,0.7006914125013595,0.23985954226938674,0.05944904522925374,0.0,0.7006914125013595,0.23985954226938674,0.05944904522925374,0.05944904522925374,0.05944904522925374,0.05944904522925374,26220.0,38,0,0,,0.0,0.08001855502725269,,0.05779516244910992,0.1093045551121936,0.24745177983377764,0.08001855502725269,26220.0,327674.0,38,38,1.0,1.0
FI,2023,38,38,1.0,8916.105263157895,8916.105263157895,38,1.0,high,True,338812.0,338812.0,True,332917.0,38,0,0,,0.0,0.0,232051.0,81356.0,19510.0,0.0,0.6970235824544857,0.24437322215447094,0.05860319539104342,0.0,0.6970235824544857,0.24437322215447094,0.05860319539104342,0.0,0.6970235824544857,0.24437322215447094,0.05860319539104342,0.05860319539104342,0.05860319539104342,0.05860319539104342,31656.0,38,0,0,,0.0,0.09343234596177231,,0.06954074750809089,0.12746447711293574,0.26319835981547923,0.09343234596177231,31656.0,338812.0,38,38,1.0,1.0
FR,2014,375,322,0.8586666666666667,5532.0496894409935,4750.1866666666665,248,0.6613333333333333,medium,False,1781320.0,1781320.0,True,1388630.0,252,0,0,,0.0,141470.0,760810.0,415730.0,70620.0,0.10187738994548584,0.5478853258247337,0.29938140469383495,0.0508558795359455,,,,,,,,,,0.0508558795359455,,249990.0,252,0,4,0.0,0.0,0.14462870879001674,0.0667632713649537,0.11754577358341767,0.2162461212806389,0.42225998300764656,0.14033974805200639,249990.0,1728495.0,251,251,0.6693333333333333,0.9703450250376126
FR,2015,377,0,0.0,,,0,0.0,no_complete_records,False,,,True,,0,0,0,,0.0,,,,,,,,,,,,,,,,,,,,,0,0,0,,0.0,,,,,,,,,0,0,0.0,
FR,2017,212,204,0.9622641509433962,7546.583333333333,7261.806603773585,0,0.0,no_complete_records,False,1539503.0,1539503.0,True,1539503.0,0,0,77,0.0,0.0,139327.0,775083.0,625093.0,,,,,,,,,,,,,,,,,224310.0,0,0,77,0.0,0.0,0.14570286644456035,0.10829918106325408,0.12752956780112581,0.17657372582959655,,0.14570286644456035,224310.0,1539503.0,123,123,0.5801886792452831,1.0
FR,2018,209,0,0.0,,,0,0.0,no_complete_records,False,,,True,,0,0,0,,0.0,,,,,,,,,,,,,,,,,,,,,0,0,0,,0.0,,,,,,,,,0,0,0.0,
FR,2019,205,205,1.0,9070.765853658537,9070.765853658537,115,0.5609756097560976,medium,False,1859507.0,1859507.0,True,1590887.0,196,0,86,0.0,0.0,130892.0,762116.0,636922.0,60957.0,0.08227611389118146,0.4790509948223852,0.4003565306649687,0.03831636062146463,,,,,,,,,,0.03831636062146463,,277727.0,196,0,86,0.0,0.0,0.1493551785500135,0.1056214283531461,0.13238929506794242,0.17259256235457404,0.4216086749676001,0.1493551785500135,277727.0,1859507.0,117,117,0.5707317073170731,1.0
FR,2020,202,201,0.995049504950495,9369.223880597016,9322.841584158416,116,0.5742574257425742,medium,False,1883214.0,1883214.0,True,1646765.0,193,0,84,0.0,0.0,133467.0,834013.0,620327.0,58958.0,0.08104799409751846,0.506455383737206,0.3766943067165017,0.03580231544877381,,,,,,,,,,0.03580231544877381,,268700.0,193,0,84,0.0,0.0,0.14268160708236027,0.08168311267953876,0.12442012294772384,0.1715836969856221,0.41010549882967534,0.14268160708236027,268700.0,1883214.0,116,116,0.5742574257425742,1.0
FR,2021,354,351,0.9915254237288136,6388.356125356126,6334.217514124294,0,0.0,no_complete_records,False,2242313.0,2242313.0,True,1859680.0,0,0,58,0.0,0.0,90526.0,958557.0,810597.0,,,,,,,,,,,,,,,,,238270.0,0,0,110,0.0,0.0,0.13008830521041143,0.09558579855511123,0.12115815752219221,0.12041742074051594,,0.10626081193838684,238270.0,1831602.0,137,137,0.3870056497175141,0.8168360081754866
FR,2022,782,781,0.9987212276214834,3436.4801536491677,3432.0856777493605,0,0.0,no_complete_records,False,2683891.0,2683891.0,True,2172553.0,0,0,42,41521.0,0.01547044943330411,34732.0,1155045.0,982776.0,,,,,,,,,,,,,,,,,271989.0,0,0,576,18746.0,0.06892190492997878,0.10744828447135676,0.2178394564090752,0.10882173421814735,0.11472400628423975,,0.10134129888285329,271989.0,2531348.0,682,682,0.8721227621483376,0.9431634891282843
FR,2023,816,816,1.0,3119.9718137254904,3119.9718137254904,0,0.0,no_complete_records,False,2545897.0,2545897.0,True,2077668.0,0,0,169,41152.0,0.016164047485031797,35409.0,1125342.0,916917.0,,,,,,,,,,,,,,,,,280021.0,0,0,636,0.0,0.0,0.11522549584396347,0.22581829478381202,0.11423371739435656,0.12543556286992172,,0.10998913153202977,280021.0,2430200.0,634,634,0.7769607843137255,0.9545555063696607
GR,2014,49,49,1.0,14063.979591836734,14063.979591836734,45,0.9183673469387755,high,True,689135.0,689135.0,True,594075.0,48,0,4,0.0,0.0,0.0,531115.0,39810.0,23150.0,0.0,0.8940201153053066,0.06701174094180028,0.038968143752893154,0.0,0.8940201153053066,0.06701174094180028,0.038968143752893154,0.0,0.8940201153053066,0.06701174094180028,0.038968143752893154,0.038968143752893154,0.038968143752893154,0.038968143752893154,,0,0,0,,0.0,,,,,,,,,0,0,0.0,
GR,2015,47,47,1.0,15587.765957446809,15587.765957446809,45,0.9574468085106383,high,True,732625.0,732625.0,True,638430.0,47,0,2,0.0,0.0,0.0,552760.0,62025.0,23645.0,0.0,0.8658114436978213,0.09715238945538274,0.037036166846796045,0.0,0.8658114436978213,0.09715238945538274,0.037036166846796045,0.0,0.8658114436978213,0.09715238945538274,0.037036166846796045,0.037036166846796045,0.037036166846796045,0.037036166846796045,23450.0,46,0,2,0.0,0.0,0.03200818972871523,,0.039013315001085465,0.00951229343006852,0.02072319729329668,0.03200818972871523,23450.0,732625.0,45,45,0.9574468085106383,1.0
GR,2016,47,47,1.0,15609.68085106383,15609.68085106383,45,0.9574468085106383,high,True,733655.0,733655.0,True,733660.0,47,0,2,0.0,0.0,0.0,632645.0,72325.0,28690.0,0.0,0.8623136057574353,0.09858108660687512,0.039105307635689555,0.0,0.8623136057574353,0.09858108660687512,0.039105307635689555,0.0,0.8623136057574353,0.09858108660687512,0.039105307635689555,0.039105307635689555,0.039105307635689555,0.039105307635689555,25005.0,47,0,2,0.0,0.0,0.03408277732721783,,0.037928063922104814,0.008987210508123056,0.013419309864064134,0.03408277732721783,25005.0,733655.0,45,45,0.9574468085106383,1.0
GR,2017,47,47,1.0,16278.72340425532,16278.72340425532,45,0.9574468085106383,high,True,765100.0,765100.0,True,765100.0,47,0,2,0.0,0.0,0.0,657515.0,78302.0,29283.0,0.0,0.859384394196837,0.10234217749313815,0.03827342831002483,0.0,0.859384394196837,0.10234217749313815,0.03827342831002483,0.0,0.859384394196837,0.10234217749313815,0.03827342831002483,0.03827342831002483,0.03827342831002483,0.03827342831002483,29462.0,47,0,2,0.0,0.0,0.03850738465560057,,0.03818315931955925,0.05029245740849531,0.01427449373356555,0.03850738465560057,29462.0,765100.0,45,45,0.9574468085106383,1.0
GR,2018,46,46,1.0,17410.652173913044,17410.652173913044,44,0.9565217391304348,high,True,800890.0,800890.0,True,800890.0,46,0,2,0.0,0.0,0.0,685426.0,84804.0,30660.0,0.0,0.8558303886925795,0.10588720048945548,0.03828241081796501,0.0,0.8558303886925795,0.10588720048945548,0.03828241081796501,0.0,0.8558303886925795,0.10588720048945548,0.03828241081796501,0.03828241081796501,0.03828241081796501,0.03828241081796501,21760.0,46,0,11,0.0,0.0,0.02716977362684014,,0.030458430231709913,0.006450167444931843,0.010958904109589041,0.02716977362684014,21760.0,800890.0,44,44,0.9565217391304348,1.0
GR,2019,47,47,1.0,17549.957446808512,17549.957446808512,45,0.9574468085106383,high,True,824848.0,824848.0,True,824848.0,47,0,2,0.0,0.0,0.0,709782.0,83961.0,31105.0,0.0,0.8605003588539949,0.10178966306519505,0.03770997808081004,0.0,0.8605003588539949,0.10178966306519505,0.03770997808081004,0.0,0.8605003588539949,0.10178966306519505,0.03770997808081004,0.03770997808081004,0.03770997808081004,0.03770997808081004,21185.0,47,0,2,0.0,0.0,0.025683519872752313,,0.028400269378485225,0.008801705553769011,0.009258961581739271,0.025683519872752313,21185.0,824848.0,45,45,0.9574468085106383,1.0
GR,2020,47,47,1.0,18201.31914893617,18201.31914893617,45,0.9574468085106383,high,True,855462.0,855462.0,True,855462.0,47,0,2,0.0,0.0,0.0,725630.0,96119.0,33713.0,0.0,0.8482317157278757,0.11235916966504648,0.039409114607077814,0.0,0.8482317157278757,0.11235916966504648,0.039409114607077814,0.0,0.8482317157278757,0.11235916966504648,0.039409114607077814,0.039409114607077814,0.039409114607077814,0.039409114607077814,24699.0,47,0,2,0.0,0.0,0.028872118223836944,,0.032596502349682345,0.005087443689593109,0.016521816509951652,0.028872118223836944,24699.0,855462.0,45,45,0.9574468085106383,1.0
GR,2021,47,47,1.0,18525.0,18525.0,45,0.9574468085106383,high,True,870675.0,870675.0,True,870675.0,47,0,2,0.0,0.0,0.0,734526.0,103276.0,32873.0,0.0,0.8436282194848824,0.1186160163091854,0.03775576420593218,0.0,0.8436282194848824,0.1186160163091854,0.03775576420593218,0.0,0.8436282194848824,0.1186160163091854,0.03775576420593218,0.03775576420593218,0.03775576420593218,0.03775576420593218,24343.0,47,0,2,0.0,0.0,0.027958767622821373,,0.03109760580292597,0.005548239668461211,0.02822985428771332,0.027958767622821373,24343.0,870675.0,45,45,0.9574468085106383,1.0
GR,2022,45,45,1.0,19371.666666666668,19371.666666666668,41,0.9111111111111111,high,True,871725.0,871725.0,True,871710.0,45,0,4,33130.0,0.03800510482090109,0.0,733225.0,105965.0,32520.0,0.0,0.8411340927602069,0.12155992245127394,0.03730598478851912,0.0,0.8411340927602069,0.12155992245127394,0.03730598478851912,0.0,0.8411340927602069,0.12155992245127394,0.03730598478851912,0.03730598478851912,0.03730598478851912,0.03730598478851912,23285.0,45,0,5,300.0,0.012883830792355593,0.026711405546473947,,0.029854410310614067,0.006039730099561176,0.023062730627306273,0.026711405546473947,23285.0,871725.0,43,43,0.9555555555555556,1.0
GR,2023,43,43,1.0,20515.0,20515.0,42,0.9767441860465116,high,True,882145.0,882145.0,True,882135.0,43,0,1,3715.0,0.004211325802447444,0.0,741730.0,106805.0,33600.0,0.0,0.8408350195831704,0.12107557233303293,0.0380894080837967,0.0,0.8408350195831704,0.12107557233303293,0.0380894080837967,0.0,0.8408350195831704,0.12107557233303293,0.0380894080837967,0.0380894080837967,0.0380894080837967,0.0380894080837967,22335.0,43,0,1,0.0,0.0,0.025318966836517805,,0.02866272093618972,0.005945414540517766,0.013244047619047619,0.025318966836517805,22335.0,882145.0,43,43,1.0,1.0
HR,2014,37,37,1.0,4345.135135135135,4345.135135135135,37,1.0,high,True,160770.0,160770.0,True,136450.0,37,0,0,,0.0,120.0,99895.0,33310.0,3125.0,0.0008794430194210333,0.7320996702088677,0.24411872480762184,0.02290216196408941,0.0008794430194210333,0.7320996702088677,0.24411872480762184,0.02290216196408941,0.0008794430194210333,0.7320996702088677,0.24411872480762184,0.02290216196408941,0.02290216196408941,0.02290216196408941,0.02290216196408941,1000.0,37,0,0,,0.0,0.006220065932698886,0.0,0.003253416086891236,0.004803362353647553,0.0336,0.006220065932698886,1000.0,160770.0,37,37,1.0,1.0
HR,2015,37,37,1.0,4338.243243243243,4338.243243243243,37,1.0,high,True,160515.0,160515.0,True,135205.0,37,0,0,,0.0,65.0,97400.0,34580.0,3160.0,0.0004807514514995747,0.7203875596316704,0.25575977219777374,0.023371916719056248,0.0004807514514995747,0.7203875596316704,0.25575977219777374,0.023371916719056248,0.0004807514514995747,0.7203875596316704,0.25575977219777374,0.023371916719056248,0.023371916719056248,0.023371916719056248,0.023371916719056248,1125.0,37,0,0,,0.0,0.007008690776562938,0.0,0.0037987679671457907,0.004337767495662233,0.04430379746835443,0.007008690776562938,1125.0,160515.0,37,37,1.0,1.0
HR,2016,37,37,1.0,4422.972972972973,4422.972972972973,37,1.0,high,True,163650.0,163650.0,True,137735.0,37,0,0,,0.0,45.0,97945.0,36440.0,3305.0,0.00032671434275964714,0.711111917813192,0.2645660144480343,0.023995353396014087,0.00032671434275964714,0.711111917813192,0.2645660144480343,0.023995353396014087,0.00032671434275964714,0.711111917813192,0.2645660144480343,0.023995353396014087,0.023995353396014087,0.023995353396014087,0.023995353396014087,2190.0,37,0,0,,0.0,0.013382218148487626,0.0,0.00939302669865741,0.01221185510428101,0.048411497730711045,0.013382218148487626,2190.0,163650.0,37,37,1.0,1.0
HR,2017,39,39,1.0,4196.692307692308,4196.692307692308,39,1.0,high,True,163671.0,163671.0,True,137547.0,39,0,0,,0.0,51.0,96924.0,37267.0,3305.0,0.0003707823507601038,0.7046609522563196,0.27094011501523113,0.02402815037768908,0.0003707823507601038,0.7046609522563196,0.27094011501523113,0.02402815037768908,0.0003707823507601038,0.7046609522563196,0.27094011501523113,0.02402815037768908,0.02402815037768908,0.02402815037768908,0.02402815037768908,2496.0,39,0,0,,0.0,0.015250105394358194,0.0,0.01104989476290702,0.013148361821450613,0.044780635400907716,0.015250105394358194,2496.0,163671.0,39,39,1.0,1.0
HR,2018,39,39,1.0,4172.102564102564,4172.102564102564,39,1.0,high,True,162712.0,162712.0,True,136341.0,39,0,0,,0.0,53.0,95000.0,38052.0,3236.0,0.0003887311960452102,0.6967823325338673,0.27909432965872333,0.023734606611364152,0.0003887311960452102,0.6967823325338673,0.27909432965872333,0.023734606611364152,0.0003887311960452102,0.6967823325338673,0.27909432965872333,0.023734606611364152,0.023734606611364152,0.023734606611364152,0.023734606611364152,3214.0,39,0,0,,0.0,0.019752691872756772,0.0,0.015863157894736843,0.018238200357405657,0.0361557478368356,0.019752691872756772,3214.0,162712.0,38,38,0.9743589743589743,1.0
HR,2019,39,39,1.0,4115.333333333333,4115.333333333333,39,1.0,high,True,160498.0,160498.0,True,134005.0,39,0,0,,0.0,23.0,92605.0,37850.0,3527.0,0.00017163538673930077,0.6910563038692586,0.2824521473079363,0.02631991343606582,0.00017163538673930077,0.6910563038692586,0.2824521473079363,0.02631991343606582,0.00017163538673930077,0.6910563038692586,0.2824521473079363,0.02631991343606582,0.02631991343606582,0.02631991343606582,0.02631991343606582,2605.0,39,0,0,,0.0,0.016230731847125823,0.0,0.012223961989093462,0.012470277410832233,0.03912673660334562,0.016230731847125823,2605.0,160498.0,38,38,0.9743589743589743,1.0
HR,2020,40,40,1.0,4013.0,4013.0,40,1.0,high,True,160520.0,160520.0,True,133718.0,40,0,0,,0.0,12.0,91523.0,38196.0,3987.0,8.974109693534154e-05,0.6844478679011053,0.28564591154519214,0.029816479456767228,8.974109693534154e-05,0.6844478679011053,0.28564591154519214,0.029816479456767228,8.974109693534154e-05,0.6844478679011053,0.28564591154519214,0.029816479456767228,0.029816479456767228,0.029816479456767228,0.029816479456767228,2334.0,40,0,0,,0.0,0.01454024420632943,0.0,0.009298209193317527,0.011205361817991413,0.03887634813142714,0.01454024420632943,2334.0,160520.0,39,39,0.975,1.0
HR,2021,43,43,1.0,3743.6976744186045,3743.6976744186045,43,1.0,high,True,160979.0,160979.0,True,134179.0,43,0,0,,0.0,8.0,91222.0,38464.0,4485.0,5.962184842635584e-05,0.679853032143629,0.28666184723391885,0.033425498774025744,5.962184842635584e-05,0.679853032143629,0.28666184723391885,0.033425498774025744,5.962184842635584e-05,0.679853032143629,0.28666184723391885,0.033425498774025744,0.033425498774025744,0.033425498774025744,0.033425498774025744,3456.0,43,0,0,,0.0,0.02146863876654719,0.0,0.016235118721361075,0.01856281198003328,0.03545150501672241,0.02146863876654719,3456.0,160979.0,43,43,1.0,1.0
HR,2022,38,38,1.0,4167.368421052632,4167.368421052632,38,1.0,high,True,158360.0,158360.0,True,132160.0,38,0,0,,0.0,5.0,89160.0,38265.0,4730.0,3.7832929782082326e-05,0.674636803874092,0.28953541162227603,0.03578995157384988,3.7832929782082326e-05,0.674636803874092,0.28953541162227603,0.03578995157384988,3.7832929782082326e-05,0.674636803874092,0.28953541162227603,0.03578995157384988,0.03578995157384988,0.03578995157384988,0.03578995157384988,3500.0,38,0,0,,0.0,0.02210154079312958,0.0,0.015646029609690443,0.01907748595322096,0.040169133192389,0.02210154079312958,3500.0,158360.0,38,38,1.0,1.0
HR,2023,37,37,1.0,4184.189189189189,4184.189189189189,37,1.0,high,True,154815.0,154815.0,True,128780.0,37,0,0,,0.0,30.0,87235.0,36725.0,4790.0,0.00023295542786146918,0.6773955583165088,0.28517626960708187,0.03719521664854791,0.00023295542786146918,0.6773955583165088,0.28517626960708187,0.03719521664854791,0.00023295542786146918,0.6773955583165088,0.28517626960708187,0.03719521664854791,0.03719521664854791,0.03719521664854791,0.03719521664854791,4105.0,37,0,0,,0.0,0.02651551852210703,0.0,0.021550982977016107,0.019877467665078283,0.03549060542797495,0.02651551852210703,4105.0,154815.0,37,37,1.0,1.0
HU,2014,52,52,1.0,5816.057692307692,5816.057692307692,52,1.0,high,True,302435.0,302435.0,True,265675.0,52,0,0,,0.0,10435.0,210175.0,37935.0,7130.0,0.03927731250588125,0.7910981462312976,0.14278724004893198,0.02683730121388915,0.03927731250588125,0.7910981462312976,0.14278724004893198,0.02683730121388915,0.03927731250588125,0.7910981462312976,0.14278724004893198,0.02683730121388915,0.02683730121388915,0.02683730121388915,0.02683730121388915,24260.0,52,0,0,,0.0,0.08021558351381289,0.008145663632007666,0.058498869989294634,0.06445235270858046,0.08415147265077139,0.08021558351381289,24260.0,302435.0,52,52,1.0,1.0
HU,2015,50,50,1.0,5818.0,5818.0,50,1.0,high,True,290900.0,290900.0,True,252980.0,50,0,0,,0.0,11960.0,195390.0,38390.0,7240.0,0.047276464542651594,0.7723535457348407,0.15175112657127046,0.028618863151237253,0.047276464542651594,0.7723535457348407,0.15175112657127046,0.028618863151237253,0.047276464542651594,0.7723535457348407,0.15175112657127046,0.028618863151237253,0.028618863151237253,0.028618863151237253,0.028618863151237253,25790.0,50,0,0,,0.0,0.08865589549673428,0.006688963210702341,0.0652285173243257,0.07345662933055483,0.11395027624309392,0.08865589549673428,25790.0,290900.0,50,50,1.0,1.0
HU,2016,53,53,1.0,5238.490566037736,5238.490566037736,51,0.9622641509433962,high,True,277640.0,277640.0,True,238115.0,53,0,1,0.0,0.0,13295.0,178490.0,38980.0,7350.0,0.055834365747642944,0.7495957835499654,0.16370241269974592,0.03086743800264578,0.055834365747642944,0.7495957835499654,0.16370241269974592,0.03086743800264578,0.055834365747642944,0.7495957835499654,0.16370241269974592,0.03086743800264578,0.03086743800264578,0.03086743800264578,0.03086743800264578,23105.0,53,0,1,0.0,0.0,0.0832192767612736,0.008649868371568259,0.04731357499019553,0.09261159569009748,0.145578231292517,0.0832192767612736,23105.0,277640.0,52,52,0.9811320754716981,1.0
HU,2017,52,52,1.0,5272.942307692308,5272.942307692308,52,1.0,high,True,274193.0,274193.0,True,232740.0,52,0,0,,0.0,12179.0,174932.0,37971.0,7658.0,0.052328778894904185,0.751619833290367,0.1631477184841454,0.03290366933058348,0.052328778894904185,0.751619833290367,0.1631477184841454,0.03290366933058348,0.052328778894904185,0.751619833290367,0.1631477184841454,0.03290366933058348,0.03290366933058348,0.03290366933058348,0.03290366933058348,26114.0,52,0,0,,0.0,0.09523948459661626,0.009524591509976189,0.055673061532481194,0.11961760290748202,0.19443718986680594,0.09523948459661626,26114.0,274193.0,52,52,1.0,1.0
HU,2018,52,52,1.0,5234.461538461538,5234.461538461538,52,1.0,high,True,272192.0,272192.0,True,229645.0,52,0,0,,0.0,11180.0,173468.0,37445.0,7552.0,0.048683838097933765,0.7553745999259727,0.1630560212501905,0.03288554072590302,0.048683838097933765,0.7553745999259727,0.1630560212501905,0.03288554072590302,0.048683838097933765,0.7553745999259727,0.1630560212501905,0.03288554072590302,0.03288554072590302,0.03288554072590302,0.03288554072590302,29113.0,52,0,0,,0.0,0.10695758876087468,0.010286225402504472,0.06482463624414878,0.14383762852183202,0.2322563559322034,0.10695758876087468,29113.0,272192.0,52,52,1.0,1.0
HU,2019,52,52,1.0,5308.2692307692305,5308.2692307692305,52,1.0,high,True,276030.0,276030.0,True,232856.0,52,0,0,,0.0,11197.0,176267.0,35998.0,9394.0,0.04808551207613289,0.7569785618579723,0.1545933967774075,0.040342529288487305,0.04808551207613289,0.7569785618579723,0.1545933967774075,0.040342529288487305,0.04808551207613289,0.7569785618579723,0.1545933967774075,0.040342529288487305,0.040342529288487305,0.040342529288487305,0.040342529288487305,32108.0,52,0,0,,0.0,0.11632068978009637,0.011342323836741984,0.07290644306648436,0.16639813322962388,0.2551628699169683,0.11632068978009637,32108.0,276030.0,52,52,1.0,1.0
HU,2020,51,51,1.0,5499.411764705882,5499.411764705882,51,1.0,high,True,280470.0,280470.0,True,280470.0,51,0,0,,0.0,11834.0,176619.0,81890.0,10127.0,0.04219346097621849,0.6297251042892288,0.291974186187471,0.03610724854708169,0.04219346097621849,0.6297251042892288,0.291974186187471,0.03610724854708169,0.04219346097621849,0.6297251042892288,0.291974186187471,0.03610724854708169,0.03610724854708169,0.03610724854708169,0.03610724854708169,33871.0,51,0,0,,0.0,0.12076514422219846,0.01208382626330911,0.07663388423669028,0.21196727317132738,0.2799447022810309,0.12076514422219846,33871.0,280470.0,51,51,1.0,1.0
HU,2021,51,51,1.0,5603.9607843137255,5603.9607843137255,51,1.0,high,True,285802.0,285802.0,True,285802.0,51,0,0,,0.0,11935.0,178498.0,84883.0,10486.0,0.04175967977830806,0.624551262762332,0.296999321208389,0.03668973625097095,0.04175967977830806,0.624551262762332,0.296999321208389,0.03668973625097095,0.04175967977830806,0.624551262762332,0.296999321208389,0.03668973625097095,0.03668973625097095,0.03668973625097095,0.03668973625097095,35510.0,51,0,0,,0.0,0.12424685621514195,0.01122748219522413,0.07991686181357774,0.21257495611606564,0.29248521838642,0.12424685621514195,35510.0,285802.0,51,51,1.0,1.0
HU,2022,50,50,1.0,5635.14,5635.14,50,1.0,high,True,281757.0,281757.0,True,281757.0,50,0,0,,0.0,11939.0,176192.0,83099.0,10527.0,0.04237339267524853,0.6253331771703986,0.2949314480208123,0.037361982133540604,0.04237339267524853,0.6253331771703986,0.2949314480208123,0.037361982133540604,0.04237339267524853,0.6253331771703986,0.2949314480208123,0.037361982133540604,0.037361982133540604,0.037361982133540604,0.037361982133540604,40826.0,50,0,0,,0.0,0.14489790848142192,0.010469888600385292,0.08608222847802398,0.21788469175321,0.7056141350812197,0.14489790848142192,40826.0,281757.0,50,50,1.0,1.0
HU,2023,50,50,1.0,6036.86,6036.86,50,1.0,high,True,301843.0,301843.0,True,301843.0,50,0,0,,0.0,11007.0,194899.0,85243.0,10694.0,0.03646597734583873,0.645696603863598,0.2824084043691588,0.0354290144214045,0.03646597734583873,0.645696603863598,0.2824084043691588,0.0354290144214045,0.03646597734583873,0.645696603863598,0.2824084043691588,0.0354290144214045,0.0354290144214045,0.0354290144214045,0.0354290144214045,37841.0,50,0,0,,0.0,0.1253664984776854,0.011992368492777324,0.08284290837818563,0.21655737127975316,0.29016270806059474,0.1253664984776854,37841.0,301843.0,50,50,1.0,1.0
IE,2014,27,27,1.0,7334.62962962963,7334.62962962963,27,1.0,high,True,198035.0,198035.0,True,198015.0,27,0,0,,0.0,12925.0,151525.0,25405.0,8160.0,0.065272832866197,0.7652198065803095,0.12829836123525995,0.04120899931823347,0.065272832866197,0.7652198065803095,0.12829836123525995,0.04120899931823347,0.065272832866197,0.7652198065803095,0.12829836123525995,0.04120899931823347,0.04120899931823347,0.04120899931823347,0.04120899931823347,29895.0,27,0,0,,0.0,0.150958163960916,0.12224371373307544,0.1310344827586207,0.2172800629797284,0.3596813725490196,0.150958163960916,29895.0,198035.0,27,27,1.0,1.0
IE,2015,27,27,1.0,7562.777777777777,7562.777777777777,27,1.0,high,True,204195.0,204195.0,True,204210.0,27,0,0,,0.0,13315.0,156380.0,26145.0,8370.0,0.06520248763527742,0.7657803241760932,0.12802996914940504,0.04098721903922433,0.06520248763527742,0.7657803241760932,0.12802996914940504,0.04098721903922433,0.06520248763527742,0.7657803241760932,0.12802996914940504,0.04098721903922433,0.04098721903922433,0.04098721903922433,0.04098721903922433,30310.0,27,0,0,,0.0,0.1484365435000857,0.11678558017273752,0.12696636398516434,0.2197360872059667,0.37455197132616486,0.1484365435000857,30310.0,204195.0,27,27,1.0,1.0
IE,2016,25,25,1.0,8374.0,8374.0,25,1.0,high,True,209350.0,209350.0,True,209345.0,25,0,0,,0.0,15905.0,157870.0,27220.0,8350.0,0.07597506508395233,0.7541140223076739,0.13002460053977882,0.0398863120685949,0.07597506508395233,0.7541140223076739,0.13002460053977882,0.0398863120685949,0.07597506508395233,0.7541140223076739,0.13002460053977882,0.0398863120685949,0.0398863120685949,0.0398863120685949,0.0398863120685949,31770.0,25,0,0,,0.0,0.15175543348459516,0.1361207167557372,0.12570469373535187,0.23952975753122704,0.38622754491017963,0.15175543348459516,31770.0,209350.0,25,25,1.0,1.0
IE,2017,25,25,1.0,8585.84,8585.84,25,1.0,high,True,214646.0,214646.0,True,214646.0,25,0,0,,0.0,17130.0,160589.0,28414.0,8513.0,0.07980581981495113,0.7481574313054984,0.1323760983200246,0.03966065055952592,0.07980581981495113,0.7481574313054984,0.1323760983200246,0.03966065055952592,0.07980581981495113,0.7481574313054984,0.1323760983200246,0.03966065055952592,0.03966065055952592,0.03966065055952592,0.03966065055952592,34212.0,25,0,0,,0.0,0.15938801561641028,0.1407472270869819,0.1286202666434189,0.27233054128246637,0.400328908727828,0.15938801561641028,34212.0,214646.0,25,25,1.0,1.0
IE,2018,25,25,1.0,8813.8,8813.8,25,1.0,high,True,220345.0,220345.0,True,220345.0,25,0,0,,0.0,19975.0,161290.0,30437.0,8643.0,0.09065329369851824,0.7319884726224783,0.1381333817422678,0.039224851936735576,0.09065329369851824,0.7319884726224783,0.1381333817422678,0.039224851936735576,0.09065329369851824,0.7319884726224783,0.1381333817422678,0.039224851936735576,0.039224851936735576,0.039224851936735576,0.039224851936735576,36565.0,25,0,0,,0.0,0.16594431459756293,0.14823529411764705,0.1314774629549259,0.2889903735584979,0.41675344209186627,0.16594431459756293,36565.0,220345.0,25,25,1.0,1.0
IE,2019,23,23,1.0,9905.130434782608,9905.130434782608,23,1.0,high,True,227818.0,227818.0,True,227818.0,23,0,0,,0.0,22406.0,163293.0,33229.0,8890.0,0.098350437630038,0.7167695265518967,0.1458576583061918,0.03902237751187351,0.098350437630038,0.7167695265518967,0.1458576583061918,0.03902237751187351,0.098350437630038,0.7167695265518967,0.1458576583061918,0.03902237751187351,0.03902237751187351,0.03902237751187351,0.03902237751187351,39161.0,23,0,0,,0.0,0.1718959871476354,0.13835579755422656,0.13341661920596717,0.31267868428180207,0.43700787401574803,0.1718959871476354,39161.0,227818.0,23,23,1.0,1.0
IE,2020,22,22,1.0,10942.954545454546,10942.954545454546,22,1.0,high,True,240745.0,240745.0,True,240745.0,22,0,0,,0.0,21830.0,170980.0,38410.0,9525.0,0.0906768572556024,0.7102120500944983,0.1595464080250888,0.039564684624810484,0.0906768572556024,0.7102120500944983,0.1595464080250888,0.039564684624810484,0.0906768572556024,0.7102120500944983,0.1595464080250888,0.039564684624810484,0.039564684624810484,0.039564684624810484,0.039564684624810484,39650.0,22,0,0,,0.0,0.1646970861284762,0.15231333027943197,0.13156509533278746,0.24576933090341058,0.4608923884514436,0.1646970861284762,39650.0,240745.0,22,22,1.0,1.0
IE,2021,18,18,1.0,13313.611111111111,13313.611111111111,18,1.0,high,True,239645.0,239645.0,True,239645.0,18,0,0,,0.0,19590.0,171020.0,39025.0,10010.0,0.08174591583383756,0.7136389242421081,0.16284504162406893,0.04177011829998539,0.08174591583383756,0.7136389242421081,0.16284504162406893,0.04177011829998539,0.08174591583383756,0.7136389242421081,0.16284504162406893,0.04177011829998539,0.04177011829998539,0.04177011829998539,0.04177011829998539,43835.0,18,0,0,,0.0,0.18291639717081518,0.1610515569167943,0.14121155420418666,0.3026265214606022,0.47152847152847155,0.18291639717081518,43835.0,239645.0,18,18,1.0,1.0
IE,2022,18,18,1.0,13026.944444444445,13026.944444444445,18,1.0,high,True,234485.0,234485.0,True,234485.0,18,0,0,,0.0,17190.0,170200.0,36615.0,10480.0,0.07330959336418108,0.7258460029426189,0.15615071326524085,0.04469369042795914,0.07330959336418108,0.7258460029426189,0.15615071326524085,0.04469369042795914,0.07330959336418108,0.7258460029426189,0.15615071326524085,0.04469369042795914,0.04469369042795914,0.04469369042795914,0.04469369042795914,45990.0,18,0,0,,0.0,0.1961319487387253,0.17975567190226877,0.15146886016451233,0.3505393964222313,0.4088740458015267,0.1961319487387253,45990.0,234485.0,18,18,1.0,1.0
IE,2023,18,18,1.0,13138.055555555555,13138.055555555555,18,1.0,high,True,236485.0,236485.0,True,236485.0,18,0,0,,0.0,16715.0,172025.0,37015.0,10730.0,0.0706810157092416,0.7274245723830264,0.15652155527834746,0.04537285662938453,0.0706810157092416,0.7274245723830264,0.15652155527834746,0.04537285662938453,0.0706810157092416,0.7274245723830264,0.15652155527834746,0.04537285662938453,0.04537285662938453,0.04537285662938453,0.04537285662938453,50325.0,18,0,0,,0.0,0.21280419476922427,0.191743942566557,0.15942450225257956,0.383898419559638,0.5111835973904939,0.21280419476922427,50325.0,236485.0,18,18,1.0,1.0
IS,2014,7,7,1.0,2710.714285714286,2710.714285714286,7,1.0,high,True,18975.0,18975.0,True,18675.0,7,0,0,,0.0,365.0,13495.0,4295.0,520.0,0.019544846050870146,0.7226238286479251,0.22998661311914323,0.027844712182061578,0.019544846050870146,0.7226238286479251,0.22998661311914323,0.027844712182061578,0.019544846050870146,0.7226238286479251,0.22998661311914323,0.027844712182061578,0.027844712182061578,0.027844712182061578,0.027844712182061578,,0,0,0,,0.0,,,,,,,,,0,0,0.0,
IS,2015,7,0,0.0,,,0,0.0,no_complete_records,False,,,True,,0,0,0,,0.0,,,,,,,,,,,,,,,,,,,,,0,0,0,,0.0,,,,,,,,,0,0,0.0,
IS,2016,7,0,0.0,,,0,0.0,no_complete_records,False,,,True,,0,0,0,,0.0,,,,,,,,,,,,,,,,,,,,,0,0,0,,0.0,,,,,,,,,0,0,0.0,
IS,2017,7,7,1.0,2538.8571428571427,2538.8571428571427,7,1.0,high,True,17772.0,17772.0,True,17772.0,7,0,0,,0.0,501.0,12145.0,4489.0,637.0,0.028190411883862256,0.683378347963088,0.2525883412108935,0.0358428989421562,0.028190411883862256,0.683378347963088,0.2525883412108935,0.0358428989421562,0.028190411883862256,0.683378347963088,0.2525883412108935,0.0358428989421562,0.0358428989421562,0.0358428989421562,0.0358428989421562,,0,0,0,,0.0,,,,,,,,,0,0,0.0,
IS,2018,7,7,1.0,2603.5714285714284,2603.5714285714284,7,1.0,high,True,18225.0,18225.0,True,18225.0,7,0,0,,0.0,579.0,12394.0,4675.0,577.0,0.03176954732510288,0.6800548696844994,0.25651577503429357,0.03165980795610425,0.03176954732510288,0.6800548696844994,0.25651577503429357,0.03165980795610425,0.03176954732510288,0.6800548696844994,0.25651577503429357,0.03165980795610425,0.03165980795610425,0.03165980795610425,0.03165980795610425,,0,0,0,,0.0,,,,,,,,,0,0,0.0,
IS,2019,7,7,1.0,2735.0,2735.0,7,1.0,high,True,19145.0,19145.0,True,19145.0,7,0,0,,0.0,792.0,12945.0,4828.0,580.0,0.041368503525724735,0.6761556542178114,0.2521807260381301,0.030295116218333768,0.041368503525724735,0.6761556542178114,0.2521807260381301,0.030295116218333768,0.041368503525724735,0.6761556542178114,0.2521807260381301,0.030295116218333768,0.030295116218333768,0.030295116218333768,0.030295116218333768,,0,0,0,,0.0,,,,,,,,,0,0,0.0,
IS,2020,7,7,1.0,3131.4285714285716,3131.4285714285716,0,0.0,no_complete_records,False,21920.0,21920.0,True,659.0,6,0,0,,0.0,,,,659.0,,,,,,,,,,,,,,,,,0,0,0,,0.0,,,,,,,,,0,0,0.0,
IS,2021,7,7,1.0,3376.8571428571427,3376.8571428571427,3,0.42857142857142855,low,False,23638.0,23638.0,True,19402.0,6,0,0,,0.0,249.0,14193.0,4256.0,704.0,0.012833728481599836,0.7315225234511906,0.2193588289867024,0.03628491908050716,,,,,,,,,,0.03628491908050716,,,0,0,0,,0.0,,,,,,,,,0,0,0.0,
IS,2022,7,6,0.8571428571428571,2761.5,2367.0,2,0.2857142857142857,low,False,16569.0,16569.0,True,16569.0,6,0,1,0.0,0.0,63.0,11309.0,4506.0,691.0,0.0038022813688212928,0.6825396825396826,0.2719536483795039,0.04170438771199227,,,,,,,,,,0.04170438771199227,,,0,0,0,,0.0,,,,,,,,,0,0,0.0,
IS,2023,7,7,1.0,2813.0,2813.0,1,0.14285714285714285,low,False,19691.0,19691.0,True,14823.0,7,0,0,,0.0,373.0,10478.0,3249.0,723.0,0.02516359711259529,0.7068744518653444,0.21918639951426835,0.04877555150779195,,,,,,,,,,0.04877555150779195,,0.0,2,0,3,0.0,0.0,0.0,0.0,,,0.0,0.0,0.0,1363.0,3,3,0.42857142857142855,0.06921944035346098
IT,2014,215,215,1.0,8453.232558139534,8453.232558139534,213,0.9906976744186047,high,True,1817445.0,1817445.0,True,1455100.0,215,0,2,0.0,0.0,0.0,1069135.0,353170.0,32795.0,0.0,0.7347501889904474,0.2427118411105766,0.022537969898976017,0.0,0.7347501889904474,0.2427118411105766,0.022537969898976017,0.0,0.7347501889904474,0.2427118411105766,0.022537969898976017,0.022537969898976017,0.022537969898976017,0.022537969898976017,86305.0,215,0,2,0.0,0.0,0.047486994104360795,,0.04609801381490644,0.06274598635218166,0.13340448239060831,0.047486994104360795,86305.0,1817445.0,213,213,0.9906976744186047,1.0
IT,2015,215,215,1.0,8223.32558139535,8223.32558139535,211,0.9813953488372092,high,True,1768015.0,1768015.0,True,1418510.0,212,0,1,0.0,0.0,0.0,1067495.0,321400.0,29615.0,0.0,0.7525466863116933,0.2265757731704394,0.02087754051786734,0.0,0.7525466863116933,0.2265757731704394,0.02087754051786734,0.0,0.7525466863116933,0.2265757731704394,0.02087754051786734,0.02087754051786734,0.02087754051786734,0.02087754051786734,86315.0,0,0,1,0.0,0.0,0.04882028715819719,,0.050290633679783044,0.07017734909769757,,0.04882028715819719,86315.0,1768015.0,214,214,0.9953488372093023,1.0
IT,2016,216,216,1.0,8452.12962962963,8452.12962962963,211,0.9768518518518519,high,True,1825660.0,1825660.0,True,1481595.0,214,0,2,0.0,0.0,0.0,1094285.0,359620.0,27690.0,0.0,0.7385857808645413,0.2427249012044452,0.018689317931013538,0.0,0.7385857808645413,0.2427249012044452,0.018689317931013538,0.0,0.7385857808645413,0.2427249012044452,0.018689317931013538,0.018689317931013538,0.018689317931013538,0.018689317931013538,102690.0,0,0,2,0.0,0.0,0.05624815135348312,,0.051220660065705005,0.10145431288582392,,0.05624815135348312,102690.0,1825660.0,214,214,0.9907407407407407,1.0
IT,2017,206,206,1.0,9134.684466019418,9134.684466019418,206,1.0,high,True,1881745.0,1881745.0,True,1548445.0,206,0,0,,0.0,0.0,1132835.0,386925.0,28685.0,0.0,0.7315952455527965,0.24987971803971082,0.018525036407492677,0.0,0.7315952455527965,0.24987971803971082,0.018525036407492677,0.0,0.7315952455527965,0.24987971803971082,0.018525036407492677,0.018525036407492677,0.018525036407492677,0.018525036407492677,105365.0,206,0,0,,0.0,0.05599324031683358,,0.05180807443272851,0.08089423014796149,0.16175701586194877,0.05599324031683358,105365.0,1881745.0,206,206,1.0,1.0
IT,2018,207,207,1.0,9253.140096618357,9253.140096618357,207,1.0,high,True,1915400.0,1915400.0,True,1593575.0,207,0,0,,0.0,0.0,1153105.0,410630.0,29840.0,0.0,0.7235963164582778,0.2576784901871578,0.018725193354564424,0.0,0.7235963164582778,0.2576784901871578,0.018725193354564424,0.0,0.7235963164582778,0.2576784901871578,0.018725193354564424,0.018725193354564424,0.018725193354564424,0.018725193354564424,111750.0,207,0,0,,0.0,0.058342904876266054,,0.05285728532961005,0.08460170956822444,0.16538203753351208,0.058342904876266054,111750.0,1915400.0,207,207,1.0,1.0
IT,2019,207,207,1.0,9653.768115942028,9653.768115942028,207,1.0,high,True,1998330.0,1998330.0,True,1685610.0,207,0,0,,0.0,0.0,1214020.0,440035.0,31555.0,0.0,0.720225912281014,0.261053861806705,0.018720225912281015,0.0,0.720225912281014,0.261053861806705,0.018720225912281015,0.0,0.720225912281014,0.261053861806705,0.018720225912281015,0.018720225912281015,0.018720225912281015,0.018720225912281015,119135.0,207,0,0,,0.0,0.05961728042915835,,0.0527174181644454,0.08720897201358983,0.16605926160671844,0.05961728042915835,119135.0,1998330.0,207,207,1.0,1.0
IT,2020,208,208,1.0,9905.528846153846,9905.528846153846,208,1.0,high,True,2060350.0,2060350.0,True,1750435.0,208,0,0,,0.0,0.0,1231165.0,485960.0,33310.0,0.0,0.70334802491952,0.2776224195699926,0.019029555510487392,0.0,0.70334802491952,0.2776224195699926,0.019029555510487392,0.0,0.70334802491952,0.2776224195699926,0.019029555510487392,0.019029555510487392,0.019029555510487392,0.019029555510487392,125115.0,208,0,0,,0.0,0.06072511951852841,,0.053571211007460415,0.08544941970532555,0.16316421495046532,0.06072511951852841,125115.0,2060350.0,208,208,1.0,1.0
IT,2021,208,208,1.0,9919.038461538461,9919.038461538461,208,1.0,high,True,2063160.0,2063160.0,True,1760030.0,208,0,0,,0.0,0.0,1225720.0,496385.0,37925.0,0.0,0.6964199473872604,0.2820321244524241,0.02154792816031545,0.0,0.6964199473872604,0.2820321244524241,0.02154792816031545,0.0,0.6964199473872604,0.2820321244524241,0.02154792816031545,0.02154792816031545,0.02154792816031545,0.02154792816031545,135220.0,208,0,0,,0.0,0.06554023924465383,,0.056423979375387526,0.09498675423310535,0.15886618325642715,0.06554023924465383,135220.0,2063160.0,208,208,1.0,1.0
IT,2022,210,209,0.9952380952380953,10281.626794258373,10232.666666666666,209,0.9952380952380953,high,True,2148860.0,2148860.0,True,1845705.0,209,0,0,,0.0,0.0,1288835.0,514240.0,42630.0,0.0,0.6982887297807613,0.27861440479383215,0.02309686542540655,0.0,0.6982887297807613,0.27861440479383215,0.02309686542540655,0.0,0.6982887297807613,0.27861440479383215,0.02309686542540655,0.02309686542540655,0.02309686542540655,0.02309686542540655,149205.0,209,0,0,,0.0,0.0694344908463092,,0.05835114657811124,0.10275357809583074,0.16643209007741028,0.0694344908463092,149205.0,2148860.0,208,208,0.9904761904761905,1.0
IT,2023,209,209,1.0,10824.736842105263,10824.736842105263,209,1.0,high,True,2262370.0,2262370.0,True,1931940.0,209,0,0,,0.0,0.0,1348625.0,535365.0,47950.0,0.0,0.6980677453751152,0.27711264324979035,0.024819611375094464,0.0,0.6980677453751152,0.27711264324979035,0.024819611375094464,0.0,0.6980677453751152,0.27711264324979035,0.024819611375094464,0.024819611375094464,0.024819611375094464,0.024819611375094464,166240.0,209,0,0,,0.0,0.07348046517589961,,0.061699879506905184,0.10920586889318502,0.18008342022940563,0.07348046517589961,166240.0,2262370.0,209,209,1.0,1.0
LI,2014,1,1,1.0,655.0,655.0,1,1.0,high,True,655.0,655.0,True,660.0,1,0,0,,0.0,0.0,395.0,245.0,20.0,0.0,0.5984848484848485,0.3712121212121212,0.030303030303030304,0.0,0.5984848484848485,0.3712121212121212,0.030303030303030304,0.0,0.5984848484848485,0.3712121212121212,0.030303030303030304,0.030303030303030304,0.030303030303030304,0.030303030303030304,600.0,1,0,0,,0.0,0.916030534351145,,0.8860759493670886,0.9387755102040817,1.0,0.916030534351145,600.0,655.0,1,1,1.0,1.0
LI,2015,1,1,1.0,655.0,655.0,1,1.0,high,True,655.0,655.0,True,655.0,1,0,0,,0.0,0.0,370.0,260.0,25.0,0.0,0.5648854961832062,0.3969465648854962,0.03816793893129771,0.0,0.5648854961832062,0.3969465648854962,0.03816793893129771,0.0,0.5648854961832062,0.3969465648854962,0.03816793893129771,0.03816793893129771,0.03816793893129771,0.03816793893129771,605.0,1,0,0,,0.0,0.9236641221374046,,0.8918918918918919,0.9615384615384616,1.0,0.9236641221374046,605.0,655.0,1,1,1.0,1.0
LI,2016,1,1,1.0,655.0,655.0,1,1.0,high,True,655.0,655.0,True,655.0,1,0,0,,0.0,0.0,335.0,285.0,35.0,0.0,0.5114503816793893,0.4351145038167939,0.05343511450381679,0.0,0.5114503816793893,0.4351145038167939,0.05343511450381679,0.0,0.5114503816793893,0.4351145038167939,0.05343511450381679,0.05343511450381679,0.05343511450381679,0.05343511450381679,600.0,1,0,0,,0.0,0.916030534351145,,0.8656716417910447,0.9473684210526315,1.0,0.916030534351145,600.0,655.0,1,1,1.0,1.0
LI,2017,2,2,1.0,385.0,385.0,2,1.0,high,True,770.0,770.0,True,770.0,2,0,0,,0.0,0.0,335.0,285.0,150.0,0.0,0.43506493506493504,0.37012987012987014,0.19480519480519481,0.0,0.43506493506493504,0.37012987012987014,0.19480519480519481,0.0,0.43506493506493504,0.37012987012987014,0.19480519480519481,0.19480519480519481,0.19480519480519481,0.19480519480519481,710.0,2,0,0,,0.0,0.922077922077922,,0.8656716417910447,0.9473684210526315,0.9666666666666667,0.922077922077922,710.0,770.0,2,2,1.0,1.0
LI,2018,2,2,1.0,405.0,405.0,2,1.0,high,True,810.0,810.0,True,810.0,2,0,0,,0.0,0.0,365.0,285.0,160.0,0.0,0.4506172839506173,0.35185185185185186,0.19753086419753085,0.0,0.4506172839506173,0.35185185185185186,0.19753086419753085,0.0,0.4506172839506173,0.35185185185185186,0.19753086419753085,0.19753086419753085,0.19753086419753085,0.19753086419753085,735.0,2,0,0,,0.0,0.9074074074074074,,0.863013698630137,0.9649122807017544,0.90625,0.9074074074074074,735.0,810.0,2,2,1.0,1.0
LI,2019,2,2,1.0,412.5,412.5,2,1.0,high,True,825.0,825.0,True,825.0,2,0,0,,0.0,0.0,360.0,280.0,185.0,0.0,0.43636363636363634,0.3393939393939394,0.22424242424242424,0.0,0.43636363636363634,0.3393939393939394,0.22424242424242424,0.0,0.43636363636363634,0.3393939393939394,0.22424242424242424,0.22424242424242424,0.22424242424242424,0.22424242424242424,760.0,2,0,0,,0.0,0.9212121212121213,,0.875,0.9821428571428571,0.918918918918919,0.9212121212121213,760.0,825.0,2,2,1.0,1.0
LI,2020,2,2,1.0,437.5,437.5,2,1.0,high,True,875.0,875.0,True,875.0,2,0,0,,0.0,0.0,345.0,325.0,205.0,0.0,0.3942857142857143,0.37142857142857144,0.2342857142857143,0.0,0.3942857142857143,0.37142857142857144,0.2342857142857143,0.0,0.3942857142857143,0.37142857142857144,0.2342857142857143,0.2342857142857143,0.2342857142857143,0.2342857142857143,790.0,2,0,0,,0.0,0.9028571428571428,,0.8695652173913043,0.9384615384615385,0.9024390243902439,0.9028571428571428,790.0,875.0,2,2,1.0,1.0
LI,2021,2,2,1.0,432.5,432.5,2,1.0,high,True,865.0,865.0,True,865.0,2,0,0,,0.0,0.0,340.0,305.0,220.0,0.0,0.3930635838150289,0.35260115606936415,0.2543352601156069,0.0,0.3930635838150289,0.35260115606936415,0.2543352601156069,0.0,0.3930635838150289,0.35260115606936415,0.2543352601156069,0.2543352601156069,0.2543352601156069,0.2543352601156069,520.0,2,0,0,,0.0,0.6011560693641619,,0.10294117647058823,0.9344262295081968,0.9090909090909091,0.6011560693641619,520.0,865.0,2,2,1.0,1.0
LI,2022,2,2,1.0,425.0,425.0,2,1.0,high,True,850.0,850.0,True,850.0,2,0,0,,0.0,0.0,390.0,230.0,230.0,0.0,0.4588235294117647,0.27058823529411763,0.27058823529411763,0.0,0.4588235294117647,0.27058823529411763,0.27058823529411763,0.0,0.4588235294117647,0.27058823529411763,0.27058823529411763,0.27058823529411763,0.27058823529411763,0.27058823529411763,760.0,2,0,0,,0.0,0.8941176470588236,,0.8717948717948718,0.9347826086956522,0.8913043478260869,0.8941176470588236,760.0,850.0,2,2,1.0,1.0
LI,2023,2,2,1.0,415.0,415.0,2,1.0,high,True,830.0,830.0,True,830.0,2,0,0,,0.0,0.0,405.0,200.0,225.0,0.0,0.4879518072289157,0.24096385542168675,0.2710843373493976,0.0,0.4879518072289157,0.24096385542168675,0.2710843373493976,0.0,0.4879518072289157,0.24096385542168675,0.2710843373493976,0.2710843373493976,0.2710843373493976,0.2710843373493976,750.0,2,0,0,,0.0,0.9036144578313253,,0.8641975308641975,0.925,0.9333333333333333,0.9036144578313253,750.0,830.0,2,2,1.0,1.0
LT,2014,43,43,1.0,3184.5348837209303,3184.5348837209303,40,0.9302325581395349,high,True,136935.0,136935.0,True,128360.0,43,0,3,0.0,0.0,0.0,106605.0,19395.0,2360.0,0.0,0.8305157369897164,0.15109847304456217,0.01838578996572141,0.0,0.8305157369897164,0.15109847304456217,0.01838578996572141,0.0,0.8305157369897164,0.15109847304456217,0.01838578996572141,0.01838578996572141,0.01838578996572141,0.01838578996572141,4590.0,43,0,5,0.0,0.0,0.0335195530726257,,0.02537404436940106,0.053106470739881416,0.023305084745762712,0.0335195530726257,4590.0,136935.0,40,40,0.9302325581395349,1.0
LT,2015,43,43,1.0,2858.3720930232557,2858.3720930232557,33,0.7674418604651163,medium,False,122910.0,122910.0,True,114555.0,40,0,10,0.0,0.0,0.0,94265.0,17855.0,2435.0,0.0,0.8228798393784645,0.15586399546069574,0.021256165160839773,,,,,,,,,,0.021256165160839773,,3925.0,40,0,10,0.0,0.0,0.03193393539988609,,0.020845488781626266,0.061327359283113975,0.030800821355236138,0.03193393539988609,3925.0,122910.0,33,33,0.7674418604651163,1.0
LT,2016,43,43,1.0,2717.3255813953488,2717.3255813953488,33,0.7674418604651163,medium,False,116845.0,116845.0,True,108585.0,40,0,10,0.0,0.0,0.0,88950.0,17220.0,2415.0,0.0,0.8191739190495925,0.1585854399778975,0.022240640972510016,,,,,,,,,,0.022240640972510016,,4355.0,40,0,10,0.0,0.0,0.03727159912704865,,0.022934232715008433,0.07491289198606271,0.035196687370600416,0.03727159912704865,4355.0,116845.0,33,33,0.7674418604651163,1.0
LT,2017,41,41,1.0,2409.878048780488,2409.878048780488,33,0.8048780487804879,high,True,98805.0,98805.0,True,90695.0,38,0,8,0.0,0.0,0.0,76325.0,12330.0,2040.0,0.0,0.84155686642042,0.13595016263300072,0.022492970946579195,0.0,0.84155686642042,0.13595016263300072,0.022492970946579195,0.0,0.84155686642042,0.13595016263300072,0.022492970946579195,0.022492970946579195,0.022492970946579195,0.022492970946579195,5040.0,38,0,9,0.0,0.0,0.05100956429330499,,0.03406485424172945,0.08313057583130576,0.061274509803921566,0.05100956429330499,5040.0,98805.0,33,33,0.8048780487804879,1.0
LT,2018,38,38,1.0,2386.315789473684,2386.315789473684,30,0.7894736842105263,medium,False,90680.0,90680.0,True,82455.0,35,0,7,0.0,0.0,0.0,69745.0,10745.0,1965.0,0.0,0.8458553150203141,0.13031350433569827,0.02383118064398763,,,,,,,,,,0.02383118064398763,,4995.0,35,0,8,0.0,0.0,0.055083811204234674,,0.033622481898343964,0.09446254071661238,0.06870229007633588,0.055083811204234674,4995.0,90680.0,31,31,0.8157894736842105,1.0
LT,2019,36,36,1.0,2385.1388888888887,2385.1388888888887,30,0.8333333333333334,high,True,85865.0,85865.0,True,77580.0,33,0,6,0.0,0.0,0.0,64935.0,10795.0,1850.0,0.0,0.8370069605568445,0.1391466872905388,0.023846352152616653,0.0,0.8370069605568445,0.1391466872905388,0.023846352152616653,0.0,0.8370069605568445,0.1391466872905388,0.023846352152616653,0.023846352152616653,0.023846352152616653,0.023846352152616653,5455.0,33,0,7,0.0,0.0,0.0635299598206487,,0.03973203973203973,0.0921723019916628,0.08108108108108109,0.0635299598206487,5455.0,85865.0,30,30,0.8333333333333334,1.0
LT,2020,36,36,1.0,1824.4444444444443,1824.4444444444443,26,0.7222222222222222,medium,False,65680.0,65680.0,True,62230.0,30,0,10,0.0,0.0,0.0,52805.0,8175.0,1250.0,0.0,0.8485457174995983,0.13136750763297445,0.020086774867427284,,,,,,,,,,0.020086774867427284,,3670.0,30,0,10,0.0,0.0,0.05587697929354446,,0.04033708929078686,0.09235474006116208,0.076,0.05587697929354446,3670.0,65680.0,26,26,0.7222222222222222,1.0
LT,2021,35,35,1.0,2009.4285714285713,2009.4285714285713,25,0.7142857142857143,medium,False,70330.0,70330.0,True,66150.0,29,0,10,0.0,0.0,0.0,55675.0,9255.0,1220.0,0.0,0.8416477702191988,0.13990929705215419,0.018442932728647013,,,,,,,,,,0.018442932728647013,,4545.0,29,0,10,0.0,0.0,0.06462391582539456,,0.049663224068253256,0.09616423554835224,0.0860655737704918,0.06462391582539456,4545.0,70330.0,25,25,0.7142857142857143,1.0
LT,2022,35,35,1.0,1990.142857142857,1990.142857142857,29,0.8285714285714286,high,True,69655.0,69655.0,True,64280.0,32,0,6,0.0,0.0,15.0,52400.0,10670.0,1195.0,0.00023335407591785936,0.8151835718730553,0.16599253266957062,0.01859054138145613,0.00023335407591785936,0.8151835718730553,0.16599253266957062,0.01859054138145613,0.00023335407591785936,0.8151835718730553,0.16599253266957062,0.01859054138145613,0.01859054138145613,0.01859054138145613,0.01859054138145613,7590.0,32,0,8,85.0,0.011198945981554678,0.10896561625152537,0.0,0.08854961832061069,0.10918462980318651,0.1506276150627615,0.10896561625152537,7590.0,69655.0,29,29,0.8285714285714286,1.0
LT,2023,34,34,1.0,2037.0588235294117,2037.0588235294117,28,0.8235294117647058,high,True,69260.0,69260.0,True,63860.0,31,0,6,0.0,0.0,45.0,52130.0,10535.0,1150.0,0.0007046664578766051,0.8163169433134982,0.164970247416223,0.01800814281240213,0.0007046664578766051,0.8163169433134982,0.164970247416223,0.01800814281240213,0.0007046664578766051,0.8163169433134982,0.164970247416223,0.01800814281240213,0.01800814281240213,0.01800814281240213,0.01800814281240213,8555.0,31,0,10,505.0,0.05902980713033314,0.12352006930407161,0.0,0.10339535775944754,0.13004271476032273,0.1608695652173913,0.12352006930407161,8555.0,69260.0,28,28,0.8235294117647058,1.0
LU,2014,1,1,1.0,5085.0,5085.0,1,1.0,high,True,5085.0,5085.0,True,5085.0,1,0,0,,0.0,0.0,3230.0,1285.0,570.0,0.0,0.6352015732546706,0.2527040314650934,0.11209439528023599,0.0,0.6352015732546706,0.2527040314650934,0.11209439528023599,0.0,0.6352015732546706,0.2527040314650934,0.11209439528023599,0.11209439528023599,0.11209439528023599,0.11209439528023599,0.0,0,0,1,0.0,0.0,0.0,,,,,0.0,0.0,5085.0,1,1,1.0,1.0
LU,2015,2,2,1.0,2527.5,2527.5,2,1.0,high,True,5055.0,5055.0,True,5060.0,2,0,0,,0.0,0.0,3045.0,1410.0,605.0,0.0,0.6017786561264822,0.27865612648221344,0.11956521739130435,0.0,0.6017786561264822,0.27865612648221344,0.11956521739130435,0.0,0.6017786561264822,0.27865612648221344,0.11956521739130435,0.11956521739130435,0.11956521739130435,0.11956521739130435,0.0,1,0,1,0.0,0.0,0.0,,0.0,0.0,0.0,0.0,0.0,5055.0,1,1,0.5,1.0
LU,2016,2,2,1.0,2570.0,2570.0,1,0.5,low,False,5140.0,5140.0,True,5140.0,2,0,1,0.0,0.0,0.0,3015.0,1520.0,605.0,0.0,0.5865758754863813,0.29571984435797666,0.11770428015564202,,,,,,,,,,0.11770428015564202,,0.0,1,0,2,0.0,0.0,0.0,,,,0.0,0.0,0.0,5140.0,1,1,0.5,1.0
LU,2017,3,2,0.6666666666666666,3122.0,2081.3333333333335,1,0.3333333333333333,low,False,6244.0,6244.0,True,6244.0,2,0,1,0.0,0.0,0.0,3047.0,2506.0,691.0,0.0,0.48798846893017295,0.4013452914798206,0.1106662395900064,,,,,,,,,,0.1106662395900064,,3309.0,2,0,1,0.0,0.0,0.5299487508007688,,0.27502461437479486,0.75658419792498,0.8321273516642547,0.5299487508007688,3309.0,6244.0,1,1,0.3333333333333333,1.0
LU,2018,3,2,0.6666666666666666,3141.5,2094.3333333333335,1,0.3333333333333333,low,False,6283.0,6283.0,True,6283.0,2,0,1,0.0,0.0,0.0,2940.0,2524.0,819.0,0.0,0.4679293331211205,0.4017189240808531,0.13035174279802642,,,,,,,,,,0.13035174279802642,,3421.0,2,0,1,0.0,0.0,0.5444851185739297,,0.2833333333333333,0.7492076069730587,0.851037851037851,0.5444851185739297,3421.0,6283.0,1,1,0.3333333333333333,1.0
LU,2019,3,2,0.6666666666666666,3307.5,2205.0,1,0.3333333333333333,low,False,6615.0,6615.0,True,6615.0,2,0,1,0.0,0.0,0.0,3056.0,2661.0,898.0,0.0,0.4619803476946334,0.40226757369614513,0.13575207860922148,,,,,,,,,,0.13575207860922148,,3536.0,2,0,1,0.0,0.0,0.5345427059712774,,0.28272251308900526,0.711010898158587,0.8685968819599109,0.5345427059712774,3536.0,6615.0,1,1,0.3333333333333333,1.0
LU,2020,3,2,0.6666666666666666,3392.5,2261.6666666666665,1,0.3333333333333333,low,False,6785.0,6785.0,True,6785.0,2,0,1,0.0,0.0,0.0,3085.0,2768.0,932.0,0.0,0.4546794399410464,0.40795873249815773,0.13736182756079587,,,,,,,,,,0.13736182756079587,,3679.0,2,0,1,0.0,0.0,0.5422254974207812,,0.2739059967585089,0.729407514450867,0.8744635193133047,0.5422254974207812,3679.0,6785.0,1,1,0.3333333333333333,1.0
LU,2021,3,2,0.6666666666666666,3429.5,2286.3333333333335,1,0.3333333333333333,low,False,6859.0,6859.0,True,6859.0,2,0,1,0.0,0.0,0.0,3065.0,2765.0,1029.0,0.0,0.44685814258638284,0.4031199883364922,0.15002186907712495,,,,,,,,,,0.15002186907712495,,3777.0,2,0,1,0.0,0.0,0.5506633620061233,,0.27830342577487766,0.7301989150090415,0.8794946550048591,0.5506633620061233,3777.0,6859.0,1,1,0.3333333333333333,1.0
LU,2022,3,2,0.6666666666666666,3566.0,2377.3333333333335,1,0.3333333333333333,low,False,7132.0,7132.0,True,7132.0,2,0,1,0.0,0.0,0.0,3051.0,3071.0,1010.0,0.0,0.4277902411665732,0.43059450364554125,0.1416152551878856,,,,,,,,,,0.1416152551878856,,4099.0,2,0,1,0.0,0.0,0.5747335950644981,,0.28154703375942314,0.7648974275480299,0.8821782178217822,0.5747335950644981,4099.0,7132.0,1,1,0.3333333333333333,1.0
LU,2023,3,2,0.6666666666666666,3767.5,2511.6666666666665,1,0.3333333333333333,low,False,7535.0,7535.0,True,7535.0,2,0,1,0.0,0.0,0.0,3277.0,3201.0,1057.0,0.0,0.4349037823490378,0.4248175182481752,0.140278699402787,,,,,,,,,,0.140278699402787,,4253.0,2,0,1,0.0,0.0,0.5644326476443264,,0.2874580408910589,0.746954076850984,0.8703878902554399,0.5644326476443264,4253.0,7535.0,1,1,0.3333333333333333,1.0
LV,2014,45,44,0.9777777777777777,1887.840909090909,1845.888888888889,44,0.9777777777777777,high,True,83065.0,83065.0,True,78385.0,44,0,0,,0.0,14900.0,49185.0,12095.0,2205.0,0.19008738916884607,0.6274797474006506,0.1543024813420935,0.02813038208840977,0.19008738916884607,0.6274797474006506,0.1543024813420935,0.02813038208840977,0.19008738916884607,0.6274797474006506,0.1543024813420935,0.02813038208840977,0.02813038208840977,0.02813038208840977,0.02813038208840977,,0,0,0,,0.0,,,,,,,,,0,0,0.0,
LV,2015,44,43,0.9772727272727273,1901.1627906976744,1857.9545454545455,43,0.9772727272727273,high,True,81750.0,81750.0,True,76800.0,43,0,0,,0.0,13860.0,48325.0,12310.0,2305.0,0.18046875,0.6292317708333334,0.16028645833333333,0.030013020833333334,0.18046875,0.6292317708333334,0.16028645833333333,0.030013020833333334,0.18046875,0.6292317708333334,0.16028645833333333,0.030013020833333334,0.030013020833333334,0.030013020833333334,0.030013020833333334,,0,0,0,,0.0,,,,,,,,,0,0,0.0,
LV,2016,44,43,0.9772727272727273,1872.3255813953488,1829.7727272727273,43,0.9772727272727273,high,True,80510.0,80510.0,True,75190.0,43,0,0,,0.0,13350.0,47210.0,12335.0,2295.0,0.1775502061444341,0.6278760473467216,0.16405107062109323,0.03052267588775103,0.1775502061444341,0.6278760473467216,0.16405107062109323,0.03052267588775103,0.1775502061444341,0.6278760473467216,0.16405107062109323,0.03052267588775103,0.03052267588775103,0.03052267588775103,0.03052267588775103,,0,0,0,,0.0,,,,,,,,,0,0,0.0,
LV,2017,42,41,0.9761904761904762,1935.1951219512196,1889.1190476190477,41,0.9761904761904762,high,True,79343.0,79343.0,True,73595.0,41,0,0,,0.0,13646.0,45276.0,12477.0,2196.0,0.18542020517698213,0.6152048372851416,0.16953597391127115,0.02983898362660507,0.18542020517698213,0.6152048372851416,0.16953597391127115,0.02983898362660507,0.18542020517698213,0.6152048372851416,0.16953597391127115,0.02983898362660507,0.02983898362660507,0.02983898362660507,0.02983898362660507,,0,0,0,,0.0,,,,,,,,,0,0,0.0,
LV,2018,41,41,1.0,1901.3902439024391,1901.3902439024391,40,0.975609756097561,high,True,77957.0,77957.0,True,72042.0,41,0,1,0.0,0.0,13288.0,44420.0,12208.0,2126.0,0.1844479609116904,0.6165847699952806,0.16945670581049943,0.029510563282529635,0.1844479609116904,0.6165847699952806,0.16945670581049943,0.029510563282529635,0.1844479609116904,0.6165847699952806,0.16945670581049943,0.029510563282529635,0.029510563282529635,0.029510563282529635,0.029510563282529635,,0,0,0,,0.0,,,,,,,,,0,0,0.0,
LV,2019,41,40,0.975609756097561,1926.2,1879.219512195122,40,0.975609756097561,high,True,77048.0,77048.0,True,70896.0,40,0,0,,0.0,12526.0,43968.0,12350.0,2052.0,0.1766813360415256,0.6201760324983073,0.17419882645001128,0.02894380501015572,0.1766813360415256,0.6201760324983073,0.17419882645001128,0.02894380501015572,0.1766813360415256,0.6201760324983073,0.17419882645001128,0.02894380501015572,0.02894380501015572,0.02894380501015572,0.02894380501015572,,0,0,0,,0.0,,,,,,,,,0,0,0.0,
LV,2020,41,40,0.975609756097561,1905.825,1859.341463414634,40,0.975609756097561,high,True,76233.0,76233.0,True,69811.0,40,0,0,,0.0,12916.0,43227.0,11629.0,2039.0,0.18501382303648423,0.619200412542436,0.16657833292747562,0.02920743149360416,0.18501382303648423,0.619200412542436,0.16657833292747562,0.02920743149360416,0.18501382303648423,0.619200412542436,0.16657833292747562,0.02920743149360416,0.02920743149360416,0.02920743149360416,0.02920743149360416,0.0,20,0,25,0.0,0.0,0.0,0.0,0.0,0.0,0.0,0.0,0.0,14966.0,25,25,0.6097560975609756,0.19631917935802082
LV,2021,41,40,0.975609756097561,1875.475,1829.7317073170732,40,0.975609756097561,high,True,75019.0,75019.0,True,68550.0,40,0,0,,0.0,13121.0,42572.0,10825.0,2032.0,0.1914077315827863,0.6210357403355216,0.15791393143690738,0.02964259664478483,0.1914077315827863,0.6210357403355216,0.15791393143690738,0.02964259664478483,0.1914077315827863,0.6210357403355216,0.15791393143690738,0.02964259664478483,0.02964259664478483,0.02964259664478483,0.02964259664478483,,0,0,0,,0.0,,,,,,,,,0,0,0.0,
LV,2022,40,39,0.975,1872.820512820513,1826.0,39,0.975,high,True,73040.0,73040.0,True,67575.0,39,0,0,,0.0,11946.0,42021.0,10331.0,3277.0,0.17678135405105438,0.621842397336293,0.152881982981872,0.04849426563078062,0.17678135405105438,0.621842397336293,0.152881982981872,0.04849426563078062,0.17678135405105438,0.621842397336293,0.152881982981872,0.04849426563078062,0.04849426563078062,0.04849426563078062,0.04849426563078062,,0,0,0,,0.0,,,,,,,,,0,0,0.0,
LV,2023,42,37,0.8809523809523809,1554.5405405405406,1369.4761904761904,26,0.6190476190476191,medium,False,57518.0,57518.0,True,51930.0,34,0,11,0.0,0.0,8273.0,32208.0,8376.0,3073.0,0.1593106104371269,0.6202195262853841,0.1612940496822646,0.05917581359522434,,,,,,,,,,0.05917581359522434,,,0,0,0,,0.0,,,,,,,,,0,0,0.0,
ME,2014,10,0,0.0,,,0,0.0,no_complete_records,False,,,True,,0,0,0,,0.0,,,,,,,,,,,,,,,,,,,,,0,0,0,,0.0,,,,,,,,,0,0,0.0,
ME,2015,10,0,0.0,,,0,0.0,no_complete_records,False,,,True,,0,0,0,,0.0,,,,,,,,,,,,,,,,,,,,,0,0,0,,0.0,,,,,,,,,0,0,0.0,
ME,2016,10,0,0.0,,,0,0.0,no_complete_records,False,,,True,,0,0,0,,0.0,,,,,,,,,,,,,,,,,,,,,0,0,0,,0.0,,,,,,,,,0,0,0.0,
ME,2022,7,5,0.7142857142857143,1518.2,1084.4285714285713,3,0.42857142857142855,low,False,7591.0,7591.0,True,7531.0,4,0,1,0.0,0.0,0.0,5283.0,2146.0,102.0,0.0,0.7015004647457177,0.28495551719559153,0.013544018058690745,,,,,,,,,,0.013544018058690745,,107.0,4,0,1,0.0,0.0,0.014095639573178765,,0.014385765663448798,0.012115563839701771,0.0392156862745098,0.014095639573178765,107.0,7591.0,4,4,0.5714285714285714,1.0
MK,2014,13,10,0.7692307692307693,5528.3,4252.538461538462,5,0.38461538461538464,low,False,55283.0,55283.0,True,55283.0,8,0,1,0.0,0.0,0.0,38180.0,16719.0,384.0,0.0,0.6906282220574137,0.3024257004865872,0.006946077455999132,,,,,,,,,,0.006946077455999132,,1816.0,7,0,4,4.0,0.0022026431718061676,0.032849157968995894,,0.03611838658983761,0.02093426640349303,0.2265625,0.032849157968995894,1816.0,55283.0,9,9,0.6923076923076923,1.0
MK,2015,14,9,0.6428571428571429,5515.0,3545.3571428571427,0,0.0,no_complete_records,False,49635.0,49635.0,True,49635.0,0,0,0,,0.0,,,49635.0,,,,,,,,,,,,,,,,,,0,0,0,,0.0,,,,,,,,,0,0,0.0,
MK,2016,16,15,0.9375,3254.8,3051.375,0,0.0,no_complete_records,False,48822.0,48822.0,True,48822.0,0,0,0,,0.0,,,48822.0,,,,,,,,,,,,,,,,,,0,0,0,,0.0,,,,,,,,,0,0,0.0,
MK,2017,17,17,1.0,3488.176470588235,3488.176470588235,7,0.4117647058823529,low,False,59299.0,59299.0,True,59299.0,12,0,6,1642.0,0.02769018027285452,0.0,56375.0,2531.0,393.0,0.0,0.9506905681377427,0.042682001382822646,0.006627430479434729,,,,,,,,,,0.006627430479434729,,3048.0,12,0,6,58.0,0.019028871391076115,0.05140052951989072,,0.043778270509977825,0.17226392730146187,0.366412213740458,0.05140052951989072,3048.0,59299.0,16,16,0.9411764705882353,1.0
MK,2018,17,17,1.0,3290.6470588235293,3290.6470588235293,10,0.5882352941176471,medium,False,55941.0,55941.0,True,55941.0,12,0,4,1481.0,0.026474321159793354,0.0,53044.0,2468.0,429.0,0.0,0.9482132961513022,0.044117909940830514,0.007668793907867217,,,,,,,,,,0.007668793907867217,,2860.0,12,0,4,18.0,0.006293706293706294,0.051125292719114784,,0.044114320187014555,0.14748784440842788,0.36363636363636365,0.051125292719114784,2860.0,55941.0,15,15,0.8823529411764706,1.0
MK,2019,17,17,1.0,3252.3529411764707,3252.3529411764707,13,0.7647058823529411,medium,False,55290.0,55290.0,True,55290.0,13,0,1,0.0,0.0,0.0,51011.0,3826.0,453.0,0.0,0.922608066558148,0.06919877012117924,0.008193163320672816,,,,,,,,,,0.008193163320672816,,3632.0,13,0,2,3.0,0.0008259911894273128,0.06568999819135468,,0.05104781321675717,0.1931521170935703,0.6379690949227373,0.06568999819135468,3632.0,55290.0,16,16,0.9411764705882353,1.0
MT,2014,2,2,1.0,6402.5,6402.5,2,1.0,high,True,12805.0,12805.0,True,12010.0,2,0,0,,0.0,2425.0,6870.0,2600.0,115.0,0.2019150707743547,0.5720233139050791,0.21648626144879268,0.009575353871773521,0.2019150707743547,0.5720233139050791,0.21648626144879268,0.009575353871773521,0.2019150707743547,0.5720233139050791,0.21648626144879268,0.009575353871773521,0.009575353871773521,0.009575353871773521,0.009575353871773521,730.0,2,0,0,,0.0,0.057008980866848885,0.01443298969072165,0.03056768558951965,0.08653846153846154,0.13043478260869565,0.057008980866848885,730.0,12805.0,2,2,1.0,1.0
MT,2015,2,2,1.0,6455.0,6455.0,2,1.0,high,True,12910.0,12910.0,True,12095.0,2,0,0,,0.0,1805.0,7660.0,2500.0,130.0,0.14923522116577098,0.6333195535345184,0.20669698222405952,0.010748243075651096,0.14923522116577098,0.6333195535345184,0.20669698222405952,0.010748243075651096,0.14923522116577098,0.6333195535345184,0.20669698222405952,0.010748243075651096,0.010748243075651096,0.010748243075651096,0.010748243075651096,895.0,2,0,0,,0.0,0.06932610379550735,0.030470914127423823,0.03655352480417755,0.114,0.11538461538461539,0.06932610379550735,895.0,12910.0,2,2,1.0,1.0
MT,2016,2,2,1.0,6667.5,6667.5,2,1.0,high,True,13335.0,13335.0,True,12475.0,2,0,0,,0.0,1485.0,8080.0,2760.0,150.0,0.1190380761523046,0.6476953907815631,0.22124248496993987,0.012024048096192385,0.1190380761523046,0.6476953907815631,0.22124248496993987,0.012024048096192385,0.1190380761523046,0.6476953907815631,0.22124248496993987,0.012024048096192385,0.012024048096192385,0.012024048096192385,0.012024048096192385,975.0,2,0,0,,0.0,0.07311586051743532,0.037037037037037035,0.038985148514851485,0.1213768115942029,0.13333333333333333,0.07311586051743532,975.0,13335.0,2,2,1.0,1.0
MT,2017,4,4,1.0,3335.0,3335.0,3,0.75,medium,False,13340.0,13340.0,True,12494.0,4,0,1,0.0,0.0,1416.0,8133.0,2798.0,147.0,0.11333440051224587,0.6509524571794462,0.2239474947975028,0.011765647510805187,,,,,,,,,,0.011765647510805187,,1068.0,4,0,1,0.0,0.0,0.0800599700149925,0.04307909604519774,0.04377228574941596,0.14403145103645462,0.1360544217687075,0.0800599700149925,1068.0,13340.0,3,3,0.75,1.0
MT,2018,4,4,1.0,3474.6225,3474.6225,4,1.0,high,True,13898.49,13898.49,True,13065.84,4,0,0,,0.0,1319.3899999999999,8344.17,3238.93,163.35000000000002,0.10098011302755888,0.6386248415716096,0.2478929789435658,0.012502066457265665,0.10098011302755888,0.6386248415716096,0.2478929789435658,0.012502066457265665,0.10098011302755888,0.6386248415716096,0.2478929789435658,0.012502066457265665,0.012502066457265665,0.012502066457265665,0.012502066457265665,1214.29,4,0,0,,0.0,0.08736848391443962,0.09167115106223331,0.043849777749015176,0.1546807124575091,0.18781756963575147,0.08736848391443962,1214.29,13898.49,4,4,1.0,1.0
MT,2019,4,4,1.0,3456.9884490509485,3456.9884490509485,4,1.0,high,True,13827.953796203794,13827.953796203794,True,13045.790334665333,4,0,0,,0.0,1150.6449494949495,7976.431857031856,3742.3468614718613,176.36666666666665,0.08820047846679327,0.6114180630235062,0.28686241043807675,0.013519048071623867,0.08820047846679327,0.6114180630235062,0.28686241043807675,0.013519048071623867,0.08820047846679327,0.6114180630235062,0.28686241043807675,0.013519048071623867,0.013519048071623867,0.013519048071623867,0.013519048071623867,1457.2608974358977,4,0,0,,0.0,0.10538514366716799,0.15119057076905046,0.054243134577177735,0.17945067400902012,0.23058023058023058,0.10538514366716799,1457.2608974358977,13827.953796203794,4,4,1.0,1.0
MT,2020,7,7,1.0,2255.342857142857,2255.342857142857,7,1.0,high,True,15787.4,15787.4,True,14991.6,7,0,0,,0.0,1423.7999999999997,8590.8,4428.0,549.0,0.0949731849835908,0.573040902905627,0.2953654046265909,0.03662050748419115,0.0949731849835908,0.573040902905627,0.2953654046265909,0.03662050748419115,0.0949731849835908,0.573040902905627,0.2953654046265909,0.03662050748419115,0.03662050748419115,0.03662050748419115,0.03662050748419115,2125.7,7,0,0,,0.0,0.13464535008931172,0.11497401320410171,0.07560413465567817,0.17511291779584462,0.7601092896174864,0.13464535008931172,2125.7,15787.4,7,7,1.0,1.0
MT,2021,8,8,1.0,1932.8249999999998,1932.8249999999998,8,1.0,high,True,15462.599999999999,15462.599999999999,True,14676.200000000003,8,0,0,,0.0,1448.3000000000002,9008.3,3888.7000000000007,330.9,0.09868358294381378,0.6138033005818944,0.26496640819830747,0.02254670827598424,0.09868358294381378,0.6138033005818944,0.26496640819830747,0.02254670827598424,0.09868358294381378,0.6138033005818944,0.26496640819830747,0.02254670827598424,0.02254670827598424,0.02254670827598424,0.02254670827598424,2839.2999999999997,8,0,0,,0.0,0.18362371140687853,0.08748187530207827,0.1826759765993584,0.19947540309100725,0.5424599576911454,0.18362371140687853,2839.2999999999997,15462.599999999999,8,8,1.0,1.0
MT,2022,11,11,1.0,1546.8181818181818,1546.8181818181818,11,1.0,high,True,17015.0,17015.0,True,16220.0,11,0,0,,0.0,1300.0,9930.0,4355.0,635.0,0.08014796547472257,0.6122071516646116,0.2684956843403206,0.039149198520345256,0.08014796547472257,0.6122071516646116,0.2684956843403206,0.039149198520345256,0.08014796547472257,0.6122071516646116,0.2684956843403206,0.039149198520345256,0.039149198520345256,0.039149198520345256,0.039149198520345256,4015.0,10,0,0,,0.0,0.2359682632970908,0.12692307692307692,0.25226586102719034,0.2365097588978186,0.3228346456692913,0.2359682632970908,4015.0,17015.0,11,11,1.0,1.0
MT,2023,13,13,1.0,1353.4615384615386,1353.4615384615386,13,1.0,high,True,17595.0,17595.0,True,16525.0,13,0,0,,0.0,1485.0,9665.0,4840.0,535.0,0.08986384266263238,0.5848714069591529,0.2928895612708018,0.03237518910741301,0.08986384266263238,0.5848714069591529,0.2928895612708018,0.03237518910741301,0.08986384266263238,0.5848714069591529,0.2928895612708018,0.03237518910741301,0.03237518910741301,0.03237518910741301,0.03237518910741301,5420.0,13,0,0,,0.0,0.3080420574026712,0.3265993265993266,0.2571132953957579,0.3584710743801653,0.6448598130841121,0.3080420574026712,5420.0,17595.0,13,13,1.0,1.0
NL,2014,56,56,1.0,12668.660714285714,12668.660714285714,54,0.9642857142857143,high,True,709445.0,709445.0,True,709465.0,56,0,2,65.0,9.162091494055212e-05,3575.0,590410.0,106415.0,9065.0,0.005039008266792583,0.8321904533697927,0.149993304814191,0.01277723354922371,0.005039008266792583,0.8321904533697927,0.149993304814191,0.01277723354922371,0.005039008266792583,0.8321904533697927,0.149993304814191,0.01277723354922371,0.01277723354922371,0.01277723354922371,0.01277723354922371,,0,0,0,,0.0,,,,,,,,,0,0,0.0,
NL,2015,56,56,1.0,12848.839285714286,12848.839285714286,54,0.9642857142857143,high,True,719535.0,719535.0,True,714830.0,56,0,1,40.0,5.559145837242108e-05,6205.0,587965.0,111630.0,9030.0,0.008680385546213785,0.8225242365317628,0.15616300379111117,0.012632374130912245,0.008680385546213785,0.8225242365317628,0.15616300379111117,0.012632374130912245,0.008680385546213785,0.8225242365317628,0.15616300379111117,0.012632374130912245,0.012632374130912245,0.012632374130912245,0.012632374130912245,,0,0,0,,0.0,,,,,,,,,0,0,0.0,
NL,2016,56,56,1.0,13032.05357142857,13032.05357142857,54,0.9642857142857143,high,True,729795.0,729795.0,True,725775.0,56,0,1,30.0,4.110743427948944e-05,7060.0,595370.0,114120.0,9225.0,0.009727532637525405,0.8203231028900141,0.15723881368192621,0.012710550790534257,0.009727532637525405,0.8203231028900141,0.15723881368192621,0.012710550790534257,0.009727532637525405,0.8203231028900141,0.15723881368192621,0.012710550790534257,0.012710550790534257,0.012710550790534257,0.012710550790534257,,0,0,0,,0.0,,,,,,,,,0,0,0.0,
NL,2017,58,58,1.0,12804.241379310344,12804.241379310344,55,0.9482758620689655,high,True,742646.0,742646.0,True,742646.0,57,0,2,38.0,5.116838978463494e-05,8578.0,605098.0,119572.0,9398.0,0.011550590725594698,0.8147865874185009,0.16100807114022023,0.012654750715684188,0.011550590725594698,0.8147865874185009,0.16100807114022023,0.012654750715684188,0.011550590725594698,0.8147865874185009,0.16100807114022023,0.012654750715684188,0.012654750715684188,0.012654750715684188,0.012654750715684188,74286.0,0,0,28,20896.0,0.28129122580297766,0.1031721341073859,0.0,0.08011099028587104,0.21586157294349848,,0.1000288158826682,74286.0,720020.0,55,55,0.9482758620689655,0.9695332634929698
NL,2018,57,57,1.0,13286.649122807017,13286.649122807017,52,0.9122807017543859,high,True,757339.0,757339.0,True,757339.0,54,0,3,42.0,5.545733152524827e-05,10845.0,615577.0,121421.0,9496.0,0.01431987524741232,0.8128156611504227,0.1603258250268374,0.012538638575327561,0.01431987524741232,0.8128156611504227,0.1603258250268374,0.012538638575327561,0.01431987524741232,0.8128156611504227,0.1603258250268374,0.012538638575327561,0.012538638575327561,0.012538638575327561,0.012538638575327561,85050.0,0,0,29,25494.0,0.29975308641975307,0.11230732460316098,0.0,0.09250345610703453,0.23148384546330536,,0.11230109633862775,85050.0,757297.0,54,54,0.9473684210526315,0.9999445426684748
NL,2019,57,57,1.0,13639.508771929824,13639.508771929824,52,0.9122807017543859,high,True,777452.0,777452.0,True,777452.0,54,0,3,47.0,6.045389297345688e-05,13907.0,628670.0,125058.0,9817.0,0.017887921054933295,0.8086286999068752,0.16085623292499088,0.012627146113200557,0.017887921054933295,0.8086286999068752,0.16085623292499088,0.012627146113200557,0.017887921054933295,0.8086286999068752,0.16085623292499088,0.012627146113200557,0.012627146113200557,0.012627146113200557,0.012627146113200557,94583.0,0,0,33,28641.0,0.3028134019855577,0.1218733732263335,0.0,0.10268503348338556,0.24011258775927968,,0.12165767147039303,94583.0,776076.0,53,53,0.9298245614035088,0.9982301158142239
NL,2020,57,57,1.0,14555.61403508772,14555.61403508772,52,0.9122807017543859,high,True,829670.0,829670.0,True,829670.0,56,0,4,564.0,0.0006797883495847747,18138.0,665211.0,135804.0,10517.0,0.02186170405100823,0.801777815275953,0.1636843564308701,0.012676124242168574,0.02186170405100823,0.801777815275953,0.1636843564308701,0.012676124242168574,0.02186170405100823,0.801777815275953,0.1636843564308701,0.012676124242168574,0.012676124242168574,0.012676124242168574,0.012676124242168574,104017.0,0,0,23,10826.0,0.104079140909659,0.1253715332602119,0.006174881464329033,0.10681573215115205,0.2418927277547053,,0.1253715332602119,104017.0,829670.0,56,56,0.9824561403508771,1.0
NL,2021,57,57,1.0,14837.035087719298,14837.035087719298,51,0.8947368421052632,high,True,845711.0,845711.0,True,845711.0,53,0,3,62.0,7.331109563432426e-05,20336.0,671321.0,142878.0,11176.0,0.024046039368058356,0.7937948069730676,0.16894423745227388,0.013214916206600128,0.024046039368058356,0.7937948069730676,0.16894423745227388,0.013214916206600128,0.024046039368058356,0.7937948069730676,0.16894423745227388,0.013214916206600128,0.013214916206600128,0.013214916206600128,0.013214916206600128,115201.0,0,0,28,14903.0,0.12936519648266942,0.13621792787370626,0.007179386309992132,0.1173224135696634,0.25402091294670975,,0.13621792787370626,115201.0,845711.0,55,55,0.9649122807017544,1.0
NL,2022,57,57,1.0,14579.38596491228,14579.38596491228,51,0.8947368421052632,high,True,831025.0,831025.0,True,831010.0,54,0,3,70.0,8.423332631388947e-05,21600.0,658610.0,139155.0,11645.0,0.025992466997990397,0.7925416059975211,0.1674528585696923,0.014013068434796211,0.025992466997990397,0.7925416059975211,0.1674528585696923,0.014013068434796211,0.025992466997990397,0.7925416059975211,0.1674528585696923,0.014013068434796211,0.014013068434796211,0.014013068434796211,0.014013068434796211,122390.0,0,0,22,7800.0,0.06373069695236538,0.14727595439367047,0.008564814814814815,0.1298871866506734,0.26351909740936363,,0.14727595439367047,122390.0,831025.0,56,56,0.9824561403508771,1.0
NL,2023,57,57,1.0,14088.59649122807,14088.59649122807,37,0.6491228070175439,medium,False,803050.0,803050.0,True,803060.0,38,0,3,0.0,0.0,24640.0,641300.0,137120.0,0.0,0.03068263890618385,0.7985704679600528,0.17074689313376334,0.0,,,,,,,,,,0.0,,128340.0,0,0,8,0.0,0.0,0.15981570263370898,0.007102272727272727,0.1414938406362077,0.2729725787631272,,0.15981570263370898,128340.0,803050.0,54,54,0.9473684210526315,1.0
NO,2014,48,48,1.0,5448.541666666667,5448.541666666667,47,0.9791666666666666,high,True,261530.0,261530.0,True,233585.0,48,0,1,0.0,0.0,0.0,184595.0,39405.0,9585.0,0.0,0.7902690669349487,0.16869662007406297,0.04103431299098829,0.0,0.7902690669349487,0.16869662007406297,0.04103431299098829,0.0,0.7902690669349487,0.16869662007406297,0.04103431299098829,0.04103431299098829,0.04103431299098829,0.04103431299098829,22295.0,0,0,0,,0.0,0.08524834627002638,,0.07619382973536662,0.17967263037685574,,0.08524834627002638,22295.0,261530.0,47,47,0.9791666666666666,1.0
NO,2015,48,47,0.9791666666666666,5810.106382978724,5689.0625,44,0.9166666666666666,high,True,273075.0,273075.0,True,244300.0,44,0,0,,0.0,0.0,192970.0,41465.0,9865.0,0.0,0.7898894801473598,0.16972984036021285,0.040380679492427345,0.0,0.7898894801473598,0.16972984036021285,0.040380679492427345,0.0,0.7898894801473598,0.16972984036021285,0.040380679492427345,0.040380679492427345,0.040380679492427345,0.040380679492427345,24200.0,0,0,0,,0.0,0.08862034239677745,,0.07998652640306783,0.18256360786205234,,0.08862034239677745,24200.0,273075.0,47,47,0.9791666666666666,1.0
NO,2016,37,37,1.0,7562.4324324324325,7562.4324324324325,36,0.972972972972973,high,True,279810.0,279810.0,True,250295.0,37,0,1,0.0,0.0,0.0,197195.0,42810.0,10290.0,0.0,0.7878503366028087,0.1710381749535548,0.04111148844363651,0.0,0.7878503366028087,0.1710381749535548,0.04111148844363651,0.0,0.7878503366028087,0.1710381749535548,0.04111148844363651,0.04111148844363651,0.04111148844363651,0.04111148844363651,12740.0,0,0,1,0.0,0.0,0.04553089596511919,,0.03780521818504526,0.1073347348750292,,0.04553089596511919,12740.0,279810.0,36,36,0.972972972972973,1.0
NO,2017,32,32,1.0,8959.6875,8959.6875,26,0.8125,high,True,286710.0,286710.0,True,254493.0,31,0,1,0.0,0.0,1549.0,197903.0,44336.0,10705.0,0.006086611419567532,0.7776363200559544,0.17421304318782835,0.042064025336649734,0.006086611419567532,0.7776363200559544,0.17421304318782835,0.042064025336649734,0.006086611419567532,0.7776363200559544,0.17421304318782835,0.042064025336649734,0.042064025336649734,0.042064025336649734,0.042064025336649734,24708.0,0,0,1,0.0,0.0,0.08617767081720205,0.045836023240800515,0.07781589970844302,0.1837333092746301,,0.08617767081720205,24708.0,286710.0,31,31,0.96875,1.0
NO,2018,33,33,1.0,8848.515151515152,8848.515151515152,28,0.8484848484848485,high,True,292001.0,292001.0,True,256794.0,32,0,1,0.0,0.0,1568.0,198380.0,45537.0,11309.0,0.006106061668107511,0.772525837831102,0.17732890955396155,0.044039190946828975,0.006106061668107511,0.772525837831102,0.17732890955396155,0.044039190946828975,0.006106061668107511,0.772525837831102,0.17732890955396155,0.044039190946828975,0.044039190946828975,0.044039190946828975,0.044039190946828975,23933.0,0,0,1,0.0,0.0,0.08196204807517782,0.04145408163265306,0.07356084282689787,0.181456837297143,,0.08196204807517782,23933.0,292001.0,32,32,0.9696969696969697,1.0
NO,2019,33,33,1.0,8944.666666666666,8944.666666666666,31,0.9393939393939394,high,True,295174.0,295174.0,True,257198.0,32,0,1,0.0,0.0,1416.0,195618.0,48804.0,11360.0,0.005505486045770185,0.7605735658908701,0.18975264193345204,0.0441683061299077,0.005505486045770185,0.7605735658908701,0.18975264193345204,0.0441683061299077,0.005505486045770185,0.7605735658908701,0.18975264193345204,0.0441683061299077,0.0441683061299077,0.0441683061299077,0.0441683061299077,23425.0,0,0,1,0.0,0.0,0.07935997072912926,0.04519774011299435,0.07052520729176252,0.17752643225965084,,0.07935997072912926,23425.0,295174.0,32,32,0.9696969696969697,1.0
NO,2020,34,34,1.0,9069.823529411764,9069.823529411764,32,0.9411764705882353,high,True,308374.0,308374.0,True,266956.0,33,0,2,0.0,0.0,1469.0,200912.0,53003.0,11572.0,0.005502779484259578,0.7526034252835674,0.1985458277768621,0.043347967455310984,0.005502779484259578,0.7526034252835674,0.1985458277768621,0.043347967455310984,0.005502779484259578,0.7526034252835674,0.1985458277768621,0.043347967455310984,0.043347967455310984,0.043347967455310984,0.043347967455310984,17365.0,0,0,1,0.0,0.0,0.05631149188971833,0.05513955071477195,0.04245639882137453,0.15359507952380053,,0.05631149188971833,17365.0,308374.0,32,32,0.9411764705882353,1.0
NO,2021,34,34,1.0,7435.85294117647,7435.85294117647,32,0.9411764705882353,high,True,252819.0,252819.0,True,209218.0,33,0,0,,0.0,1447.0,138755.0,57070.0,11946.0,0.006916230917033907,0.6632077545909052,0.2727776768729268,0.05709833761913411,0.006916230917033907,0.6632077545909052,0.2727776768729268,0.05709833761913411,0.006916230917033907,0.6632077545909052,0.2727776768729268,0.05709833761913411,0.05709833761913411,0.05709833761913411,0.05709833761913411,13656.0,0,0,0,,0.0,0.05401492767553072,0.038700760193503804,0.02827285503225109,0.1590327667776415,,0.05401492767553072,13656.0,252819.0,32,32,0.9411764705882353,1.0
NO,2022,34,34,1.0,7603.529411764706,7603.529411764706,33,0.9705882352941176,high,True,258520.0,258520.0,True,222406.0,33,0,1,0.0,0.0,1488.0,159776.0,48746.0,12396.0,0.006690466983804394,0.718397884949147,0.21917574166164583,0.055735906405402734,0.006690466983804394,0.718397884949147,0.21917574166164583,0.055735906405402734,0.006690466983804394,0.718397884949147,0.21917574166164583,0.055735906405402734,0.055735906405402734,0.055735906405402734,0.055735906405402734,19368.0,33,0,1,0.0,0.0,0.07491876837382021,0.034274193548387094,0.03547466453034248,0.1725269765724367,0.39190061310100033,0.07491876837382021,19368.0,258520.0,33,33,0.9705882352941176,1.0
NO,2023,34,34,1.0,9293.558823529413,9293.558823529413,33,0.9705882352941176,high,True,315981.0,315981.0,True,273345.0,33,0,1,0.0,0.0,657.0,201041.0,59182.0,12465.0,0.002403555945782802,0.7354844610291024,0.2165102709030712,0.04560171212204357,0.002403555945782802,0.7354844610291024,0.2165102709030712,0.04560171212204357,0.002403555945782802,0.7354844610291024,0.2165102709030712,0.04560171212204357,0.04560171212204357,0.04560171212204357,0.04560171212204357,28273.0,33,0,0,,0.0,0.08947689892746716,0.0410958904109589,0.06990116443909451,0.14267851711669088,0.40280786201363816,0.08947689892746716,28273.0,315981.0,33,33,0.9705882352941176,1.0
PL,2014,282,282,1.0,5595.478723404255,5595.478723404255,281,0.9964539007092199,high,True,1577925.0,1577925.0,True,1445975.0,281,0,1,0.0,0.0,0.0,1033900.0,371695.0,40380.0,0.0,0.7150192776500285,0.25705492833555216,0.027925794014419338,0.0,0.7150192776500285,0.25705492833555216,0.027925794014419338,0.0,0.7150192776500285,0.25705492833555216,0.027925794014419338,0.027925794014419338,0.027925794014419338,0.027925794014419338,46670.0,281,0,1,0.0,0.0,0.02957681765609899,,0.026525776187252152,0.02611011716595596,0.028355621594848935,0.02957681765609899,46670.0,1577925.0,281,281,0.9964539007092199,1.0
PL,2015,281,281,1.0,5443.701067615659,5443.701067615659,281,1.0,high,True,1529680.0,1529680.0,True,1393835.0,281,0,0,,0.0,0.0,998060.0,355100.0,40675.0,0.0,0.7160531913748758,0.2547647318369821,0.029182076788142067,0.0,0.7160531913748758,0.2547647318369821,0.029182076788142067,0.0,0.7160531913748758,0.2547647318369821,0.029182076788142067,0.029182076788142067,0.029182076788142067,0.029182076788142067,58060.0,281,0,0,,0.0,0.0379556508550808,,0.03480752660160712,0.0348634187552802,0.03146896127842655,0.0379556508550808,58060.0,1529680.0,279,279,0.9928825622775801,1.0
PL,2016,274,274,1.0,5399.689781021898,5399.689781021898,274,1.0,high,True,1479515.0,1479515.0,True,1344085.0,274,0,0,,0.0,0.0,965635.0,337765.0,40685.0,0.0,0.7184329860090694,0.25129735098598677,0.030269663004943884,0.0,0.7184329860090694,0.25129735098598677,0.030269663004943884,0.0,0.7184329860090694,0.25129735098598677,0.030269663004943884,0.030269663004943884,0.030269663004943884,0.030269663004943884,66420.0,274,0,0,,0.0,0.04489308996529268,,0.04112319872415561,0.04369902150903735,0.03453361189627627,0.04489308996529268,66420.0,1479515.0,272,272,0.9927007299270073,1.0
PL,2017,248,248,1.0,5008.709677419355,5008.709677419355,240,0.967741935483871,high,True,1242160.0,1242160.0,True,1107420.0,248,1,6,0.0,0.0,0.0,768560.0,299990.0,38870.0,0.0,0.6940094995575301,0.2708908995683661,0.03509960087410377,0.0,0.6940094995575301,0.2708908995683661,0.03509960087410377,0.0,0.6940094995575301,0.2708908995683661,0.03509960087410377,0.03509960087410377,0.03509960087410377,0.03509960087410377,65055.0,248,1,7,0.0,0.0,0.05237248019578798,,0.04904626834599771,0.05243508116937231,0.03730383329045536,0.05237248019578798,65055.0,1242160.0,241,241,0.9717741935483871,1.0
PL,2018,245,245,1.0,4926.7959183673465,4926.7959183673465,241,0.9836734693877551,high,True,1207065.0,1207065.0,True,1067620.0,245,0,4,0.0,0.0,0.0,747880.0,282930.0,36810.0,0.0,0.7005114179202337,0.26501002229257603,0.0344785597871902,0.0,0.7005114179202337,0.26501002229257603,0.0344785597871902,0.0,0.7005114179202337,0.26501002229257603,0.0344785597871902,0.0344785597871902,0.0344785597871902,0.0344785597871902,72735.0,245,0,4,0.0,0.0,0.0602577325993215,,0.056539819222335135,0.06347859894673594,0.042515620755229556,0.0602577325993215,72735.0,1207065.0,241,241,0.9836734693877551,1.0
PL,2019,243,243,1.0,4830.925925925926,4830.925925925926,239,0.9835390946502057,high,True,1173915.0,1173915.0,True,1022400.0,243,0,4,0.0,0.0,0.0,723865.0,267105.0,31430.0,0.0,0.7080056729264476,0.26125293427230045,0.030741392801251956,0.0,0.7080056729264476,0.26125293427230045,0.030741392801251956,0.0,0.7080056729264476,0.26125293427230045,0.030741392801251956,0.030741392801251956,0.030741392801251956,0.030741392801251956,75215.0,243,0,4,0.0,0.0,0.06407193025048662,,0.06058450125368681,0.06562962130997173,0.0467706013363029,0.06407193025048662,75215.0,1173915.0,239,239,0.9835390946502057,1.0
PL,2020,239,239,1.0,5323.702928870292,5323.702928870292,236,0.9874476987447699,high,True,1272365.0,1272365.0,True,1106230.0,238,0,2,0.0,0.0,0.0,813970.0,263480.0,28780.0,0.0,0.7358053930918526,0.23817831734811024,0.026016289560037244,0.0,0.7358053930918526,0.23817831734811024,0.026016289560037244,0.0,0.7358053930918526,0.23817831734811024,0.026016289560037244,0.026016289560037244,0.026016289560037244,0.026016289560037244,80615.0,238,0,2,0.0,0.0,0.06335839165648222,,0.06033391894050149,0.06717777440412935,0.05559416261292564,0.06335839165648222,80615.0,1272365.0,237,237,0.9916317991631799,1.0
PL,2021,239,239,1.0,5405.564853556485,5405.564853556485,237,0.9916317991631799,high,True,1291930.0,1291930.0,True,1109530.0,239,0,0,,0.0,0.0,826000.0,257850.0,25680.0,0.0,0.7444593656773589,0.23239569907979055,0.023144935242850575,0.0,0.7444593656773589,0.23239569907979055,0.023144935242850575,0.0,0.7444593656773589,0.23239569907979055,0.023144935242850575,0.023144935242850575,0.023144935242850575,0.023144935242850575,82780.0,239,0,0,,0.0,0.06407467896867478,,0.06156779661016949,0.07007950358735698,0.07184579439252337,0.06407467896867478,82780.0,1291930.0,237,237,0.9916317991631799,1.0
PL,2022,265,265,1.0,5016.641509433963,5016.641509433963,263,0.9924528301886792,high,True,1329410.0,1329410.0,True,1126980.0,265,0,2,0.0,0.0,0.0,850660.0,253740.0,22580.0,0.0,0.7548137500221832,0.22515040195921845,0.020035848018598378,0.0,0.7548137500221832,0.22515040195921845,0.020035848018598378,0.0,0.7548137500221832,0.22515040195921845,0.020035848018598378,0.020035848018598378,0.020035848018598378,0.020035848018598378,108095.0,265,0,2,0.0,0.0,0.08131050616438872,,0.08340582606446759,0.09103807046583116,0.08525243578387955,0.08131050616438872,108095.0,1329410.0,263,263,0.9924528301886792,1.0
PT,2014,91,91,1.0,3669.8901098901097,3669.8901098901097,90,0.989010989010989,high,True,333960.0,333960.0,True,275765.0,91,0,1,0.0,0.0,375.0,201175.0,54910.0,19305.0,0.001359853498449767,0.7295160734683517,0.19911881493300454,0.070005258100194,0.001359853498449767,0.7295160734683517,0.19911881493300454,0.070005258100194,0.001359853498449767,0.7295160734683517,0.19911881493300454,0.070005258100194,0.070005258100194,0.070005258100194,0.070005258100194,21280.0,91,0,1,0.0,0.0,0.06372020601269614,0.08,0.0420529389834721,0.11427790930613732,0.25071225071225073,0.06372020601269614,21280.0,333960.0,90,90,0.989010989010989,1.0
PT,2015,90,90,1.0,3763.3888888888887,3763.3888888888887,90,1.0,high,True,338705.0,338705.0,True,279610.0,90,0,0,,0.0,6255.0,198850.0,55465.0,19040.0,0.022370444547762956,0.7111691284288831,0.19836558063016344,0.06809484639319051,0.022370444547762956,0.7111691284288831,0.19836558063016344,0.06809484639319051,0.022370444547762956,0.7111691284288831,0.19836558063016344,0.06809484639319051,0.06809484639319051,0.06809484639319051,0.06809484639319051,24335.0,90,0,0,,0.0,0.07184718265156995,0.04876099120703437,0.04478249937138547,0.1358514378436852,0.28991596638655465,0.07184718265156995,24335.0,338705.0,90,90,1.0,1.0
PT,2016,96,96,1.0,3592.96875,3592.96875,95,0.9895833333333334,high,True,344925.0,344925.0,True,286345.0,95,0,1,0.0,0.0,10740.0,199110.0,56920.0,19575.0,0.037507202849709265,0.6953500148422358,0.19878119052192286,0.06836159178613212,0.037507202849709265,0.6953500148422358,0.19878119052192286,0.06836159178613212,0.037507202849709265,0.6953500148422358,0.19878119052192286,0.06836159178613212,0.06836159178613212,0.06836159178613212,0.06836159178613212,27440.0,95,0,1,0.0,0.0,0.0795535261288686,0.04981378026070764,0.049520365627040326,0.15249472944483486,0.3049808429118774,0.0795535261288686,27440.0,344925.0,95,95,0.9895833333333334,1.0
PT,2017,90,90,1.0,3927.266666666667,3927.266666666667,90,1.0,high,True,353454.0,353454.0,True,294648.0,90,0,0,,0.0,12191.0,203148.0,59070.0,20239.0,0.04137479297331053,0.689459965789688,0.2004765007738047,0.06868874046319676,0.04137479297331053,0.689459965789688,0.2004765007738047,0.06868874046319676,0.04137479297331053,0.689459965789688,0.2004765007738047,0.06868874046319676,0.06868874046319676,0.06868874046319676,0.06868874046319676,33196.0,90,0,0,,0.0,0.09391886921636196,0.0534820769420064,0.058893023805304506,0.1824784154393093,0.3260536587776076,0.09391886921636196,33196.0,353454.0,90,90,1.0,1.0
PT,2018,90,90,1.0,4056.0,4056.0,90,1.0,high,True,365040.0,365040.0,True,304839.0,90,0,0,,0.0,14661.0,206316.0,62991.0,20871.0,0.04809423991024771,0.6768031649493668,0.20663694606005137,0.06846564908033421,0.04809423991024771,0.6768031649493668,0.20663694606005137,0.06846564908033421,0.04809423991024771,0.6768031649493668,0.20663694606005137,0.06846564908033421,0.06846564908033421,0.06846564908033421,0.06846564908033421,40728.0,90,0,0,,0.0,0.11157133464825772,0.07809835618307073,0.07165222280385428,0.2139353240939182,0.3439221886828614,0.11157133464825772,40728.0,365040.0,90,90,1.0,1.0
PT,2019,89,89,1.0,4242.842696629214,4242.842696629214,89,1.0,high,True,377613.0,377613.0,True,317882.0,89,0,0,,0.0,16686.0,214582.0,65008.0,21606.0,0.052491175970957774,0.6750366488193732,0.20450355792400954,0.06796861728565946,0.052491175970957774,0.6750366488193732,0.20450355792400954,0.06796861728565946,0.052491175970957774,0.6750366488193732,0.20450355792400954,0.06796861728565946,0.06796861728565946,0.06796861728565946,0.06796861728565946,48179.0,89,0,0,,0.0,0.1275882980723651,0.13903871509049504,0.08727199858329217,0.2264029042579375,0.35180042580764603,0.1275882980723651,48179.0,377613.0,89,89,1.0,1.0
PT,2020,92,92,1.0,4371.315217391304,4371.315217391304,92,1.0,high,True,402161.0,402161.0,True,340135.0,92,0,0,,0.0,17886.0,230024.0,68743.0,23482.0,0.052585003013509345,0.6762726564452349,0.20210504652564423,0.06903729401561144,0.052585003013509345,0.6762726564452349,0.20210504652564423,0.06903729401561144,0.052585003013509345,0.6762726564452349,0.20210504652564423,0.06903729401561144,0.06903729401561144,0.06903729401561144,0.06903729401561144,50572.0,92,0,0,,0.0,0.12575063220948823,0.14637146371463713,0.08932980906340209,0.20035494523078715,0.3454135082190614,0.12575063220948823,50572.0,402161.0,92,92,1.0,1.0
PT,2021,93,93,1.0,4476.752688172043,4476.752688172043,93,1.0,high,True,416338.0,416338.0,True,378448.0,93,0,0,,0.0,19516.0,256857.0,77649.0,24426.0,0.05156851139390352,0.6787114742315985,0.20517746163277387,0.06454255274172409,0.05156851139390352,0.6787114742315985,0.20517746163277387,0.06454255274172409,0.05156851139390352,0.6787114742315985,0.20517746163277387,0.06454255274172409,0.06454255274172409,0.06454255274172409,0.06454255274172409,54065.0,93,0,0,,0.0,0.12985843233142302,0.17011682721869237,0.09122585718901957,0.18668624193486072,0.33910587079341686,0.12985843233142302,54065.0,416338.0,93,93,1.0,1.0
PT,2022,94,94,1.0,4551.340425531915,4551.340425531915,94,1.0,high,True,427826.0,427826.0,True,391995.0,94,0,0,,0.0,21257.0,265074.0,80628.0,25036.0,0.054227732496587966,0.6762178089006238,0.20568629701909463,0.06386816158369367,0.054227732496587966,0.6762178089006238,0.20568629701909463,0.06386816158369367,0.054227732496587966,0.6762178089006238,0.20568629701909463,0.06386816158369367,0.06386816158369367,0.06386816158369367,0.06386816158369367,60916.0,94,0,0,,0.0,0.14238498828963175,0.19546502328644683,0.09682201951153263,0.2195763258421392,0.33220162965329925,0.14238498828963175,60916.0,427826.0,94,94,1.0,1.0
PT,2023,94,94,1.0,4573.244680851064,4573.244680851064,94,1.0,high,True,429885.0,429885.0,True,395831.0,94,0,0,,0.0,22111.0,267427.0,80525.0,25768.0,0.05585969769927065,0.6756090351690495,0.20343277813006055,0.06509848900161938,0.05585969769927065,0.6756090351690495,0.20343277813006055,0.06509848900161938,0.05585969769927065,0.6756090351690495,0.20343277813006055,0.06509848900161938,0.06509848900161938,0.06509848900161938,0.06509848900161938,59618.0,94,0,0,,0.0,0.13868360142828895,0.17746822848356023,0.0927355876556967,0.21630549518782988,0.32167805029493945,0.13868360142828895,59618.0,429885.0,94,94,1.0,1.0
RO,2014,96,96,1.0,4595.9375,4595.9375,45,0.46875,low,False,441210.0,441210.0,True,441215.0,45,0,51,0.0,0.0,0.0,331750.0,93265.0,16200.0,0.0,0.7519010006459436,0.21138220595401336,0.036716793400043066,,,,,,,,,,0.036716793400043066,,,0,0,0,,0.0,,,,,,,,,0,0,0.0,
RO,2015,96,51,0.53125,8812.745098039215,4681.770833333333,17,0.17708333333333334,low,False,449450.0,449450.0,True,439675.0,51,0,0,,0.0,0.0,335095.0,87990.0,16590.0,0.0,0.7621424916131233,0.20012509239779383,0.03773241598908285,,,,,,,,,,0.03773241598908285,,10000.0,18,0,1,0.0,0.0,0.056425447876992524,,0.01809934496187648,0.01426298443004887,0.013562386980108499,0.02224941595283124,10000.0,177225.0,18,18,0.1875,0.3943152742240516
RO,2016,94,51,0.5425531914893617,9050.588235294117,4910.425531914893,19,0.20212765957446807,low,False,461580.0,461580.0,True,446715.0,51,0,0,,0.0,0.0,336615.0,91710.0,18390.0,0.0,0.7535341325005877,0.20529868036667673,0.041167187132735636,,,,,,,,,,0.041167187132735636,,13530.0,19,0,0,,0.0,0.07540545059354622,,0.01987433715075086,0.0133028023116345,0.015497553017944535,0.02931236188743013,13530.0,179430.0,19,19,0.20212765957446807,0.3887300142987131
RO,2017,94,53,0.5638297872340425,8893.075471698114,5014.18085106383,21,0.22340425531914893,low,False,471333.0,471333.0,True,455250.0,53,0,1,784.0,0.0016633675129897546,0.0,342017.0,93559.0,19674.0,0.0,0.751272926963207,0.20551125755079627,0.043215815485996706,,,,,,,,,,0.043215815485996706,,14669.0,22,0,1,17.0,0.0011589065375962914,0.07621170321648821,,0.021881953236242643,0.01688773928750842,0.01596015045237369,0.03112236995924325,14669.0,192477.0,22,22,0.23404255319148937,0.40836733265016456
RO,2018,93,52,0.5591397849462365,8854.326923076924,4950.806451612903,20,0.21505376344086022,low,False,460425.0,460425.0,True,450302.0,51,0,0,,0.0,0.0,336741.0,95090.0,18471.0,0.0,0.7478114687476405,0.2111693929851522,0.04101913826720734,,,,,,,,,,0.04101913826720734,,9411.0,20,0,1,0.0,0.0,0.05334308257379948,,0.014025616126340422,0.017856767273109687,0.011369173298684424,0.020439811044143996,9411.0,176424.0,21,21,0.22580645161290322,0.38317641309659556
RO,2019,92,52,0.5652173913043478,9226.903846153846,5215.20652173913,22,0.2391304347826087,low,False,479799.0,479799.0,True,469595.0,52,0,0,,0.0,177.0,347351.0,100216.0,21851.0,0.000376920537910327,0.7396820664615253,0.2134094272724369,0.04653158572812743,,,,,,,,,,0.04653158572812743,,12611.0,21,0,0,,0.0,0.06368516470475354,0.0,0.020212983408713376,0.02353915542428355,0.017070156972220953,0.026283923059447812,12611.0,198021.0,22,22,0.2391304347826087,0.41271657506580883
RO,2020,90,49,0.5444444444444444,9682.489795918367,5271.577777777778,14,0.15555555555555556,low,False,474442.0,474442.0,True,467304.0,48,0,2,0.0,0.0,0.0,344277.0,100636.0,22391.0,0.0,0.7367302655230856,0.21535445876774006,0.04791527570917433,,,,,,,,,,0.04791527570917433,,4121.0,7,0,10,0.0,0.0,0.02852218930815869,,0.003128294948544341,0.004034341587503478,0.008262248224733152,0.0086859932299417,4121.0,144484.0,14,14,0.15555555555555556,0.3045345901079584
RO,2021,90,89,0.9888888888888889,5246.966292134832,5188.666666666667,46,0.5111111111111111,medium,False,466980.0,466980.0,True,466980.0,49,0,43,0.0,0.0,0.0,347797.0,97859.0,21324.0,0.0,0.7447792196667952,0.20955715448199067,0.04566362585121418,,,,,,,,,,0.04566362585121418,,0.0,4,0,4,0.0,0.0,0.0,,,,0.0,0.0,0.0,3222.0,1,1,0.011111111111111112,0.0068996530900680975
RO,2022,91,91,1.0,5718.142857142857,5718.142857142857,81,0.8901098901098901,high,True,520351.0,520351.0,True,459408.0,88,0,7,62.0,0.00011915034274941337,0.0,342923.0,101147.0,15338.0,0.0,0.7464454254170585,0.22016812941873018,0.03338644516421133,0.0,0.7464454254170585,0.22016812941873018,0.03338644516421133,0.0,0.7464454254170585,0.22016812941873018,0.03338644516421133,0.03338644516421133,0.03338644516421133,0.03338644516421133,34068.0,88,0,7,2.0,5.870611717740989e-05,0.06547119156108089,,0.03563482181131041,0.04520153835506738,0.04100925805189725,0.06547119156108089,34068.0,520351.0,85,85,0.9340659340659341,1.0
RO,2023,90,90,1.0,5843.166666666667,5843.166666666667,82,0.9111111111111111,high,True,525885.0,525885.0,True,463535.0,87,0,5,60.0,0.00011409338543597935,0.0,345105.0,103265.0,15165.0,0.0,0.7445068872900644,0.22277713657005405,0.032715976139881565,0.0,0.7445068872900644,0.22277713657005405,0.032715976139881565,0.0,0.7445068872900644,0.22277713657005405,0.032715976139881565,0.032715976139881565,0.032715976139881565,0.032715976139881565,35875.0,87,0,5,0.0,0.0,0.06821833670859599,,0.0370756726213761,0.04565922626252845,0.04220243982855259,0.06821833670859599,35875.0,525885.0,86,86,0.9555555555555556,1.0
RS,2014,41,15,0.36585365853658536,12692.0,4643.414634146341,15,0.36585365853658536,low,False,190380.0,190380.0,True,190375.0,15,0,0,,0.0,0.0,144370.0,37240.0,8765.0,0.0,0.7583453709783322,0.1956139198949442,0.046040709126723575,,,,,,,,,,0.046040709126723575,,8590.0,15,0,0,,0.0,0.045120285744300874,,0.04024381796772183,0.06001611170784103,0.06217912150598973,0.045120285744300874,8590.0,190380.0,15,15,0.36585365853658536,1.0
RS,2015,46,17,0.3695652173913043,11844.70588235294,4377.391304347826,15,0.32608695652173914,low,False,201360.0,201360.0,True,201340.0,15,0,1,0.0,0.0,0.0,151455.0,39775.0,10110.0,0.0,0.7522350253302871,0.1975514055825966,0.05021356908711632,,,,,,,,,,0.05021356908711632,,9465.0,15,0,1,0.0,0.0,0.04700536352800953,,0.043082103595127264,0.05644248900062854,0.06874381800197824,0.04700536352800953,9465.0,201360.0,16,16,0.34782608695652173,1.0
RS,2016,46,46,1.0,5390.434782608696,5390.434782608696,46,1.0,high,True,247960.0,247960.0,True,247960.0,46,0,0,,0.0,0.0,191360.0,45120.0,11480.0,0.0,0.7717373769962897,0.1819648330375867,0.04629778996612357,0.0,0.7717373769962897,0.1819648330375867,0.04629778996612357,0.0,0.7717373769962897,0.1819648330375867,0.04629778996612357,0.04629778996612357,0.04629778996612357,0.04629778996612357,11155.0,46,0,0,,0.0,0.04498709469269237,,0.039167015050167224,0.06327570921985816,0.07055749128919861,0.04498709469269237,11155.0,247960.0,46,46,1.0,1.0
RS,2017,46,46,1.0,5275.934782608696,5275.934782608696,46,1.0,high,True,242693.0,242693.0,True,242693.0,46,0,0,,0.0,0.0,184767.0,46409.0,11517.0,0.0,0.7613198567737841,0.19122512804242398,0.04745501518379187,0.0,0.7613198567737841,0.19122512804242398,0.04745501518379187,0.0,0.7613198567737841,0.19122512804242398,0.04745501518379187,0.04745501518379187,0.04745501518379187,0.04745501518379187,10837.0,46,0,0,,0.0,0.044653121433251064,,0.038047919812520634,0.06375918464091017,0.07363028566466961,0.044653121433251064,10837.0,242693.0,46,46,1.0,1.0
RS,2018,46,46,1.0,5139.826086956522,5139.826086956522,46,1.0,high,True,236432.0,236432.0,True,236432.0,46,0,0,,0.0,0.0,178532.0,46500.0,11400.0,0.0,0.7551092914664682,0.19667388509169656,0.04821682344183528,0.0,0.7551092914664682,0.19667388509169656,0.04821682344183528,0.0,0.7551092914664682,0.19667388509169656,0.04821682344183528,0.04821682344183528,0.04821682344183528,0.04821682344183528,10895.0,46,0,0,,0.0,0.0460809027542803,,0.03967916115878386,0.06331182795698925,0.07605263157894737,0.0460809027542803,10895.0,236432.0,46,46,1.0,1.0
RS,2019,47,47,1.0,4821.297872340426,4821.297872340426,44,0.9361702127659575,high,True,226601.0,226601.0,True,226601.0,47,0,3,0.0,0.0,0.0,168385.0,47065.0,11151.0,0.0,0.7430902776245472,0.20769987775870363,0.049209844616749265,0.0,0.7430902776245472,0.20769987775870363,0.049209844616749265,0.0,0.7430902776245472,0.20769987775870363,0.049209844616749265,0.049209844616749265,0.049209844616749265,0.049209844616749265,10737.0,47,0,3,0.0,0.0,0.04738284473590143,,0.04097752175074977,0.06429406140444066,0.07272890323737781,0.04738284473590143,10737.0,226601.0,44,44,0.9361702127659575,1.0
RS,2020,40,40,1.0,5957.175,5957.175,39,0.975,high,True,238287.0,238287.0,True,238287.0,39,0,1,0.0,0.0,0.0,176233.0,50696.0,11358.0,0.0,0.7395829399002044,0.2127518496602836,0.04766521043951202,0.0,0.7395829399002044,0.2127518496602836,0.04766521043951202,0.0,0.7395829399002044,0.2127518496602836,0.04766521043951202,0.04766521043951202,0.04766521043951202,0.04766521043951202,10630.0,39,0,1,0.0,0.0,0.04461007104877732,,0.03925485011320241,0.05927489348272053,0.06224687444972706,0.04461007104877732,10630.0,238287.0,39,39,0.975,1.0
RS,2021,40,40,1.0,5954.725,5954.725,39,0.975,high,True,238189.0,238189.0,True,238189.0,39,0,0,,0.0,0.0,174507.0,51955.0,11727.0,0.0,0.7326408860190857,0.2181251023347006,0.04923401164621372,0.0,0.7326408860190857,0.2181251023347006,0.04923401164621372,0.0,0.7326408860190857,0.2181251023347006,0.04923401164621372,0.04923401164621372,0.04923401164621372,0.04923401164621372,12888.0,39,0,0,,0.0,0.054108292154549535,,0.04035368208725151,0.09789240689057839,0.06480770870640402,0.054108292154549535,12888.0,238189.0,39,39,0.975,1.0
RS,2022,40,40,1.0,6035.125,6035.125,39,0.975,high,True,241405.0,241405.0,True,241395.0,39,0,1,0.0,0.0,0.0,178080.0,51360.0,11955.0,0.0,0.7377120487168334,0.21276331324178213,0.049524638041384454,0.0,0.7377120487168334,0.21276331324178213,0.049524638041384454,0.0,0.7377120487168334,0.21276331324178213,0.049524638041384454,0.049524638041384454,0.049524638041384454,0.049524638041384454,10950.0,39,0,1,0.0,0.0,0.0453594581719517,,0.03995395327942498,0.05987149532710281,0.06148055207026349,0.0453594581719517,10950.0,241405.0,39,39,0.975,1.0
RS,2023,41,41,1.0,5921.341463414634,5921.341463414634,39,0.9512195121951219,high,True,242775.0,242775.0,True,242790.0,39,0,2,5.0,2.0595201318092884e-05,0.0,178990.0,51820.0,11980.0,0.0,0.7372214671114955,0.21343547922072573,0.04934305366777874,0.0,0.7372214671114955,0.21343547922072573,0.04934305366777874,0.0,0.7372214671114955,0.21343547922072573,0.04934305366777874,0.04934305366777874,0.04934305366777874,0.04934305366777874,11175.0,39,0,2,0.0,0.0,0.046030274945937595,,0.03961115146097547,0.06445387881126978,0.06343906510851419,0.046030274945937595,11175.0,242775.0,40,40,0.975609756097561,1.0
SE,2014,37,37,1.0,12615.675675675675,12615.675675675675,37,1.0,high,True,466780.0,466780.0,True,364375.0,37,0,0,,0.0,4820.0,300345.0,37815.0,21395.0,0.013228130360205832,0.8242744425385935,0.10378044596912521,0.05871698113207547,0.013228130360205832,0.8242744425385935,0.10378044596912521,0.05871698113207547,0.013228130360205832,0.8242744425385935,0.10378044596912521,0.05871698113207547,0.05871698113207547,0.05871698113207547,0.05871698113207547,31050.0,37,0,0,,0.0,0.06651955953554137,0.022821576763485476,0.038921906474221314,0.22253074176913923,0.3253096517878009,0.06651955953554137,31050.0,466780.0,37,37,1.0,1.0
SE,2015,37,37,1.0,12509.054054054053,12509.054054054053,37,1.0,high,True,462835.0,462835.0,True,360005.0,37,0,0,,0.0,4275.0,294750.0,40270.0,20710.0,0.011874835071735115,0.8187386286301579,0.11185955750614575,0.057526978791961225,0.011874835071735115,0.8187386286301579,0.11185955750614575,0.057526978791961225,0.011874835071735115,0.8187386286301579,0.11185955750614575,0.057526978791961225,0.057526978791961225,0.057526978791961225,0.057526978791961225,32560.0,37,0,0,,0.0,0.07034904447589314,0.0304093567251462,0.04013570822731128,0.2352868140054631,0.33606953162723324,0.07034904447589314,32560.0,462835.0,37,37,1.0,1.0
SE,2016,37,37,1.0,12430.945945945947,12430.945945945947,37,1.0,high,True,459945.0,459945.0,True,355335.0,37,0,0,,0.0,3535.0,290265.0,41275.0,20260.0,0.009948358591188597,0.8168770315336232,0.11615799175426006,0.05701661812092814,0.009948358591188597,0.8168770315336232,0.11615799175426006,0.05701661812092814,0.009948358591188597,0.8168770315336232,0.11615799175426006,0.05701661812092814,0.05701661812092814,0.05701661812092814,0.05701661812092814,33945.0,37,0,0,,0.0,0.07380230244920588,0.03253182461103253,0.04235784541711884,0.241671714112659,0.3381046396841066,0.07380230244920588,33945.0,459945.0,37,37,1.0,1.0
SE,2017,37,37,1.0,12610.702702702674,12610.702702702674,37,1.0,high,True,466595.99999999895,466595.99999999895,True,359864.0128869169,37,0,0,,0.0,2749.5947824595414,293485.1115384861,43572.30656597128,20057.0,0.007640649478678407,0.8155444863299247,0.12107992187499829,0.05573494231639849,0.007640649478678407,0.8155444863299247,0.12107992187499829,0.05573494231639849,0.007640649478678407,0.8155444863299247,0.12107992187499829,0.05573494231639849,0.05573494231639849,0.05573494231639849,0.05573494231639849,36658.99999999994,37,0,0,,0.0,0.07856689727301568,0.048018776388700765,0.044569822729435916,0.26092221424003287,0.3433215336291569,0.07856689727301568,36658.99999999994,466595.99999999895,37,37,1.0,1.0
SE,2018,37,37,1.0,12958.054054054022,12958.054054054022,37,1.0,high,True,479447.99999999884,479447.99999999884,True,372250.38213184837,37,0,0,,0.0,2905.3248292017647,305508.2860461093,43960.77125653736,19876.0,0.007804759830099301,0.8207064403708267,0.11809463029904096,0.05339416950003309,0.007804759830099301,0.8207064403708267,0.11809463029904096,0.05339416950003309,0.007804759830099301,0.8207064403708267,0.11809463029904096,0.05339416950003309,0.05339416950003309,0.05339416950003309,0.05339416950003309,39692.99999999992,37,0,0,,0.0,0.08278895730089607,0.05924835844087465,0.04794421891157072,0.27805998067457544,0.3487623264238277,0.08278895730089607,39692.99999999992,479447.99999999884,37,37,1.0,1.0
SE,2019,37,37,1.0,14115.35135135132,14115.35135135132,37,1.0,high,True,522267.99999999884,522267.99999999884,True,411756.9116477622,37,0,0,,0.0,3025.345411025121,342690.22602078,46400.34021595708,19641.0,0.007347406504770843,0.832263445559196,0.11268867359207876,0.047700474343954455,0.007347406504770843,0.832263445559196,0.11268867359207876,0.047700474343954455,0.007347406504770843,0.832263445559196,0.11268867359207876,0.047700474343954455,0.047700474343954455,0.047700474343954455,0.047700474343954455,44311.999999999905,37,0,0,,0.0,0.08484532845205911,0.050846375428232844,0.05102311021115372,0.28690915042908893,0.3580774909627819,0.08484532845205911,44311.999999999905,522267.99999999884,37,37,1.0,1.0
SE,2020,37,37,1.0,15513.594594594553,15513.594594594553,37,1.0,high,True,574002.9999999985,574002.9999999985,True,482919.4889341277,37,0,0,,0.0,3011.3345106439447,377641.89511680533,82388.25930667843,19878.0,0.006235686443904739,0.7819976285287532,0.1706045442243822,0.0411621408029599,0.006235686443904739,0.7819976285287532,0.1706045442243822,0.0411621408029599,0.006235686443904739,0.7819976285287532,0.1706045442243822,0.0411621408029599,0.0411621408029599,0.0411621408029599,0.0411621408029599,46335.99999999991,37,0,0,,0.0,0.08072431677186362,0.04679372875218677,0.050429503292201305,0.19745595743904595,0.3536573095884898,0.08072431677186362,46335.99999999991,574002.9999999985,37,37,1.0,1.0
SE,2021,37,37,1.0,15062.891891891857,15062.891891891857,37,1.0,high,True,557326.9999999987,557326.9999999987,True,465732.0643263031,37,0,0,,0.0,2557.654914315428,360498.4569708267,82634.95244116093,20041.0,0.005491687410475293,0.7740468921595505,0.17743024105650776,0.04303117937346653,0.005491687410475293,0.7740468921595505,0.17743024105650776,0.04303117937346653,0.005491687410475293,0.7740468921595505,0.17743024105650776,0.04303117937346653,0.04303117937346653,0.04303117937346653,0.04303117937346653,45785.999999999905,37,0,0,,0.0,0.08215284743068255,0.05148592947808876,0.050767325425368014,0.20336899512790743,0.3565690334813632,0.08215284743068255,45785.999999999905,557326.9999999987,37,37,1.0,1.0
SE,2022,38,38,1.0,14616.973684210527,14616.973684210527,38,1.0,high,True,555445.0,555445.0,True,465440.0,38,0,0,,0.0,2400.0,363100.0,79985.0,19955.0,0.005156411137848058,0.7801220350635958,0.17184814369199036,0.04287341010656583,0.005156411137848058,0.7801220350635958,0.17184814369199036,0.04287341010656583,0.005156411137848058,0.7801220350635958,0.17184814369199036,0.04287341010656583,0.04287341010656583,0.04287341010656583,0.04287341010656583,45730.0,38,0,0,,0.0,0.08233038374636553,0.0375,0.049972459377581935,0.21897855847971495,0.35630167877724883,0.08233038374636553,45730.0,555445.0,38,38,1.0,1.0
SE,2023,39,39,1.0,15342.820512820514,15342.820512820514,39,1.0,high,True,598370.0,598370.0,True,508980.0,39,0,0,,0.0,2370.0,401910.0,84365.0,20335.0,0.004656371566662737,0.7896380997288696,0.165753074777005,0.03995245392746277,0.004656371566662737,0.7896380997288696,0.165753074777005,0.03995245392746277,0.004656371566662737,0.7896380997288696,0.165753074777005,0.03995245392746277,0.03995245392746277,0.03995245392746277,0.03995245392746277,49140.0,39,0,0,,0.0,0.08212310109129803,0.04219409282700422,0.049725062825010574,0.22586380608072068,0.3607081386771576,0.08212310109129803,49140.0,598370.0,39,39,1.0,1.0
SI,2014,48,48,1.0,1550.7291666666667,1550.7291666666667,45,0.9375,high,True,74435.0,74435.0,True,69750.0,47,0,2,190.0,0.0025525626385436958,0.0,49405.0,17670.0,2675.0,0.0,0.70831541218638,0.25333333333333335,0.038351254480286735,0.0,0.70831541218638,0.25333333333333335,0.038351254480286735,0.0,0.70831541218638,0.25333333333333335,0.038351254480286735,0.038351254480286735,0.038351254480286735,0.038351254480286735,3475.0,41,0,15,0.0,0.0,0.04668502720494391,,0.03612994636170428,0.06168647425014148,0.15327102803738318,0.04668502720494391,3475.0,74435.0,44,44,0.9166666666666666,1.0
SI,2015,50,50,1.0,1404.2,1404.2,48,0.96,high,True,70210.0,70210.0,True,65420.0,50,0,0,,0.0,0.0,45590.0,17475.0,2355.0,0.0,0.6968816875573219,0.26712014674411494,0.03599816569856313,0.0,0.6968816875573219,0.26712014674411494,0.03599816569856313,0.0,0.6968816875573219,0.26712014674411494,0.03599816569856313,0.03599816569856313,0.03599816569856313,0.03599816569856313,3905.0,41,0,7,0.0,0.0,0.055618857712576554,,0.04463698179425313,0.0709585121602289,0.16985138004246284,0.055618857712576554,3905.0,70210.0,48,48,0.96,1.0
SI,2016,52,52,1.0,1326.5384615384614,1326.5384615384614,49,0.9423076923076923,high,True,68980.0,68980.0,True,64210.0,51,0,1,0.0,0.0,0.0,44400.0,17235.0,2575.0,0.0,0.6914810777137518,0.26841613455848,0.04010278772776826,0.0,0.6914810777137518,0.26841613455848,0.04010278772776826,0.0,0.6914810777137518,0.26841613455848,0.04010278772776826,0.04010278772776826,0.04010278772776826,0.04010278772776826,4575.0,44,0,11,0.0,0.0,0.06632357204986952,,0.05822072072072072,0.07600812300551205,0.170873786407767,0.06632357204986952,4575.0,68980.0,51,51,0.9807692307692307,1.0
SI,2017,53,53,1.0,1263.9433962264152,1263.9433962264152,48,0.9056603773584906,high,True,66989.0,66989.0,True,62275.0,49,0,1,0.0,0.0,0.0,42501.0,16945.0,2829.0,0.0,0.6824729024488158,0.272099558410277,0.04542753914090727,0.0,0.6824729024488158,0.272099558410277,0.04542753914090727,0.0,0.6824729024488158,0.272099558410277,0.04542753914090727,0.04542753914090727,0.04542753914090727,0.04542753914090727,,0,0,0,,0.0,,,,,,,,,0,0,0.0,
SI,2018,53,53,1.0,1249.377358490566,1249.377358490566,45,0.8490566037735849,high,True,66217.0,66217.0,True,61680.0,49,0,2,22.0,0.0003322409653110228,0.0,41992.0,16605.0,3083.0,0.0,0.6808041504539559,0.2692120622568093,0.04998378728923476,0.0,0.6808041504539559,0.2692120622568093,0.04998378728923476,0.0,0.6808041504539559,0.2692120622568093,0.04998378728923476,0.04998378728923476,0.04998378728923476,0.04998378728923476,,0,0,0,,0.0,,,,,,,,,0,0,0.0,
SI,2019,52,52,1.0,1284.576923076923,1284.576923076923,45,0.8653846153846154,high,True,66798.0,66798.0,True,62407.0,50,0,2,6.0,8.982304859426928e-05,0.0,42494.0,16608.0,3305.0,0.0,0.6809172048007435,0.26612399250084123,0.05295880269841524,0.0,0.6809172048007435,0.26612399250084123,0.05295880269841524,0.0,0.6809172048007435,0.26612399250084123,0.05295880269841524,0.05295880269841524,0.05295880269841524,0.05295880269841524,,0,0,0,,0.0,,,,,,,,,0,0,0.0,
SI,2020,46,46,1.0,1575.9565217391305,1575.9565217391305,44,0.9565217391304348,high,True,72494.0,72494.0,True,67868.0,45,0,0,,0.0,0.0,46238.0,18127.0,3503.0,0.0,0.6812930983674191,0.26709200212176576,0.05161489951081511,0.0,0.6812930983674191,0.26709200212176576,0.05161489951081511,0.0,0.6812930983674191,0.26709200212176576,0.05161489951081511,0.05161489951081511,0.05161489951081511,0.05161489951081511,,0,0,0,,0.0,,,,,,,,,0,0,0.0,
SI,2021,46,46,1.0,1553.0217391304348,1553.0217391304348,40,0.8695652173913043,high,True,71439.0,71439.0,True,66739.0,43,0,1,0.0,0.0,0.0,45598.0,17684.0,3457.0,0.0,0.6832286968639026,0.264972504832257,0.051798798303840335,0.0,0.6832286968639026,0.264972504832257,0.051798798303840335,0.0,0.6832286968639026,0.264972504832257,0.051798798303840335,0.051798798303840335,0.051798798303840335,0.051798798303840335,,0,0,0,,0.0,,,,,,,,,0,0,0.0,
SI,2022,46,46,1.0,1522.0652173913043,1522.0652173913043,41,0.8913043478260869,high,True,70015.0,70015.0,True,65380.0,45,0,4,165.0,0.002356637863315004,0.0,44300.0,17625.0,3455.0,0.0,0.6775772407464056,0.26957785255429795,0.05284490669929642,0.0,0.6775772407464056,0.26957785255429795,0.05284490669929642,0.0,0.6775772407464056,0.26957785255429795,0.05284490669929642,0.05284490669929642,0.05284490669929642,0.05284490669929642,,0,0,0,,0.0,,,,,,,,,0,0,0.0,
SK,2014,32,32,1.0,5596.71875,5596.71875,32,1.0,high,True,179095.0,179095.0,True,168255.0,32,0,0,,0.0,0.0,102175.0,57005.0,9075.0,0.0,0.6072627856527295,0.33880122433211496,0.05393599001515557,0.0,0.6072627856527295,0.33880122433211496,0.05393599001515557,0.0,0.6072627856527295,0.33880122433211496,0.05393599001515557,0.05393599001515557,0.05393599001515557,0.05393599001515557,10830.0,32,0,0,,0.0,0.06047069990787012,,0.045020797651088816,0.04104903078677309,0.09035812672176309,0.06047069990787012,10830.0,179095.0,32,32,1.0,1.0
SK,2015,32,32,1.0,5072.96875,5072.96875,32,1.0,high,True,162335.0,162335.0,True,151435.0,32,0,0,,0.0,0.0,92445.0,50770.0,8220.0,0.0,0.6104599333047181,0.3352593521973124,0.05428071449796942,0.0,0.6104599333047181,0.3352593521973124,0.05428071449796942,0.0,0.6104599333047181,0.3352593521973124,0.05428071449796942,0.05428071449796942,0.05428071449796942,0.05428071449796942,10040.0,32,0,0,,0.0,0.06184741429759448,,0.04575693655687165,0.03604490841047863,0.09002433090024331,0.06184741429759448,10040.0,162335.0,32,32,1.0,1.0
SK,2016,32,32,1.0,4724.0625,4724.0625,32,1.0,high,True,151170.0,151170.0,True,140360.0,32,0,0,,0.0,0.0,85165.0,47795.0,7400.0,0.0,0.606761185522941,0.34051724137931033,0.05272157309774864,0.0,0.606761185522941,0.34051724137931033,0.05272157309774864,0.0,0.606761185522941,0.34051724137931033,0.05272157309774864,0.05272157309774864,0.05272157309774864,0.05272157309774864,10725.0,32,0,0,,0.0,0.0709466163921413,,0.0541889273762696,0.04372842347525892,0.09594594594594595,0.0709466163921413,10725.0,151170.0,32,32,1.0,1.0
SK,2017,32,32,1.0,4374.15625,4374.15625,32,1.0,high,True,139973.0,139973.0,True,129186.0,32,0,0,,0.0,0.0,78938.0,43257.0,6991.0,0.0,0.6110414441193318,0.33484278482188473,0.05411577105878346,0.0,0.6110414441193318,0.33484278482188473,0.05411577105878346,0.0,0.6110414441193318,0.33484278482188473,0.05411577105878346,0.05411577105878346,0.05411577105878346,0.05411577105878346,11556.0,32,0,0,,0.0,0.08255877919313011,,0.06617851985102233,0.0490556441731974,0.09769703905020741,0.08255877919313011,11556.0,139973.0,32,32,1.0,1.0
SK,2018,32,32,1.0,4275.1875,4275.1875,32,1.0,high,True,136806.0,136806.0,True,126036.0,32,0,0,,0.0,0.0,77125.0,42142.0,6769.0,0.0,0.6119283379351931,0.334364784664699,0.053706877400107905,0.0,0.6119283379351931,0.334364784664699,0.053706877400107905,0.0,0.6119283379351931,0.334364784664699,0.053706877400107905,0.053706877400107905,0.053706877400107905,0.053706877400107905,12695.0,32,0,0,,0.0,0.09279563761823312,,0.08015559157212318,0.055028237862464996,0.10311715172108141,0.09279563761823312,12695.0,136806.0,32,32,1.0,1.0
SK,2019,31,31,1.0,4351.032258064516,4351.032258064516,31,1.0,high,True,134882.0,134882.0,True,124117.0,31,0,0,,0.0,0.0,78477.0,39036.0,6604.0,0.0,0.6322824431786137,0.3145096964960481,0.05320786032533819,0.0,0.6322824431786137,0.3145096964960481,0.05320786032533819,0.0,0.6322824431786137,0.3145096964960481,0.05320786032533819,0.05320786032533819,0.05320786032533819,0.05320786032533819,14225.0,31,0,0,,0.0,0.10546255245325543,,0.09411674758209412,0.0645814120299211,0.11583888552392489,0.10546255245325543,14225.0,134882.0,31,31,1.0,1.0
SK,2020,31,31,1.0,4427.548387096775,4427.548387096775,31,1.0,high,True,137254.0,137254.0,True,126210.0,31,0,0,,0.0,0.0,83148.0,36480.0,6582.0,0.0,0.6588067506536724,0.2890420727359163,0.05215117661041122,0.0,0.6588067506536724,0.2890420727359163,0.05215117661041122,0.0,0.6588067506536724,0.2890420727359163,0.05215117661041122,0.05215117661041122,0.05215117661041122,0.05215117661041122,15425.0,31,0,0,,0.0,0.11238288137322046,,0.10171020349256747,0.07044956140350878,0.12412640534791856,0.11238288137322046,15425.0,137254.0,31,31,1.0,1.0
SK,2021,31,31,1.0,4405.5161290322585,4405.5161290322585,31,1.0,high,True,136571.0,136571.0,True,125293.0,31,0,0,,0.0,0.0,83499.0,35312.0,6482.0,0.0,0.666429888341727,0.2818353778742627,0.05173473378401028,0.0,0.666429888341727,0.2818353778742627,0.05173473378401028,0.0,0.666429888341727,0.2818353778742627,0.05173473378401028,0.05173473378401028,0.05173473378401028,0.05173473378401028,16646.0,31,0,0,,0.0,0.12188531972380666,,0.11266003185666894,0.076121431807884,0.13545202098117864,0.12188531972380666,16646.0,136571.0,31,31,1.0,1.0
SK,2022,31,31,1.0,4390.1612903225805,4390.1612903225805,31,1.0,high,True,136095.0,136095.0,True,124945.0,31,0,0,,0.0,0.0,84185.0,34585.0,6175.0,0.0,0.673776461643123,0.2768017927888271,0.04942174556804994,0.0,0.673776461643123,0.2768017927888271,0.04942174556804994,0.0,0.673776461643123,0.2768017927888271,0.04942174556804994,0.04942174556804994,0.04942174556804994,0.04942174556804994,21190.0,31,0,0,,0.0,0.15570006245637238,,0.16172714854190176,0.08862223507300852,0.14251012145748987,0.15570006245637238,21190.0,136095.0,31,31,1.0,1.0
SK,2023,31,31,1.0,4438.548387096775,4438.548387096775,31,1.0,high,True,137595.0,137595.0,True,126545.0,31,0,0,,0.0,0.0,85815.0,34680.0,6050.0,0.0,0.6781382117033466,0.27405270852265995,0.04780907977399344,0.0,0.6781382117033466,0.27405270852265995,0.04780907977399344,0.0,0.6781382117033466,0.27405270852265995,0.04780907977399344,0.04780907977399344,0.04780907977399344,0.04780907977399344,21890.0,31,0,0,,0.0,0.1590900832152331,,0.16937598321971684,0.08232410611303345,0.14132231404958678,0.1590900832152331,21890.0,137595.0,31,31,1.0,1.0
TR,2014,189,184,0.9735449735449735,32950.38043478261,32078.67724867725,183,0.9682539682539683,high,True,6062870.0,6062870.0,True,6062890.0,184,0,1,0.0,0.0,918975.0,4723595.0,342095.0,78225.0,0.1515737544306428,0.7790995713265456,0.05642441146054109,0.012902262782270501,0.1515737544306428,0.7790995713265456,0.05642441146054109,0.012902262782270501,0.1515737544306428,0.7790995713265456,0.05642441146054109,0.012902262782270501,0.012902262782270501,0.012902262782270501,0.012902262782270501,72140.0,9,0,1,0.0,0.0,0.011898655257328625,,,0.0,0.0,0.011898655257328625,72140.0,6062870.0,179,179,0.9470899470899471,1.0
TR,2015,195,183,0.9384615384615385,36552.95081967213,34303.53846153846,181,0.9282051282051282,high,True,6689190.0,6689190.0,True,6689165.0,183,0,2,0.0,0.0,2285365.0,3900610.0,417095.0,86095.0,0.34165176072050846,0.5831236036186879,0.062353821441091674,0.012870814219712028,0.34165176072050846,0.5831236036186879,0.062353821441091674,0.012870814219712028,0.34165176072050846,0.5831236036186879,0.062353821441091674,0.012870814219712028,0.012870814219712028,0.012870814219712028,0.012870814219712028,87890.0,140,0,1,0.0,0.0,0.01315511783327471,0.0021090722926097143,0.015507830826460477,0.03869622028554646,0.07404611185318544,0.013139109518491775,87890.0,6681050.0,180,180,0.9230769230769231,0.9987831112586127
TR,2016,179,174,0.9720670391061452,41372.84482758621,40217.17877094972,174,0.9720670391061452,high,True,7198875.0,7198875.0,True,7198890.0,174,0,0,,0.0,2555930.0,4071570.0,480165.0,91225.0,0.3550450138840849,0.5655830273833883,0.06669986622937703,0.01267209250314979,0.3550450138840849,0.5655830273833883,0.06669986622937703,0.01267209250314979,0.3550450138840849,0.5655830273833883,0.06669986622937703,0.01267209250314979,0.01267209250314979,0.01267209250314979,0.01267209250314979,108040.0,8,0,0,,0.0,0.015007900540014933,,,0.0,0.0,0.015007900540014933,108040.0,7198875.0,174,174,0.9720670391061452,1.0
TR,2017,186,182,0.978494623655914,41540.5,40647.155913978495,181,0.9731182795698925,high,True,7560371.0,7560371.0,True,7441009.0,182,0,1,0.0,0.0,2768757.0,4122479.0,454673.0,95100.0,0.37209429527635296,0.5540215043416827,0.061103675590232456,0.012780524791731874,0.37209429527635296,0.5540215043416827,0.061103675590232456,0.012780524791731874,0.37209429527635296,0.5540215043416827,0.061103675590232456,0.012780524791731874,0.012780524791731874,0.012780524791731874,0.012780524791731874,125138.0,5,0,0,,0.0,0.01655183323675518,,0.0,0.0,0.0,0.01655183323675518,125138.0,7560371.0,177,177,0.9516129032258065,1.0
TR,2018,201,197,0.9800995024875622,39291.8883248731,38509.96019900498,197,0.9800995024875622,high,True,7740502.0,7740502.0,True,7598013.0,197,0,0,,0.0,2829430.0,4278210.0,394174.0,96199.0,0.37239078164251627,0.5630695814813689,0.051878563513908175,0.012661073362206671,0.37239078164251627,0.5630695814813689,0.051878563513908175,0.012661073362206671,0.37239078164251627,0.5630695814813689,0.051878563513908175,0.012661073362206671,0.012661073362206671,0.012661073362206671,0.012661073362206671,154505.0,5,0,0,,0.0,0.01996059170322545,,0.0,0.0,0.0,0.01996059170322545,154505.0,7740502.0,195,195,0.9701492537313433,1.0
TR,2019,206,202,0.9805825242718447,39307.58910891089,38544.33495145631,202,0.9805825242718447,high,True,7940133.0,7940133.0,True,7785153.0,202,0,0,,0.0,3002964.0,4383946.0,297001.0,101242.0,0.385729606084813,0.5631162290580545,0.038149667707237093,0.013004497149895449,0.385729606084813,0.5631162290580545,0.038149667707237093,0.013004497149895449,0.385729606084813,0.5631162290580545,0.038149667707237093,0.013004497149895449,0.013004497149895449,0.013004497149895449,0.013004497149895449,185047.0,5,0,0,,0.0,0.023305277128229464,,0.0,0.0,0.0,0.023305277128229464,185047.0,7940133.0,200,200,0.970873786407767,1.0
TR,2020,208,204,0.9807692307692307,40397.044117647056,39620.17788461538,204,0.9807692307692307,high,True,8240997.0,8240997.0,True,8070394.0,204,0,0,,0.0,3114623.0,4506054.0,343569.0,106148.0,0.38593196317304956,0.5583437438122599,0.04257152748676211,0.013152765527928377,0.38593196317304956,0.5583437438122599,0.04257152748676211,0.013152765527928377,0.38593196317304956,0.5583437438122599,0.04257152748676211,0.013152765527928377,0.013152765527928377,0.013152765527928377,0.013152765527928377,224048.0,4,0,0,,0.0,0.027187001766897863,,0.0,0.0,0.0,0.027187001766897863,224048.0,8240997.0,204,204,0.9807692307692307,1.0
TR,2021,207,205,0.9903381642512077,40472.97073170732,40081.92753623189,204,0.9855072463768116,high,True,8296959.0,8296959.0,True,8111586.0,205,0,1,0.0,0.0,3250101.0,4393674.0,358271.0,109540.0,0.40067392492664194,0.5416541228805316,0.04416781132567663,0.013504140867149779,0.40067392492664194,0.5416541228805316,0.04416781132567663,0.013504140867149779,0.40067392492664194,0.5416541228805316,0.04416781132567663,0.013504140867149779,0.013504140867149779,0.013504140867149779,0.013504140867149779,260289.0,4,0,0,,0.0,0.031371614587947225,,,,0.0,0.031371614587947225,260289.0,8296959.0,204,204,0.9855072463768116,1.0
TR,2022,208,206,0.9903846153846154,33738.553398058255,33414.144230769234,205,0.9855769230769231,high,True,6950142.0,6950142.0,True,6746489.0,206,0,1,0.0,0.0,2647054.0,3550442.0,434485.0,114508.0,0.3923602335970606,0.5262651432471023,0.0644016465453364,0.01697297661050066,0.3923602335970606,0.5262651432471023,0.0644016465453364,0.01697297661050066,0.3923602335970606,0.5262651432471023,0.0644016465453364,0.01697297661050066,0.01697297661050066,0.01697297661050066,0.01697297661050066,301694.0,0,0,0,,0.0,0.04340832172925388,,,,,0.04340832172925388,301694.0,6950142.0,205,205,0.9855769230769231,1.0
TR,2023,208,206,0.9903846153846154,34375.18932038835,34044.658653846156,205,0.9855769230769231,high,True,7081289.0,7081289.0,True,6867499.0,206,0,1,0.0,0.0,2822626.0,3526381.0,409559.0,108933.0,0.4110122185674872,0.5134883892957247,0.05963728571347444,0.01586210642331364,0.4110122185674872,0.5134883892957247,0.05963728571347444,0.01586210642331364,0.4110122185674872,0.5134883892957247,0.05963728571347444,0.01586210642331364,0.01586210642331364,0.01586210642331364,0.01586210642331364,336366.0,0,0,0,,0.0,0.04750067395921844,,,,,0.04750067395921844,336366.0,7081289.0,205,205,0.9855769230769231,1.0
UK,2014,161,161,1.0,14073.664596273293,14073.664596273293,160,0.9937888198757764,high,True,2265860.0,2265860.0,True,2171940.0,160,0,1,0.0,0.0,203650.0,1430335.0,425170.0,112785.0,0.09376410029742994,0.6585518016151459,0.19575586802582023,0.05192823006160391,0.09376410029742994,0.6585518016151459,0.19575586802582023,0.05192823006160391,0.09376410029742994,0.6585518016151459,0.19575586802582023,0.05192823006160391,0.05192823006160391,0.05192823006160391,0.05192823006160391,568515.0,160,0,1,0.0,0.0,0.2509047337434793,0.15983304689418118,0.19370636948686845,0.42833454853352776,0.5004211552954737,0.2509047337434793,568515.0,2265860.0,160,160,0.9937888198757764,1.0
UK,2015,258,258,1.0,9045.910852713178,9045.910852713178,258,1.0,high,True,2333845.0,2333845.0,True,2231195.0,258,0,0,,0.0,205295.0,1493130.0,419725.0,113045.0,0.09201123164940761,0.6692064118107113,0.18811668186778835,0.05066567467209276,0.09201123164940761,0.6692064118107113,0.18811668186778835,0.05066567467209276,0.09201123164940761,0.6692064118107113,0.18811668186778835,0.05066567467209276,0.05066567467209276,0.05066567467209276,0.05066567467209276,592730.0,258,0,0,,0.0,0.2539714505462016,0.17903504712730461,0.2002169938317494,0.4234439216153434,0.5005971073466319,0.2539714505462016,592730.0,2333845.0,258,258,1.0,1.0
UK,2016,260,260,1.0,9136.211538461539,9136.211538461539,258,0.9923076923076923,high,True,2375415.0,2375415.0,True,2268600.0,260,0,2,0.0,0.0,186595.0,1523815.0,445795.0,112395.0,0.0822511681213083,0.6716984043022128,0.19650665608745482,0.049543771489024065,0.0822511681213083,0.6716984043022128,0.19650665608745482,0.049543771489024065,0.0822511681213083,0.6716984043022128,0.19650665608745482,0.049543771489024065,0.049543771489024065,0.049543771489024065,0.049543771489024065,615540.0,260,0,2,0.0,0.0,0.25912945737902643,0.19499450681958252,0.20791894029130834,0.407418207920681,0.49699719738422526,0.25912945737902643,615540.0,2375415.0,258,258,0.9923076923076923,1.0
UK,2017,258,258,1.0,9355.77519379845,9355.77519379845,175,0.6782945736434108,medium,False,2413790.0,2413790.0,True,2413790.0,258,0,83,82395.0,0.034135115316576835,175375.0,1656550.0,470050.0,111815.0,0.07265545055700785,0.686285882367563,0.19473525037389333,0.04632341670153576,,,,,,,,,,0.04632341670153576,,,0,0,0,,0.0,,,,,,,,,0,0,0.0,
UK,2018,256,256,1.0,9566.484375,9566.484375,175,0.68359375,medium,False,2449020.0,2449020.0,True,2449020.0,256,0,81,79000.0,0.03225780107961552,162840.0,1684875.0,488650.0,112655.0,0.06649190288360242,0.6879792733419898,0.19952879110828003,0.04600003266612768,,,,,,,,,,0.04600003266612768,,1255.0,0,0,2,1255.0,1.0,0.5627802690582959,,0.000738927220120187,2.0464545175483475e-05,,0.0005124498779103478,1255.0,2230.0,2,2,0.0078125,0.0009105683089562355
UK,2019,255,255,1.0,9864.039215686274,9864.039215686274,175,0.6862745098039216,medium,False,2515330.0,2515330.0,True,2515330.0,255,0,80,71610.0,0.02846942548293862,146350.0,1729480.0,528835.0,110665.0,0.0581832204919434,0.6875757852846346,0.21024477901507954,0.043996215208342446,,,,,,,,,,0.043996215208342446,,,0,0,0,,0.0,,,,,,,,,0,0,0.0,
UK,2020,254,254,1.0,10715.354330708662,10715.354330708662,180,0.7086614173228346,medium,False,2721700.0,2721700.0,True,2721700.0,254,0,74,70070.0,0.02574493882499908,147705.0,1837185.0,622625.0,114185.0,0.05426939045449535,0.6750137781533601,0.2287632729544035,0.041953558437741116,,,,,,,,,,0.041953558437741116,,,0,0,0,,0.0,,,,,,,,,0,0,0.0,
UK,2021,252,252,1.0,11231.607142857143,11231.607142857143,179,0.7103174603174603,medium,False,2830365.0,2830365.0,True,2830365.0,252,0,73,106185.0,0.03751636273060188,142540.0,1873990.0,700690.0,113145.0,0.050360995843292296,0.6621018843859361,0.24756171023878545,0.03997540953198616,,,,,,,,,,0.03997540953198616,,,0,0,0,,0.0,,,,,,,,,0,0,0.0,
UK,2022,246,246,1.0,11865.223577235773,11865.223577235773,201,0.8170731707317073,high,True,2918845.0,2918845.0,True,2918845.0,246,0,45,70115.0,0.024021487951569883,153445.0,1885375.0,756500.0,123525.0,0.05257045166838253,0.645931866885703,0.2591778597356146,0.04231982171029979,0.05257045166838253,0.645931866885703,0.2591778597356146,0.04231982171029979,0.05257045166838253,0.645931866885703,0.2591778597356146,0.04231982171029979,0.04231982171029979,0.04231982171029979,0.04231982171029979,,0,0,0,,0.0,,,,,,,,,0,0,0.0,
UK,2023,245,245,1.0,11769.57142857143,11769.57142857143,194,0.7918367346938775,medium,False,2883545.0,2883545.0,True,2883545.0,244,8,50,108685.0,0.03769145270838499,144895.0,1895105.0,724085.0,119460.0,0.050248912363080864,0.6572136033944329,0.2511093116285683,0.04142817261391794,,,,,,,,,,0.04142817261391794,,,0,0,0,,0.0,,,,,,,,,0,0,0.0,
VA,2017,14,0,0.0,,,0,0.0,no_complete_records,False,,,True,,0,0,0,,0.0,,,,,,,,,,,,,,,,,,,,,0,0,0,,0.0,,,,,,,,,0,0,0.0,
VA,2018,14,0,0.0,,,0,0.0,no_complete_records,False,,,True,,0,0,0,,0.0,,,,,,,,,,,,,,,,,,,,,0,0,0,,0.0,,,,,,,,,0,0,0.0,
VA,2019,14,0,0.0,,,0,0.0,no_complete_records,False,,,True,,0,0,0,,0.0,,,,,,,,,,,,,,,,,,,,,0,0,0,,0.0,,,,,,,,,0,0,0.0,
VA,2020,14,0,0.0,,,0,0.0,no_complete_records,False,,,True,,0,0,0,,0.0,,,,,,,,,,,,,,,,,,,,,0,0,0,,0.0,,,,,,,,,0,0,0.0,
VA,2021,14,0,0.0,,,0,0.0,no_complete_records,False,,,True,,0,0,0,,0.0,,,,,,,,,,,,,,,,,,,,,0,0,0,,0.0,,,,,,,,,0,0,0.0,
XK,2017,29,29,1.0,962.551724137931,962.551724137931,16,0.5517241379310345,medium,False,27914.0,27914.0,True,27914.0,29,0,7,0.0,0.0,0.0,23360.0,4457.0,97.0,0.0,0.8368560578920972,0.159668983305868,0.003474958802034821,,,,,,,,,,0.003474958802034821,,,0,0,0,,0.0,,,,,,,,,0,0,0.0,
XK,2018,29,29,1.0,1015.9310344827586,1015.9310344827586,18,0.6206896551724138,medium,False,29462.0,29462.0,True,29462.0,29,0,6,0.0,0.0,0.0,24601.0,4795.0,66.0,0.0,0.8350078066662141,0.16275201955060756,0.0022401737831783315,,,,,,,,,,0.0022401737831783315,,,0,0,0,,0.0,,,,,,,,,0,0,0.0,
XK,2019,29,29,1.0,542.6206896551724,542.6206896551724,16,0.5517241379310345,medium,False,15736.0,15736.0,True,15736.0,29,0,12,0.0,0.0,0.0,12632.0,3026.0,78.0,0.0,0.8027452974072191,0.19229791560752416,0.004956786985256736,,,,,,,,,,0.004956786985256736,,,0,0,0,,0.0,,,,,,,,,0,0,0.0,
XK,2020,21,21,1.0,1222.095238095238,1222.095238095238,19,0.9047619047619048,high,True,25664.0,25664.0,True,25664.0,21,0,2,0.0,0.0,0.0,21047.0,4578.0,39.0,0.0,0.8200981920199502,0.17838216957605985,0.0015196384039900248,0.0,0.8200981920199502,0.17838216957605985,0.0015196384039900248,0.0,0.8200981920199502,0.17838216957605985,0.0015196384039900248,0.0015196384039900248,0.0015196384039900248,0.0015196384039900248,,0,0,0,,0.0,,,,,,,,,0,0,0.0,
XK,2021,23,23,1.0,1021.2173913043479,1021.2173913043479,22,0.9565217391304348,high,True,23488.0,23488.0,True,23488.0,23,0,1,0.0,0.0,0.0,18462.0,4972.0,54.0,0.0,0.7860183923705722,0.21168256130790192,0.0022990463215258857,0.0,0.7860183923705722,0.21168256130790192,0.0022990463215258857,0.0,0.7860183923705722,0.21168256130790192,0.0022990463215258857,0.0022990463215258857,0.0022990463215258857,0.0022990463215258857,,0,0,0,,0.0,,,,,,,,,0,0,0.0,
XK,2022,23,23,1.0,919.0869565217391,919.0869565217391,0,0.0,no_complete_records,False,21139.0,21139.0,True,21139.0,0,0,0,,0.0,0.0,17019.0,4120.0,,,,,,,,,,,,,,,,,,0,0,0,,0.0,,,,,,,,,0,0,0.0,
XK,2023,23,23,1.0,891.5652173913044,891.5652173913044,18,0.782608695652174,medium,False,20506.0,20506.0,True,20506.0,23,0,5,215.0,0.010484736174778114,0.0,16602.0,3839.0,65.0,0.0,0.809616697551936,0.18721349848824734,0.003169803959816639,,,,,,,,,,0.003169803959816639,,0.0,22,0,23,0.0,0.0,0.0,,,,0.0,0.0,0.0,20506.0,20,20,0.8695652173913043,1.0
