country_code,institution_id,institution_name_en,year,students_total_calc,total_current_expenditure_ppp,funding_per_student_ppp,total_current_expenditure_eur,funding_per_student_eur
AD,AD0001,University of Andorra,2023,675.0,5038047.028452775,7463.7733754855935,4488648.0,6649.848888888889
AT,AT0001,University of Vienna,2023,74617.35040465699,671234002.4111338,8995.682623022232,757219078.12,10148.02956703138
AT,AT0002,University of Graz,2023,21928.439915802002,268821283.6982537,12259.024569483237,303257290.14000005,13829.405616834043
AT,AT0003,University of Innsbruck,2023,25346.554916251003,338873635.6262742,13369.613217495076,382283348.35,15082.260670656198
AT,AT0004,University of Salzburg,2023,13526.927864799,171595647.38055137,12685.48550680847,193577049.81,14310.496200230637
AT,AT0005,Vienna University of Technology,2023,23767.922988298,410605405.6466625,17275.611581576635,463203958.1099999,19488.6174251766
AT,AT0006,Graz University of Technology,2023,12475.701470332,269248282.41290665,21581.81510299809,303738987.39,24346.445617692145
AT,AT0007,University of Leoben,2023,2629.577777778,90228207.20680788,34312.81172563413,101786440.54999998,38708.28290768786
AT,AT0008,"University of Natural Resources and Life Sciences, Vienna",2023,9082.667030179,209563994.35333744,23072.957938127496,236409142.02999997,26028.60385000163
AT,AT0009,University of Veterinary Medicine Vienna,2023,2027.245623932,133481125.8133144,65843.58808698149,150580058.03,74278.15172092384
AT,AT0010,Vienna University of Economics and Business,2023,19084.727562394,203868753.9402535,10682.298359970933,229984341.32,12050.700779883211
AT,AT0011,University of Linz,2023,18475.896113232,211042478.6986969,11422.584182401484,238077020.22,12885.817216167115
AT,AT0012,University of Klagenfurt,2023,7179.076244741001,76344018.73060898,10634.239855933338,86123687.53,11996.4859814784
AT,AT0013,University for Continuing Education Krems,2023,7796.816666667,55946529.32364153,7175.560451847545,63113279.73000002,8094.749745729217
AT,AT0014,Medical University of Vienna,2023,7120.615786012,625364510.2473185,87824.49847607387,705473704.0100001,99074.81673085896
AT,AT0015,Medical University of Graz,2023,3993.5858749999998,312318683.2904884,78205.07510446072,352326706.62,88223.14522534213
AT,AT0016,Medical University of Innsbruck,2023,3513.6400000000003,244591133.8445173,69611.89360450054,275923258.09,78529.17717523706
AT,AT0017,Academy of Fine Arts Vienna,2023,1350.6,37660144.99601099,27884.010807056857,42484409.57,31455.952591440844
AT,AT0018,University of Applied Arts Vienna,2023,1763.275,56049937.27506426,31787.405410423366,63229934.239999995,35859.372043498595
AT,AT0019,University of Music and Performing Arts in Vienna,2023,2454.255555556,108496784.25671482,44207.61481464198,122395222.32,49870.61027239762
AT,AT0020,University Mozarteum Salzburg,2023,1352.585854485,60212804.1928907,44516.807560298534,67926064.41000001,50219.410608772785
AT,AT0021,University of Music and Performing Arts Graz,2023,1382.55253794,57327792.50952929,41465.18192715306,64671482.73,46776.87173202137
AT,AT0022,University of Art and Design Linz,2023,1190.689809911,27837010.672812693,23378.89384884667,31402931.74,26373.73015088393
BE,BE0056,KU Leuven,2023,56795.0,1125922881.5694835,19824.331042688325,1268048126.9099996,22326.756350206877
BE,BE0058,Hasselt University,2023,5325.0,119806158.9107021,22498.809185108374,134929290.35000002,25338.833868544607
BE,BE0059,University of Antwerp,2023,20065.0,342498958.4720705,17069.472139151283,385732602.0,19224.15160727635
BE,BE0060,Ghent University,2023,46540.0,761821511.5917708,16369.17730106942,857986241.0,18435.458551783413
BE,BE0061,The Vrije Universiteit Brussel,2023,18820.0,313252983.19171035,16644.685610611603,352794907.26,18745.744275239107
BE,BE0062,University college Arteveldehogeschool,2023,14255.0,106938037.01730552,7501.791442813435,120436825.43,8448.742576639776
BE,BE0064,Erasmus University College Brussels,2023,6425.0,55300091.24246379,8607.018092212264,62280621.76,9693.481985992217
BE,BE0066,Antwerp maritime academy,2023,500.0,8987299.947612831,17974.599895225663,10121766.82,20243.53364
BE,BE0068,University College Ghent,2023,16745.0,131220340.41891973,7836.3893949787835,147784283.98999998,8825.576828306956
BE,BE0071,"Howest, University College West Vlaanderen",2023,9095.0,61875258.50847518,6803.2169882875405,69685772.39,7661.987068719077
BE,BE0072,LUCA School of Arts,2023,3740.0,47319397.467657566,12652.245312207906,53292525.00999998,14249.33823796791
BE,BE0073,Karel de Grote University College,2023,13530.0,96235017.40319498,7112.7137770284535,108382763.65000027,8010.551637102755
BE,BE0074,Catholic University College Vives Noord,2023,4080.0,33601787.263702795,8235.732172476175,37843340.870000005,9275.328644607844
BE,BE0075,Thomas More Kempen,2023,7900.0,71562974.14382498,9058.604322003162,80596368.37,10202.071945569622
BE,BE0076,UC Leuven,2023,10060.0,73335310.06099997,7289.792252584491,82592426.25,8209.98272862823
BE,BE0077,UC Limburg,2023,5330.0,44625919.2172114,8372.592723679438,50259049.0,9429.465103189494
BE,BE0080,Catholic University College Vives Zuid,2023,11675.0,83206900.57093135,7126.92938509048,93710107.63,8026.561681370449
BE,BE0090,ODISEE,2023,11515.0,90799674.9154258,7885.338681322259,102261317.88,8880.704983065567
BE,BE0091,AP University College Antwerpen,2023,15970.0,105684138.2222104,6617.666764070783,119024646.99000002,7453.014839699438
BE,BE0092,PXL University College,2023,9800.0,81109577.81270255,8276.487531908424,91348039.82,9321.228553061224
BE,BE0093,Thomas More Mechelen-Antwerpen,2023,9500.0,74464059.73912966,7838.322077803123,83863658.0,8827.75347368421
CH,CH0001,University of Basel,2023,13439.0,583211570.5233545,43396.946984400216,913009971.9078,67937.3444384106
CH,CH0002,University of Bern,2023,18368.0,637768654.5019523,34721.72552819862,998418362.6672156,54356.40040653395
CH,CH0003,University of Fribourg,2023,10167.0,207783710.05166495,20437.071904363624,325282639.8950401,31993.964777716148
CH,CH0004,University of Geneva,2023,17399.0,568994561.2683556,32702.716320958425,890753432.6404611,51195.66829360659
CH,CH0005,University of Lausanne,2023,16937.0,548761272.2402619,32400.145966833672,859078487.250463,50721.99842064492
CH,CH0006,University of Lucerne,2023,3561.0,53970882.20450392,15156.102837546736,84490699.66351101,23726.677804973606
CH,CH0007,University of Neuchâtel,2023,4295.0,86725124.92276546,20192.112904019898,135767031.8481169,31610.484714346196
CH,CH0008,University of Sankt Gallen,2023,10355.0,192614597.9531203,18601.12003410143,301535596.2646635,29119.80649586321
CH,CH0009,University of Zurich,2023,28812.0,1071047699.4623162,37173.66720332904,1676710956.060918,58194.88255105227
CH,CH0010,Università della Svizzera italiana,2023,4307.0,115125348.75833148,26729.82325477861,180227205.2685738,41845.18348469324
CH,CH0011,Federal Institute of Technology Lausanne,2023,13637.0,740322184.1928827,54287.76007867439,1158964552.068327,84986.76776918142
CH,CH0012,Federal Institute of Technology Zurich,2023,24751.0,1258405028.6589456,50842.593376386634,1970016367.874048,79593.40502905127
CH,CH0013,Bern University of Applied Sciences,2023,7774.0,206536836.92008364,26567.640457947473,323330676.55896276,41591.28846912307
CH,CH0014,University of Applied Sciences and Arts Western Switzerland,2023,20839.0,537519576.4852039,25793.923724036846,841479761.7719696,40380.04519276211
CH,CH0015,University of Applied Sciences and Arts Northwestern Switzerland,2023,14774.0,300645032.2938988,20349.60283565039,470655807.192838,31857.03311173941
CH,CH0016,Lucerne University of Applied Sciences and Arts,2023,8672.0,191619363.7648389,22096.32884742146,299977570.3539823,34591.50949653855
CH,CH0017,University of Applied Sciences and Arts of Southern Switzerland,2023,6718.0,118957518.87152116,17707.281761167185,186226416.71125743,27720.514544694466
CH,CH0019,Zurich University of Applied Sciences,2022,23635.0,489800557.9447714,20723.52688575297,753835575.5449388,31894.883670189924
CH,CH0021,Vaud University of Teacher Education,2023,2499.0,63029113.60182472,25221.73413438364,98671240.674007,39484.28998559704
CH,CH0022,Valais University of Teacher Education,2023,494.0,13358421.36668989,27041.33879896739,20912431.32537559,42332.85693395868
CH,CH0023,Fribourg University of Teacher Education,2023,546.0,14518894.606070966,26591.382062401037,22729136.777114633,41628.455635741084
CH,CH0024,"University of teacher Education of Bern, Jura and Fribourg",2023,609.0,17832835.526575256,29282.160142159697,27917067.2977979,45840.83300131018
CH,CH0026,Bern University of Teacher education,2023,2932.0,61986263.77338399,21141.290509339695,97038673.11072236,33096.40965577161
CH,CH0028,Zurich inter-cantonal university of applied sciences for special needs education,2023,1351.0,20399187.591202497,15099.324641896741,31934657.388351515,23637.7922933764
CH,CH0029,University of Teacher Education St. Gallen,2023,1241.0,36374634.20800084,29310.74472844548,56944007.00349866,45885.58179169916
CH,CH0030,University of Teacher Education Thurgau,2023,716.0,18833986.821486324,26304.45086799766,29484356.360362213,41179.26865972376
CH,CH0031,Schaffhausen University of Teacher Education,2023,165.0,4348341.59359512,26353.585415728,6807271.043424573,41256.188141967104
CH,CH0032,Grisons University of Teacher Education,2023,516.0,15145370.068492252,29351.49238079894,23709875.797489196,45949.371700560456
CH,CH0035,Swiss Distance Education University,2023,2102.0,20372197.57582131,9691.816163568654,31892404.87754682,15172.409551639781
CH,CH0036,Luzern University of Teacher Education,2023,2631.0,45314207.578844965,17223.187981316976,70938790.44865198,26962.672158362595
CH,CH0037,Schwyz University of Teacher Education,2023,332.0,11057203.800596844,33304.83072468929,17309905.772792757,52138.27039997818
CH,CH0038,Zug University of Teacher Education,2023,460.0,12912807.78787122,28071.32127798091,20214829.182959456,43945.280832520555
CH,CH0039,The Graduate Institute of International and Development Studies,2023,1119.0,69147267.87568854,61793.805072107716,108249129.97530356,96737.38156863589
CH,CH0047,ZHAW Zurich University of Applied Sciences,2023,16328.0,344142184.19945574,21076.81186914844,538750021.1051657,32995.46920046336
CH,CH0048,Zurich University of the Arts,2023,2326.0,90118938.30438957,38744.16952037385,141080001.6464293,60653.48308101002
CH,CH0049,Zurich University of Teacher Education,2023,3808.0,89362715.19844347,23467.099579423182,139896144.41243052,36737.43288141558
CH,CH0811,University of Applied Sciences of the Grisons,2023,2017.0,42892068.83668345,21265.279542232747,67146964.40008232,33290.51284089356
CH,CH0817,Eastern Switzerland University of Applied Sciences,2023,4328.0,122018009.55736393,28192.7009143632,191017574.2539617,44135.29904204291
CH,CH0820,University of Teacher Education NMS Bern,2023,264.0,4901473.38530506,18566.18706554947,7673191.520889072,29065.11939730709
CY,CY0001,University of Cyprus,2023,7609.0,144292997.77291703,18963.46402587949,130681695.0,17174.621500854253
CY,CY0002,Open University of Cyprus,2023,3132.0,15362791.483422752,4905.105837619014,13913604.0,4442.402298850575
CY,CY0003,Cyprus University of Technology,2023,2982.0,54669382.5227539,18333.126265175688,49512365.0,16603.744131455398
CY,CY0005,Frederick University,2023,5721.0,20819022.181392983,3639.0529944752634,18855143.0,3295.777486453417
CY,CY0006,European University - Cyprus,2023,9643.0,50365393.97947816,5223.000516382677,45614376.0,4730.3096546717825
CY,CY0010,The Cyprus Police Academy,2023,439.0,2241338.723087574,5105.555177876023,2029911.0,4623.9430523918
CY,CY0013,Alexander College,2023,459.0,2422637.8511354593,5278.078107048931,2194108.0,4780.191721132897
CY,CY0014,American College,2022,435.0,898572.5856432219,2065.684104926947,822078.0,1889.8344827586207
CY,CY0016,Casa College,2023,215.0,981709.6533060092,4566.091410725624,889104.0,4135.367441860465
CY,CY0021,,2023,333.0,3453926.3240764565,10372.151123352722,3128114.0,9393.735735735736
CY,CY0024,Global College,2023,1008.0,1958858.037539101,1943.3115451776796,1774077.0,1759.9970238095239
CY,CY0026,KES College,2023,241.0,1669874.9763986622,6928.9418107828305,1512354.0,6275.327800829876
CY,CY0034,The Cyprus Institute of Marketing,2023,286.0,1783149.252099829,6234.787594754647,1614943.0,5646.653846153846
CY,CY0038,Neapolis University,2023,3369.0,9204273.305147909,2732.049066532475,8336025.0,2474.3321460374
CY,CY0039,The Cyprus Institute,2023,118.0,16827530.808717094,142606.19329421266,15240173.0,129154.00847457627
CY,CY0042,University of Central Lancashire - Cyprus,2023,1487.0,11168294.376863956,7510.62163877872,10114778.0,6802.137188971083
CY,CY0044,City Unity College Nicosia,2023,862.0,1596117.3452994418,1851.6442520875196,1445554.0,1676.9767981438515
CY,CY0045,American University of Cyprus,2023,362.0,2248151.366558864,6210.362891046585,2036081.0,5624.53314917127
CY,CY0047,Philips University,2023,738.0,2235244.8852726547,3028.7871074155214,2024392.0,2743.0785907859076
CY,CY0054,American University of Beirut Mediterraneo,2023,47.0,879271.5661019644,18707.905661743924,796329.0,16943.17021276596
CZ,CZ0001,Academy of Performing Arts in Prague,2023,1540.0,38262.59064269395,24.845838079671395,32093.776037327112,20.84011430995267
CZ,CZ0002,Academy of Fine Arts in Prague,2023,349.0,9751.316181583392,27.940734044651553,8179.178470254957,23.436041462048586
CZ,CZ0003,"Czech University of Life Sciences, Prague",2023,19967.0,161680.24237608025,8.097372783897443,135613.6477253791,6.791889003124109
CZ,CZ0004,Czech Technical University in Prague,2023,17542.0,375151.4850501639,21.385901553424002,314668.3886018997,17.93799957826358
CZ,CZ0005,Janáček Academy of Music and Performing Arts in Brno,2023,702.0,17291.248634151187,24.631408310756676,14503.499416763872,20.660255579435717
CZ,CZ0006,University of South Bohemia in České Budějovice,2023,9052.0,100653.7200754942,11.119500671177,84426.01233127812,9.326779974732448
CZ,CZ0007,Masaryk University,2023,33139.0,440219.77749081154,13.284039273689958,369246.1673054491,11.142344889871422
CZ,CZ0008,Mendel University in Brno,2023,9160.0,117228.17125260751,12.797835289585974,98328.27862022996,10.73452823364956
CZ,CZ0009,University of Ostrava,2023,9230.0,74338.23383331677,8.053979830261838,62353.19113481086,6.7554919972709495
CZ,CZ0010,Silesian University in Opava,2023,5339.0,31799.046389192412,5.955992955458402,26672.30461589735,4.995749132027973
CZ,CZ0011,Technical University of Liberec,2023,6283.0,75640.70726134896,12.038947518915958,63445.67572071321,10.097990724289863
CZ,CZ0012,University of Hradec Králové,2023,6227.0,56008.195092877715,8.994410646037855,46978.37860356607,7.5443036138696105
CZ,CZ0013,University of J. E. Purkyně in Ústí nad Labem,2023,8349.0,56139.46558060991,6.724094571878059,47088.48525245792,5.640015002091019
CZ,CZ0014,Charles University,2023,51971.0,722198.3212476408,13.896179046923107,605763.2477920346,11.655793573185711
CZ,CZ0015,"Palacký University, Olomouc",2023,23053.0,258825.6680242376,11.227418037749429,217096.98383602733,9.417298565741003
CZ,CZ0016,University of Pardubice,2023,6868.0,76760.7032879706,11.176572988929905,64385.10248291951,9.374650914810644
CZ,CZ0017,Tomas Bata University in Zlín,2023,8815.0,78009.43677361676,8.84962413767632,65432.51124812531,7.422860039492377
CZ,CZ0018,"University of Veterinary and Pharmaceutical Sciences, Brno",2023,2174.0,50100.12913479686,23.045137596502695,42022.82952841193,19.32972839393373
CZ,CZ0019,VŠB – Technical University of Ostrava,2023,11809.0,185163.50451971788,15.679863199230915,155310.86485585736,13.151906584457393
CZ,CZ0020,"University of Economics, Prague",2023,14405.0,95498.26164696531,6.6295218081891925,80101.73304449258,5.560689555327496
CZ,CZ0021,"University of Chemistry and Technology, Prague",2023,4166.0,113319.90662560842,27.201129770909365,95050.11664722546,22.815678503894734
CZ,CZ0022,"College of Polytechnics, Jihlava",2023,2179.0,11024.783947551405,5.0595612425660415,9247.333777703716,4.24384294525182
CZ,CZ0023,Institute of Technology and Business in České Budějovice,2023,2693.0,15678.752359193404,5.822039494687488,13150.974837527076,4.8833920674070095
CZ,CZ0024,"Academy of Arts, Architecture and Design in Prague",2023,534.0,16029.50233435979,30.017794633632565,13445.17580403266,25.178231842757793
CZ,CZ0025,Brno University of Technology,2023,17205.0,252880.30197675573,14.698070443287168,212110.14830861523,12.32840152912614
CZ,CZ0026,University of West Bohemia in Pilsen,2023,11272.0,134647.41233733983,11.94529917825939,112939.13514414264,10.019440662184406
DE,DE0001,University of Freiburg,2023,24197.0,330973048.1035665,13678.267888728624,371474220.0,15352.077530272349
DE,DE0002,Heidelberg University,2023,29534.0,393397342.2311715,13320.151087938359,441537375.0,14950.137976569378
DE,DE0003,University of Hohenheim,2023,8482.0,143862024.10969645,16960.86113059378,161466420.0,19036.36170714454
DE,DE0004,Karlsruhe Institute of Technology,2023,22201.0,443023295.34823626,19955.105416343238,497236056.0,22397.011666141163
DE,DE0005,University of Konstanz,2023,10472.0,194136385.50567105,18538.61588098463,217892855.0,20807.186306340718
DE,DE0006,University of Mannheim,2023,11397.0,118735229.0242968,10418.11257561611,133264859.0,11692.977011494253
DE,DE0007,University of Stuttgart,2023,21141.0,482394218.4841006,22817.94704527225,541424799.0,25610.179225202213
DE,DE0008,Tübingen University,2023,28238.0,360494668.42485094,12766.296070006762,404608401.0,14328.50772009349
DE,DE0009,Ulm University,2023,9978.0,152640477.73907,15297.70271989076,171319093.0,17169.68260172379
DE,DE0012,Zeppelin University Friedrichshafen (Priv. H),2023,667.0,19862871.423862007,29779.41742707947,22293491.0,33423.52473763118
DE,DE0013,Allensbach University,2023,640.0,1629533.9326603524,2546.1467697818007,1828940.0,2857.71875
DE,DE0014,Freie Hochschule Stuttgart - Seminar for Waldorf Pedagogy,2023,304.0,3870994.4136069207,12733.534255285924,4344688.0,14291.736842105263
DE,DE0015,Hochschule für jüdische Studien Heidelberg,2023,105.0,3468153.9955629604,33030.03805298058,3892552.0,37071.92380952381
DE,DE0016,University of Augsburg,2023,19089.0,175077874.49771464,9171.662973320479,196502154.0,10293.999371365708
DE,DE0017,University of Bamberg,2023,10734.0,97312887.90683998,9065.855031380657,109221066.0,10175.24371157071
DE,DE0018,University of Bayreuth,2023,11924.0,202216775.21672887,16958.803691439858,226962042.0,19034.052499161357
DE,DE0019,Catholic University of Eichstätt-Ingolstadt,2023,4799.0,64087802.59629177,13354.407709166862,71930227.0,14988.586580537612
DE,DE0020,University of Erlangen-Nürnberg,2023,38960.0,501748900.9863057,12878.565220387723,563147914.0,14454.51524640657
DE,DE0021,Ludwig Maximilian University of Munich,2023,52086.0,700510223.0102372,13449.107687482956,786231659.0,15094.874995200245
DE,DE0022,Technical University of Munich,2023,53910.0,903357346.507836,16756.767696305622,1013901185.0,18807.29335930254
DE,DE0023,Bundeswehr University Munich,2023,3456.0,178317736.57528263,51596.567296088724,200138478.0,57910.43923611111
DE,DE0024,Bavarian School of Public Policy,2023,665.0,6065692.240526742,9121.341715077808,6807951.0,10237.52030075188
DE,DE0025,University of Passau,2023,10881.0,93661342.5162825,8607.788118397435,105122681.0,9661.123150445732
DE,DE0026,University of Regensburg,2023,20353.0,268594582.8915598,13196.805527025981,301462502.0,14811.698619368151
DE,DE0027,University of Würzburg,2023,26126.0,356756765.5942336,13655.238673897022,400413091.0,15326.230230421803
DE,DE0028,Free University of Berlin,2023,37987.0,459466010.3174532,12095.348680270967,515690866.0,13575.456498275726
DE,DE0029,Technical University of Berlin,2023,35182.0,493829346.8285859,14036.420522670283,554259244.0,15754.057302029447
DE,DE0031,Humboldt University of Berlin,2023,36027.0,393010122.33042574,10908.766267810968,441102771.0,12243.671996002999
DE,DE0032,ESCP-EAP European School of Management,2023,1283.0,15560427.488261446,12128.158603477355,17464557.0,13612.281371784879
DE,DE0033,"European School of Management and Technology, Berlin",2023,820.0,38762783.217655495,47271.686850799386,43506185.0,53056.32317073171
DE,DE0034,Hertie School of Governance,2023,716.0,25578377.89677201,35723.99147593856,28708404.0,40095.53631284916
DE,DE0035,Steinbeis University,2023,4829.0,19873878.489268243,4115.526711382945,22305845.0,4619.143715054876
DE,DE0038,Viadrina European University,2023,4209.0,45811620.05399289,10884.205287239936,51417588.0,12216.105488239487
DE,DE0039,University of Potsdam,2023,20406.0,220290144.96110907,10795.361411403954,247247050.0,12116.389787317456
DE,DE0040,University of Bremen,2023,17704.0,319476201.2527063,18045.42483352385,358570504.0,20253.64347040217
DE,DE0041,Constructor University Bremen gGmbH (Priv. U),2023,1601.0,48841809.74188547,30507.064173569936,54818582.0,34240.213616489695
DE,DE0042,University of Hamburg,2023,41800.0,525191016.33151275,12564.378381136668,589458641.0,14101.881363636363
DE,DE0043,Hamburg University of Technology,2023,7381.0,149272488.57328686,20223.88410422529,167538963.0,22698.68080205934
DE,DE0044,HafenCity University Hamburg,2023,2517.0,33297556.95537122,13229.065139201915,37372179.0,14847.905840286056
DE,DE0045,Helmut Schmidt University of the Federal Armed Forces Hamburg,2023,2546.0,158322862.3359498,62184.942001551375,177696831.0,69794.51335428123
DE,DE0046,Bucerius Law School,2023,726.0,19715703.37767403,27156.6162226915,22128314.0,30479.771349862258
DE,DE0047,Technical University of Darmstadt,2023,24008.0,418946701.1769737,17450.29578377931,470213209.0,19585.688478840388
DE,DE0048,Frankfurt University,2023,41107.0,477364843.1444176,11612.738539528975,535779979.0,13033.789354611137
DE,DE0049,Justus Liebig University Giessen,2023,25461.0,397307707.796894,15604.560221393269,445926252.0,17514.090255685165
DE,DE0051,University of Kassel,2023,21791.0,255657337.59811825,11732.244394388428,286942126.0,13167.919140929742
DE,DE0052,Philipps University of Marburg,2023,21237.0,327918481.4276932,15440.904149724216,368045866.0,17330.40759052597
DE,DE0053,Frankfurt School of Finance & Management-HfB (Priv. H),2023,4381.0,97953000.347479,22358.594007641863,109939509.0,25094.615156356995
DE,DE0054,EBS University of Business and Law,2023,1719.0,25754185.33995028,14982.074077923373,28905725.0,16815.43048283886
DE,DE0055,University of Greifswald,2023,10296.0,114131188.46726124,11085.002764885512,128097422.0,12441.474553224552
DE,DE0056,University of Rostock,2023,12678.0,155905942.78179207,12297.361001876643,174984153.0,13802.18906767629
DE,DE0058,Brunswick University of Technology,2023,16077.0,315685367.570409,19635.83800276227,354315786.0,22038.67549916029
DE,DE0059,Clausthal University of Technology,2023,2753.0,95067377.06816824,34532.28371528087,106700772.0,38757.999273519796
DE,DE0060,Georg August Göttingen University,2023,27026.0,403441761.6294092,14927.912440960898,452810930.0,16754.64108636128
DE,DE0061,University of Hannover,2023,27234.0,431987485.41033703,15862.06526438779,484849794.0,17803.106190790924
DE,DE0063,University of Veterinary Medicine Hannover,2023,2338.0,101363811.399093,43354.92360953507,113767701.0,48660.26561163388
DE,DE0064,University of Hildesheim,2023,7938.0,66664063.54410756,8398.093165042525,74821745.0,9425.767825648778
DE,DE0065,Leuphana University of Lüneburg,2023,9070.0,89504544.84706469,9868.19678578442,100457216.0,11075.76802646086
DE,DE0066,Carl von Ossietzky the University of Oldenburg,2023,15037.0,225622567.42428964,15004.493411205003,253232001.0,16840.59326993416
DE,DE0067,Osnabrück University,2023,13470.0,152046876.69841495,11287.815642050107,170652853.0,12669.10564216778
DE,DE0068,University of Vechta,2023,3702.0,42784584.40621185,11557.154080554255,48020134.0,12971.40302539168
DE,DE0069,Aachen University,2023,45527.0,839581456.2042819,18441.396450552023,942321039.0,20698.070134206075
DE,DE0070,Bielefeld University,2023,23539.0,287094226.50284666,12196.534538546526,322225947.0,13689.024470028464
DE,DE0071,Ruhr-University Bochum,2023,38938.0,576563486.1943922,14807.218814381638,647117560.0,16619.17818069752
DE,DE0072,University of Bonn,2023,34627.0,494500498.9441984,14280.777975111861,555012525.0,16028.3167759263
DE,DE0073,TU Dortmund University,2023,30013.0,346008005.38146955,11528.604450786977,388349005.0,12939.35977742978
DE,DE0074,Heinrich Heine University Düsseldorf,2023,29218.0,278443820.6651995,9529.872703990673,312516991.0,10696.043226778014
DE,DE0075,University of Duisburg-Essen,2023,37995.0,537902850.2187335,14157.200953249994,603726022.0,15889.617633899197
DE,DE0076,University of Hagen,2023,63306.0,117118886.8198544,1850.0440214174705,131450725.0,2076.4339083183268
DE,DE0077,University of Cologne,2023,48075.0,463053822.7144346,9631.904788651786,519717719.0,10810.560977639105
DE,DE0078,German Sport University Cologne,2023,6097.0,65628910.252412304,10764.131581501117,73659920.0,12081.338363129407
DE,DE0079,University of Münster,2023,42458.0,494833864.9464971,11654.667317030879,555386685.0,13080.84895661595
DE,DE0080,University of Paderborn,2023,17228.0,233369850.40583763,13545.962990819458,261927319.0,15203.582482006037
DE,DE0081,University of Siegen,2023,15186.0,194888619.6174167,12833.439985342862,218737140.0,14403.86803634927
DE,DE0082,University of Wuppertal,2023,21289.0,214792890.936144,10089.383763264785,241077097.0,11324.0216543755
DE,DE0083,University Witten/Herdecke,2023,3126.0,32853711.34296177,10509.824485912275,36874020.0,11795.91170825336
DE,DE0084,German Police University,2023,435.0,11921929.488493098,27406.73445630597,13380816.0,30760.496551724136
DE,DE0085,University of Kaiserslautern,2023,18551.0,247053008.36622503,13317.50355054849,277284885.0,14947.16646002911
DE,DE0086,University of Koblenz,2023,9485.0,47476020.38543439,5005.3790601406845,53285661.0,5617.8872957301
DE,DE0087,Johannes Gutenberg University Mainz,2023,29617.0,332741349.1094737,11234.809369938674,373458908.0,12609.61299253807
DE,DE0089,German University of Administrative Sciences Speyer,2023,279.0,9404036.102176644,33706.222588446755,10554808.0,37830.85304659498
DE,DE0090,University of Trier,2023,10506.0,96107996.47175172,9147.915141038618,107868732.0,10267.345516847516
DE,DE0091,WHU – Otto Beisheim School of Management,2023,1959.0,51180046.68692142,26125.598104605113,57442949.0,29322.587544665646
DE,DE0092,Saarland University,2023,16030.0,317479113.83946466,19805.30965935525,356329033.0,22228.885402370553
DE,DE0093,Chemnitz University of Technology,2023,8455.0,168145441.34287265,19887.101282421365,188721399.0,22320.685866351272
DE,DE0094,Technische Universität Dresden,2023,27799.0,538931984.1050633,19386.73995845402,604881091.0,21759.095327170042
DE,DE0096,Technische Universität Bergakademie Freiberg,2023,4185.0,125073221.84306422,29886.074514471737,140378432.0,33543.233452807646
DE,DE0097,Leipzig University,2023,30039.0,327941578.0892219,10917.193584647355,368071789.0,12253.130563600653
DE,DE0100,Dresden International University GmbH,2023,1047.0,6790746.367062555,6485.9086600406445,7621730.0,7279.5893027698185
DE,DE0101,HHL Leipzig Graduate School of Management,2023,665.0,10544992.293094076,15857.13126781064,11835383.0,17797.56842105263
DE,DE0102,Martin Luther University,2023,19228.0,208955706.22878373,10867.261609568532,234525616.0,12197.088412731433
DE,DE0103,Otto von Guericke University of Magdeburg,2023,12490.0,156933451.53558984,12564.727905171325,176137398.0,14102.273658927143
DE,DE0104,University of Flensburg,2023,5997.0,46182970.856312975,7701.0123155432675,51834381.0,8643.385192596299
DE,DE0105,University of Kiel,2023,25972.0,284318509.9387902,10947.116507731025,319110566.0,12286.715154782072
DE,DE0106,University of Lübeck,2023,5930.0,71342786.24695955,12030.823987682892,80073003.0,13503.03591905565
DE,DE0108,University of Erfurt,2023,5795.0,60268591.46270837,10400.102064315508,67643659.0,11672.762553925799
DE,DE0109,Ilmenau University of Technology,2023,4452.0,107720317.72053778,24195.93839185485,120902053.0,27156.795372866127
DE,DE0110,Friedrich-Schiller-University of Jena,2023,16588.0,286999389.6843287,17301.62706078663,322119505.0,19418.827164215094
DE,DE0111,Bauhaus-Universität Weimar,2023,3955.0,77959803.8080134,19711.70766321451,87499745.0,22123.829329962075
DE,DE0112,University of Education Freiburg,2023,5013.0,36475384.23158138,7276.158833349567,40938877.0,8166.542389786555
DE,DE0113,University of Education Heidelberg,2023,5271.0,29025635.931110054,5506.665894727766,32577503.0,6180.516600265604
DE,DE0114,University of Education Karlsruhe,2023,3552.0,25893138.6262997,7289.734973620411,29061682.0,8181.779842342342
DE,DE0115,University of Education Ludwigsburg,2023,5988.0,34005569.464615054,5678.952816401979,38166831.0,6373.88627254509
DE,DE0116,University of Education Schwäbisch Gmünd,2023,2780.0,23179862.255762357,8338.079948115956,26016382.0,9358.410791366907
DE,DE0117,University of Education Weingarten,2023,3307.0,21155832.74677691,6397.288402412129,23744672.0,7180.124584215301
DE,DE0119,Munich School of Philosophy,2023,419.0,4022085.408555111,9599.24918509573,4514268.0,10773.909307875894
DE,DE0120,Augustana-Hochschule Neuendettelsau (ev),2023,97.0,3641201.2081577377,37538.156785131316,4086775.0,42131.701030927834
DE,DE0121,Philosophisch-Theologische Hochschule Frankfurt a.M. (rk),2023,221.0,4559156.962498997,20629.669513570123,5117061.0,23154.122171945703
DE,DE0122,Fulda Faculty of Theology,2023,13.0,1785999.269403138,137384.55918485677,2004552.0,154196.3076923077
DE,DE0127,Faculty of Theology in Paderborn,2023,60.0,2741788.358562684,45696.4726427114,3077301.0,51288.35
DE,DE0128,Cologne University of Catholic Theology,2023,85.0,2406013.1685629515,28306.037277211195,2700437.0,31769.84705882353
DE,DE0129,Kirchliche Hochschule Wuppertal / Bethel (ev),2023,177.0,3451902.670242433,19502.27497312109,3874312.0,21888.768361581922
DE,DE0130,Faculty of Theology Trier,2023,150.0,3050407.619590687,20336.050797271248,3423686.0,22824.573333333334
DE,DE0131,"College of Philosophy and Theology, Vallendar",2023,263.0,3469286.420699056,13191.20312052873,3893823.0,14805.410646387832
DE,DE0132,Friedensau Adventist University,2023,221.0,5816388.534975097,26318.500158258357,6528140.0,29539.095022624435
DE,DE0133,University of Music Freiburg,2023,627.0,13554851.786843907,21618.583392095545,15213559.0,24264.049441786283
DE,DE0134,State Academy of Fine Arts Karlsruhe,2023,362.0,5752690.289298537,15891.409638946236,6456647.0,17836.04143646409
DE,DE0135,Karlsruhe College of Arts and Design,2023,376.0,7279662.678082985,19360.804994901555,8170475.0,21729.98670212766
DE,DE0136,University of Music Karlsruhe,2023,577.0,11845117.920115467,20528.800554792837,13294605.0,23040.909878682844
DE,DE0137,Mannheim University of Music and Performing Arts,2023,574.0,12525614.547787271,21821.628132033573,14058374.0,24491.940766550524
DE,DE0138,Stuttgart State Academy of Art and Design,2023,801.0,15812299.86546326,19740.698958131412,17747251.0,22156.368289637954
DE,DE0139,State University of Music and the Performing Arts Stuttgart,2023,757.0,19526730.044459492,25794.887773394308,21916216.0,28951.40819022457
DE,DE0140,Trossingen School of Music,2023,417.0,12151763.678644296,29140.92009267217,13638775.0,32706.89448441247
DE,DE0141,Academy of Fine Arts in Munich,2023,754.0,10532818.945623992,13969.25589605304,11821720.0,15678.673740053051
DE,DE0142,University of Television and Film Munich,2023,398.0,10731022.746509615,26962.368709823153,12044178.0,30261.75376884422
DE,DE0143,University of Music and Performing Arts Munich,2023,1182.0,27695252.011368796,23430.839265117425,31084320.0,26298.071065989847
DE,DE0144,Academy of Fine Arts in Nuremberg,2023,310.0,5158072.64983918,16638.944031739287,5789266.0,18675.051612903226
DE,DE0145,Nuremberg School of Music,2023,455.0,10180040.450118944,22373.71527498669,11425772.0,25111.586813186812
DE,DE0146,University of Music Würzburg,2023,530.0,13132181.009827418,24777.7000185423,14739166.0,27809.747169811322
DE,DE0149,Berlin University of the Arts,2023,4226.0,65996023.592932805,15616.664361791956,74071957.0,17527.67557974444
DE,DE0150,Weißensee Academy of Art Berlin,2023,822.0,12664965.207551876,15407.5002524962,14214777.0,17292.91605839416
DE,DE0151,Academy of Music Hanns Eisler Berlin,2023,539.0,14312444.202892091,26553.699819836904,16063858.0,29803.076066790352
DE,DE0152,Ernst Busch Academy of Dramatic Art,2023,222.0,9633405.205057155,43393.7171398971,10812245.0,48703.80630630631
DE,DE0153,Film University Babelsberg Konrad Wolf,2023,944.0,24055181.44640359,25482.183735597024,26998814.0,28600.438559322032
DE,DE0154,University of the Arts Bremen,2023,987.0,17908978.32265652,18144.861522448347,20100500.0,20365.248226950356
DE,DE0155,University of Fine Arts of Hamburg,2023,975.0,12852078.191683669,13181.618658137097,14424787.0,14794.653333333334
DE,DE0156,Hamburg University of Music and Theater,2023,1380.0,20870563.183263984,15123.596509611581,23424494.0,16974.271014492755
DE,DE0158,Frankfurt University of Music and Performing Arts,2023,971.0,21975354.829512548,22631.67335686153,24664479.0,25401.11122554068
DE,DE0159,Offenbach Academy of Art and Design,2023,795.0,13886403.770592583,17467.174554204506,15585683.0,19604.632704402517
DE,DE0160,Rostock University of Music and Drama,2023,567.0,10841003.412421929,19119.935471643614,12167617.0,21459.64197530864
DE,DE0161,Braunschweig University of Art,2023,930.0,15073852.65108654,16208.443710845742,16918440.0,18191.870967741936
DE,DE0162,"Hanover University of Music, Drama and Media",2023,1390.0,24847538.69044967,17875.927115431416,27888132.0,20063.404316546763
DE,DE0163,Detmold Music School,2023,637.0,16955192.138064988,26617.256103712698,19029999.0,29874.40973312402
DE,DE0164,Kunstakademie Düsseldorf,2023,546.0,14312393.417500466,26213.174757326862,16063801.0,29420.880952380954
DE,DE0165,Robert Schumann School of Music and Media,2023,837.0,20155865.71273288,24081.08209406557,22622339.0,27027.88410991637
DE,DE0166,Folkwang University of the Arts,2023,1625.0,39362008.07220435,24222.7741982796,44178737.0,27186.915076923076
DE,DE0167,Academy of Media Arts,2023,413.0,17139524.399262276,41500.05907811689,19236888.0,46578.421307506054
DE,DE0168,Cologne University of Music and Dance,2023,1397.0,33050859.342284627,23658.453358829367,37095293.0,26553.53829634932
DE,DE0169,Academy of Fine Arts Münster,2023,374.0,7725942.425403387,20657.600067923497,8671366.0,23185.470588235294
DE,DE0170,,2023,1589.0,12284681.522136193,7731.077106441909,13787958.0,8677.129011957206
DE,DE0171,Hochschule der Bildenden Künste Saarbrücken,2023,434.0,5253598.189545337,12105.064952869441,5896481.0,13586.361751152073
DE,DE0172,University of Music Saarbrücken,2023,463.0,7462973.885617042,16118.734094205274,8376218.0,18091.183585313174
DE,DE0173,Dresden Academy of Fine Arts,2023,556.0,11555206.393613514,20782.74531225452,12969217.0,23325.929856115108
DE,DE0175,University of Music Carl Maria von Weber Dresden,2023,699.0,14179181.553320205,20284.95215067268,15914288.0,22767.2217453505
DE,DE0176,Palucca University of Dance Dresden,2023,164.0,5584633.409659916,34052.64274182876,6268025.0,38219.66463414634
DE,DE0177,Academy of Visual Arts Leipzig,2023,593.0,8157795.55761469,13756.822188220387,9156065.0,15440.244519392918
DE,DE0178,University of Music & Theatre Leipzig,2023,1102.0,18812966.31235689,17071.657270741278,21115109.0,19160.715970961886
DE,DE0180,Burg Giebichenstein University of Art and Design Halle,2023,1200.0,18822339.33551324,15685.282779594369,21125629.0,17604.690833333334
DE,DE0182,Muthesius Academy of Fine Arts and Design,2023,541.0,9582428.25449718,17712.4366996251,10755030.0,19879.907578558224
DE,DE0183,University of Music Lübeck,2023,424.0,11081675.383340608,26136.026847501435,12437740.0,29334.29245283019
DE,DE0184,University of Music Franz Liszt Weimar,2023,752.0,19917051.41798159,26485.44071540105,22354301.0,29726.46409574468
DE,DE0185,Aalen University,2023,4545.0,50240925.89787681,11054.109108443741,56388908.0,12406.800440044004
DE,DE0186,Albstadt-Sigmaringen University,2023,2666.0,23378647.861222234,8769.185244269405,26239493.0,9842.270442610652
DE,DE0187,Biberach University of Applied Sciences,2023,2270.0,23605279.007813822,10398.801325028116,26493857.0,11671.302643171806
DE,DE0188,University of Applied Sciences Esslingen,2023,6045.0,53315990.27058813,8819.849507127896,59840268.0,9899.134491315137
DE,DE0189,Furtwangen University,2023,4833.0,58344001.53247146,12072.005282944643,65483557.0,13549.256569418581
DE,DE0190,Heilbronn University of Applied Sciences,2023,7159.0,57476638.71985174,8028.584819088104,64510055.0,9011.042743399916
DE,DE0191,Karlsruhe University of Applied Sciences,2023,6814.0,64460927.32343166,9460.071517967664,72349011.0,10617.700469621368
DE,DE0192,Konstanz University of Applied Sciences,2023,4361.0,40281850.90478184,9236.838088691089,45211141.0,10367.14996560422
DE,DE0193,University of Applied Labour Studies of the Federal Employment Agency,2023,1514.0,19931063.731211632,13164.507087986547,22370028.0,14775.447820343461
DE,DE0194,University of Applied Sciences Mannheim,2023,5034.0,44478300.38222689,8835.578145058977,49921110.0,9916.787842669844
DE,DE0195,Nuertingen-Geislingen University,2023,5068.0,35055645.64270249,6917.057151283048,39345405.0,7763.497434885557
DE,DE0196,Offenburg University,2023,3761.0,37766476.295695715,10041.60497093744,42387960.0,11270.396171231056
DE,DE0197,Pforzheim University,2023,5659.0,40425153.02440371,7143.515289698483,45371979.0,8017.667255698887
DE,DE0198,Baden-Wuerttemberg Cooperative State University,2023,32647.0,252979254.6130064,7748.928067295813,283936326.0,8697.164394890802
DE,DE0199,University of Applied Sciences Ravensburg-Weingarten,2023,3448.0,25469252.563771304,7386.674177427873,28585925.0,8290.581496519722
DE,DE0200,Reutlingen University,2023,4933.0,55235526.608872294,11197.147092818223,61994698.0,12567.34198256639
DE,DE0201,University of Applied Forest Sciences Rottenburg,2023,941.0,9524742.286411788,10121.936542414227,10690285.0,11360.557917109458
DE,DE0202,University of Design Schwäbisch-Gmünd,2023,678.0,7443936.491531312,10979.257362140577,8354851.0,12322.789085545723
DE,DE0203,Stuttgart Media University,2023,5513.0,35753245.364719294,6485.261266954343,40128370.0,7278.862688191547
DE,DE0204,Stuttgart University of Applied Sciences,2023,3945.0,34693228.61444978,8794.227785665342,38938639.0,9870.377439797212
DE,DE0205,University of Applied Sciences Ulm,2023,2966.0,26793562.728868373,9033.568013778953,30072291.0,10139.005731625084
DE,DE0208,,2023,3112.0,26624142.66240188,8555.315765553303,29882139.0,9602.229755784061
DE,DE0211,Karlshochschule International University,2023,361.0,2626260.502329891,7274.9598402490055,2947636.0,8165.196675900277
DE,DE0213,SRH Fernhochschule Riedlingen,2023,8743.0,19477216.960538857,2227.749852515024,21860644.0,2500.359601967288
DE,DE0215,AKAD University of Applied Sciences Stuttgart,2023,6370.0,15741113.001951229,2471.1323393957973,17667353.0,2773.524803767661
DE,DE0216,Merz Akademie,2023,208.0,2959146.270837602,14226.664763642319,3321257.0,15967.58173076923
DE,DE0217,,2023,898.0,5707011.947931608,6355.2471580530155,6405379.0,7132.938752783964
DE,DE0219,Evangelische Hochschule Ludwigsburg,2023,1279.0,10298408.724395698,8051.922380293743,11558625.0,9037.236121970289
DE,DE0220,Catholic University of Applied Sciences Freiburg,2023,1878.0,12053108.155064728,6418.055460630846,13528047.0,7203.432907348243
DE,DE0221,Ostbayerische Technische Hochschule Amberg-Weiden,2023,4077.0,37109191.264912635,9102.082723795103,41650243.0,10215.90458670591
DE,DE0222,Ansbach University of Applied Sciences,2023,3898.0,24442485.989468712,6270.519751018141,27433513.0,7037.843252950231
DE,DE0223,Aschaffenburg University of Applied Sciences,2023,3559.0,30874953.89221023,8675.176704751399,34653122.0,9736.758078111829
DE,DE0224,Augsburg University of Applied Sciences,2023,7025.0,54027579.140568614,7690.758596522222,60638934.0,8631.876725978647
DE,DE0225,Coburg University of Applied Sciences,2023,4700.0,41576124.62913299,8845.983963645318,46663795.0,9928.467021276596
DE,DE0226,Deggendorf Institute of Technology,2023,8660.0,76469142.974242,8830.155077857044,85826672.0,9910.701154734412
DE,DE0227,Hof University of Applied Sciences,2023,3822.0,37243683.45554496,9744.553494386437,41801193.0,10936.994505494506
DE,DE0228,Technische Hochschule Ingolstadt,2023,7537.0,57827605.8697221,7672.496466727092,64903970.0,8611.379859360488
DE,DE0229,Kempten University of Applied Sciences,2023,4777.0,51016779.671587795,10679.66917973368,57259703.0,11986.540297257694
DE,DE0230,University of Applied Sciences Landshut,2023,4674.0,33993111.89714622,7272.809562932439,38152849.0,8162.783269148481
DE,DE0231,Munich University of Applied Sciences,2023,18062.0,124690688.45389666,6903.481810092828,139949088.0,7748.260879193887
DE,DE0232,Neu-Ulm University of Applied Sciences,2023,4077.0,25957801.79441717,6366.887857350299,29134258.0,7146.003924454256
DE,DE0233,Technische Hochschule Nürnberg Georg Simon Ohm,2023,12355.0,99734032.44919232,8072.361995078293,111938486.0,9060.176932416025
DE,DE0234,Ostbayerische Technische Hochschule Regensburg,2023,10704.0,73211284.15763073,6839.619222499134,82170149.0,7676.583426756353
DE,DE0235,Rosenheim University of Applied Sciences,2023,6648.0,52671323.182194814,7922.882548464924,59116713.0,8892.405685920578
DE,DE0236,Weihenstephan-Triesdorf University of Applied Sciences,2023,5692.0,60957408.8758609,10709.312873482239,68416767.0,12019.81148981026
DE,DE0237,University of Applied Sciences Würzburg-Schweinfurt,2023,9250.0,66936831.88253427,7236.414257571273,75127892.0,8121.934270270271
DE,DE0239,University of Applied Management,2023,3635.0,12749411.513137378,3507.4034424036804,14309557.0,3936.604401650619
DE,DE0240,University of Applied Languages Munich,2023,286.0,1693159.1186507123,5920.136778498994,1900351.0,6644.583916083916
DE,DE0241,Macromedia University of Applied Sciences,2023,5192.0,40138770.63713392,7730.8880271829585,45050552.0,8676.916795069337
DE,DE0242,Munich Business School München (Priv. FH),2023,613.0,6391937.596336324,10427.304398591066,7174119.0,11703.293637846657
DE,DE0244,Evangelische Hochschule Nürnberg (FH),2023,1211.0,8475744.184181686,6998.962992718156,9512921.0,7855.426094137077
DE,DE0245,Katholische Stiftungsfachhochschule München,2023,2401.0,17652987.873874035,7352.348135724296,19813184.0,8252.054977092877
DE,DE0246,Alice Salomon Hochschule Berlin,2023,4313.0,25236961.0734428,5851.370524795456,28325208.0,6567.402735914677
DE,DE0247,Beuth University of Applied Sciences,2023,12197.0,79078159.60868518,6483.410642673213,88754954.0,7276.785603017135
DE,DE0248,Berlin University of Applied Sciences,2023,14523.0,89784224.45361155,6182.20921666402,100771120.0,6938.726158507196
DE,DE0249,Berlin School of Economics and Law,2023,12484.0,64569464.615055636,5172.177556476741,72470830.0,5805.0969240628
DE,DE0251,bbw University of Applied Sciences,2023,826.0,5583078.663898714,6759.175137891905,6266280.0,7586.295399515739
DE,DE0254,Hochschule für Gesundheit und Sport Berlin (Priv. FH),2023,2081.0,7035777.862915081,3380.960049454628,7896746.0,3794.6881307063913
DE,DE0255,IB-Hochschule Berlin (Priv. FH),2023,626.0,4378033.090692017,6993.663084172552,4913773.0,7849.477635782748
DE,DE0257,Mediadesign University of Applied Sciences,2023,720.0,8423529.67381523,11699.34676918782,9454317.0,13130.995833333332
DE,DE0258,SRH University Berlin,2023,2850.0,23131005.81804574,8116.142392296751,25961547.0,9109.314736842105
DE,DE0262,Protestant Fachhochschule Berlin,2023,1678.0,12424269.180395056,7404.212860783704,13944627.0,8310.266388557808
DE,DE0263,Catholic University for Applied Sciences Berlin,2023,1220.0,10091942.051195238,8272.083648520687,11326893.0,9284.338524590165
DE,DE0264,Brandenburg University of Applied Sciences,2023,3308.0,23469593.805964164,7094.7986112346325,26341568.0,7962.989117291415
DE,DE0265,University of Applied Sciences in Eberswalde,2023,2297.0,30386974.88350544,13228.98340596667,34105429.0,14847.81410535481
DE,DE0267,Potsdam University of Applied Sciences,2023,3688.0,29027538.1558666,7870.807525994198,32579638.0,8833.958242950108
DE,DE0268,Technical University of Applied Sciences Wildau,2023,3315.0,34101356.05905361,10286.985236516924,38274339.0,11545.803619909502
DE,DE0271,City University of Applied Sciences Bremen,2023,8602.0,65231222.324188985,7583.26230227726,73213567.0,8511.226110206928
DE,DE0272,University of Applied Sciences Bremerhaven,2023,2770.0,26765220.02548179,9662.534305228082,30040480.0,10844.938628158845
DE,DE0273,University of Applied Sciences Apollon,2023,3735.0,8434142.929693416,2258.137330573873,9466229.0,2534.465595716198
DE,DE0274,Hamburg University of Applied Sciences,2023,16438.0,126102413.64255992,7671.396376843893,141533566.0,8610.145151478282
DE,DE0276,Europäische FernHochschule Hamburg GmbH Hamburg (Priv. FH),2023,10034.0,22777842.422730472,2270.066017812485,25565167.0,2547.8539964121987
DE,DE0277,HFH Hamburger Fern-Hochschule (Priv. FH),2023,14426.0,30024094.549925603,2081.2487557136837,33698143.0,2335.9311659503674
DE,DE0278,HSBA Hamburg School of Business Administration (Priv. FH),2023,967.0,8927228.988657929,9231.881063762077,10019654.0,10361.586349534644
DE,DE0279,"Evangelische Hochschule für Soziale Arbeit und Diakonie, Hamburg (FH)",2023,763.0,3345251.565882908,4384.340191196472,3754610.0,4920.851900393185
DE,DE0282,Darmstadt University of Applied Sciences,2023,14377.0,108974595.72155347,7579.786862457639,122309817.0,8507.325380816583
DE,DE0283,Frankfurt University of Applied Sciences,2023,15038.0,93923376.42666855,6245.735897504226,105416780.0,7010.0265992818195
DE,DE0284,Fulda University of Applied Sciences,2023,8682.0,69223783.60077336,7973.253121489675,77694698.0,8948.940105966367
DE,DE0285,Technische Hochschule Mittelhessen,2023,15792.0,105642053.868154,6689.593076757473,118569472.0,7508.198581560284
DE,DE0286,RheinMain University of Applied Sciences,2023,12271.0,93342050.30426686,7606.71911859399,104764317.0,8537.553337136338
DE,DE0287,,2023,533.0,834771.0648003777,1566.1746056292266,936922.0,1757.827392120075
DE,DE0288,accadis Hochschule Bad Homburg (Priv. FH),2023,496.0,3579614.565606707,7216.964850013522,4017652.0,8100.104838709677
DE,DE0289,Wilhelm Büchner Hochschule Darmstadt (Priv. Fern-FH),2023,4802.0,15857929.203382129,3302.3592676764115,17798464.0,3706.4689712619743
DE,DE0290,"Provadis School of International Management and Technology, Frankfurt a.M. (Priv. FH)",2023,895.0,7116755.615349662,7951.682251787332,7987633.0,8924.729608938547
DE,DE0291,Fresenius University Applied Sciences,2023,16049.0,79971881.8215027,4982.98223076221,89758041.0,5592.749766340582
DE,DE0292,DIPLOMA Hochschule,2023,6283.0,14525788.28728494,2311.919192628512,16303309.0,2594.828744230463
DE,DE0293,Protestant University of Applied Sciences Darmstadt,2023,1309.0,8947691.046624552,6835.51646037017,10042620.0,7671.9786096256685
DE,DE0294,Neubrandenburg University of Applied Sciences,2023,1956.0,23047497.705747657,11782.974287192053,25867820.0,13224.856850715747
DE,DE0295,Stralsund University of Applied Sciences,2023,1959.0,21683078.66389871,11068.44240117341,24336437.0,12422.887697805003
DE,DE0296,"Wismar University of Applied Sciences Technology, Business and Design",2023,7599.0,39744626.994663075,5230.244373557452,44608177.0,5870.269377549677
DE,DE0298,Ostfalia University of Applied Sciences,2023,10035.0,91893040.61940356,9157.253674081072,103137992.0,10277.826806178377
DE,DE0299,Hannover University of Applied Sciences and Arts,2023,8632.0,73685877.20626888,8536.362048919007,82702818.0,9580.956672845226
DE,DE0300,University of Applied Sciences and Arts Hildesheim/Holzminden/Göttingen,2023,6130.0,64453611.554122075,10514.455392189571,72340800.0,11801.10929853181
DE,DE0302,Osnabrück University of Applied Sciences,2023,12839.0,112646310.04036102,8773.760420621624,126430839.0,9847.40548329309
DE,DE0303,"Hochschule 21, Buxtehude (Priv. FH)",2023,1030.0,5672702.406514785,5507.478064577462,6366871.0,6181.428155339806
DE,DE0304,PFH – Private University of Applied Sciences,2023,4145.0,15215099.298805203,3670.711531677974,17076971.0,4119.896501809409
DE,DE0305,University of Applied Sciences in Hannover,2023,594.0,3653162.5043434873,6150.105226167487,4100200.0,6902.693602693603
DE,DE0306,HKS - University of applied sciences and arts in Ottersberg,2023,290.0,1927988.09661698,6648.23481592062,2163916.0,7461.7793103448275
DE,DE0307,Private Hochschule für Wirtschaft und Technik Vechta/Diepholz/Oldenburg,2023,475.0,5231824.621114249,11014.367623398419,5872043.0,12362.195789473684
DE,DE0308,Aachen University of Applied Sciences,2023,13395.0,117993453.13933907,8808.768431454951,132432312.0,9886.697424412094
DE,DE0309,Bielefeld University of Applied Sciences,2023,10264.0,96257830.30551422,9378.19858783264,108036901.0,10525.80874902572
DE,DE0310,Bochum University of Applied Sciences,2023,7392.0,57689206.76782166,7804.2758073351815,64748635.0,8759.285037878788
DE,DE0311,University of Applied Sciences Bonn-Rhein-Sieg,2023,8901.0,68968001.63938807,7748.343067002367,77407616.0,8696.507808111448
DE,DE0312,Dortmund University of Applied Sciences and Arts,2023,13600.0,88527366.19831249,6509.365161640624,99360460.0,7305.916176470589
DE,DE0313,Düsseldorf University of Applied Sciences,2023,10845.0,90793070.9124442,8371.882979478489,101903419.0,9396.350299677271
DE,DE0314,Westfälische Hochschule Gelsenkirchen Bocholt Recklinghausen,2023,7244.0,68296779.13700472,9428.047920624616,76654256.0,10581.758144671452
DE,DE0315,Cologne University of Applied Sciences,2023,21889.0,174091126.81201383,7953.36136013586,195394658.0,8926.614189775686
DE,DE0316,Ostwestfalen-Lippe University of Applied Sciences,2023,5799.0,69946349.24311946,12061.795006573455,78505684.0,13537.79686152785
DE,DE0317,Münster University of Applied Sciences,2023,14551.0,121561730.08900808,8354.183911003236,136437239.0,9376.485396192702
DE,DE0318,Niederrhein University of Applied Sciences,2023,12814.0,100546739.48876038,7846.6317690619935,112850644.0,8806.82409864211
DE,DE0319,South Westphalia University of Applied Sciences,2023,10514.0,88966908.41701043,8461.75655478509,99853789.0,9497.221704394142
DE,DE0320,IU International University of Applied Sciences,2023,116296.0,380225687.60747343,3269.46487933784,426753905.0,3669.549296622412
DE,DE0321,,2023,5535.0,25754820.602831505,4653.084119752756,28906438.0,5222.482023486901
DE,DE0322,Georg Agricola University of Applied Sciences,2023,2195.0,18383871.628785513,8375.340149788388,20633506.0,9400.230523917995
DE,DE0323,EBZ Business School - University of Applied Sciences,2023,1079.0,5189002.735283373,4809.085018798307,5823981.0,5397.572752548656
DE,DE0324,University of Applied Sciences - Bonn,2023,737.0,8272004.775608756,11223.88707680971,9284250.0,12597.354138398914
DE,DE0325,European University of Applied Sciences,2023,2180.0,15245844.06211855,6993.506450513097,17111478.0,7849.3018348623855
DE,DE0326,"Private Fachhochschule International School of Management, Dortmund",2023,3440.0,32922685.032565016,9570.547974582854,36951434.0,10741.695930232558
DE,DE0327,FOM University of Applied Sciences,2023,47098.0,146908221.88761282,3119.2029786320613,164885381.0,3500.8998471272666
DE,DE0328,SRH Hochschule für Logistik und Wirtschaft Hamm (Priv. FH),2023,736.0,5793658.062849149,7871.818020175474,6502628.0,8835.092391304348
DE,DE0329,University of Europe for Applied Sciences,2023,5508.0,34490064.77364861,6261.812776624657,38710614.0,7028.070806100218
DE,DE0331,Rheinische Fachhochschule Cologne,2023,5657.0,10812936.91028805,1911.4260050005394,12136116.0,2145.3272052324555
DE,DE0332,Private Fachhochschule der Wirtschaft Paderborn,2023,2011.0,13375289.788572395,6651.064042054895,15012024.0,7464.954748881154
DE,DE0333,Fachhochschule der Diakonie Bielefeld-Bethel,2023,719.0,3342391.5464597233,4648.666963087237,3751400.0,5217.524339360222
DE,DE0334,Rheinland-Westfalen-Lippe Protestant University of Applied Sciences,2023,2552.0,10855405.971292889,4253.685725428248,12183782.0,4774.209247648902
DE,DE0335,Nordrhein-Westfalen Catholic University of Applied Sciences,2023,5543.0,31751514.206545077,5728.218330605282,35636947.0,6429.18040772145
DE,DE0336,TH Bingen University of Applied Sciences,2023,2295.0,18365667.29331682,8002.469408852644,20613074.0,8981.731590413943
DE,DE0337,Kaiserslautern University of Applied Sciences,2023,5411.0,43651103.46855315,8067.104688329911,48992689.0,9054.276289040843
DE,DE0338,Koblenz University of Applied Sciences,2023,8708.0,48080251.61043149,5521.388563439537,53963832.0,6197.040881947634
DE,DE0339,University of Applied Sciences Ludwigshafen am Rhein,2023,4195.0,26292416.939155538,6267.56065295722,29509820.0,7034.522050059595
DE,DE0340,Mainz University of Applied Sciences,2023,5498.0,37676297.47765888,6852.727806049269,42286746.0,7691.296107675518
DE,DE0341,Trier University of Applied Sciences,2023,6622.0,53761707.8147135,8118.651134810254,60340528.0,9112.130474176985
DE,DE0342,Worms University of Applied Sciences,2023,3184.0,23668318.8253428,7433.517219014699,26564611.0,8343.156721105528
DE,DE0343,Mainz Catholic University of Applied Sciences,2023,1452.0,9796559.957946133,6746.942119797613,10995365.0,7572.565426997246
DE,DE0344,University of Applied Sciences Saarbrücken,2023,6071.0,50619788.48329873,8337.965488930773,56814132.0,9358.282325811233
DE,DE0346,"Deutsche Hochschule für Prävention und Gesundheitsmanagement, Saarbrücken (Priv. FH)",2023,6506.0,18474478.11327815,2839.606227063964,20735200.0,3187.0888410697817
DE,DE0347,Dresden University of Applied Sciences,2023,4569.0,51918682.78731612,11363.248585536468,58271972.0,12753.769314948566
DE,DE0348,Leipzig University of Applied Sciences,2023,6580.0,51646253.909138694,7848.974758227765,57966206.0,8809.453799392097
DE,DE0349,University of Applied Sciences Mittweida,2023,6094.0,44435306.53884191,7291.648595149641,49872855.0,8183.927633738103
DE,DE0350,Zittau/Görlitz University of Applied Sciences,2023,2345.0,35547615.314023,15158.89778849595,39897577.0,17013.8921108742
DE,DE0351,University of Applied Sciences Zwickau,2023,2893.0,47387124.566764966,16379.925532929474,53185887.0,18384.337020394054
DE,DE0356,"Evangelische Hochschule für Soziale Arbeit, Dresden (FH)",2023,831.0,6341139.731104716,7630.733731774628,7117105.0,8564.50661853189
DE,DE0358,Anhalt University of Applied Sciences,2023,7071.0,57452584.26365636,8125.100305990151,64483057.0,9119.368830434169
DE,DE0359,Harz University of Applied Sciences,2023,2832.0,24861928.77571567,8778.929652441975,27904283.0,9853.2072740113
DE,DE0360,Magdeburg-Stendal University of Applied Sciences,2023,5209.0,45503754.55509323,8735.602717430069,51072049.0,9804.578421961989
DE,DE0361,Merseburg University of Applied Sciences,2023,2968.0,28434647.21972255,9580.406745189539,31914195.0,10752.761118598382
DE,DE0363,Flensburg University of Applied Sciences,2023,3134.0,27938103.29926851,8914.519240353704,31356889.0,10005.388959795788
DE,DE0364,West Coast University of Applied Sciences,2023,1455.0,16928842.538556803,11634.943325468594,19000425.0,13058.711340206186
DE,DE0365,Kiel University of Applied Sciences,2023,7659.0,42783566.02546397,5586.0511849411105,48018991.0,6269.616268442355
DE,DE0366,Technical University Lübeck,2023,4967.0,39948441.244865775,8042.770534500861,44836932.0,9026.96436480773
DE,DE0367,NORDAKADEMIE University of Applied Sciences,2023,2442.0,12462633.534395965,5103.453535788683,13987686.0,5727.963144963145
DE,DE0369,"University of Applied Sciences, Wedel",2023,878.0,6179227.883852918,7037.844970219724,6935380.0,7899.066059225513
DE,DE0370,Erfurt University of Applied Sciences,2023,4053.0,39571817.67153434,9763.586891570278,44414221.0,10958.357019491734
DE,DE0371,University of Applied Sciences Jena,2023,4201.0,43799736.27235225,10426.026249072185,49159510.0,11701.85908117115
DE,DE0372,Nordhausen University of Applied Sciences,2023,1889.0,19632594.420734692,10393.115098324348,22035035.0,11664.9205929063
DE,DE0373,University of Applied Sciences Schmalkalden,2023,2580.0,23400507.853916265,9069.96428446367,26264028.0,10179.855813953489
DE,DE0376,SRH University of Applied Sciences Gera,2023,1522.0,6567183.727291356,4314.8381913872245,7370810.0,4842.84494086728
DE,DE0377,University of Public Administration Kehl,2023,1379.0,12577840.640786905,9120.986686574985,14116991.0,10237.121827411167
DE,DE0378,University of Applied Sciences - Public Administration and Finance Ludwigsburg,2023,2645.0,15754064.167787803,5956.167927329982,17681889.0,6685.024196597354
DE,DE0379,Schwetzingen Technical Institute & Graduate Court Registrars' College,2023,640.0,2622644.047863004,4097.881324785943,2943577.0,4599.3390625
DE,DE0380,Hochschule der Polizei Baden-Württemberg,2023,2216.0,34803462.31634844,15705.533536258321,39062362.0,17627.419675090252
DE,DE0382,Hochschule für den öffentlichen Dienst in Bayern,2023,4718.0,42403847.21615866,8987.674272182843,47592806.0,10087.49597286986
DE,DE0385,FH der Polizei Brandenburg (VerwFH) in Oranienburg,2023,699.0,48338907.84678849,69154.37460198639,54254140.0,77616.79542203147
DE,DE0386,Fachhochschule für Finanzen Brandenburg in Königs Wusterhausen,2023,947.0,7511531.84778638,7931.923809700507,8430718.0,8902.553326293559
DE,DE0387,Hochschule für öffentliche Verwaltung Bremen,2023,685.0,2837696.125163716,4142.622080530972,3184945.0,4649.554744525547
DE,DE0389,Norddeutsche Akademie für Finanzen und Steuerrecht Hamburg,2023,371.0,2891047.515525183,7792.5809043805475,3244825.0,8746.159029649596
DE,DE0391,Hessische Hochschule für Finanzen und Rechtspflege,2023,1498.0,20692771.54592514,13813.599162833872,23224946.0,15503.969292389853
DE,DE0392,Hessische Hochschule für Polizei und Verwaltung,2023,4299.0,45080538.503345594,10486.284834460477,50597044.0,11769.491509653408
DE,DE0394,"University of Applied Sciences of Public Administration, Police and Administration of Justice in Güstrow",2023,547.0,16950740.8430375,30988.557299885742,19025003.0,34780.62705667276
DE,DE0395,"Norddeutsche Hochschule für Rechtspflege, Hildesheim",2023,409.0,2034804.9217281288,4975.0731582594835,2283804.0,5583.872860635697
DE,DE0396,Kommunale Hochschule für Verwaltung in Niedersachsen,2023,1551.0,5243542.682003261,3380.7496337867574,5885195.0,3794.451966473243
DE,DE0397,University of Applied Sciences for the Administration of Justice of North Rhine-Westphalia,2023,933.0,11409511.12378271,12228.843648212978,12805693.0,13725.287245444802
DE,DE0398,Fachhochschule für Finanzen NRW,2023,2795.0,32890262.569384422,11767.535802999793,36915044.0,13207.52915921288
DE,DE0399,University of Applied Sciences for Public Administration and Management of North Rhine-Westphalia,2023,13494.0,74946732.36098613,5554.078283754715,84117964.0,6233.730843337779
DE,DE0400,Federal University of Applied Administrative Sciences,2023,9195.0,91696733.6974438,9972.456084550711,102917663.0,11192.785535617184
DE,DE0401,Hochschule für Finanzen Rheinland-Pfalz,2023,669.0,4815662.392972014,7198.299541064296,5404955.0,8079.155455904335
DE,DE0402,University of Applied Sciences in Hachenburg,2023,348.0,9132967.73791174,26244.160166413047,10250569.0,29455.658045977012
DE,DE0403,Hochschule für öffentliche Verwaltung Rheinland-Pfalz,2023,962.0,4690251.877723032,4875.521702414794,5264198.0,5472.139293139293
DE,DE0404,Fachhochschule für Verwaltung Saarbrücken,2023,829.0,2048987.4105687072,2471.637407199888,2299722.0,2774.0916767189383
DE,DE0405,Hochschule für öffentliche Verwaltung und Rechtspflege Meißen (FH),2023,1079.0,15340815.41737573,14217.623185705033,17218071.0,15957.43373493976
DE,DE0406,University of Applied Police Sciences in Rothenburg,2023,626.0,35843073.13987365,57257.30533526143,40229190.0,64263.881789137384
DE,DE0407,University of Applied Police Sciences Saxony-Anhalt,2023,704.0,14911761.718506372,21181.47971378746,16736514.0,23773.457386363636
DE,DE0408,Fachhochschule für Verwaltung und Dienstleistung Altenholz,2023,1716.0,13316572.96613416,7760.240656255339,14946122.0,8709.861305361306
DE,DE0410,Thüringer Fachhochschule für öffentliche Verwaltung Gotha,2023,643.0,6137304.988551012,9544.797804900485,6888327.0,10712.794712286159
DE,DE0411,"HMKW University of Applied Sciences for Media, Communication and Management",2023,2056.0,11435610.36021989,5562.067295826795,12834986.0,6242.697470817121
DE,DE0412,HWTK University of Applied Sciences in Berlin,2023,511.0,5693683.010059071,11142.236810291724,6390419.0,12505.712328767124
DE,DE0413,International Psychoanalytic University Berlin,2023,858.0,10050220.515516274,11713.543724377942,11280066.0,13146.93006993007
DE,DE0414,Hochschule Emden/Leer,2023,3898.0,49205120.41483646,12623.170963272565,55226351.0,14167.86839404823
DE,DE0415,,2023,254.0,3672037.741564724,14456.841502223324,4121385.0,16225.925196850394
DE,DE0416,Kühne Logistics University,2023,305.0,21694498.249240443,71129.50245652604,24349254.0,79833.61967213114
DE,DE0417,MSH Medical School Hamburg,2023,5191.0,39035261.99025276,7519.796183828311,43812007.0,8439.993642843383
DE,DE0418,Hamm-Lippstadt University of Applied Sciences,2023,4523.0,52651357.39551128,11640.804199759292,59094304.0,13065.289409683839
DE,DE0419,Rhine-Waal University of Applied Sciences,2023,6346.0,65021448.36373032,10246.052373736262,72978123.0,11499.86180271037
DE,DE0420,Cologne Business School (CBS) - European University of Applied Sciences (Priv. FH),2023,2492.0,24177637.499220397,9702.101725208828,27136255.0,10889.347913322632
DE,DE0421,University of Applied Management Studies,2023,290.0,3531748.8885127003,12178.444443147242,3963929.0,13668.720689655172
DE,DE0422,Ruhr West University of Applied Sciences,2023,5562.0,55398609.19304685,9960.195827588432,62177737.0,11179.024991010428
DE,DE0423,,2023,729.0,7252209.164535759,9948.16071952779,8139662.0,11165.517146776407
DE,DE0424,Bard College Berlin,2023,362.0,11246720.778352948,31068.289442963945,12622982.0,34870.11602209945
DE,DE0427,,2023,305.0,2538971.10578508,8324.495428803542,2849665.0,9343.16393442623
DE,DE0430,Akkon University for Applied Sciences,2023,1407.0,4814731.327458859,3421.9838858982653,5403910.0,3840.732054015636
DE,DE0434,,2023,546.0,1791065.3349608416,3280.3394413202227,2010238.0,3681.7545787545787
DE,DE0435,,2023,1731.0,9476986.198847082,5474.8620443946165,10636685.0,6144.820912767186
DE,DE0437,YMCA University of Applied Sciences,2023,458.0,4641786.576619118,10134.905189124713,5209802.0,11375.113537117904
DE,DE0438,"Hochschule Weserbergland (HSW), Hameln (Priv.FH)",2023,463.0,3983978.545399467,8604.705281640317,4471498.0,9657.663066954643
DE,DE0439,Leibniz - Fachhochschule Hannover (Priv. FH),2023,599.0,3597731.585840676,6006.229692555386,4037986.0,6741.212020033389
DE,DE0440,"Hochschule für Gesundheit, Bochum",2023,1905.0,27577458.41389203,14476.356122777968,30952112.0,16247.827821522309
DE,DE0441,Fliedner Fachhochschule Düsseldorf (Priv. ),2023,2207.0,9150950.221406488,4146.329959857946,10270752.0,4653.716357045763
DE,DE0445,Fachhochschule Dresden (Priv. FH),2023,504.0,3002115.1670126603,5956.577712326707,3369484.0,6685.484126984127
DE,DE0448,Jade University of Applied Sciences,2023,6127.0,60951900.88829886,9948.082403835297,68410585.0,11165.429247592623
DE,DE0451,,2023,417.0,2565848.160588754,6153.11309493706,2879831.0,6906.069544364508
DE,DE0452,"Medical School Berlin, Hochschule für Gesundheit und Medizin (Priv. FH)",2023,2962.0,24607820.950310502,8307.839618605842,27619080.0,9324.469952734638
DE,DE0455,Brandenburg University of Technology (BTU) Cottbus – Senftenberg,2023,6587.0,133520958.3292497,20270.37472737964,149859918.0,22750.86048276909
DE,DE0457,,2023,36.0,673596.0512130581,18711.001422584945,756024.0,21000.666666666668
DE,DE0458,Hochschule Geisenheim University (FH),2023,1595.0,39025946.8802623,24467.6782948353,43801552.0,27461.788087774294
DE,DE0460,,2023,4633.0,8748131.186685316,1888.2217109184796,9818640.0,2119.2834016835745
DE,DE0461,Brandenburg Medical School Theodor Fontane,2023,777.0,11588058.305193476,14913.845952629958,13006089.0,16738.85328185328
DE,DE0463,,2023,59.0,1501924.499051115,25456.347441544323,1685715.0,28571.4406779661
DE,DE0464,,2023,469.0,3679838.199524221,7846.136885979149,4130140.0,8806.268656716418
DE,DE0468,Berlin International University of Applied Sciences,2023,526.0,4205295.936277698,7994.859194444292,4719898.0,8973.19011406844
DE,DE0469,NBS Northern Business School,2023,856.0,3529563.334729189,4123.321652721015,3961476.0,4627.892523364486
DE,DE0471,,2023,1374.0,6071669.770218377,4418.973631891104,6814660.0,4959.723435225618
DE,DE0473,,2023,1402.0,52485145.718435094,37435.90992755713,58907753.0,42016.9422253923
DE,DE0475,Akademie der Polizei Hamburg,2023,623.0,4471593.146645046,7177.51708931789,5018782.0,8055.8298555377205
DE,DE0478,,2023,138.0,1666176.9291766528,12073.745863598933,1870067.0,13551.210144927536
DE,DE0479,,2023,1433.0,11585650.899436014,8084.892462970002,13003387.0,9074.240753663642
DE,DE0480,,2023,672.0,4027609.4336092374,5993.466419061365,4520468.0,6726.886904761905
DE,DE0484,,2023,478.0,1075880.5028644742,2250.796031097226,1207536.0,2526.225941422594
DE,DE0486,,2023,357.0,4179209.1734454767,11706.468272956517,4690619.0,13138.988795518208
DE,DE0487,,2023,575.0,3779642.1857319777,6573.2907577947435,4242157.0,7377.664347826087
DE,DE0838,University of Applied Education,2023,498.0,1485470.923135864,2982.873339630249,1667248.0,3347.887550200803
DE,DE0840,,2023,274.0,2450878.052692071,8944.81041128493,2750792.0,10039.38686131387
DE,DE0841,CODE University of Applied Sciences,2023,597.0,7135460.67696036,11952.195438794573,8008627.0,13414.785594639867
DE,DE0856,Essen University of Fine Arts,2023,322.0,3190335.629070627,9907.87462444294,3580737.0,11120.301242236024
DE,DE0874,,2023,844.0,6181356.415442322,7323.882008817917,6937769.0,8220.105450236966
DE,DE0883,,2023,617.0,2302881.4027459747,3732.3847694424226,2584685.0,4189.116693679092
DE,DE0892,Evangelical University of Tabor,2023,165.0,1145233.74644725,6940.810584528788,1285376.0,7790.157575757576
DE,DE0902,HMU Health and Medical University,2022,776.0,7424728.743341882,9567.949411523043,8279909.0,10669.985824742267
DE,DE0904,University of Catholic Church Music and Music Education Regensburg,2023,126.0,3638832.114186943,28879.61995386463,4084116.0,32413.619047619046
DK,DK0001,University of Copenhagen,2023,39326.0,1092790812.96435,27787.998091958245,1421726582.292072,36152.331340387325
DK,DK0002,Aarhus University,2023,33566.0,785710891.4486376,23407.93932695697,1022213992.9404502,30453.85190193798
DK,DK0003,University of Southern Denmark,2023,20084.0,374620215.6873669,18652.66957216525,487382866.49934906,24267.220996780972
DK,DK0004,Roskilde University,2023,6678.0,88823829.1831981,13300.96274082032,115560267.88710088,17304.62232511244
DK,DK0005,Aalborg University,2023,18768.0,328289629.7167427,17491.9879431342,427106531.0230979,22757.1681065163
DK,DK0006,Technical University of Denmark,2023,14993.0,622462203.4401867,41516.85476156785,809826593.163242,54013.645912308544
DK,DK0007,Copenhagen Business School,2023,15382.0,160983271.64352784,10465.691824439464,209440081.1982445,13615.919984283222
DK,DK0008,IT University of Copenhagen,2023,2416.0,42760525.952014,17698.893192058775,55631668.657477625,23026.352921141402
DK,DK0011,Aarhus School of Architecture,2023,599.0,11987216.386793016,20012.047390305535,15595431.424391683,26035.778671772427
DK,DK0013,Design School Kolding,2023,357.0,8692279.283572976,24348.121242501333,11308700.962299855,31677.03350784273
DK,DK0015,"The Royal Danish Academy of Fine Arts, Schools of Architecture, Design and Conservation",2023,1365.0,35627152.1798784,26100.4777874567,46351111.94620784,33956.85856865044
DK,DK0018,University College of Northern Denmark,2023,8688.0,77479404.06409962,8917.979289145906,100801111.27514796,11602.337853953495
DK,DK0019,University College South Denmark,2023,5617.0,51185826.61244566,9112.662740332145,66593029.03005006,11855.622045584843
DK,DK0020,University College Lillebaelt,2023,10465.0,86540763.03480832,8269.54257379917,112589986.84722652,10758.718284493694
DK,DK0021,University College Absalon,2023,7765.0,69690363.70163591,8974.93415346245,90667528.8891275,11676.436431310689
DK,DK0022,VIA University College,2023,18568.0,179824338.79463485,9684.636944993259,233952408.43388048,12599.763487391236
DK,DK0023,The Copenhagen School of Design and Technology,2023,5290.0,47068927.42266595,8897.717849275228,61236921.57994337,11575.977614356025
DK,DK0024,Zealand Institute of Business and Technology,2023,3401.0,27010186.967564367,7941.836803165059,35140394.98584064,10332.371357201011
DK,DK0025,Dania Academy,2023,1699.0,17993654.30601032,10590.732375521084,23409838.67720678,13778.598397414233
DK,DK0026,IBA International Business Academy,2023,1119.0,15210044.503314538,13592.533068198873,19788347.716383256,17683.956851102106
DK,DK0028,Copenhagen Business Academy,2023,6012.0,44330899.75922407,7373.73582156089,57674733.22149002,9593.268998917169
DK,DK0029,EA Business Academy SouthWest,2023,1248.0,11884417.959779898,9522.770801105687,15461690.131393524,12389.174784770452
DK,DK0030,Business Academy of higher education MidWest (in Danish),2023,562.0,6389021.793625937,11368.366180829069,8312150.881101612,14790.304058899665
DK,DK0031,Business Academy Aarhus,2023,4730.0,37678235.05260139,7965.800222537292,49019581.52706385,10363.547891556838
DK,DK0032,Danish School of Media and Journalism,2023,1830.0,20392315.80228727,11143.341968462988,26530509.871290717,14497.54637775449
DK,DK0033,Svendborg International Maritime Academy (SIMAC),2023,797.0,8718063.868549135,10938.599584126894,11342246.842663305,14231.17546130904
DK,DK0037,The Independent Academy for Free School Teaching,2023,295.0,2737046.688247782,9278.124366941634,3560912.1045779707,12070.888490094816
DK,DK0038,University College Copenhagen,2023,18510.0,158777319.09309798,8577.921074721664,206570125.3539841,11159.920332468077
DK,DK0039,Aarhus School of Marine and Technical Engineering,2023,988.0,11035775.341821356,11169.813099009469,14357601.632017609,14531.9854575077
DK,DK0040,The Royal Danish Academy of Music,2023,508.0,11771972.608901076,23173.17442697062,15315398.139822036,30148.421535082747
DK,DK0041,Rhythmic Music Conservatory,2023,204.0,4631903.739144967,22705.41048600474,6026131.071414191,29539.85819320682
DK,DK0042,The Royal Academy of Music,2023,409.0,10223104.58588397,24995.365735657626,13300312.713900335,32519.10198997637
DK,DK0043,Danish National Academy of Music,2023,293.0,5237124.058405185,17874.143544045,6813525.882779262,23254.354548734682
DK,DK0812,Copenhagen School of Marine Engineering and Technology Management,2023,862.0,7259899.769540092,8422.157505266929,9445167.697862005,10957.271111208822
DK,DK0814,Fredericia School of Marine Engineering,2023,420.0,6590802.648328908,15692.387257925971,8574668.831953187,20415.878171317112
DK,DK0815,MARTEC - Maritime and Polytechnic College,2023,589.0,10039297.231386287,17044.647251929182,13061178.381135166,22175.175519754102
EE,EE0001,University of Tartu,2023,14645.0,271104939.5968325,18511.774639592524,248694320.86999995,16981.517300785246
EE,EE0002,Tallinn University of Technology,2023,8740.0,134215389.86805274,15356.45192998315,123120608.88000004,14087.026187643025
EE,EE0003,Tallinn University,2023,6830.0,57883176.56780068,8474.842835695561,53098321.66,7774.278427525622
EE,EE0004,Estonian University of Life Sciences,2023,2835.0,48959990.25438879,17269.837832235902,44912761.62,15842.243957671957
EE,EE0005,Estonian Entrepreneurship University of Applied Sciences,2023,1180.0,5526941.055403909,4683.848352037211,5070062.0,4296.662711864406
EE,EE0006,TTK University of Applied Sciences,2023,2760.0,14085892.8026372,5103.584348781595,12921496.56,4681.701652173913
EE,EE0009,Tallinn Health Care College,2023,1855.0,9868502.740544356,5319.947569026607,9052732.829999998,4880.179423180592
EE,EE0010,Tartu Health Care College,2023,1315.0,6587065.012165663,5009.17491419442,6042551.870000001,4595.096479087453
EE,EE0011,Estonian Academy of Arts,2023,1180.0,17479825.047746956,14813.411057412675,16034872.790000005,13588.875245762716
EE,EE0022,Estonian Academy of Music and Theatre,2023,540.0,12226052.754933847,22640.83843506268,11215398.329999998,20769.256166666662
EE,EE0025,Estonian Aviation Academy,2023,245.0,5730425.427542361,23389.49154098923,5256725.54,21456.0226122449
EE,EE0026,Pallas University of Applied Sciences,2023,310.0,3427585.639285932,11056.727868664297,3144247.6999999997,10142.73451612903
FI,FI0001,University of Helsinki,2023,31465.0,637441762.7503445,20258.756165591753,786156926.0,24985.123979024313
FI,FI0002,University of Turku,2023,17638.0,262191418.9572691,14865.144515096332,323360677.0,18333.182730468307
FI,FI0003,Åbo Akademi University,2023,6247.0,98612769.8045893,15785.62026646219,121619129.0,19468.40547462782
FI,FI0004,University of Oulu,2023,14171.0,240202753.5879348,16950.303689784403,296242056.0,20904.809540611106
FI,FI0006,University of Jyväskylä,2023,14637.0,197634115.78691316,13502.364950940299,243742155.0,16652.466693994673
FI,FI0010,Hanken School of Economics,2023,2648.0,24325422.03843347,9186.337627807201,30000543.0,11329.510196374622
FI,FI0013,University of Vaasa,2023,5589.0,45466935.863131434,8135.075302045345,56074372.0,10032.988370012525
FI,FI0014,Lappeenranta-Lahti University of Technology (LUT University),2023,7770.0,95605945.83637396,12304.497533638862,117910813.0,15175.136808236808
FI,FI0021,University of Lapland,2023,4826.0,51366587.205059595,10643.71885724401,63350412.0,13126.898466639039
FI,FI0025,Aalto University,2023,20579.0,346438044.2714668,16834.542216408317,427262040.0,20762.040915496378
FI,FI0026,University of Eastern Finland,2023,16751.0,223482039.24430388,13341.414795791528,275620399.0,16453.96686764969
FI,FI0027,University of the Arts Helsinki,2023,1931.0,67207927.51155436,34804.72683146264,82887537.0,42924.66960124288
FI,FI0028,Lapland University of Applied Sciences,2023,6254.0,38236929.376469634,6113.995742959647,47157605.0,7540.390949792133
FI,FI0056,HAAGA-HELIA University of Applied Sciences,2023,10195.0,59977108.5705019,5882.9925032370675,73969768.0,7255.494654242276
FI,FI0065,Metropolia University of Applied Sciences,2023,17473.0,97670545.69042404,5589.798299686605,120457084.0,6893.898243003491
FI,FI0066,Novia University of Applied Sciences,2023,5014.0,27147213.167923454,5414.282642186568,33480658.0,6677.434782608696
FI,FI0067,Tampere University,2023,22595.0,295747763.72334385,13089.08004971648,364745717.0,16142.762425315335
FI,FI0466,Tampere University of Applied Sciences,2023,11183.0,65100522.17627503,5821.382650118486,80288474.0,7179.511222391129
FI,FI0467,Häme University of Applied Sciences,2023,9627.0,52427029.91972756,5445.832545936175,64658256.0,6716.345278903085
FI,FI0469,Karelia University of Applied Sciences,2023,4492.0,25561011.91924106,5690.341032778509,31524396.0,7017.897595725734
FI,FI0471,Oulu University of Applied Sciences,2023,9594.0,48787593.448471576,5085.219246244692,60169739.0,6271.600896393579
FI,FI0472,Seinäjoki University of Applied Sciences,2023,5775.0,30732867.10451634,5321.708589526639,37902845.0,6563.263203463203
FI,FI0473,Kajaani University of Applied Sciences,2023,3540.0,21535122.030325145,6083.367805176595,26559266.0,7502.617514124294
FI,FI0504,JAMK University of Applied Sciences,2023,8869.0,64632420.33568475,7287.452963770971,79711164.0,8987.61574021874
FI,FI0507,Satakunta University of Applied Sciences,2023,7407.0,34575388.794291735,4667.934223611683,42641827.0,5756.963277980289
FI,FI0509,Turku University of Applied Sciences,2023,12677.0,68103013.05440687,5372.171101554537,83991446.0,6625.498619547211
FI,FI0535,Arcada University of Applied Sciences,2023,2653.0,16706377.199383764,6297.164417408128,20603975.0,7766.292875989446
FI,FI0536,Centria University of Applied Sciences,2023,4447.0,26497634.80094057,5958.541668752096,32679533.0,7348.669440071959
FI,FI0537,Savonia University of Applied Sciences,2023,8418.0,47808543.74442552,5679.32332435561,58962277.0,7004.309455927774
FI,FI0623,Diaconia University of Applied Sciences,2023,3362.0,20642528.987269927,6139.955082471722,25458431.0,7572.406603212374
FI,FI0627,Vaasa University of Applied Sciences,2023,3696.0,17141987.351009484,4637.983590641094,21141213.0,5720.025162337663
FI,FI0629,Laurea University of Applied Sciences,2023,10187.0,52912072.48844563,5194.0779904236415,65256459.0,6405.856385589477
FI,FI0631,Humak University of Applied Sciences,2023,2491.0,13452297.899943242,5400.360457624746,16590719.0,6660.2645523885985
FI,FI0803,South-Eastern Finland University of Applied Sciences,2023,12221.0,77383288.73753345,6331.993186935067,95436810.0,7809.247197447017
FI,FI0806,LAB University of Applied Sciences,2023,9837.0,59125496.63504419,6010.521158386113,72919475.0,7412.775744637593
FR,FR0002,University of Technology of Troyes,2023,4919.0,39462612.537972935,8022.486793651745,42868236.0,8714.827403943891
FR,FR0006,,2023,2328.0,19139784.589892294,8221.556954421088,20791548.0,8931.077319587628
FR,FR0007,Aix-Marseille University,2023,71899.0,672991717.7575256,9360.237524270513,731070903.0,10168.026022615057
FR,FR0008,University of Caen Lower Normandy,2023,29423.0,229759990.79443985,7808.8567037501225,249588278.0,8482.761037283757
FR,FR0010,,2023,1628.0,17681582.435791217,10860.922872107627,19207503.0,11798.220515970515
FR,FR0014,University of La Rochelle,2023,6866.0,79137459.2653963,11525.991736876827,85967022.0,12520.684823769298
FR,FR0018,University of Burgundy,2023,32069.0,238393093.9887692,7433.755152601241,258966418.0,8075.2882222707285
FR,FR0021,,2023,1513.0,15757974.776765166,10415.052727538114,17117888.0,11313.871777924653
FR,FR0022,University of Franche-Comté,2023,23388.0,202940749.33259687,8677.131406387758,220454536.0,9425.967846759022
FR,FR0023,,2023,1434.0,3918250.943569916,2732.3925687377377,4256396.0,2968.198047419805
FR,FR0026,University of Western Brittany,2023,23809.0,190027817.36168644,7981.343918757043,206427218.0,8670.133898945776
FR,FR0030,University of Nîmes,2023,5287.0,24721361.502347417,4675.876962804505,26854815.0,5079.405144694534
FR,FR0033,,2023,5654.0,59517452.82150418,10526.609979042127,64653809.0,11435.056420233463
FR,FR0037,National Polytechnic Institute of Toulouse,2023,6840.0,93804201.41765626,13714.064534745066,101899504.0,14897.588304093568
FR,FR0039,University of Toulouse II - Jean Jaurès,2023,26752.0,180811935.9293013,6758.819375347686,196416006.0,7342.105487440192
FR,FR0040,Paul Sabatier University,2023,30674.0,360970740.1270367,11767.970924138903,392122515.0,12783.546814892092
FR,FR0046,Bordeaux Montaigne University,2023,13031.0,91952439.47344196,7056.437685015882,99887935.0,7665.4082572327525
FR,FR0050,,2023,5251.0,14578913.743901316,2776.4071117694375,15837074.0,3016.01104551514
FR,FR0051,,2023,884.0,10870417.932431187,12296.852864741162,11808535.0,13358.071266968325
FR,FR0055,"Paul Valéry University, Montpellier 3",2023,19180.0,115841016.29384148,6039.67759613355,125838096.0,6560.901772679875
FR,FR0057,,2023,979.0,8966017.674675504,9158.342875051587,9739785.0,9948.707865168539
FR,FR0060,,2023,4032.0,56628023.566234,14044.648701942957,61515022.0,15256.701884920634
FR,FR0061,,2023,3699.0,39934263.094909325,10795.961907247722,43380590.0,11727.6534198432
FR,FR0063,University of Rennes 2 – Upper Brittany,2023,17970.0,118992116.3582804,6621.709313204252,129261136.0,7193.162826933779
FR,FR0070,University of Tours,2023,29473.0,202927029.3657369,6885.184045252839,220439632.0,7479.375428358158
FR,FR0076,Grenoble institute of technology,2023,13349.0,114724027.43256928,8594.203867897915,124624711.0,9335.883661697506
FR,FR0082,Jean Monnet University,2023,18776.0,136561933.16763324,7273.217573904625,148347228.0,7900.896250532594
FR,FR0084,,2023,3846.0,41520346.12906195,10795.721822429005,45103552.0,11727.392615704628
FR,FR0092,University of Orléans,2023,18012.0,166921877.9342723,9267.25949002178,181327236.0,10067.023984010659
FR,FR0099,University of Angers,2023,25215.0,167342833.47141674,6636.638249907465,181784520.0,7209.38013087448
FR,FR0102,University of Reims Champagne-Ardenne,2023,26555.0,201270264.19957653,7579.373534158408,218639888.0,8233.47347015628
FR,FR0105,University of Lorraine,2023,64321.0,593163743.9013164,9221.929757020513,644353775.0,10017.782295051384
FR,FR0108,University of Southern Brittany,2023,8612.0,87439070.238424,10153.16653952903,94985062.0,11029.384811890386
FR,FR0114,,2023,783.0,3029045.3834115807,3868.51262249244,3290452.0,4202.3652618135375
FR,FR0121,,2023,4200.0,36212260.885574885,8621.966877517829,39337379.0,9366.04261904762
FR,FR0122,,2023,8359.0,94443603.976802,11298.433302644096,102594087.0,12273.48809666228
FR,FR0127,University of the Littoral Opal Coast,2023,8786.0,88742780.99972384,10100.47587067196,96401283.0,10972.146938310949
FR,FR0130,University of technology of compiègne,2023,6822.0,59125634.723372914,8666.906291904561,64228177.0,9414.860304895925
FR,FR0132,Artois University,2023,10416.0,103079217.52738652,9896.238241876586,111974954.0,10750.283602150537
FR,FR0140,University of Pau and Pays de l'Adour,2023,11484.0,127579331.6763325,11109.311361575454,138589428.0,12068.044932079414
FR,FR0143,,2022,2402.0,17047588.520380482,7097.247510566395,18853951.0,7849.271856786012
FR,FR0144,University of Perpignan,2023,7170.0,73826432.84543864,10296.57361861069,80197654.0,11185.167921896793
FR,FR0148,,2023,3839.0,22410011.046672188,5837.460548755454,24343995.0,6341.23339411305
FR,FR0149,University of Strasbourg,2023,54498.0,507601526.28187424,9314.13127604452,551407538.0,10117.940805167162
FR,FR0150,University of Upper Alsace,2023,9073.0,105564485.86946516,11635.014424056559,114674701.0,12639.116168852639
FR,FR0153,,2023,5363.0,48950831.26208229,9127.50909231443,53175288.0,9915.213126981167
FR,FR0154,,2023,10706.0,124959843.50547732,11671.94503133545,135743878.0,12679.233887539698
FR,FR0157,Université Claude Bernard Lyon 1,2023,48323.0,386299193.59293014,7994.106193591667,419636814.0,8683.997558098628
FR,FR0158,Lumière University Lyon 2,2023,22494.0,140394544.78505015,6241.421925182278,152510594.0,6780.056637325509
FR,FR0161,Jean Moulin University Lyon 3,2023,22751.0,115992843.5975329,5098.3624279167025,126003026.0,5538.351105445914
FR,FR0162,,2023,250.0,2265329.0987756606,9061.316395102642,2460827.0,9843.308
FR,FR0168,,2023,2543.0,138713471.4167357,54547.17712022639,150684444.0,59254.59850570193
FR,FR0169,Le Mans University,2023,8996.0,96982477.2162386,10780.622189444042,105352065.0,11710.989884393064
FR,FR0170,University of Savoy Mont Blanc,2023,13365.0,117124179.32431188,8763.500136499206,127231996.0,9519.790198279086
FR,FR0173,Paris Dauphine University,2023,10235.0,104710674.7675596,10230.647266004846,113747206.0,11113.552125061065
FR,FR0174,Pantheon-Sorbonne University,2023,35569.0,229151738.00975788,6442.456577631024,248927533.0,6998.440580280581
FR,FR0176,University of Paris 3 - Sorbonne Nouvelle,2023,13108.0,107048188.34576084,8166.630175904855,116286447.0,8871.410360085443
FR,FR0185,,2023,10894.0,95181640.4308202,8737.069986306242,103395816.0,9491.079126124472
FR,FR0186,,2023,832.0,14585863.94182086,17531.086468534686,15844624.0,19044.01923076923
FR,FR0190,,2023,3191.0,118969443.06361042,37282.80885728938,129236506.0,40500.31526167346
FR,FR0193,,2023,3296.0,148423013.90039584,45031.254217353104,161231920.0,48917.45145631068
FR,FR0194,,2023,234.0,11602414.61842953,49582.96845482705,12603703.0,53861.97863247863
FR,FR0196,,2023,610.0,41921193.90591917,68723.26869822814,45538992.94,74654.08678688524
FR,FR0197,,2023,4758.0,15528499.49369419,3263.6610957743146,16868609.0,3545.3150483396385
FR,FR0200,National museum of natural history,2023,278.0,93573760.47132468,336596.2606882183,101649176.0,365644.5179856115
FR,FR0202,,2023,34.0,34195543.58832735,1005751.2820096279,37146619.0,1092547.6176470588
FR,FR0208,School for advanced studies in the social sciences,2023,1352.0,56820893.85989137,42027.28835790782,61724537.0,45654.24334319527
FR,FR0217,,2023,3675.0,36011974.59265396,9799.17675990584,39119808.0,10644.845714285715
FR,FR0218,University of Rouen,2023,33494.0,217517033.04796097,6494.208904519047,236288753.0,7054.659132979041
FR,FR0220,University of Le Havre,2023,6855.0,70856357.35984534,10336.448921932217,76971261.0,11228.484463894967
FR,FR0229,Versailles Saint-Quentin-en-Yvelines University,2023,15686.0,143450065.35947713,9145.101705946521,155829806.0,9934.323983169705
FR,FR0230,,2023,29885.0,195535113.68866795,6542.918309809869,212409794.0,7107.572159946461
FR,FR0233,National University Institute Jean-Francois Champollion,2023,3810.0,8248189.266316855,2164.8790725241092,8960008.0,2351.7081364829396
FR,FR0234,University of Toulon,2023,9865.0,85184289.79103377,8635.00149934453,92535694.0,9380.202128737963
FR,FR0236,University of Avignon,2023,5637.0,61225141.305348426,10861.29879463339,66508871.0,11798.628880610253
FR,FR0238,,2023,1293.0,16690840.467642456,12908.615984255573,18131260.0,14022.629543696828
FR,FR0239,University of Poitiers,2023,28194.0,229448327.34971923,8138.197040140428,249249718.0,8840.523444704548
FR,FR0240,University of Limoges,2023,18142.0,160692082.2977078,8857.462368961955,174559809.0,9621.861371403373
FR,FR0243,University of technology of Belfort-Montbéliard,2023,4124.0,33673579.12178956,8165.271368038206,36579609.0,8869.934287099903
FR,FR0249,University of Évry Val d'Essonne,2023,6059.0,94436988.8612722,15586.233513991121,102586901.0,16931.325466248556
FR,FR0251,,2023,1006.0,6344043.082021541,6306.205846939902,6891534.0,6850.431411530815
FR,FR0255,University Paris Nanterre,2023,28226.0,204379720.15097117,7240.831862501635,222017690.0,7865.715652235527
FR,FR0261,,2023,1194.0,3653484.30451993,3059.8696017754855,3968780.0,3323.9363484087103
FR,FR0262,Paris 13 University,2023,23230.0,185131212.37227285,7969.488263980751,201108036.0,8657.25510116229
FR,FR0263,Paris 8 University,2023,20191.0,145938038.29513025,7227.875701804282,158532491.0,7851.6413748699915
FR,FR0265,,2023,2711.0,93726656.54055049,34572.724655311875,101815267.0,37556.35079306529
FR,FR0266,Paris 12 Val de Marne University,2023,37224.0,229642940.25591457,6169.21717859216,249461126.0,6701.620621104664
FR,FR0273,,2023,1691.0,4563233.913283623,2698.5416400257973,4957041.0,2931.425783560024
FR,FR0281,University of Corsica Pascal Paoli,2023,3696.0,57471813.49535119,15549.733088569044,62431631.0,16891.675054112555
FR,FR0282,University of the French West Indies,2023,12205.0,92588320.90582712,7586.097575241878,100578693.0,8240.777795985252
FR,FR0283,University of La Réunion,2023,17125.0,128140814.692074,7482.675310486073,139199367.0,8128.430189781022
FR,FR0287,University Center of Mayotte,2023,1106.0,4164227.193224707,3765.1240445069684,4523600.0,4090.0542495479203
FR,FR0288,University of Bordeaux,2023,52572.0,488094388.29052746,9284.30320875233,530216934.0,10085.538575667655
FR,FR0320,,2023,535.0,21424356.99162294,40045.52708714568,23273279.0,43501.456074766356
FR,FR0324,,2023,7698.0,102769240.54128692,13350.122179954133,111638226.0,14502.237724084178
FR,FR0327,University of French Guiana,2022,3198.0,25482614.80523708,7968.297312456873,28182752.67,8812.618095684804
FR,FR0347,,2023,48916.0,647621160.821136,13239.454591976777,703510867.0,14382.019523264371
FR,FR0364,Côte d'Azur University,2023,31586.0,272632385.160637,8631.431177123948,296160560.0,9376.323687709744
FR,FR0365,University of Paris,2023,64113.0,608862746.9391512,9496.712787408967,661407602.0,10316.279100962363
FR,FR0366,CY Cergy Paris University,2023,23227.0,181620833.10319433,7819.384040263242,197294711.0,8494.19688293796
FR,FR0367,,2023,44298.0,500583955.6292,11300.37373310759,543784351.0,12275.595986274775
FR,FR0369,University Paris-Saclay,2023,38270.0,443114074.3809261,11578.627498848342,481354819.0,12577.863051998955
FR,FR0463,Institut National des Sciences Appliquées Hauts-de-France,2023,3707.0,14981750.897542115,4041.475828848696,16274676.0,4390.255192878339
FR,FR0464,,2023,5301.0,19031110.190555096,3590.0981306461226,20673495.0,3899.9235993208827
FR,FR0468,PSL Research University,2023,576.0,36948854.8283163,64147.31741027135,40137541.0,69683.23090277778
FR,FR0577,Ecole d'économie et de sciences sociales quantitatives,2023,1983.0,9017398.508699251,4547.351744175114,9795600.0,4939.788199697428
FR,FR0586,Université Toulouse Capitole,2023,16402.0,102672940.25591455,6259.781749537529,111533615.0,6800.0009145226195
FR,FR0614,University of Montpellier (EPE),2023,48558.0,409126994.38460827,8425.532237419338,444434654.0,9152.65566950863
FR,FR0625,University of Rennes (EPE),2023,30364.0,273390165.70008284,9003.75990317754,296983737.0,9780.784382821763
FR,FR0704,Université de Lille (EPE),2023,71973.0,605735309.7670993,8416.146468357569,658010267.0,9142.459908576828
FR,FR0809,,2023,339.0,24119681.48761852,71149.50291332896,26201210.0,77289.70501474926
FR,FR0816,,2023,92.0,3803061.7693086625,41337.62792726807,4131266.0,44905.065217391304
FR,FR0864,,2023,3100.0,4764831.077971094,1537.042283216482,5176036.0,1669.6890322580646
FR,FR0866,,2023,2927.0,6200714.3514682865,2118.4538269450927,6735836.0,2301.2763922104546
FR,FR0867,Gustave Eiffel University,2023,11175.0,235933058.0870846,21112.57790488453,256294081.0,22934.593378076064
FR,FR0877,,2023,1963.0,4792444.996778054,2441.388179713731,5206033.0,2652.079979623026
FR,FR0917,,2023,198.0,2084488.6311332043,10527.720359258608,2264380.0,11436.262626262625
FR,FR0918,,2023,146.0,5452024.302678818,37342.63221012889,5922534.0,40565.30136986302
FR,FR0919,,2023,346.0,1897833.0111387277,5485.066506181294,2061616.0,5958.42774566474
FR,FR0945,EPE-Université Clermont Auvergne,2023,32099.0,294790001.841112,9183.775252846257,320230379.0,9976.33505716689
FR,FR7035,Université Paris-Panthéon-Assas,2023,15790.0,94881064.1627543,6008.93376584891,103069300.0,6527.504749841672
IE,IE0001,University College Dublin,2023,28980.0,569168529.846024,19640.045888406625,674607000.0,23278.364389233953
IE,IE0002,University College Cork,2023,22705.0,370478801.9405189,16317.058002225012,439110000.0,19339.792997137196
IE,IE0003,University of Galway,2023,18440.0,282608732.33495045,15325.853163500566,334962000.0,18164.967462039047
IE,IE0004,Trinity College Dublin,2023,19815.0,425021725.3743936,21449.494089043328,503757000.0,25423.01286903861
IE,IE0005,Maynooth University,2023,14035.0,193423328.4117275,13781.498283699857,229255000.0,16334.520840755255
IE,IE0006,Dublin City University,2023,17650.0,230852562.7504746,13079.465311641621,273618000.0,15502.43626062323
IE,IE0007,University of Limerick,2023,17175.0,268408352.6682135,15627.851683738776,318131000.0,18522.91120815138
IE,IE0011,"Dún Laoghaire Institute of Art, Design and Technology",2023,2230.0,26504956.76017718,11885.63083416017,31415000.0,14087.443946188341
IE,IE0012,Dundalk Institute of Technology,2023,5135.0,53344863.95275259,10388.483729844711,63227000.0,12312.950340798441
IE,IE0022,"Mary Immaculate College of Education, Limerick",2023,5090.0,46533642.69141532,9142.169487507921,55154000.0,10835.756385068762
IE,IE0024,"National College of Art & Design, Dublin",2023,1365.0,18592701.961611476,13621.027078103645,22037000.0,16144.322344322345
IE,IE0028,Technological University Dublin,2023,22860.0,267398439.14785913,11697.219560273803,316934000.0,13864.129483814524
IE,IE0029,Munster Technological University,2023,12640.0,177452014.34296563,14038.925185361206,210325000.0,16639.636075949365
IE,IE0030,Technological University of the Shannon: Midlands Midwest,2023,10285.0,152858890.5294242,14862.313128772406,181176000.0,17615.556635877492
IE,IE0031,Atlantic Technological University,2023,17830.0,207915629.6140055,11660.999978351403,246432000.0,13821.200224340999
IE,IE0032,South East Technological University,2023,14855.0,157910989.2427758,10630.157471745257,187164000.0,12599.394143386065
IS,IS0004,Iceland Academy of Arts,2022,648.0,9091997.876673147,14030.860920791894,13968144.235095613,21555.77814057965
IS,IS0005,Reykjavik University,2023,3300.0,36710313.82819651,11124.337523695913,54326735.06336753,16462.64698889925
IS,IS0006,University of Akureyri,2022,2362.0,18760791.721770965,7942.756867811585,28822426.96147357,12202.551634832163
IS,IS0007,University of Iceland,2022,12686.0,142855244.0178469,11260.857955056512,219470206.68588305,17300.18971195673
LI,LI0001,University of Liechtenstein,2023,655.0,15978261.926985422,24394.293018298355,25013756.945873637,38188.941902097155
LT,LT0002,Vilnius Gediminas Technical University,2023,7820.0,99463298.68992963,12719.091904083074,78169400.0,9996.08695652174
LT,LT0004,Vilnius Academy of Arts,2023,1720.0,23446899.90736876,13631.918550795792,18427200.0,10713.488372093023
LT,LT0005,Lithuanian Academy of Music and Theatre,2022,1085.0,17555513.31752047,16180.19660600965,13300250.0,12258.294930875576
LT,LT0006,Mykolas Romeris University,2023,5640.0,28462245.13686011,5046.497364691509,22368820.000000004,3966.102836879433
LT,LT0008,Kaunas University of Technology,2023,7410.0,120000712.54796974,16194.428144125472,94310000.0,12727.395411605938
LT,LT0013,Lithuanian Sports University,2023,1360.0,12394899.17446228,9113.8964518105,9741300.0,7162.720588235294
LT,LT0014,Klaipeda University,2023,2295.0,32787462.20950946,14286.475908282988,25768060.0,11227.912854030501
LT,LT0017,Kazimiero Simonaviciaus University,2023,510.0,2275063.8748358595,4460.909558501686,1788000.0,3505.8823529411766
LT,LT0019,LCC International university,2023,650.0,5724193.039424261,8806.450829883479,4498712.0,6921.095384615384
LT,LT0020,Vilnius College,2023,5345.0,29804774.58036014,5576.197302218922,23423930.0,4382.400374181478
LT,LT0021,Vilnius College of Technologies and Design,2023,1525.0,12387773.694764808,8123.130291649054,9735700.0,6384.065573770492
LT,LT0022,Kaunas College,2023,4570.0,26861048.05627093,5877.691040759503,21110420.0,4619.347921225383
LT,LT0023,Kaunas Technical College,2023,940.0,5063963.904355704,5387.1956429316,3979830.0,4233.86170212766
LT,LT0024,Kaunas College of Forestry and Environmental Engineering,2023,735.0,3453414.631663596,4698.523308385845,2714080.0,3692.625850340136
LT,LT0025,Klaipeda State College,2023,2520.0,10359073.28046906,4110.7433652655,8141320.0,3230.6825396825398
LT,LT0026,Lithuanian Maritime Academy,2023,625.0,5480639.053736296,8769.022485978074,4307300.0,6891.68
LT,LT0027,Alytaus College,2023,795.0,3386371.502152913,4259.586795160896,2661390.0,3347.6603773584907
LT,LT0028,Panevėžys College,2023,1270.0,4606495.383707082,3627.161719454395,3620300.000000001,2850.6299212598433
LT,LT0029,Siauliai State College,2023,1630.0,6069000.09161331,3723.3129396400677,4769700.0,2926.196319018405
LT,LT0030,Marijampole College,2023,730.0,2352298.9851281056,3222.3273768878157,1848700.0,2532.4657534246576
LT,LT0031,Utena University of Applied Sciences,2023,1710.0,4225027.738474537,2470.776455248267,3320500.0,1941.812865497076
LT,LT0033,International School of Law and Business,2022,400.0,728210.1236650471,1820.5253091626178,551700.0,1379.25
LT,LT0038,SMK University of Applied Sciences,2023,4340.0,8135770.926006982,1874.6015958541434,6394000.0,1473.2718894009217
LT,LT0046,Public Institution Lithuania Business University of Applied Sciences,2023,985.0,1909883.040340394,1938.96755364507,1500999.9999999998,1523.8578680203043
LT,LT0047,Lithuanian University of Health Sciences,2023,7855.0,137166540.27422917,17462.322122753554,107800830.0,13723.848504137492
LU,LU0001,University of Luxembourg,2023,7535.0,247247940.64545077,32813.26352295299,319627302.79,42419.01828666225
LV,LV0001,University of Latvia,2023,15075.0,142506399.93078405,9453.160857763452,112002335.0,7429.673963515755
LV,LV0002,Riga Technical University,2023,13002.0,110052943.84092546,8464.308863322985,86495671.0,6652.489693893247
LV,LV0003,Riga Stradinš University,2023,10246.0,111593246.86428836,10891.396336549713,87706266.0,8560.049385125903
LV,LV0004,Latvia University of Life Sciences and Technologies,2023,3766.0,43387115.65425614,11520.742340482248,34099930.0,9054.68135953266
LV,LV0005,Daugavpils University,2023,2607.0,13829850.90578742,5304.8910263856615,10869516.0,4169.357882623705
LV,LV0006,Liepaja University,2022,1300.0,8496698.92788477,6535.922252219054,6518455.0,5014.196153846154
LV,LV0007,Latvian Academy of Culture,2023,718.0,8462246.770134335,11785.859011329158,6650869.0,9263.048746518105
LV,LV0008,Art Academy of Latvia,2023,951.0,9947563.827540314,10460.109177224305,7818248.0,8221.080967402733
LV,LV0009,Jazeps Vitols Latvian Academy of Music,2023,577.0,7876494.059388304,13650.76960032635,6190499.0,10728.767764298094
LV,LV0010,Latvian Academy of Sport Education,2022,1325.0,4835668.524130739,3649.5611502873503,3709804.0,2799.8520754716983
LV,LV0013,Rezekne Academy of Technologies,2023,1203.0,6583471.383530166,5472.544790964394,5174253.0,4301.124688279302
LV,LV0015,Ventspils University College,2023,639.0,6364611.563644322,9960.268487706293,5002241.0,7828.23317683881
LV,LV0016,Vidzeme University of Applied Sciences,2023,584.0,7409078.995249037,12686.77910145383,5823136.0,9971.123287671233
LV,LV0017,BA School of Business and Finance,2023,868.0,4425969.468640339,5099.043166636335,3478573.0,4007.5725806451615
LV,LV0035,Riga Building College,2023,286.0,1825443.4783051251,6382.669504563374,1434700.0,5016.433566433567
LV,LV0037,"Vocational Education Competence Centre ""Riga Technical College""",2023,392.0,2453589.6868232675,6259.15736434507,1928389.0,4919.359693877551
LV,LV0039,LKA Latvia Culture College,2023,226.0,1192429.2508645633,5276.235623294528,937185.0,4146.83628318584
LV,LV0040,Liepaja Maritime College of Riga Technical University,2023,501.0,999236.5887732744,1994.4842091282924,785346.0,1567.556886227545
LV,LV0045,Daugavpils Medical College of Daugavpils University,2023,284.0,1385163.8662198165,4877.33755711203,1088664.0,3833.323943661972
LV,LV0046,LBTU Malnavas College,2023,214.0,692760.0623961443,3237.1965532530107,544472.0,2544.2616822429904
LV,LV0048,P. Stradins Medical College of the University of Latvia College,2023,950.0,4724394.551279604,4973.046896083794,3713119.0,3908.5463157894737
LV,LV0049,Riga Medical College of the University of Latvia (LU RMK),2023,252.0,1910633.8094474685,7581.880196220113,1501655.0,5958.9484126984125
LV,LV0050,Red Cross Medical College of Riga Stradinš University,2023,430.0,1837028.2436706848,4272.158706210895,1443805.0,3357.686046511628
LV,LV0051,Riga 1st Medical College of the University of Latvia,2023,492.0,2276494.822799531,4627.021997560022,1789202.0,3636.589430894309
LV,LV0052,State Police College,2023,413.0,7880425.62720594,19080.93372204828,6193589.0,14996.583535108959
LV,LV0064,National Defence Academy of Latvia,2023,260.0,1495399.1750069342,5751.535288488209,1175303.0,4520.3961538461535
ME,ME0001,University of Montenegro,2022,6438.0,34634636.89586334,5379.719927906701,19066956.4,2961.6272755514133
ME,ME0003,Mediterranean University,2022,990.0,2124008.8861924335,2145.4635214064983,1169303.0,1181.1141414141414
ME,ME0004,Faculty of Administrative and European Studies,2022,28.0,230183.62739025315,8220.843835366184,126720.0,4525.714285714285
ME,ME0015,Faculty of Montenegrin Language and Literature,2022,135.0,2557373.5234334273,18943.50758098835,1407877.6,10428.722962962964
MT,MT0001,University of Malta,2023,10040.0,102407874.79337607,10199.987529220725,92495919.0,9212.74093625498
MT,MT0002,"Malta College of Arts, Science & Technology",2023,2730.0,16936569.63876658,6203.871662551861,15297296.0,5603.405128205128
MT,MT0003,Institute of Tourism Studies,2023,175.0,8303707.550063053,47449.757428931734,7500000.0,42857.142857142855
MT,MT0004,Institute for Education,2023,350.0,1705027.9502796135,4871.508429370324,1540000.0,4400.0
MT,MT0006,Malta Leadership Institute,2023,480.0,543004.2592483927,1131.2588734341514,490447.4199999999,1021.7654583333332
MT,MT0007,Pegaso International,2022,340.0,392854.4588901512,1155.4542908533858,355472.0,1045.5058823529412
MT,MT0008,Malta ICOM Educational,2023,870.0,6280591.981275693,7219.071242845624,5672699.7639999995,6520.344556321838
MT,MT0009,Future Focus,2023,520.0,1295617.5799453284,2491.5722691256315,1170216.05,2250.4154807692307
MT,MT0010,Triagon Academy,2023,680.0,2629195.60324221,3866.464122415015,2374718.3899999997,3492.2329264705877
MT,MT0011,European Forensic Institute Limited,2022,230.0,612794.0285839327,2664.321863408403,554483.0,2410.795652173913
MT,MT0012,Global College Malta,2023,500.0,1391847.1099222663,2783.6942198445327,1257131.62,2514.26324
MT,MT0013,eie European Business School,2023,455.0,746005.0862976647,1639.5716182366257,673800.0,1480.8791208791208
MT,MT0014,European Graduate School,2023,270.0,1608041.0857865594,5955.707725135405,1452400.397134364,5379.260730127274
MT,MT0015,"London School of Commerce, Malta Ltd",2023,245.0,1826780.331506149,7456.246251045506,1649968.09,6734.563632653061
MT,MT0016,Queen Mary University of London Malta Limited,2023,280.0,9118294.617758198,32565.33792056499,8235744.0,29413.371428571427
NL,NL0001,University of Amsterdam,2023,42985.0,877827358.0550853,20421.713575784233,1026900000.0,23889.728975223916
NL,NL0002,VU University Amsterdam,2023,31925.0,577596553.3158947,18092.296110129828,675684000.0,21164.729835552076
NL,NL0003,Delft University of Technology,2023,25995.0,789041049.0502812,30353.569880757113,923036000.0,35508.21311790729
NL,NL0004,Eindhoven University of Technology,2023,13040.0,408011488.9470175,31289.22461250134,477300000.0,36602.76073619632
NL,NL0005,University of Twente,2023,11810.0,399890581.45697623,33860.337125908234,467800000.0,39610.499576629976
NL,NL0006,University of Groningen,2023,34040.0,759665675.0611205,22316.852968893083,888672100.0,26106.700940070506
NL,NL0007,Leiden University,2023,33010.0,715494691.4909985,21675.08910908811,837000000.0,25355.952741593457
NL,NL0008,Maastricht University,2023,21840.0,474953411.63597816,21746.951082233434,555610000.0,25440.018315018315
NL,NL0009,Radboud University Nijmegen,2023,23895.0,650469302.9696876,27221.983802874558,760932000.0,31844.82109227872
NL,NL0010,Erasmus University Rotterdam,2023,30745.0,717033389.7522695,23321.951203521534,838800000.0,27282.48495690356
NL,NL0011,Tilburg University,2023,19520.0,269397609.03386843,13801.107020177686,315146711.0,16144.811014344263
NL,NL0012,Utrecht University,2023,38290.0,966459797.2337624,25240.52748064148,1130584000.0,29526.87385740402
NL,NL0013,Wageningen University and Research Centre,2023,12965.0,408713306.3206305,31524.358374132702,478121000.0,36877.82491322792
NL,NL0014,Open University of the Netherlands,2022,65.0,77448191.79195449,1191510.642953146,89582000.0,1378184.6153846155
NL,NL0015,University of Humanistic Studies,2023,505.0,10081295.412969517,19962.961213801023,11793301.0,23353.071287128714
NL,NL0016,Nyenrode Business University,2022,5.0,51978524.557566114,10395704.911513222,60122000.0,12024400.0
NL,NL0017,Protestant Theological University,2023,140.0,12312065.104033098,87943.32217166499,14402900.0,102877.85714285714
NL,NL0018,Utrecht Theological University,2023,115.0,5578535.15925527,48509.001384828436,6525882.0,56746.8
NL,NL0019,Theological University Apeldoorn,2023,105.0,3357855.054623788,31979.571948797984,3928086.0,37410.34285714286
NL,NL0020,"Codarts, University for the Arts",2023,990.0,29706392.43644321,30006.45700650829,34751132.0,35102.15353535354
NL,NL0021,Amsterdam School of the Arts,2023,3390.0,74792703.1509121,22062.744292304455,87494000.0,25809.4395280236
NL,NL0022,ArtEZ institute of the arts,2023,3190.0,60791972.269237995,19057.044598507207,71115665.0,22293.311912225705
NL,NL0023,AVANS University of Applied Sciences,2023,31375.0,328504385.2900446,10470.259292112976,384291000.0,12248.318725099602
NL,NL0025,Driestar Christian University for Teacher Education,2023,1510.0,24015511.788138345,15904.312442475724,28093826.0,18605.182781456955
NL,NL0026,CHE Christian University of Applied Sciences,2023,4825.0,45621239.16499974,9455.17910155435,53368638.0,11060.857616580312
NL,NL0028,Windesheim University of Applied Sciences,2023,25980.0,254534885.7089125,9797.33971165945,297760000.0,11461.123941493457
NL,NL0029,Design Academy Eindhoven,2023,785.0,13034483.937699815,16604.438137197216,15248000.0,19424.20382165605
NL,NL0030,Fontys University of Applied Sciences,2023,41495.0,451274555.0597528,10875.395952759436,527910000.0,12722.255693457044
NL,NL0031,Viaa Reformed University of Applied Sciences,2023,2110.0,19756885.674719185,9363.452926407197,23112000.0,10953.554502369669
NL,NL0032,Gerrit Rietveld Academie,2023,850.0,15593852.045613851,18345.708288957474,18242000.0,21461.176470588234
NL,NL0033,The Hague University of Applied Sciences,2023,24140.0,235788411.8924279,9767.539846413749,275830000.0,11426.263463131732
NL,NL0034,Hanze University of Applied Sciences,2023,28655.0,304147646.6464926,10614.12132774359,355798000.0,12416.611411621008
NL,NL0035,HAS Green Academy,2023,3115.0,46338936.75950146,14876.063165169007,54208215.0,17402.31621187801
NL,NL0036,Hotelschool The Hague,2023,2530.0,36796723.427535854,14544.159457524052,43045543.0,17014.04861660079
NL,NL0037,De Kempel University Teacher Education College,2023,1030.0,11158802.208886836,10833.788552317315,13053790.0,12673.582524271844
NL,NL0041,INHOLLAND University of Applied Sciences,2023,25940.0,272828298.3706895,10517.667631869295,319160000.0,12303.777949113339
NL,NL0042,IPABO University of Professional Teacher Education,2023,1285.0,13591834.641226854,10577.303222744633,15900000.0,12373.540856031128
NL,NL0043,"Van Hall Larenstein, University of Applied Sciences",2023,4710.0,62565180.96801217,13283.477912529122,73190000.0,15539.27813163482
NL,NL0044,University of Applied Sciences Leiden,2023,11990.0,120666427.3136038,10063.922211309742,141158000.0,11772.977481234362
NL,NL0045,Rotterdam University of Applied Sciences,2023,38690.0,367030825.2551674,9486.451932157339,429360000.0,11097.441199276298
NL,NL0046,Amsterdam University of Applied Sciences,2023,44245.0,439554803.3030722,9934.564432208661,514200000.0,11621.652164086338
NL,NL0047,HAN University of Applied Sciences,2023,34980.0,367454822.1093843,10504.711895637058,429856000.0,12288.622069754145
NL,NL0048,Royal Academy of Art,2022,1680.0,43054950.85028573,25627.946934693886,49800370.0,29643.07738095238
NL,NL0049,University of Applied Sciences Utrecht,2023,36345.0,358915046.75933045,9875.224838611375,419866000.0,11552.23552070436
NL,NL0050,HKU University of the Arts Utrecht,2023,4170.0,58211600.930057615,13959.616529989837,68097095.0,16330.23860911271
NL,NL0051,HZ University of Applied Sciences,2023,4965.0,55212875.48511736,11120.418023185772,64589126.0,13008.887411883183
NL,NL0052,Zuyd University of Applied Sciences,2023,13510.0,162491665.3844181,12027.510391148639,190086000.0,14070.0222057735
NL,NL0053,Iselinge University of Professional Teacher Education,2023,545.0,5149707.647330358,9449.004857486894,6024231.0,11053.634862385321
NL,NL0054,University of Professional Teacher Education KPZ,2023,785.0,10942573.216392266,13939.583715149383,12800841.0,16306.80382165605
NL,NL0055,Breda University of Applied Sciences,2023,6875.0,72309415.12369424,10517.73310890098,84589000.0,12303.854545454546
NL,NL0057,"Marnix Academy, University for Teacher Education",2023,1345.0,22467551.418166894,16704.49919566312,26282991.0,19541.257249070633
NL,NL0058,Saxion University of Applied Sciences,2023,26045.0,270467251.37200594,10384.613222192587,316398000.0,12148.128239585332
NL,NL0061,Thomas More Teacher Training Academy,2023,995.0,10501195.910481954,10553.965739177844,12284509.0,12346.240201005025
NL,NL0064,NHL Stenden University of Applied Sciences,2023,22755.0,228369321.77599972,10036.006230542725,267151000.0,11740.320808613491
NL,NL0066,University of the Arts The Hague,2023,1680.0,43349373.40787471,25803.19845706828,50710964.0,30185.097619047618
NO,NO0001,University of Oslo,2023,29775.0,617906119.9904747,20752.51452528882,772209579.1611232,25934.830534378612
NO,NO0002,University of Bergen,2023,21679.0,396586939.16429704,18293.599297213757,495622592.9556754,22861.87522282741
NO,NO0003,University of Tromso - Norway's Arctic University,2023,17642.0,318052220.9303955,18028.127249200516,397476192.14340734,22530.10951952201
NO,NO0004,The Norwegian University of Science and Technology,2023,46952.0,725511493.3673255,15452.195718336292,906686156.4316224,19310.91660486502
NO,NO0005,Norwegian University of Life Sciences,2023,8206.0,154559666.05499446,18834.958086155795,193156291.57622015,23538.42207850599
NO,NO0006,University of Stavanger,2023,13276.0,169538234.18173668,12770.279766626745,211875306.35109589,15959.272849585408
NO,NO0007,University of Agder,2023,14343.0,139059378.89590836,9695.278456104605,173785274.14046636,12116.38249602359
NO,NO0008,The Oslo School of Architecture and Design,2023,884.0,18811301.4610094,21279.752783947286,23508857.923114628,26593.730682256366
NO,NO0009,BI Norwegian Business School,2023,20698.0,113726414.43359622,5494.560558198677,142126164.13416427,6866.661712927059
NO,NO0011,Norwegian School of Economics,2023,4290.0,54326927.117623165,12663.619374737335,67893442.33597088,15825.977234492046
NO,NO0012,Norwegian School of Sport Sciences,2023,1735.0,24194833.938001655,13945.149243804988,30236765.63265878,17427.530624010826
NO,NO0014,Norwegian Academy of Music,2023,924.0,22760859.51617196,24632.964844341946,28444699.25075275,30784.306548433713
NO,NO0015,"MF Norwegian School of Theology, Religion and Society",2023,1023.0,10610808.387846868,10372.246713437798,13260538.47769764,12962.403204005514
NO,NO0018,Nord University,2023,11436.0,131821779.2657132,11526.91319217499,164740301.79959387,14405.412889086558
NO,NO0025,"Molde University College, Specialized University in Logistics",2023,3842.0,22349801.79019177,5817.231075010872,27930992.227435056,7269.909481372997
NO,NO0035,Volda University College,2023,4283.0,33317948.143271375,7779.114672722712,41638103.074014425,9721.714469767552
NO,NO0036,Østfold University College,2023,7122.0,64004958.74714592,8986.936077948038,79988271.12947273,11231.152924666208
NO,NO0038,Sámi University Of Applied Sicences,2023,210.0,9274257.93889815,44163.133042372145,11590224.774175478,55191.546543692755
NO,NO0040,Queen Maud University College,2023,1109.0,13893877.207973218,12528.293244340142,17363454.940130245,15656.857475320328
NO,NO0042,Oslo National Academy of the Arts,2023,645.0,27492891.061648156,42624.63730488086,34358413.27638121,53268.85779283909
NO,NO0043,Kristiania University College,2023,15422.0,83348835.25473112,5404.541256304702,104162698.6905679,6754.162799284652
NO,NO0045,NLA University College,2023,2746.0,28221434.674809847,10277.288665262144,35268888.733281985,12843.732240816455
NO,NO0052,Ansgar University College and Theological Seminary,2023,335.0,2999201.5576629452,8952.840470635658,3748161.8934248304,11188.542965447255
NO,NO0064,Lovisenberg Diaconal University College,2023,1147.0,11666012.971186038,10170.89186677074,14579248.65205518,12710.766043640087
NO,NO0069,Oslo Metropolitan University,2023,23317.0,244016234.9941868,10465.164257588318,304951946.642392,13078.524108692884
NO,NO0070,University of Southeast Norway,2023,17665.0,185614380.3667232,10507.46563072308,231965986.2754709,13131.388976816921
NO,NO0072,VID Specialized University,2023,5830.0,48070010.785975434,8245.284868949475,60074049.43631399,10304.296644307717
NO,NO0073,Western Norway University of Applied Sciences,2023,16738.0,188669753.04318595,11271.941273938699,235784346.33429033,14086.76940699548
NO,NO0074,Inland Norway University of Applied Sciences,2023,15121.0,120767064.95398451,7986.711523972258,150925005.2517331,9981.152387522856
PL,PL0001,University of Economics in Katowice,2022,8970.0,42504209.11500571,4738.484851171205,26451548.19572779,2948.8905457890514
PL,PL0003,AGH University of Science and Technology in Cracow,2022,21175.0,318374270.0485891,15035.38465400657,198133138.430678,9356.936879843117
PL,PL0008,Wrocław Medical University,2022,6685.0,125552019.8608506,18781.15480341819,78134504.17191269,11688.033533569587
PL,PL0009,Medical University of Lublin,2022,7610.0,122301417.21159418,16071.145494296214,76111563.98711082,10001.519577806941
PL,PL0010,Medical University of Gdańsk,2022,6690.0,113883358.65088862,17022.92356515525,70872772.66810355,10593.837469073773
PL,PL0011,Gdynia Maritime University,2022,3540.0,57930281.28203985,16364.486237864365,36051620.75073089,10184.073658398556
PL,PL0012,Maritime University of Szczecin,2022,2525.0,34629203.542857535,13714.536056577243,21550713.813192207,8534.936163640477
PL,PL0013,The Feliks Nowowiejski Academy of Music in Bydgoszcz,2022,670.0,11873887.713499,17722.220467908955,7389449.648961823,11029.029326808692
PL,PL0014,The Grazyna and Kiejstut Bacewicz Academy of Music in Łódź,2022,815.0,15313531.91897925,18789.60971653896,9530035.637310345,11693.29526050349
PL,PL0015,The Ignacy Jan Paderewski Academy of Music in Poznań,2022,730.0,16232370.580429245,22236.12408277979,10101854.420520265,13838.156740438719
PL,PL0016,The Karol Lipiński University of Music in Wrocław,2022,605.0,11175500.378906077,18471.90145273732,6954823.840720429,11495.576596232115
PL,PL0017,The Karol Szymanowski Academy of Music in Katowice,2022,885.0,14739069.159788636,16654.31543478942,9172531.529416788,10364.442406120665
PL,PL0018,The Stanisław Moniuszko Academy of Music in Gdańsk,2022,610.0,14646520.06487695,24010.68863094582,9114935.66078402,14942.517476695113
PL,PL0019,Academy of Music in Cracow,2022,755.0,17560633.54467491,23259.117277715115,10928469.30283178,14474.793778585139
PL,PL0021,Maria Grzegorzewska Academy of Pedagogy Special,2022,4925.0,27043161.00250661,5490.997157869362,16829709.13979642,3417.199825339375
PL,PL0022,University of Podlasie,2022,4745.0,33093382.345377173,6974.369303556833,20594929.68566612,4340.343453248919
PL,PL0024,Pomeranian University in Słupsk,2022,3840.0,26345013.698911972,6860.680650758326,16395232.709502572,4269.591851432961
PL,PL0026,Jan Matejko Academy of Fine Arts in Cracow,2022,1030.0,21685737.7009831,21054.114272799125,13495636.029960947,13102.559252389268
PL,PL0027,Academy of Fine Arts in Łódź,2022,1110.0,16347722.620178375,14727.678036196734,10173641.194169993,9165.442517270263
PL,PL0028,Academy of Fine Arts in Gdańsk,2022,860.0,13856475.17908027,16112.180440791011,8623268.816286465,10027.056763123797
PL,PL0029,Academy of Fine Arts in Katowice,2022,505.0,9881458.976987883,19567.245498985907,6149505.985787756,12177.239575817339
PL,PL0030,Magdalena Abakanowicz University of the Arts Poznan,2022,1445.0,18768469.52806477,12988.560227034443,11680139.134888288,8083.141269818884
PL,PL0031,Academy of Fine Arts in Warsaw,2022,1665.0,24567378.41572683,14755.182231667766,15288960.969676277,9182.559140946712
PL,PL0032,Academy of Fine Arts in Wrocław,2022,1345.0,19019953.433986332,14141.229318948946,11836644.54450396,8800.47921524458
PL,PL0033,The Aleksander Zelwerowicz Theatre Academy in Warsaw,2022,385.0,10034118.69189964,26062.64595298608,6244510.360427648,16219.507429682202
PL,PL0034,University of Bielsko-Biała,2022,4110.0,27229185.026180524,6625.105845786015,16945477.049145345,4122.987116580376
PL,PL0035,Jędrzej Śniadecki Academy of Physical Education and Sport in Gdańsk,2022,2235.0,18294785.498012885,8185.5863525784725,11385352.425257675,5094.1174162226735
PL,PL0036,University School of Physical Education in Cracow,2022,3775.0,24420479.44477401,6469.001177423579,15197541.665777514,4025.838851861593
PL,PL0037,The Eugeniusz Piasecki University School of Physical Education in Poznań,2022,2580.0,20824403.60869461,8071.474266935895,12959603.935041934,5023.102300403851
PL,PL0038,The Jerzy Kukuczka Academy of Physical Education in Katowice,2022,2745.0,22424998.88557037,8169.398501118531,13955698.76869892,5084.043267285581
PL,PL0039,The Józef Piłsudski Academy of Physical Education in Warsaw,2022,4290.0,45789959.16044015,10673.650153948753,28496361.579991892,6642.508526804637
PL,PL0040,Wroclaw University of Health and Sport Sciences,2022,2955.0,26126482.620041218,8841.449279201766,16259234.758114424,5502.279105960888
PL,PL0046,Christian Theological Academy in Warsaw,2022,385.0,4463582.154038179,11593.719880618646,2777810.972877233,7215.093436044761
PL,PL0070,The Karkonosze University of Applied Sciences,2022,805.0,8073476.9175905,10029.163872783229,5024348.605450162,6241.426839068524
PL,PL0091,"The Polish National Film, Television and Theatre School in Łódź",2022,1000.0,20158043.267301947,20158.043267301946,12544909.412944669,12544.90941294467
PL,PL0093,AST National Academy of Theatre Arts in Krakow,2022,500.0,10711760.490211878,21423.520980423757,6666225.646059624,13332.451292119247
PL,PL0094,State Academy of Applied Sciences in Przemyśl,2022,915.0,7834543.203865184,8562.342299306212,4875653.528520518,5328.583091279254
PL,PL0095,Angelus Silesius State University of Applied Sciences,2022,880.0,6181175.397508478,7024.06295171418,3846716.886109985,4371.269188761346
PL,PL0096,Academy of Applied Sciences in Leszno,2022,1235.0,10664200.06240806,8634.979807617863,6636627.472738525,5373.7874273186435
PL,PL0097,Jan Grodek State University in Sanok,2022,1320.0,7525931.920350856,5701.463576023376,4683596.167388661,3548.1789146883793
PL,PL0098,Bronisław Markiewicz State Higher School of Technology and Economics in Jarosław,2022,2435.0,17611554.406454775,7232.671214149806,10960158.767418535,4501.091896270445
PL,PL0099,State Higher Vocational School in Biała Podlaska,2022,1990.0,18906144.45065477,9500.575100831544,11765818.057659889,5912.471385758738
PL,PL0100,President Stanisław Wojciechowski State University of Applied Science in Kalisz,2022,3135.0,20675961.581324216,6595.203056243769,12867224.34433751,4104.377781287882
PL,PL0101,State Higher Vocational School Memorial of Prof. Stanislaw Tarnowski in Tarnobrzeg,2022,845.0,4945735.849315397,5852.941833509346,3077868.590085573,3642.4480356042286
PL,PL0102,Stanisław Staszic State University of Applied Sciences in Piła,2022,1310.0,10853721.68062847,8285.283725670588,6754572.032180279,5156.161856626167
PL,PL0103,Witelon Collegium State University,2022,2625.0,15921496.147502476,6065.3318657152295,9908388.638740104,3774.6242433295633
PL,PL0104,The University College of Applied Sciences in Chelm,2022,2035.0,19278741.1402844,9473.582869918624,11997695.311666418,5895.673371826249
PL,PL0105,Vocational State School of Ignacy Mościcki. in Ciechanów,2022,1425.0,9793676.211899364,6872.755236420607,6094876.336399138,4277.1062009818515
PL,PL0106,University of Applied Sciences in Elbląg,2022,1025.0,11840729.145592516,11551.930873748797,7368814.152493545,7189.086978042483
PL,PL0107,State Higher Vocational School in Głogów,2022,575.0,4823320.040188047,8388.382678587908,3001685.836836602,5220.323194498438
PL,PL0108,Hipolit Cegielski Academy of Applied Sciences in Gniezno,2022,415.0,5603043.593058303,13501.309862791091,3486929.4295896376,8402.23958937262
PL,PL0109,The Jacob of Paradies University,2022,1995.0,16241080.27665287,8140.892369249559,10107274.70604554,5066.3031107997695
PL,PL0110,State University of Applied Sciences in Konin,2022,1620.0,8857418.15800212,5467.542072840814,5512216.982138665,3402.6030753942377
PL,PL0111,Carpathian State College in Krosno,2022,2010.0,14460873.232771777,7194.464294911331,8999402.488209812,4477.3146707511505
PL,PL0112,State Higher Vocational School in Nowy Sącz,2022,2975.0,17249999.142746434,5798.319039578633,10735152.898999168,3608.454755966107
PL,PL0113,University of Applied Sciences in Nysa,2022,1780.0,14686570.951448588,8250.882556993589,9139860.438317578,5134.753055234594
PL,PL0114,Cavalry Captain Witold Pilecki State University of Malopolska in Oświęcim,2022,1805.0,7043401.033504899,3902.161237398836,4383303.813405604,2428.4231653216643
PL,PL0115,Masovian State University in Płock,2022,1650.0,11400135.103161894,6909.172789795087,7094620.259917629,4299.769854495533
PL,PL0116,University of Applied Sciences in Racibórz,2022,1275.0,8664158.914236924,6795.418756264254,5391946.394656538,4228.977564436501
PL,PL0118,Stefan Batory University of Applied Sciences,2022,960.0,6406153.023190423,6673.076065823358,3986726.70237511,4152.8403149740725
PL,PL0120,Prof. Edward F. Szczepanik State Vocational University in Suwałki,2022,1275.0,10110791.450781643,7930.032510416975,6292225.944815518,4935.079172404328
PL,PL0121,University of Applied Sciences in Tarnow,2022,3660.0,22203381.693864465,6066.497730564061,13817780.243699452,3775.349793360506
PL,PL0122,The Univerisity of Applied Sciences in Walcz,2022,465.0,4058889.890923056,8728.795464350658,2525959.7533129896,5432.171512501053
PL,PL0123,Academy of Zamość,2022,1200.0,8185091.331794849,6820.9094431623735,5093809.351059517,4244.841125882931
PL,PL0124,The State Academy of Applied Sciences in Włocławek,2022,1430.0,8970404.177910976,6273.0099146230605,5582531.316019719,3903.8680531606424
PL,PL0130,State Higher Vocational School Podhale in Nowy Targ,2022,1525.0,10055344.290176902,6593.6683870012475,6257719.638932161,4103.422714053876
PL,PL0133,Białystok University of Technology,2022,7205.0,69305590.32195015,9619.096505475385,43130791.0629308,5986.2305430854685
PL,PL0134,Czestochowa University of Technology,2022,5535.0,57755332.97442984,10434.567836392021,35942745.56667592,6493.720969589145
PL,PL0135,Gdańsk University of Technology,2022,14790.0,181874196.32478252,12297.105904312544,113185356.69319904,7652.830067153417
PL,PL0136,Koszalin University of Technology,2022,3400.0,33385980.13229137,9819.405921262167,20777021.403725915,6110.888648154681
PL,PL0137,Tadeusza Kościuszki Cracow University of Technology,2022,13100.0,123112104.7632437,9397.870592614023,76616077.33509742,5848.555521763162
PL,PL0138,Lublin University of Technology,2022,7395.0,66249207.04045208,8958.648687011775,41228718.97740126,5575.215547992057
PL,PL0139,Lodz University of Technology,2022,11300.0,189462673.46525893,16766.60827126185,117907876.4857771,10434.325352723637
PL,PL0140,Opole University of Technology,2022,4745.0,46231273.29586564,9743.155594492231,28771003.60641045,6063.435954986397
PL,PL0141,Poznań University of Technology,2022,15180.0,136054130.41912842,8962.722689007142,84670258.8506434,5577.750912427101
PL,PL0142,Kazimierz Pulaski University of Technology and Humanities in Radom,2022,4140.0,30845834.947827548,7450.684770006654,19196218.603956383,4636.767778733426
PL,PL0143,Rzeszow University of Technology,2022,10735.0,83633212.06052896,7790.70443041723,52047267.45054523,4848.371443925965
PL,PL0145,Silesian University of Technology in Gliwic,2022,16955.0,208083558.21951863,12272.695854881666,129496169.52263077,7637.639016374566
PL,PL0146,Kielce University of Technology,2022,4765.0,49744126.95582401,10439.480998074294,30957149.86876081,6496.778566371629
PL,PL0147,Warsaw University of Technology,2022,24390.0,341595143.1442003,14005.540924321456,212584131.7940292,8716.036563920836
PL,PL0148,Wrocław University of Science and Technology,2022,23175.0,280713783.608626,12112.784621731435,174695973.19732827,7538.121820812439
PL,PL0151,Pomeranian Medical University in Szczecin,2022,5430.0,75590802.01214556,13920.958013286476,47042252.61944901,8663.398272458382
PL,PL0169,Warsaw University of Life Sciences,2022,17100.0,184617064.83237264,10796.319580840505,114892319.83952542,6718.849113422539
PL,PL0170,Warsaw School of Economics,2022,14120.0,82503386.151583,5843.016016401062,51344145.451441504,3636.270924323053
PL,PL0180,,2022,10835.0,145794656.9099781,13455.898191968445,90732058.64151429,8373.978647117146
PL,PL0185,Cracow University of Economics,2022,14390.0,75229143.8780094,5227.876572481542,46817182.73190927,3253.452587346023
PL,PL0186,Poznań University of Economics and Business,2022,8530.0,50855161.8666182,5961.918155523822,31648577.708542287,3710.2670232757664
PL,PL0187,University of Economics in Wrocław,2022,10635.0,64246011.199160576,6040.997762027323,39982074.64629436,3759.480455692935
PL,PL0188,University of Gdańsk,2022,21495.0,180770533.79465005,8409.88759221447,112498516.89037794,5233.706298691693
PL,PL0189,Jan Kochanowski University in Kielce,2022,10415.0,74348607.30585778,7138.608478718942,46269200.40118649,4442.554047161449
PL,PL0190,Adam Mickiewicz University in Poznań,2022,31930.0,293272616.92081374,9184.861162568548,182511683.48946887,5715.993845583115
PL,PL0191,Jagiellonian University in Cracow,2022,37535.0,524682833.3259038,13978.495626106402,326524679.37090546,8699.205524734394
PL,PL0192,The Cardinal Stefan Wyszyński University in Warsaw,2022,10415.0,70511780.37849459,6770.214150599577,43881436.58906127,4213.292039276166
PL,PL0193,Kazimierz Wielki University in Bydgoszcz,2022,7085.0,49954085.49904159,7050.682498100436,31087812.893450845,4387.835270776407
PL,PL0194,University of Łódź,2022,24750.0,203248613.82098487,8212.065204888278,126487249.52519152,5110.595940411778
PL,PL0195,Maria Curie-Skłodowska University in Lublin,2022,16780.0,133508807.42313008,7956.424757039933,83086233.7551482,4951.503799472479
PL,PL0196,Karol Marcinkowski University of Medical Sciences in Poznań,2022,9015.0,118722520.73696376,13169.44212279132,73884317.44947825,8195.709090347005
PL,PL0197,Medical University of Białystok,2022,6045.0,97383662.11865076,16109.78695097614,60604553.89342951,10025.567228028041
PL,PL0198,Medical University of Łódź,2022,10400.0,144845300.02160278,13927.432694384883,90141247.5192591,8667.427646082606
PL,PL0199,Nicolaus Copernicus University in Toruń,2022,19125.0,218769635.3929136,11438.935183943195,136146411.72830287,7118.76662631649
PL,PL0200,The Frederic Chopin University of Music in Warsaw,2022,1035.0,23003062.109735314,22225.18078235296,14315443.54580568,13831.346421068289
PL,PL0201,University of Opole,2022,9035.0,67268893.01132603,7445.367239770451,41863297.8382877,4633.4585321845825
PL,PL0202,Pedagogical University in Cracow,2022,16220.0,67135504.35656261,4139.056988690667,41780286.37886516,2575.8499617056204
PL,PL0203,University of Life Sciences of Lublin,2022,6925.0,71900702.60502213,10382.772939353377,44745801.41268859,6461.487568619291
PL,PL0204,Poznań University of Life Sciences,2022,7810.0,106877642.4841151,13684.717347517937,66512921.19246282,8516.37915396451
PL,PL0205,Wrocław University of Environmental And Life Sciences,2022,7180.0,107804847.9403626,15014.602777209277,67089946.864130095,9344.003741522298
PL,PL0206,Hugo Kołłątaj Agricultural University of Cracow,2022,7485.0,82077571.16061845,10965.607369488103,51079148.97249312,6824.201599531479
PL,PL0207,University of Rzeszów,2022,15480.0,105340141.0696467,6804.918673749787,65556091.4193039,4234.88962657002
PL,PL0208,University of Szczecin,2022,10325.0,80765596.01411383,7822.333754393591,50262670.450908005,4868.055249482615
PL,PL0209,University of Silesia in Katowice,2022,20930.0,177832931.5671624,8496.556692172117,110670365.54917736,5287.642883381623
PL,PL0210,University of Science and Technology,2022,5485.0,50751777.0866409,9252.830827099526,31584238.492563114,5758.293252974132
PL,PL0211,University of Białystok,2022,8840.0,61701202.55530143,6979.774044717356,38398369.64640106,4343.706973574781
PL,PL0212,University of Warmia and Mazury in Olsztyn,2022,16775.0,165001080.1394923,9836.1299636061,102684748.51155546,6121.296483550251
PL,PL0213,University of Warsaw,2022,40880.0,607885224.0346467,14869.99080319586,378303834.7453106,9254.007699249281
PL,PL0214,University of Wrocław,2022,22770.0,224322238.1861886,9851.657364347326,139601950.44920084,6130.959615687345
PL,PL0215,University of Zielona Góra,2022,9040.0,79976305.51145463,8846.936450382149,49771473.079959884,5505.693924774324
PL,PL0221,Medical University of Warsaw,2022,10670.0,174984140.80904162,16399.638313874566,108897484.04856916,10205.949770250156
PL,PL0459,"West Pomeranian University of Technology, Szczecin",2022,6130.0,91426984.28482763,14914.679328683138,56897548.06768955,9281.818608105963
PL,PL0460,The Szczecin Academy of Art,2022,835.0,12983791.049586974,15549.450358786795,8080173.278419155,9676.854225651683
PL,PL0461,State Higher Vocational School in Koszalin,2022,660.0,4518377.801933278,6846.0269726261795,2811911.8243315336,4260.472461108384
PT,PT0001,University of the Azores,2023,2727.0,30915883.887928724,11336.957788019334,25401108.52,9314.671257792446
PT,PT0002,University of Algarve,2023,9943.0,76205934.71434483,7664.2798666745275,62612320.08,6297.125624057126
PT,PT0003,University of Aveiro,2023,15556.0,166185438.5238918,10683.044389553343,136541280.0,8777.402931344819
PT,PT0004,University of Beira Interior,2023,7822.0,60930834.205593824,7789.6745340825655,50061992.0,6400.152390692918
PT,PT0005,University of Coimbra,2023,22625.0,216554511.1365351,9571.470105482214,177925517.44,7864.111268066298
PT,PT0006,University of Évora,2023,8045.0,79928306.18777537,9935.153037635224,65670694.93,8162.920438781852
PT,PT0008,NOVA University Lisbon,2023,22697.0,259415628.08841068,11429.511745535123,213141068.35,9390.715440366568
PT,PT0010,University of Madeira,2023,3574.0,26271978.907524157,7350.861473845595,21585583.31,6039.614804141018
PT,PT0011,University of Minho,2023,19162.0,178966854.68951583,9339.675122091421,147042747.15,7673.663873812755
PT,PT0012,University of Porto,2023,34695.0,311765528.4072929,8985.89215758158,256152793.45,7382.9887145121775
PT,PT0013,University of Tras-os-Montes and Alto Douro,2023,8277.0,65168881.11292325,7873.490529530415,53544056.1,6469.01728887278
PT,PT0014,ISCTE - University Institute of Lisbon,2023,10644.0,70785164.74769358,6650.240957130175,58158507.06,5463.970975197294
PT,PT0015,Open University of Portugal,2023,10121.0,23218962.54959714,2294.137194901407,19077164.01,1884.909002074894
PT,PT0016,Polytechnic Institute of Beja,2023,3163.0,22772357.841824684,7199.6072848007225,18710224.65,5915.34133733797
PT,PT0017,Polytechnic Institute of Bragança,2023,9552.0,49469285.509116136,5178.945300368105,40644954.36,4255.125037688442
PT,PT0018,Polytechnic Institute of Castelo Branco,2023,4675.0,30789927.07090869,6586.080656878865,25297619.88,5411.255589304813
PT,PT0019,Polytechnic Institute of Cávado and Ave,2023,7193.0,22289824.906891264,3098.821758222058,18313765.94,2546.0539329904077
PT,PT0020,Polytechnic Institute of Coimbra,2023,11006.0,64950436.393953405,5901.366199705016,53364577.55,4848.680497001636
PT,PT0021,Polytechnic Institute of Guarda,2023,3238.0,22638488.948662397,6991.503690136627,18600235.29,5744.359261890056
PT,PT0022,Polytechnic Institute of Leiria,2023,11891.0,77225684.16056083,6494.465071109312,63450166.62,5335.982391724834
PT,PT0023,Lisbon Polytechnic Institute (IPL),2023,12355.0,83014799.3963146,6719.125811114092,68206619.48,5520.56814892756
PT,PT0024,Polytechnic Institute of Portalegre,2023,2791.0,21391517.404639617,7664.463419792052,17575698.53,6297.276434969545
PT,PT0025,Polytechnic of Porto,2023,20899.0,112072016.33358487,5362.5540137607,92080610.06,4405.981628786067
PT,PT0026,Polytechnic Institute of Santarém,2023,4677.0,30505433.81368516,6522.436137200162,25063874.53,5358.963979046397
PT,PT0027,Polytechnic Institute of Setúbal,2023,7394.0,42354776.952849254,5728.263044745639,34799531.84,4706.455482823912
PT,PT0028,Polytechnic Institute of Tomar,2023,2644.0,19183482.91180838,7255.477651969886,15761533.23,5961.245548411498
PT,PT0029,IPVC - Polytechnic Institute of Viana do Castelo,2023,5216.0,30546738.72349748,5856.3532828791185,25097811.47,4811.69698427914
PT,PT0030,Polytechnic Institute of Viseu,2023,5701.0,37625208.1132397,6599.75585217325,30913623.49,5422.491403262586
PT,PT0031,Portuguese Maritime College Infante D. Henrique,2023,871.0,6482078.612984104,7442.110921910567,5325805.43,6114.58717566016
PT,PT0032,Nursing School of Coimbra,2023,1584.0,15425861.24972615,9738.548768766508,12674196.12,8001.386439393939
PT,PT0033,Lisbon Nursing School,2023,1333.0,14439538.217180692,10832.36175332385,11863813.39,8900.085063765942
PT,PT0034,Nursing School of Porto,2023,1628.0,10700592.59755118,6572.845575891388,8791820.89,5400.3813820638825
PT,PT0035,Estoril Higher Institute for Tourism and Hotel Studies,2023,1664.0,8244491.942747255,4954.622561747148,6773839.47,4070.816989182692
PT,PT0140,Universidade de Lisboa,2023,47466.0,443907113.531803,9352.10705624664,364722962.62,7683.8781995533645
SE,SE0001,Uppsala University,2023,47650.0,606701259.2684948,12732.45035190965,720659912.1859428,15124.027538005095
SE,SE0002,Lund University,2023,42790.0,718475969.754087,16790.744794439986,853429626.7902569,19944.60450549794
SE,SE0003,University of Gothenburg,2023,49115.0,559145721.6407894,11384.418642793227,664171864.654842,13522.790688279385
SE,SE0004,Stockholm University,2023,55295.0,439808017.3554629,7953.8478588563685,522418574.7499739,9447.84473731755
SE,SE0005,Umeå university,2023,33510.0,375360068.64736813,11201.434456800003,445865160.121267,13305.43599287577
SE,SE0006,Linköping University,2023,37885.0,347306250.8709268,9167.381572414592,412541903.3348434,10889.320399494349
SE,SE0007,Karolinska Institutet,2023,12655.0,574259338.509268,45378.05914731474,682124320.8906871,53901.56624975797
SE,SE0008,KTH Royal Institute of Technology,2023,23165.0,402615695.2753596,17380.345144630242,478240298.94326943,20644.95138973751
SE,SE0009,Chalmers University of Technology,2023,12830.0,295669974.97369725,23045.20459654694,351206619.3128955,27373.85965026465
SE,SE0010,Luleå University of Technology,2023,15705.0,145535889.2115104,9266.850634289105,172872364.3420935,11007.473055848042
SE,SE0011,Stockholm School of Economics,2023,2175.0,51453549.34762998,23656.80429776091,61118235.35561208,28100.338094534287
SE,SE0012,Swedish University of Agricultural Sciences,2023,6585.0,307822572.95616394,46746.024746570074,365641878.9420497,55526.48123645401
SE,SE0013,Karlstad University,2023,15935.0,100359665.27073906,6298.064968355135,119210544.65623584,7481.050809930081
SE,SE0015,Örebro University,2023,16995.0,123626429.23673809,7274.282391099622,146847579.88639927,8640.634297522758
SE,SE0016,Mid-Sweden University,2023,21020.0,84587173.93380222,4024.1281605043873,100475455.43697947,4779.993122596549
SE,SE0017,Blekinge Institute of Technology,2023,6975.0,41640056.03268084,5969.900506477539,49461441.96257449,7091.246159508887
SE,SE0018,Jönköping University,2023,11465.0,84271193.7747985,7350.300372856389,100100123.70631076,8730.930981797712
SE,SE0020,Malmö University,2023,22425.0,147602328.57373375,6582.0436376246935,175326949.66982633,7818.370107907529
SE,SE0021,Mälardalen University,2023,15725.0,94854381.03689796,6032.075105685085,112671185.14130396,7165.099214073383
SE,SE0022,"Swedish School of Sport and Health Sciences, GIH",2023,1575.0,16062750.735245584,10198.571895394021,19079868.975851133,12114.202524349927
SE,SE0023,University of Borås,2023,17755.0,71095218.88682719,4004.236490387338,84449262.98916264,4756.365135970861
SE,SE0024,Dalarna University,2023,13850.0,56554796.881531954,4083.3788362116934,67177666.65505105,4850.373043685997
SE,SE0026,University of Gävle,2023,16585.0,56289888.448026754,3394.024024602156,66862999.616684675,4031.5344960316356
SE,SE0027,Halmstad University,2023,11100.0,55693624.44902419,5017.443644056234,66154737.42899955,5959.886254864824
SE,SE0028,Kristianstad University,2023,10720.0,46995196.15105355,4383.880237971413,55822455.30891731,5207.318592249749
SE,SE0029,University of Skövde,2023,8680.0,41406464.2938342,4770.329987768917,49183973.934557624,5666.356444073459
SE,SE0030,University West,2023,13355.0,52877506.619043775,3959.3790055442737,62809659.11070844,4703.081925174724
SE,SE0031,Södertörn University,2023,11410.0,79907003.35169308,7003.243063250927,94916193.33031328,8318.684779168561
SE,SE0032,Swedish Defence University,2023,1595.0,54836804.890391566,34380.44193754957,65136978.69115239,40838.231154327514
SE,SE0035,"University of Arts, Crafts and Design",2023,785.0,15944158.006292677,20311.029307379205,18939000.59239642,24126.11540432665
SE,SE0036,Royal Institute of Art,2023,245.0,6768073.106513432,27624.788189850744,8039342.091507823,32813.64118982785
SE,SE0037,Royal College of Music in Stockholm,2023,1255.0,15756782.227959134,12555.204962517239,18716429.417709168,14913.48957586388
SE,SE0043,Marie Cederschiöld University College,2023,1525.0,14399389.56903021,9442.222668216531,17104073.320797473,11215.78578412949
SE,SE0046,The Red Cross University College,2023,955.0,8576300.522922793,8980.419395730674,10187214.69143116,10667.240514587602
SE,SE0047,Sophiahemmet University,2023,1175.0,10902683.55470154,9278.879621022588,12950569.745966475,11021.761485928915
SE,SE0050,Linnaeus University,2023,34175.0,168181211.45002896,4921.176633504871,199771230.4422065,5845.53710145447
SE,SE0052,Stockholm University of the Arts,2023,760.0,21533515.596007302,28333.573152641187,25578225.232602708,33655.55951658251
SE,SE0059,University College Stockholm,2023,680.0,2626935.2910545734,3863.1401339037843,3120361.013346343,4588.766196097563
SK,SK0001,Comenius University in Bratislava,2023,22710.0,284051273.5971932,12507.761937348885,225718220.0,9939.15543813298
SK,SK0002,Pavol Jozef Šafárik University in Košice,2023,7585.0,109759805.39590934,14470.640131299848,87219422.0,11498.93500329598
SK,SK0003,University of Prešov in Prešov,2023,8310.0,45397116.17476615,5462.95020153624,36074319.0,4341.073285198556
SK,SK0004,University of Ss. Cyril and Methodius in Trnava,2023,5720.0,27238080.436525267,4761.902174217704,21644441.0,3783.9931818181817
SK,SK0005,Catholic University in Ružomberok,2023,3375.0,19544330.192703854,5790.912649690031,15530687.0,4601.685037037037
SK,SK0007,Selye János University in Komárno,2023,1665.0,10551059.034353964,6336.972393005384,8384283.0,5035.605405405406
SK,SK0010,Slovak Medical University in Bratislava,2023,2115.0,34874385.714771114,16489.07125993906,27712546.99,13102.859096926713
SK,SK0012,University of Veterinary Medicine in Košice,2023,2210.0,37357729.73639602,16903.950106966528,29685909.0,13432.538009049773
SK,SK0013,Constantine the Philosopher University in Nitra,2023,7005.0,38418284.277514696,5484.408890437501,30528667.0,4358.125196288365
SK,SK0014,Matej Bel University in Banská Bystrica,2023,6160.0,39168154.34429974,6358.466614334374,31124543.0,5052.685551948052
SK,SK0015,University of Trnava in Trnava,2023,5535.0,27015318.90581761,4880.816423815286,21467426.0,3878.4870822041553
SK,SK0016,Slovak University of Technology in Bratislava,2023,10815.0,163535536.26237828,15121.177647931418,129951715.0,12015.877484974573
SK,SK0017,Technical University of Košice,2023,11410.0,115871365.4879763,10155.246756176713,92075906.0,8069.755127081507
SK,SK0019,University of Žilina in Žilina,2023,7415.0,103869333.11856076,14008.00176919228,82538623.0,11131.304517869185
SK,SK0020,Alexander Dubček University of Trenčín in Trenčín,2023,2130.0,22440204.923241876,10535.30747570041,17831862.0,8371.766197183098
SK,SK0021,University of Economics in Bratislava,2023,6885.0,44268982.519106165,6429.772333929726,35177860.0,5109.3478576615835
SK,SK0026,Slovak University of Agriculture in Nitra,2023,4480.0,60613166.481886744,13529.724661135435,48165586.0,10751.246875
SK,SK0027,University of Technology in Zvolen,2023,1970.0,32614496.64564664,16555.582053627735,25916751.0,13155.71116751269
SK,SK0028,Academy of Performing Arts in Bratislava,2023,1030.0,14018729.259449888,13610.416756747463,11139829.0,10815.367961165048
SK,SK0029,Academy of Fine Arts and Design in Bratislava,2023,655.0,11038294.11846134,16852.357432765406,8771459.0,13391.540458015266
SK,SK0030,Academy of Arts in Banská Bystrica,2023,500.0,8413500.973397983,16827.00194679597,6685696.0,13371.392
SK,SK0031,Armed Forces Academy of General Milan Rastislav Štefánik in Liptovský Mikuláš,2023,575.0,43687738.20565061,75978.67514026194,34715980.599999994,60375.6184347826
SK,SK0032,Police Academy in Bratislava,2023,1355.0,19387931.815579142,14308.43676426505,15406406.749999998,11370.041881918818
UK,UK0001,Anglia Ruskin University,2023,35890.0,304462175.49963135,8483.203552511322,370266386.13918304,10316.700644725079
UK,UK0002,Aston University,2023,18600.0,141675962.86562425,7616.987250840013,172296761.28720728,9263.266735871359
UK,UK0003,Bath Spa University,2023,24585.0,177132295.94055477,7204.89306245901,215416364.8696812,8762.10554686521
UK,UK0004,The University of Bath,2023,19700.0,244408099.98298323,12406.50253720727,297232665.3560055,15087.95255614241
UK,UK0005,University of Bedfordshire,2023,13790.0,118629582.7109607,8602.580327118252,144269306.38429967,10461.878635554725
UK,UK0006,"Birkbeck, University of London",2023,8440.0,69035149.08582126,8179.5200338650775,83955897.40052196,9947.38120859265
UK,UK0007,Birmingham City University,2023,31415.0,278422734.40602016,8862.732274582848,338598972.1656952,10778.25790755038
UK,UK0008,University of Birmingham,2023,36830.0,606785910.1136342,16475.316592822,737932144.5406363,20036.170093419394
UK,UK0009,University College Birmingham,2023,6885.0,72174743.33037116,10482.896634767052,87774060.40538521,12748.59265147207
UK,UK0010,Bishop Grosseteste University,2023,2375.0,21194388.247083515,8923.952946140427,25775187.114131,10852.710363844632
UK,UK0011,The University of Bolton,2023,11915.0,129833235.64446294,10896.620700332602,157894434.28873637,13251.735987304774
UK,UK0012,The Arts University Bournemouth,2023,3960.0,47583618.52180983,12016.06528328531,57867991.12429437,14613.129071791507
UK,UK0013,Bournemouth University,2023,18620.0,164663729.69804686,8843.379683031519,200252934.61640167,10754.722589495257
UK,UK0014,The University of Bradford,2023,12265.0,102545898.0128193,8360.855932557628,124709412.61683856,10167.909711931396
UK,UK0015,The University of Brighton,2023,16665.0,177421581.04709864,10646.359498775795,215768173.92703983,12947.385174139803
UK,UK0016,The University of Bristol,2023,32150.0,697383198.7747926,21691.545840584527,848110463.4451995,26379.796685698275
UK,UK0017,Brunel University London,2023,15470.0,183601505.03885496,11868.229155711375,223283781.14257467,14433.340733198103
UK,UK0018,Buckinghamshire New University,2023,19670.0,173155098.4136588,8803.00449484793,210579565.1824004,10705.621005714307
UK,UK0019,The University of Buckingham,2023,3055.0,42529637.54277827,13921.321617930693,51721679.94573403,16930.173468325378
UK,UK0020,The University of Cambridge,2023,22715.0,1977898996.0105128,87074.57609555416,2405387507.3293557,105894.2332084242
UK,UK0021,The Institute of Cancer Research,2023,350.0,94737090.88846453,270677.40253847005,115212867.47375804,329179.6213535944
UK,UK0022,Canterbury Christ Church University,2023,38430.0,284871145.2286865,7412.728213080575,346441094.9769485,9014.860655137874
UK,UK0023,University of Central Lancashire,2023,25300.0,268835674.7149691,10625.915996639094,326939836.0523805,12922.523164125712
UK,UK0024,Royal Central School of Speech & Drama,2022,1010.0,22205539.685480017,21985.68285691091,26708569.820348047,26444.128534998064
UK,UK0025,University of Chester,2023,14215.0,132690162.41562518,9334.51722937919,161368836.15585372,11352.01098528693
UK,UK0026,The University of Chichester,2023,6830.0,55503980.0336554,8126.497808734319,67500201.19799033,9882.89915051103
UK,UK0027,"City, University of London",2023,22555.0,190238991.09455657,8434.44872953033,231355844.5141931,10257.408313641901
UK,UK0029,Courtauld Institute of Art,2023,630.0,20270755.733706445,32175.80275191499,24651927.476747263,39130.04361388455
UK,UK0030,Coventry University,2022,35405.0,450113582.07645583,12713.277279380196,541391481.7768189,15291.384882836292
UK,UK0031,Cranfield University,2023,5025.0,158373196.69496495,31517.05406864974,192602812.1730533,38328.91784538374
UK,UK0032,University for the Creative Arts,2023,11780.0,122007411.749135,10357.1656832882,148377194.495223,12595.687138813497
UK,UK0033,University of Cumbria,2023,9450.0,68907523.30352248,7291.801407780157,83800687.52227549,8867.797621404814
UK,UK0035,De Montfort University,2023,25245.0,222080205.71385357,8796.997651568769,270078984.58248544,10698.31588760093
UK,UK0036,University of Derby,2023,20350.0,185324925.78797105,9106.875960096857,225379689.35030296,11075.169009842897
UK,UK0037,University of Durham,2023,21745.0,328210024.7688556,15093.585871182137,399146920.5210453,18355.8022773532
UK,UK0038,University of East Anglia,2023,18395.0,211450396.11261323,11494.992993346737,257151726.27875695,13979.436057556779
UK,UK0039,University of East London,2023,20740.0,242860519.20058993,11709.764667337991,295350601.8694168,14240.626898236103
UK,UK0040,Edge Hill University,2023,14000.0,124433246.98897693,8888.089070641208,151327331.8847078,10809.095134621986
UK,UK0041,The University of Essex,2023,16270.0,209812059.218363,12895.639779862508,255159291.32319295,15682.808317344374
UK,UK0042,The University of Exeter,2023,32880.0,390438465.4654087,11874.649192986883,474824957.7484221,14441.148350012838
UK,UK0043,Falmouth University,2023,7915.0,68726956.45597383,8683.12778976296,83581094.28712678,10559.835033117723
UK,UK0044,University of Gloucestershire,2023,8235.0,75414547.44842973,9157.807826160259,91714091.907242,11137.108914054888
UK,UK0045,"Goldsmiths, University of London",2023,8330.0,87303598.10168466,10480.624021810883,106172754.34300232,12745.82885270136
UK,UK0046,The University of Greenwich,2023,29695.0,273903836.3364783,9223.904237631867,333103392.77296823,11217.490916752593
UK,UK0048,Harper Adams University,2023,5360.0,47723534.194255896,8903.644439226846,58038147.13896458,10828.012525926228
UK,UK0049,University of Hertfordshire,2023,34255.0,360114579.59121937,10512.759585205646,437947090.67706,12784.909959920013
UK,UK0051,The University of Huddersfield,2023,20030.0,159836638.99865758,7979.862156697833,194382552.1102795,9704.57074938989
UK,UK0052,The University of Hull,2023,15580.0,123535139.6320596,7929.084700388935,150235114.22297338,9642.818627918701
UK,UK0053,Imperial College London,2023,22415.0,940427120.9514266,41955.25857467886,1143684107.6581705,51023.15894080618
UK,UK0055,Keele University,2023,13530.0,121580101.72247538,8985.96465058946,147857528.82879776,10928.124821049354
UK,UK0057,King's College London,2023,39435.0,834180075.2519428,21153.29213267257,1014473608.5721842,25725.208788441338
UK,UK0058,Kingston University,2023,18825.0,201904932.9728299,10725.36164530305,245543177.0887226,13043.462262349141
UK,UK0059,The University of Lancaster,2023,18380.0,246693074.17421395,13421.821228194447,300011497.0280183,16322.71474581166
UK,UK0061,Leeds Beckett University,2023,24040.0,223605097.46828264,9301.376766567497,271933455.2018303,11311.707787097768
UK,UK0062,The University of Leeds,2023,38100.0,648939287.9426724,17032.527242589826,789196242.7712437,20713.81214622687
UK,UK0063,Leeds Trinity University,2022,13630.0,54967875.283955194,4032.8595219336166,66114733.336460434,4850.6774274732525
UK,UK0064,The University of Leicester,2023,18480.0,249241808.31552875,13487.11083958489,303111095.7817404,16402.115572605002
UK,UK0065,The University of Lincoln,2023,20190.0,212135793.8323659,10506.973443901234,257985260.81008065,12777.873244679577
UK,UK0066,Liverpool Hope University,2023,5055.0,49670063.71835353,9825.927540722756,60405385.207923755,11949.631099490358
UK,UK0067,Liverpool John Moores University,2023,27175.0,232371570.64796084,8550.931762574455,282594649.2831603,10399.067130935062
UK,UK0069,The University of Liverpool,2023,30740.0,436572822.3260035,14202.108728887557,530930454.4775176,17271.647835963486
UK,UK0070,University of the Arts London,2023,22800.0,405777193.7453913,17797.245339710145,493478885.70804447,21643.810776668615
UK,UK0071,London Business School,2023,2255.0,147049480.98848534,65210.412855204144,178831672.01278472,79304.51087041451
UK,UK0073,London Metropolitan University,2023,14730.0,139864622.1331468,9495.222140743163,170093930.71890917,11547.44947175215
UK,UK0074,London South Bank University,2023,16965.0,188857796.5172342,11132.201386220702,229676128.72072572,13538.233346343986
UK,UK0075,London School of Economics and Political Science,2023,12910.0,313939571.55552197,24317.55008176003,381792156.7274859,29573.366129162347
UK,UK0076,London School of Hygiene and Tropical Medicine,2023,980.0,169702584.6584356,173165.9027126894,206380850.5501328,210592.70464299267
UK,UK0077,Loughborough University,2023,18820.0,217913932.9539224,11578.848722312561,265012244.33483943,14081.41574574067
UK,UK0078,Manchester Metropolitan University,2023,39550.0,383180812.6453516,9688.51612251205,465998689.338806,11782.520590108874
UK,UK0079,The University of Manchester,2023,46915.0,875951521.1102498,18671.03316871469,1065273226.870854,22706.45266696907
UK,UK0080,Middlesex University,2022,17910.0,195251001.76466575,10901.786809864085,234845677.56461373,13112.544810977874
UK,UK0081,Newcastle University,2023,27660.0,433539110.21195334,15673.865155891299,527241058.1864588,19061.49884983582
UK,UK0082,Newman University,2023,4080.0,28509709.01321636,6987.673777749108,34671587.39465848,8497.938086926099
UK,UK0083,The University of Northampton,2023,16420.0,169399118.90941405,10316.633307516082,206011795.95074672,12546.394394077144
UK,UK0084,Northumbria University,2023,30630.0,327085027.13229597,10678.58397428325,397778774.1868727,12986.57441027988
UK,UK0085,Norwich University of the Arts,2023,2860.0,24604360.07487379,8602.923103102723,29922165.1203164,10462.295496614126
UK,UK0086,University of Nottingham,2023,36185.0,550413129.384182,15211.085515660687,669375366.4677681,18498.697428983505
UK,UK0087,Nottingham Trent University,2023,38555.0,368677796.89538467,9562.386121005957,448361098.65599746,11629.129779691284
UK,UK0088,The Open University,2023,133260.0,400397057.989374,3004.6304816852316,486935927.0628543,3654.029169014365
UK,UK0089,Oxford Brookes University,2023,23400.0,225387131.5396396,9631.928698275196,274100644.98327184,11713.7027770629
UK,UK0090,The University of Oxford,2023,27160.0,2015282951.0862377,74200.40320641523,2450851354.924752,90237.53147734728
UK,UK0091,University of St Mark and St John,2022,2675.0,29034113.621074595,10853.874250869007,34921900.65200056,13054.916131588994
UK,UK0092,University of Plymouth,2023,19230.0,220021176.42609996,11441.558836510658,267574931.880109,13914.453035887103
UK,UK0093,The University of Portsmouth,2023,24520.0,247452211.23485035,10091.852007946589,300934708.3778843,12273.030521120894
UK,UK0094,Queen Mary University of London,2023,26080.0,471407097.8842482,18075.42553237148,573293553.6163902,21982.114785904534
UK,UK0096,The University of Reading,2023,20245.0,228014331.9026641,11262.747932954511,277295669.06954557,13696.995261523614
UK,UK0097,Roehampton University,2023,12050.0,138112840.09907544,11461.646481251073,167963531.4271261,13938.882276110051
UK,UK0099,Royal Academy of Music,2023,790.0,26915804.798729416,34070.638985733436,32733188.470780306,41434.41578579786
UK,UK0100,Royal Agricultural University,2023,1015.0,19381156.76227571,19094.73572638001,23570057.14022925,23221.731172639655
UK,UK0101,Royal College of Art,2023,2850.0,86659796.93319972,30406.946292350778,105389806.73495902,36978.879556125976
UK,UK0102,Royal College of Music,2023,975.0,26170848.38057063,26841.895774944238,31827222.66294163,32643.30529532475
UK,UK0103,"Royal Holloway, University of London",2023,12975.0,131652139.3862618,10146.60033805486,160106462.47944906,12339.611751787981
UK,UK0104,Royal Northern College of Music,2023,865.0,22561402.18192819,26082.545875061493,27437657.365571,31719.83510470636
UK,UK0105,Royal Veterinary College,2023,2595.0,82364007.63863942,31739.501980207868,100165557.20346291,38599.44400904159
UK,UK0106,"St George's, University of London",2022,3925.0,80718345.69899288,20565.183617577804,97087105.39893992,24735.568254506987
UK,UK0107,"St Mary's University, Twickenham",2023,7190.0,53533816.10542835,7445.593338724389,65104220.55898551,9054.829006813005
UK,UK0108,The University of Salford,2023,26155.0,174243226.37977654,6661.947099207668,211902873.10730177,8101.811244783092
UK,UK0109,"SOAS, University of London",2023,6280.0,65585471.45909358,10443.546410683692,79760631.87665989,12700.737559977688
UK,UK0111,Sheffield Hallam University,2023,32235.0,304825199.947059,9456.34248323434,370707872.01508415,11500.16665162352
UK,UK0112,The University of Sheffield,2023,31070.0,511143148.858931,16451.340484677534,621617861.7827291,20007.011965971327
UK,UK0113,Solent University,2023,9650.0,89705798.9373972,9295.937713719917,109094149.16244152,11305.09317745508
UK,UK0114,The University of Southampton,2023,26000.0,472959405.54746735,18190.746367210282,575181365.6169881,22122.360216038003
UK,UK0115,Staffordshire University,2023,19030.0,139641513.35816523,7337.967070844205,169822600.8576783,8923.941190629443
UK,UK0117,The University of Sunderland,2023,19975.0,199504622.88944772,9987.715789208896,242624081.67488703,12146.387067578826
UK,UK0118,The University of Surrey,2023,16315.0,214077596.47563767,13121.51985753219,260346750.36503065,15957.508450201081
UK,UK0119,The University of Sussex,2022,20030.0,303669724.7706422,15160.745120850836,365250480.791782,18235.171282665102
UK,UK0120,Teesside University,2023,25045.0,181182287.4321693,7234.269811625845,220341691.6727026,8797.831570081957
UK,UK0121,The University of West London,2022,19375.0,173819575.11528826,8971.332909176168,209068202.073268,10790.61688120093
UK,UK0123,University College London,2023,51440.0,1316404167.218136,25591.060793509645,1600922061.6470642,31122.124060012913
UK,UK0124,The University of Warwick,2023,29435.0,483913479.1733631,16440.070636091834,588502971.9817427,19993.30633537431
UK,UK0125,"University of the West of England, Bristol",2023,35925.0,344390137.8358449,9586.364309974806,418824083.9742927,11658.290437697779
UK,UK0126,The University of Westminster,2023,22040.0,206665847.34065685,9376.853327616009,251333080.39871696,11403.497295767556
UK,UK0127,The University of Winchester,2023,7520.0,74643120.49764602,9925.94687468697,90775934.4209522,12071.267875126623
UK,UK0128,The University of Wolverhampton,2023,19700.0,152920266.97422907,7762.4501002146735,185971326.4121225,9440.168853407233
UK,UK0129,University of Worcester,2023,9160.0,88571347.53918585,9669.361085063958,107714505.80025063,11759.225524044828
UK,UK0131,York St John University,2023,10910.0,94001588.2319575,8616.094246742208,114318398.69393764,10478.313354164771
UK,UK0132,The University of York,2023,22445.0,347686664.523814,15490.606572680508,422833097.644259,18838.6321071178
UK,UK0133,Aberystwyth University,2023,8320.0,80790901.69978635,9710.444915839706,98252451.7412249,11809.188911204916
UK,UK0134,Bangor University,2023,10835.0,116152697.15819924,10720.138177960243,141257085.04351625,13037.109833273304
UK,UK0135,Cardiff University,2023,33015.0,435817466.7700278,13200.589634106553,530011841.9388588,16053.667785517457
UK,UK0136,Cardiff Metropolitan University,2023,11445.0,130667057.42214829,11416.955650690108,158908472.15994665,13884.532298815784
UK,UK0138,Wrexham University,2023,8990.0,55010493.67543346,6119.076048435312,66900056.33543729,7441.608046211045
UK,UK0142,Swansea University,2023,21230.0,252410709.22119913,11889.34099016482,306964899.5734603,14459.015523950084
UK,UK0144,The University of Aberdeen,2023,15450.0,160608065.94944128,10395.344074397493,195320709.5965693,12642.11712599154
UK,UK0145,Abertay University,2023,4950.0,36254230.55833916,7324.086981482659,44089952.74721485,8907.061161053505
UK,UK0146,The University of Dundee,2022,17360.0,290412307.812302,16728.81957444136,349304610.91045547,20121.233347376467
UK,UK0148,The University of Edinburgh,2023,40630.0,912449658.7192044,22457.535287206607,1109659802.94094,27311.34144575289
UK,UK0149,Glasgow Caledonian University,2023,21965.0,149244644.4440243,6794.657156568373,181501281.91862404,8263.204275830823
UK,UK0151,The University of Glasgow,2023,38125.0,578465276.333453,15172.859707106965,703490497.7063429,18452.209775904077
UK,UK0152,Heriot-Watt University,2023,10665.0,209240106.63843143,19619.32551696497,254463721.1280884,23859.701934185505
UK,UK0153,Edinburgh Napier University,2023,14240.0,150777099.2077748,10588.27943874823,183364950.16038355,12876.752118004462
UK,UK0154,Queen Margaret University,2023,6840.0,42727221.161300085,6246.669760423989,51961967.83131561,7596.77892270696
UK,UK0155,The Robert Gordon University,2023,14585.0,116882527.55771522,8013.8860169842455,142144655.60652572,9745.94827607307
UK,UK0156,Royal Conservatoire of Scotland,2023,1225.0,26309818.67685152,21477.403001511444,31996228.97481001,26119.370591681643
UK,UK0157,The University of St Andrews,2023,11895.0,223171169.8084668,18761.762909497,271405741.61579233,22816.792065220037
UK,UK0159,The University of Stirling,2023,12865.0,106839796.55504926,8304.68686786236,129931362.742731,10099.600679574893
UK,UK0160,The University of Strathclyde,2023,23265.0,220810565.524022,9491.10533092723,268534933.71963346,11542.442885004662
UK,UK0161,University of the Highlands and Islands,2023,9530.0,128978615.59114373,13533.957564653067,156855102.95588592,16459.08740355571
UK,UK0162,The University of the West of Scotland,2023,16780.0,163770349.22195542,9759.853946481253,199166465.46867636,11869.276845570701
UK,UK0163,The Queen's University of Belfast,2023,24930.0,299156724.4606629,11999.868610536018,363814254.01533705,14593.431769568273
UK,UK0166,University of Ulster,2023,31915.0,179468320.44470495,5623.321962860879,218257280.49299255,6838.705326429345
UK,UK0167,Guildhall School of Music and Drama,2023,1055.0,41605059.653236024,39436.075500697654,50597270.60554847,47959.49820431135
UK,UK0168,Leeds Arts University,2023,2170.0,20502372.89417459,9448.098107914559,24933604.663194567,11490.140397785515
UK,UK0169,Trinity Laban Conservatoire of Music and Dance,2023,1300.0,22756149.67195447,17504.730516888056,27674496.1427471,21288.07395595931
UK,UK0170,University of Wales Trinity Saint David,2023,15655.0,150893380.47609144,9638.670103870421,183506363.60500813,11721.901220377395
UK,UK0171,Liverpool School of Tropical Medicine,2023,250.0,97121329.5770387,388485.3183081548,118112417.93996252,472449.6717598501
UK,UK0172,University of South Wales,2023,23670.0,216574334.9278678,9149.739540678826,263383115.4646524,11127.296808815057
UK,UK0174,The Liverpool Institute for Performing Arts,2023,1065.0,12021403.316379588,11287.702644487876,14619620.82801596,13727.34350048447
UK,UK0175,Ravensbourne University London,2023,6555.0,50184348.352209345,7655.888383250854,61030823.53211695,9310.575672329054
UK,UK0176,Rose Bruford College of Theatre & Performance,2023,890.0,12914783.792471023,14510.993025248341,15706089.97574127,17647.292107574463
UK,UK0177,University of Suffolk,2023,13915.0,94863771.29459812,6817.3748684583625,115366927.64920267,8290.832026532711
UK,UK0178,Writtle University College,2022,795.0,19651161.657030877,24718.442335887896,23636193.067217037,29731.060461908222
UK,UK0179,Glasgow School of Art,2023,2635.0,42936149.293804005,16294.553811690324,52216052.150519095,19816.338577047096
UK,UK0180,Scotland’s Rural College – SRUC,2023,1795.0,90327856.45408309,50321.925601160496,109850653.60604285,61198.1357136729
UK,UK0181,St Mary's University College,2023,1020.0,9316682.107810698,9134.002066481076,11330321.111992553,11108.157952933876
UK,UK0182,Stranmillis University College,2023,1425.0,11936319.461513735,8376.364534395603,14516147.575851643,10186.77022866782
UK,UK0183,The National Film and Television School,2023,565.0,19437879.33218628,34403.326251657134,23639039.308338795,41839.0076253784
UK,UK0184,Arts University Plymouth,2023,1070.0,12557431.60203445,11735.917385078925,15271502.316651149,14272.432071636587
UK,UK0185,AA School of Architecture,2023,925.0,21427896.159882016,23165.293145818396,26059163.706181955,28172.068871548057
UK,UK0189,Apex College London,2023,820.0,2829510.862372138,3450.623002892851,3441060.485864404,4196.415226663908
UK,UK0190,Arden University,2023,28710.0,124406776.456352,4333.221053861093,151295140.2062567,5269.771515369443
UK,UK0191,Arts Educational Schools,2023,325.0,10014369.717710678,30813.445285263624,12178801.77973994,37473.23624535366
UK,UK0192,BIMM University Limited,2023,7115.0,47765130.74552365,6713.300175056029,58088734.062244914,8164.263395958526
UK,UK0193,Bristol Baptist College,2023,40.0,640965.0399894118,16024.125999735295,779498.4996378437,19487.46249094609
UK,UK0194,BPP University,2023,33750.0,132410331.07073306,3923.269068762461,161028524.1265133,4771.215529674469
UK,UK0195,Brit College,2023,565.0,4715536.311898504,8346.081967961954,5734717.575506732,10149.942611516339
UK,UK0196,Trinity College Bristol,2023,125.0,2401255.459547354,19210.04367637883,2920245.1166373496,23361.960933098795
UK,UK0198,London College of Business Studies,2023,220.0,1176993.325644274,5349.969662019427,1431379.9882730315,6506.272673968325
UK,UK0199,Cambridge Arts and Sciences Limited,2023,120.0,15350072.79396472,127917.27328303932,18667724.39324435,155564.3699437029
UK,UK0200,The Cambridge Theological Federation,2023,115.0,829094.8968594604,7209.520842256177,1008289.3572011637,8767.733540879684
UK,UK0201,Chicken Shed Theatre Company,2023,85.0,3281400.669326325,38604.71375678029,3990618.425137102,46948.452060436495
UK,UK0202,The College of Integrated Chinese Medicine,2023,140.0,1291383.8416305848,9224.17029736132,1570494.0272939445,11217.814480671032
UK,UK0204,The City College,2023,290.0,1394429.8436347824,4808.378771154422,1695811.632692949,5847.626319630858
UK,UK0205,Cliff College,2023,115.0,2493902.323734614,21686.107162909688,3032915.9912162707,26373.182532315397
UK,UK0207,Court Theatre Training Company Ltd,2023,35.0,675943.9581009283,19312.684517169382,822037.5033053956,23486.785808725588
UK,UK0208,The Queen's Foundation for Ecumenical Theological Education,2023,260.0,2067537.6732401825,7952.067974000702,2514400.0275928676,9670.769336895644
UK,UK0209,Empire College London Limited,2023,265.0,756300.9321408989,2853.9657816637696,919762.2414605824,3470.800911172009
UK,UK0211,University College of Estate Management,2023,3190.0,18957628.24027681,5942.830169365771,23054990.285011325,7227.269681821732
UK,UK0214,Met Film School Limited,2023,530.0,13266463.725916542,25031.063633804795,16133779.418020442,30441.093241548006
UK,UK0216,Futureworks,2023,440.0,3867533.8917355216,8789.849753944367,4703434.162269054,10689.623096066032
UK,UK0219,ICON College of Technology and Management,2023,1705.0,7498723.742177012,4398.078441159538,9119442.624081677,5348.646700341159
UK,UK0220,Institute of Contemporary Music Performance,2023,1850.0,12921401.425627258,6984.541311149869,15714137.895354051,8494.12859208327
UK,UK0221,The Islamic College,2023,120.0,856510.805649568,7137.590047079733,1041630.7384541096,8680.256153784247
UK,UK0222,Kaplan Open Learning,2023,1775.0,11956172.360982437,6735.871752666161,14540291.334689984,8191.7134279943575
UK,UK0227,London Bridge Business Academy,2023,150.0,690124.6005785703,4600.830670523802,839283.0453327815,5595.220302218543
UK,UK0228,Bloomsbury Institute,2023,590.0,12255856.605343267,20772.63831414113,14904747.12286874,25262.28325909956
UK,UK0229,London Churchill College Ltd,2023,1325.0,2782242.0541133317,2099.8053238591183,3383575.3457731176,2553.641770394806
UK,UK0231,City and Guilds of London Art School,2023,275.0,3304089.6972905523,12014.8716265111,4018211.29238092,14611.67742683971
UK,UK0233,The London College UCK,2023,810.0,4412070.562876969,5447.000694909838,5365662.976120673,6624.275279161325
UK,UK0234,London School of Academics Ltd,2023,155.0,547372.7996369756,3531.437417012746,665677.9222570966,4294.69627262643
UK,UK0235,London School of Management Education,2023,795.0,3328669.4775851313,4187.005632182555,4048103.5652283886,5091.954170098602
UK,UK0236,London School of Theology,2023,240.0,3357030.762540415,13987.628177251729,4082594.649283161,17010.811038679836
UK,UK0238,London Studio Centre,2023,315.0,4468793.132787537,14186.64486599218,5434645.144230217,17252.841727714975
UK,UK0240,Luther King House Educational Trust,2023,55.0,1136342.150541701,20660.766373485472,1381942.7677945253,25126.23214171864
UK,UK0241,Istituto Marangoni Limited,2023,1400.0,16926014.861313317,12090.010615223799,20584278.963887837,14703.056402777027
UK,UK0242,The Markfield Institute of Higher Education,2023,100.0,632456.6545028267,6324.566545028268,769151.174421412,7691.511744214121
UK,UK0243,Matrix College of Counselling and Psychotherapy Ltd,2023,105.0,457562.06394524383,4357.733942335655,556456.1560836524,5299.582438891927
UK,UK0245,St Mellitus College,2023,300.0,3714382.9529769896,12381.276509923298,4517182.308373285,15057.274361244285
UK,UK0246,The Metanoia Institute,2023,570.0,5326249.314602281,9344.297043161896,6477425.585486152,11363.904535940617
UK,UK0248,Mountview Academy of Theatre Arts,2023,420.0,8803342.850120064,20960.340119333487,10706032.49060118,25490.55354905043
UK,UK0249,Mont Rose College of Management and Sciences,2023,890.0,6337801.8113407325,7121.125630719924,7707607.583439682,8660.233239819867
UK,UK0250,Moorlands College,2023,180.0,1742328.272419596,9679.601513442201,2118902.263764817,11771.67924313787
UK,UK0251,All Nations Christian College,2023,50.0,1715857.7397946643,34317.154795893286,2086710.5853136964,41734.21170627393
UK,UK0252,Nazarene Theological College,2023,140.0,1496530.4694738036,10689.503353384313,1819979.5352901276,12999.853823500911
UK,UK0253,Nelson College London Ltd,2023,1770.0,15561837.054964172,8791.99833613795,18925257.82085331,10692.236056979273
UK,UK0254,New College of the Humanities,2023,840.0,52195163.45553896,62137.09935183209,63476241.39160027,75566.95403761938
UK,UK0256,Norland College,2023,285.0,5025619.694076274,17633.753312548328,6111820.094505571,21444.982787738845
UK,UK0258,Northern College of Acupuncture,2023,150.0,1142959.7836979334,7619.731891319556,1389990.6874073052,9266.604582715368
UK,UK0264,Pearson College,2023,665.0,10857645.25704778,16327.286100823729,13204336.678968487,19856.1453819075
UK,UK0265,Point Blank Music School,2023,860.0,7922252.264175916,9211.921237413855,9634509.4792996,11202.91799918558
UK,UK0266,Royal Academy of Dance,2023,215.0,21007203.766378645,97707.9244947844,25547545.959369503,118825.79515985816
UK,UK0267,"Richmond, The American International University in London",2023,1175.0,23018018.86970826,19589.803293368732,27992963.818852827,23823.798994768364
UK,UK0268,Regent's University London,2023,2405.0,46014294.087617464,19132.762614393956,55959484.473263666,23267.976911959944
UK,UK0269,Regents Theological College,2023,135.0,67017716.3493354,496427.5285135956,81502431.62142587,603721.7157142657
UK,UK0270,Regent College,2023,4915.0,49734349.29758551,10118.891006629809,60483564.9984479,12305.913529694386
UK,UK0271,SAE Education Limited,2023,775.0,9861218.778952146,12724.153263164058,11992549.92584417,15474.257968831187
UK,UK0272,The Salvation Army,2022,45.0,251724205.16920316,5593871.225982293,302771002.3922323,6728244.497605162
UK,UK0273,London School of Science and Technology Limited,2023,165.0,54355347.992966406,329426.35147252365,66103312.293772064,400626.1351137701
UK,UK0274,The Sherwood Psychotherapy Training Institute Limited,2023,240.0,1268694.813666358,5286.228390276491,1542901.1600501272,6428.754833542197
UK,UK0276,Spurgeon's College,2022,215.0,3194922.4424533728,14860.10438350406,3842816.267179511,17873.564033393075
UK,UK0278,The University of Law,2023,18285.0,144396755.4690011,7897.006041509495,175605605.95086172,9603.806724137912
UK,UK0279,Waverley Abbey College,2023,250.0,3547051.3717408157,14188.205486963263,4313684.912450132,17254.73964980053
UK,UK0280,West Dean College,2023,240.0,15890827.960445462,66211.78316852276,19325354.395888664,80522.30998286944
UK,UK0282,The University College of Osteopathy,2022,465.0,5539685.480018329,11913.302107566298,6663070.500492519,14329.183872026922
UK,UK0293,LAMDA Limited,2023,385.0,15136417.780634915,39315.37085879199,18407891.560031734,47812.705350731776
UK,UK0294,Northern School of Contemporary Dance,2023,260.0,4055663.7486055703,15598.70672540604,4932225.019832374,18970.096230124513
UK,UK0295,"The Place, London Contemporary Dance School (LCDS)",2023,250.0,9548299.268278848,38193.19707311539,11611998.298439857,46447.99319375942
UK,UK0296,AECC University College,2023,1420.0,14699653.992323546,10351.869008678554,17876728.865588248,12589.245679991724
UK,UK0297,Christ the Redeemer College,2023,345.0,1762181.1718882944,5107.771512719694,2143046.022603157,6211.727601748281
UK,UK0298,Global Banking School Limited,2023,1790.0,159915105.2203672,89338.04760914369,194477977.44283104,108646.91477253131
UK,UK0299,Hartpury University,2023,2535.0,47082569.15426648,18573.005583537073,57258648.63932674,22587.23812202238
UK,UK0300,College of Legal Practice Limited,2023,795.0,2502410.709221199,3147.686426693332,3043263.3164327024,3828.004171613462
UK,UK0301,Applied Business Academy Limited,2022,2360.0,7079136.971209625,2999.634309834587,8514705.192551246,3607.925929047138
UK,UK0302,Hult International Business School Ltd,2023,1675.0,15822760.87655278,9446.424403912108,19242575.79415721,11488.104951735648
UK,UK0303,ACM Guildford Limited,2023,945.0,12296507.78044584,13012.177545445333,14954184.343347246,15824.533696663751
UK,UK0304,LIBF Limited,2023,700.0,15303749.36187109,21862.49908838727,18611388.955954887,26587.698508506983
UK,UK0305,British Academy of Jewellery Limited,2022,780.0,3502032.7779348535,4489.785612736991,4212205.075284957,5400.262917031996
UK,UK0306,The College of Health Ltd,2023,360.0,2856926.7711622454,7935.907697672904,3474401.8671173505,9651.116297548197
UK,UK0307,ESCP Europe Business School,2023,830.0,10778233.659172986,12985.823685750585,13107761.643615128,15792.483907970034
UK,UK0308,Sotheby's Institute of Art,2023,170.0,8861956.172360983,52129.153955064605,10777314.064314377,63395.96508420222
UK,UK0309,Leeds Conservatoire,2023,1385.0,14293142.241297811,10319.95829696593,17382356.660803184,12550.438022240565
UK,UK0310,London Film School Limited,2023,315.0,6033390.686154021,19153.62122588578,7337403.2812517965,23293.343750005704
UK,UK0311,Paris Dauphine International,2023,150.0,2007033.5986689103,13380.22399112607,2440819.0482760207,16272.126988506805
UK,UK0312,University Centre Peterborough,2023,570.0,4198415.549547165,7365.641314995026,5105830.142908058,8957.596741943962
