country_code,institution_id,institution_name_en,year,students_total_calc,academic_personnel_fte,students_per_teacher
AT,AT0001,University of Vienna,2023,74617.35040465699,2551.4605,29.244956135772817
AT,AT0002,University of Graz,2023,21928.439915802002,1086.3807,20.184857772051735
AT,AT0003,University of Innsbruck,2023,25346.554916251003,1226.2689,20.66965484996888
AT,AT0004,University of Salzburg,2023,13526.927864799,732.3025,18.471776164630054
AT,AT0005,Vienna University of Technology,2023,23767.922988298,1279.35,18.578124038220974
AT,AT0006,Graz University of Technology,2023,12475.701470332,781.0523,15.972939930311966
AT,AT0007,University of Leoben,2023,2629.577777778,290.8408,9.04129605536087
AT,AT0008,"University of Natural Resources and Life Sciences, Vienna",2023,9082.667030179,532.9511,17.042214623778804
AT,AT0009,University of Veterinary Medicine Vienna,2023,2027.245623932,417.3375,4.857568811650044
AT,AT0010,Vienna University of Economics and Business,2023,19084.727562394,624.0293,30.583063267051724
AT,AT0011,University of Linz,2023,18475.896113232,796.5921,23.193672286270477
AT,AT0012,University of Klagenfurt,2023,7179.076244741001,381.5963,18.813275298374226
AT,AT0013,University for Continuing Education Krems,2023,7796.816666667,235.7196,33.07665831210896
AT,AT0014,Medical University of Vienna,2023,7120.615786012,1737.56,4.0980546202790125
AT,AT0015,Medical University of Graz,2023,3993.5858749999998,650.3327,6.1408351064001545
AT,AT0016,Medical University of Innsbruck,2023,3513.6400000000003,502.4793,6.992606461599513
AT,AT0017,Academy of Fine Arts Vienna,2023,1350.6,155.3875,8.691818839996783
AT,AT0018,University of Applied Arts Vienna,2023,1763.275,248.4649,7.096676431962825
AT,AT0019,University of Music and Performing Arts in Vienna,2023,2454.255555556,589.1708,4.1656096255211565
AT,AT0020,University Mozarteum Salzburg,2023,1352.585854485,321.1018,4.21232722608531
AT,AT0021,University of Music and Performing Arts Graz,2023,1382.55253794,294.8891,4.688381286185214
AT,AT0022,University of Art and Design Linz,2023,1190.689809911,143.882,8.275460515637814
AT,AT0023,Catholic Private University Linz,2023,231.08333333299998,36.52,6.327583059501642
AT,AT0025,"Private University for Health Sciences, Medical Informatics and Technology",2023,1035.533333333,108.27,9.564360703177242
AT,AT0026,Paracelsus Medical University,2023,2358.199999999,217.18,10.858274242559167
AT,AT0027,Webster University Vienna - Private University,2023,505.833333333,21.8,23.203363914357798
AT,AT0028,Anton Bruckner Private University,2023,735.8166666669999,123.15,5.974962782517254
AT,AT0030,New Design University St. Pölten (NDU),2023,558.5833333329999,25.29,22.087122709885328
AT,AT0031,Music and Arts University of the City of Vienna,2023,792.4166666670001,166.4,4.762119391027644
AT,AT0032,Sigmund Freud Private University Vienna,2023,5980.784482757999,251.58,23.77289324571905
AT,AT0033,MODUL University Vienna Private University,2023,643.0,46.83,13.730514627375614
AT,AT0034,Private University Schloss Seeburg,2023,1050.8333333330002,29.33,35.82793499260144
AT,AT0035,University College of Teacher Education Burgenland,2023,1111.372461396,58.728,18.92406452451982
AT,AT0036,University College of Teacher Education Carinthia,2023,929.742463724,77.4635,12.002329661376004
AT,AT0037,University College of Teacher Education Lower Austria,2023,2543.59573852,114.386,22.236949788610495
AT,AT0038,University College of Teacher Education Upper Austria,2023,2801.641314235,168.286,16.648094994443984
AT,AT0039,Private University College of Teacher Education of the Diocese of Linz,2023,1718.3713829110002,123.2405,13.94323605398388
AT,AT0040,University College of Teacher Education Salzburg Stefan Zweig,2023,1230.571742649,96.391,12.766458929246506
AT,AT0041,University College of Teacher Education Styria,2023,2951.251613361,131.738,22.40243220149843
AT,AT0042,Private University College of Teacher Education Augustinum,2023,824.4504791290001,63.9981,12.882421183269505
AT,AT0043,University College of Teacher Education Tyrol,2023,1398.7117350089998,125.3152,11.161548918319562
AT,AT0044,University College of Teacher Education Edith Stein,2023,464.461247672,51.513,9.016389021645022
AT,AT0045,University College of Teacher Education Vorarlberg,2023,746.5316343879999,52.592,14.194775524566474
AT,AT0046,University College of Teacher Education in Vienna,2023,4417.775673708,205.6559,21.48139525152451
AT,AT0047,Christian University College of Teacher Education Vienna/Krems,2023,2919.35332062,176.8233,16.51000360597274
AT,AT0048,University College of Teacher Education for Agricultural and Environmental Education Vienna,2023,910.201190477,33.91,26.841674741285757
AT,AT0049,University of Applied Sciences Burgenland,2023,9553.942857142,170.53,56.02499769625285
AT,AT0050,Salzburg University of Applied Sciences,2023,3689.083333333,304.1583,12.128826776494346
AT,AT0051,St. Pölten University of Applied Sciences,2023,3522.141666667,252.31,13.959580146117872
AT,AT0052,CAMPUS 02 University of Applied Sciences,2023,1470.16025641,91.6229,16.045773015370614
AT,AT0053,University of Applied Sciences BFI Vienna,2023,6025.4,144.89,41.58603078197253
AT,AT0054,Management Center Innsbruck,2023,3416.583333333,255.6,13.366914449659625
AT,AT0055,Federal Ministry of Defence,2023,276.166666667,50.21,5.500232357438757
AT,AT0056,University of Applied Sciences Kufstein Tirol,2023,1673.0833333330002,59.8263,27.965682874137297
AT,AT0057,University of Applied Sciences Upper Austria,2023,5452.725,637.4566,8.553876452138075
AT,AT0058,University of Applied Sciences Campus Vienna,2023,7545.351165501,582.2154,12.959724468815148
AT,AT0059,Lauder Business School,2023,414.666666666,8.8397,46.90958592101542
AT,AT0060,Health University of Applied Sciences Tyrol,2023,1825.166666667,171.4139,10.647716822655571
AT,AT0061,Ferdinand Porsche FERNFH,2023,907.733333333,30.0465,30.210950804020435
AT,AT0062,FHWien der WKW,2023,3605.741666667,130.0246,27.73122675760587
AT,AT0063,Vorarlberg University of Applied Sciences,2023,1681.666666666,182.2852,9.225470124102232
AT,AT0064,University of Applied Sciences Technikum Vienna,2023,4787.075,285.6449,16.758832382444076
AT,AT0065,IMC University of Applied Sciences Krems,2023,3090.366666666,193.2683,15.99003388898231
AT,AT0066,University of Applied Sciences Wiener Neustadt,2023,4231.416666667,337.6637,12.531452645537556
AT,AT0067,Carinthia University of Applied Sciences,2023,2916.75,277.4391,10.513118014007398
AT,AT0068,FH JOANNEUM University of Applied Sciences,2023,5139.666666666,495.1301,10.380436710807928
AT,AT0069,Danube Private University,2023,2450.916666667,112.47,21.791737055810437
AT,AT0070,University of Applied Sciences for Health Professions Upper Austria,2023,1776.666666667,139.9626,12.693867266448322
AT,AT0071,Karl Landsteiner University of Health Sciences,2023,787.090909091,115.73,6.801096596310377
AT,AT0072,JAM MUSIC LAB Private University for Jazz and Popular Music,2023,197.533333333,14.56,13.566849816826922
AT,AT0075,Central European University Private University,2023,1750.083333333,207.25,8.44431041415199
AT,AT0076,Stella Vorarlberg Private University College of Music,2023,97.0,76.32,1.2709643605870022
AT,AT0077,University of Sustainability - Charlotte Fresenius Privatuniversität,2023,56.5,4.0,14.125
AT,AT0078,Joseph Haydn Private University College Burgenland (JHP),2023,197.333333333,36.49,5.407874303453001
AT,AT0803,Gustav Mahler Private University of Music,2023,283.0,75.06,3.7703170796695975
AT,AT0804,Bertha von Suttner St. Pölten Private University,2023,322.333333333,24.28,13.27567270728995
BE,BE0056,KU Leuven,2023,56795.0,3310.0,17.158610271903324
BE,BE0058,Hasselt University,2023,5325.0,385.0,13.831168831168831
BE,BE0059,University of Antwerp,2023,20065.0,1100.0,18.240909090909092
BE,BE0060,Ghent University,2023,46540.0,2625.0,17.72952380952381
BE,BE0061,The Vrije Universiteit Brussel,2023,18820.0,970.0,19.4020618556701
BE,BE0062,University college Arteveldehogeschool,2023,14255.0,665.0,21.43609022556391
BE,BE0064,Erasmus University College Brussels,2023,6425.0,450.0,14.277777777777779
BE,BE0066,Antwerp maritime academy,2023,500.0,35.0,14.285714285714286
BE,BE0068,University College Ghent,2023,16745.0,810.0,20.67283950617284
BE,BE0071,"Howest, University College West Vlaanderen",2023,9095.0,405.0,22.45679012345679
BE,BE0072,LUCA School of Arts,2023,3740.0,295.0,12.677966101694915
BE,BE0073,Karel de Grote University College,2023,13530.0,550.0,24.6
BE,BE0074,Catholic University College Vives Noord,2023,4080.0,215.0,18.976744186046513
BE,BE0075,Thomas More Kempen,2023,7900.0,445.0,17.752808988764045
BE,BE0076,UC Leuven,2023,10060.0,425.0,23.67058823529412
BE,BE0077,UC Limburg,2023,5330.0,250.0,21.32
BE,BE0080,Catholic University College Vives Zuid,2023,11675.0,545.0,21.422018348623855
BE,BE0090,ODISEE,2023,11515.0,510.0,22.57843137254902
BE,BE0091,AP University College Antwerpen,2023,15970.0,705.0,22.652482269503547
BE,BE0092,PXL University College,2023,9800.0,605.0,16.198347107438018
BE,BE0093,Thomas More Mechelen-Antwerpen,2023,9500.0,445.0,21.348314606741575
CH,CH0001,University of Basel,2023,13439.0,1637.88,8.205118812122988
CH,CH0002,University of Bern,2023,18368.0,1857.55,9.888293720222874
CH,CH0003,University of Fribourg,2023,10167.0,704.04,14.440940855633203
CH,CH0004,University of Geneva,2023,17399.0,1988.53,8.74967941142452
CH,CH0005,University of Lausanne,2023,16937.0,1800.57,9.406465730296517
CH,CH0006,University of Lucerne,2023,3561.0,157.24,22.64690918341389
CH,CH0007,University of Neuchâtel,2023,4295.0,325.04,13.213758306669947
CH,CH0008,University of Sankt Gallen,2023,10355.0,504.46,20.526900051540263
CH,CH0009,University of Zurich,2023,28812.0,2944.53,9.784923230532547
CH,CH0010,Università della Svizzera italiana,2023,4307.0,434.89,9.903653797512014
CH,CH0011,Federal Institute of Technology Lausanne,2023,13637.0,1773.86,7.687754388734174
CH,CH0012,Federal Institute of Technology Zurich,2023,24751.0,2985.13,8.291431193951352
CH,CH0013,Bern University of Applied Sciences,2023,7774.0,1136.12,6.842587050663663
CH,CH0014,University of Applied Sciences and Arts Western Switzerland,2023,20839.0,2494.73,8.35320856365218
CH,CH0015,University of Applied Sciences and Arts Northwestern Switzerland,2023,14774.0,1444.85,10.22528290133924
CH,CH0016,Lucerne University of Applied Sciences and Arts,2023,8672.0,1079.53,8.033125526849648
CH,CH0017,University of Applied Sciences and Arts of Southern Switzerland,2023,6718.0,864.07,7.774833057506915
CH,CH0019,Zurich University of Applied Sciences,2022,23635.0,2353.35,10.04313000616143
CH,CH0020,Kalaidos University of Applied Sciences,2023,2416.0,86.22,28.021340756205056
CH,CH0021,Vaud University of Teacher Education,2023,2499.0,257.79,9.693936925404397
CH,CH0022,Valais University of Teacher Education,2023,494.0,62.18,7.944676744934062
CH,CH0023,Fribourg University of Teacher Education,2023,546.0,84.62,6.452375324982273
CH,CH0024,"University of teacher Education of Bern, Jura and Fribourg",2023,609.0,85.4,7.131147540983606
CH,CH0026,Bern University of Teacher education,2023,2932.0,311.0,9.427652733118972
CH,CH0028,Zurich inter-cantonal university of applied sciences for special needs education,2023,1351.0,98.63,13.697657913413769
CH,CH0029,University of Teacher Education St. Gallen,2023,1241.0,198.73,6.244653550042772
CH,CH0030,University of Teacher Education Thurgau,2023,716.0,85.2,8.4037558685446
CH,CH0031,Schaffhausen University of Teacher Education,2023,165.0,23.8,6.932773109243697
CH,CH0032,Grisons University of Teacher Education,2023,516.0,93.9,5.495207667731629
CH,CH0033,Swiss Federal Institute for Vocational Education and Training (SFIVET),2023,565.0,102.2,5.528375733855186
CH,CH0035,Swiss Distance Education University,2023,2102.0,59.36,35.411051212938006
CH,CH0036,Luzern University of Teacher Education,2023,2631.0,212.8,12.363721804511277
CH,CH0037,Schwyz University of Teacher Education,2023,332.0,47.48,6.992417860151643
CH,CH0038,Zug University of Teacher Education,2023,460.0,64.89,7.088919710278933
CH,CH0039,The Graduate Institute of International and Development Studies,2023,1119.0,177.95,6.288283225625176
CH,CH0047,ZHAW Zurich University of Applied Sciences,2023,16328.0,1548.4,10.545078791010074
CH,CH0048,Zurich University of the Arts,2023,2326.0,370.05,6.285637076070801
CH,CH0049,Zurich University of Teacher Education,2023,3808.0,426.73,8.92367539193401
CH,CH0051,HWZ University of Applied Sciences for Business Administration Zurich,2023,1531.0,57.54,26.607577337504345
CH,CH0811,University of Applied Sciences of the Grisons,2023,2017.0,270.52,7.456010646162946
CH,CH0816,,2023,120.0,5.45,22.01834862385321
CH,CH0817,Eastern Switzerland University of Applied Sciences,2023,4328.0,574.57,7.532589588735924
CH,CH0820,University of Teacher Education NMS Bern,2023,264.0,22.94,11.50828247602441
CH,CH0823,Swiss Federal Institute of Sport Magglingen,2023,185.0,71.84,2.5751670378619154
CY,CY0001,University of Cyprus,2023,7609.0,737.0,10.324287652645861
CY,CY0002,Open University of Cyprus,2023,3132.0,89.0,35.19101123595506
CY,CY0003,Cyprus University of Technology,2023,2982.0,225.0,13.253333333333334
CY,CY0004,University of Nicosia,2023,13334.0,331.0,40.283987915407856
CY,CY0005,Frederick University,2023,5721.0,180.0,31.783333333333335
CY,CY0006,European University - Cyprus,2023,9643.0,160.0,60.26875
CY,CY0010,The Cyprus Police Academy,2023,439.0,48.0,9.145833333333334
CY,CY0013,Alexander College,2023,459.0,26.0,17.653846153846153
CY,CY0014,American College,2023,637.0,32.0,19.90625
CY,CY0016,Casa College,2023,215.0,10.0,21.5
CY,CY0017,C.D.A. College,2023,997.0,69.0,14.44927536231884
CY,CY0018,College of Tourism and Hotel Management,2023,208.0,15.0,13.866666666666667
CY,CY0019,Cyprus College,2023,550.0,33.0,16.666666666666668
CY,CY0021,,2023,333.0,34.0,9.794117647058824
CY,CY0024,Global College,2023,1008.0,42.0,24.0
CY,CY0025,Intercollege,2023,283.0,26.0,10.884615384615385
CY,CY0026,KES College,2023,241.0,27.0,8.925925925925926
CY,CY0032,Internapa College,2023,166.0,14.0,11.857142857142858
CY,CY0033,The CTL Eurocollege,2023,393.0,16.0,24.5625
CY,CY0034,The Cyprus Institute of Marketing,2023,286.0,29.0,9.862068965517242
CY,CY0035,The Philips College,2023,91.0,13.0,7.0
CY,CY0037,Ledra College,2023,267.0,15.0,17.8
CY,CY0038,Neapolis University,2023,3369.0,90.0,37.43333333333333
CY,CY0039,The Cyprus Institute,2023,118.0,22.0,5.363636363636363
CY,CY0041,Cyprus School of Molecular Medicine-The Cyprus Institute of Neurology and Genetics,2023,82.0,6.0,13.666666666666666
CY,CY0042,University of Central Lancashire - Cyprus,2023,1487.0,82.0,18.134146341463413
CY,CY0044,City Unity College Nicosia,2023,862.0,24.0,35.916666666666664
CY,CY0045,American University of Cyprus,2023,362.0,21.0,17.238095238095237
CY,CY0047,Philips University,2023,738.0,15.0,49.2
CY,CY0050,Post-Secondary Institutes of Vocational Education and Training,2023,444.0,93.0,4.774193548387097
CY,CY0054,American University of Beirut Mediterraneo,2023,47.0,13.0,3.6153846153846154
CZ,CZ0001,Academy of Performing Arts in Prague,2023,1540.0,280.80899999999997,5.484154710141057
CZ,CZ0002,Academy of Fine Arts in Prague,2023,349.0,81.093,4.303700689332001
CZ,CZ0003,"Czech University of Life Sciences, Prague",2023,19967.0,929.415,21.483406228649205
CZ,CZ0004,Czech Technical University in Prague,2023,17542.0,2380.1009999999997,7.370275463100096
CZ,CZ0005,Janáček Academy of Music and Performing Arts in Brno,2023,702.0,176.573,3.975692772960758
CZ,CZ0006,University of South Bohemia in České Budějovice,2023,9052.0,808.76,11.192442751867056
CZ,CZ0007,Masaryk University,2023,33139.0,2488.834,13.315070430571105
CZ,CZ0008,Mendel University in Brno,2023,9160.0,744.537,12.302948006613505
CZ,CZ0009,University of Ostrava,2023,9230.0,636.572,14.499538151222485
CZ,CZ0010,Silesian University in Opava,2023,5339.0,274.056,19.481419855795895
CZ,CZ0011,Technical University of Liberec,2023,6283.0,602.4559999999999,10.428977385900383
CZ,CZ0012,University of Hradec Králové,2023,6227.0,401.333,15.515793617768784
CZ,CZ0013,University of J. E. Purkyně in Ústí nad Labem,2023,8349.0,491.30999999999995,16.99334432435733
CZ,CZ0014,Charles University,2023,51971.0,5123.043,10.14455666290523
CZ,CZ0015,"Palacký University, Olomouc",2023,23053.0,1733.7910000000002,13.296296958514606
CZ,CZ0016,University of Pardubice,2023,6868.0,600.443,11.43822144649867
CZ,CZ0017,Tomas Bata University in Zlín,2023,8815.0,539.441,16.340990024859067
CZ,CZ0018,"University of Veterinary and Pharmaceutical Sciences, Brno",2023,2174.0,214.486,10.135859683149484
CZ,CZ0019,VŠB – Technical University of Ostrava,2023,11809.0,1069.257,11.044117550785264
CZ,CZ0020,"University of Economics, Prague",2023,14405.0,543.1210000000001,26.52263491929054
CZ,CZ0021,"University of Chemistry and Technology, Prague",2023,4166.0,873.4759999999999,4.769449876127107
CZ,CZ0022,"College of Polytechnics, Jihlava",2023,2179.0,82.017,26.5676628016143
CZ,CZ0023,Institute of Technology and Business in České Budějovice,2023,2693.0,122.212,22.03547933099859
CZ,CZ0024,"Academy of Arts, Architecture and Design in Prague",2023,534.0,82.8,6.449275362318841
CZ,CZ0025,Brno University of Technology,2023,17205.0,1684.966,10.210888528314518
CZ,CZ0026,University of West Bohemia in Pilsen,2023,11272.0,1061.623,10.617705155219884
CZ,CZ0029,University College Prague,2023,1599.0,52.0,30.75
CZ,CZ0033,Škoda Auto University,2023,1108.0,52.487,21.10998914016804
CZ,CZ0038,"STING College, Brno",2023,94.0,7.48,12.566844919786096
CZ,CZ0039,"Metropolitan University, Prague",2023,2843.0,94.16,30.193288020390824
CZ,CZ0040,"Jan Amos Komensky University, Prague",2022,1081.0,49.51,21.833972934760656
CZ,CZ0042,Anglo-American University,2023,235.0,57.988,4.052562599158446
CZ,CZ0043,Prague College of Psychosocial Studies,2023,427.0,25.0,17.08
CZ,CZ0046,"University of New York in Prague, s.r.o.",2023,582.0,29.47,19.74889718357652
CZ,CZ0053,College of European and Regional Studies,2023,362.0,8.033999999999999,45.05850136918099
CZ,CZ0056,Film Academy of Miroslav Ondříček in Písek,2023,134.0,2.667,50.24371953505812
CZ,CZ0057,College of Physical Education and Sport Palestra,2023,664.0,15.373,43.19261042086776
CZ,CZ0058,"NEWTON College, a.s.",2023,2199.0,36.35,60.49518569463549
CZ,CZ0059,College of Logistics,2023,516.0,20.685,24.945612762871647
CZ,CZ0060,The College of Nursing,2023,1005.0,24.6,40.853658536585364
CZ,CZ0063,Moravian College Olomouc,2023,402.0,11.92,33.7248322147651
CZ,CZ0065,CEVRO Institute /School of Political Studies,2023,709.0,29.55,23.993231810490695
CZ,CZ0066,Unicorn University,2023,1011.0,26.71,37.85099213777611
CZ,CZ0069,PRIGO College,2023,60.0,27.7,2.1660649819494586
CZ,CZ0074,"ARCHIP, s.r.o.",2023,85.0,8.25,10.303030303030303
CZ,CZ0075,College of Applied Psychology,2023,131.0,6.53,20.06125574272588
CZ,CZ0076,"ART & DESIGN INSTITUT, s.r.o.",2023,197.0,16.275,12.104454685099848
CZ,CZ0077,Pan-European University,2023,2284.0,55.35,41.2646793134598
CZ,CZ0078,University of Creative Communication Prague,2023,597.0,19.608,30.446756425948593
CZ,CZ0079,University of Finance and Administration,2023,2538.0,63.449,40.00063042758751
CZ,CZ0080,Ambis College,2023,5792.0,93.997,61.61898784003745
CZ,CZ0082,Prague City University,2023,38.0,6.95,5.467625899280575
DE,DE0001,University of Freiburg,2023,24197.0,2520.0,9.601984126984126
DE,DE0002,Heidelberg University,2023,29534.0,2930.0,10.079863481228669
DE,DE0003,University of Hohenheim,2023,8482.0,875.0,9.693714285714286
DE,DE0004,Karlsruhe Institute of Technology,2023,22201.0,3154.0,7.038998097653773
DE,DE0005,University of Konstanz,2023,10472.0,1254.0,8.350877192982455
DE,DE0006,University of Mannheim,2023,11397.0,832.0,13.698317307692308
DE,DE0007,University of Stuttgart,2023,21141.0,3613.0,5.851370052587877
DE,DE0008,Tübingen University,2023,28238.0,2730.0,10.343589743589744
DE,DE0009,Ulm University,2023,9978.0,908.0,10.98898678414097
DE,DE0012,Zeppelin University Friedrichshafen (Priv. H),2023,667.0,90.0,7.411111111111111
DE,DE0013,Allensbach University,2023,640.0,13.0,49.23076923076923
DE,DE0014,Freie Hochschule Stuttgart - Seminar for Waldorf Pedagogy,2023,304.0,22.0,13.818181818181818
DE,DE0015,Hochschule für jüdische Studien Heidelberg,2023,105.0,26.0,4.038461538461538
DE,DE0016,University of Augsburg,2023,19089.0,1318.0,14.48330804248862
DE,DE0017,University of Bamberg,2023,10734.0,717.0,14.97071129707113
DE,DE0018,University of Bayreuth,2023,11924.0,1429.0,8.344296710986704
DE,DE0019,Catholic University of Eichstätt-Ingolstadt,2023,4799.0,409.0,11.733496332518337
DE,DE0020,University of Erlangen-Nürnberg,2023,38960.0,3548.0,10.980834272829764
DE,DE0021,Ludwig Maximilian University of Munich,2023,52086.0,4229.0,12.31638685268385
DE,DE0022,Technical University of Munich,2023,53910.0,5700.0,9.457894736842105
DE,DE0023,Bundeswehr University Munich,2023,3456.0,1078.0,3.2059369202226344
DE,DE0024,Bavarian School of Public Policy,2023,665.0,22.0,30.227272727272727
DE,DE0025,University of Passau,2023,10881.0,687.0,15.838427947598253
DE,DE0026,University of Regensburg,2023,20353.0,1670.0,12.1874251497006
DE,DE0027,University of Würzburg,2023,26126.0,2455.0,10.641955193482689
DE,DE0028,Free University of Berlin,2023,37987.0,2664.0,14.259384384384385
DE,DE0029,Technical University of Berlin,2023,35182.0,2904.0,12.115013774104684
DE,DE0031,Humboldt University of Berlin,2023,36027.0,2456.0,14.668973941368078
DE,DE0032,ESCP-EAP European School of Management,2023,1283.0,47.0,27.29787234042553
DE,DE0033,"European School of Management and Technology, Berlin",2023,820.0,47.0,17.4468085106383
DE,DE0034,Hertie School of Governance,2023,716.0,92.0,7.782608695652174
DE,DE0035,Steinbeis University,2023,4829.0,90.0,53.65555555555556
DE,DE0038,Viadrina European University,2023,4209.0,281.0,14.97864768683274
DE,DE0039,University of Potsdam,2023,20406.0,1689.0,12.081705150976909
DE,DE0040,University of Bremen,2023,17704.0,1934.0,9.154084798345398
DE,DE0041,Constructor University Bremen gGmbH (Priv. U),2023,1601.0,192.0,8.338541666666666
DE,DE0042,University of Hamburg,2023,41800.0,3075.0,13.59349593495935
DE,DE0043,Hamburg University of Technology,2023,7381.0,1009.0,7.315163528245788
DE,DE0044,HafenCity University Hamburg,2023,2517.0,185.0,13.605405405405405
DE,DE0045,Helmut Schmidt University of the Federal Armed Forces Hamburg,2023,2546.0,743.0,3.4266487213997308
DE,DE0046,Bucerius Law School,2023,726.0,65.0,11.169230769230769
DE,DE0047,Technical University of Darmstadt,2023,24008.0,2747.0,8.739716053876956
DE,DE0048,Frankfurt University,2023,41107.0,2410.0,17.056846473029047
DE,DE0049,Justus Liebig University Giessen,2023,25461.0,1905.0,13.365354330708662
DE,DE0051,University of Kassel,2023,21791.0,1660.0,13.12710843373494
DE,DE0052,Philipps University of Marburg,2023,21237.0,1599.0,13.28142589118199
DE,DE0053,Frankfurt School of Finance & Management-HfB (Priv. H),2023,4381.0,142.0,30.85211267605634
DE,DE0054,EBS University of Business and Law,2023,1719.0,100.0,17.19
DE,DE0055,University of Greifswald,2023,10296.0,744.0,13.838709677419354
DE,DE0056,University of Rostock,2023,12678.0,1151.0,11.014769765421372
DE,DE0058,Brunswick University of Technology,2023,16077.0,2065.0,7.7854721549636805
DE,DE0059,Clausthal University of Technology,2023,2753.0,532.0,5.174812030075188
DE,DE0060,Georg August Göttingen University,2023,27026.0,2125.0,12.718117647058824
DE,DE0061,University of Hannover,2023,27234.0,2734.0,9.961228968544258
DE,DE0062,Hannover Medical School,2023,3974.0,459.0,8.657952069716776
DE,DE0063,University of Veterinary Medicine Hannover,2023,2338.0,449.0,5.2071269487750556
DE,DE0064,University of Hildesheim,2023,7938.0,549.0,14.459016393442623
DE,DE0065,Leuphana University of Lüneburg,2023,9070.0,612.0,14.820261437908497
DE,DE0066,Carl von Ossietzky the University of Oldenburg,2023,15037.0,1326.0,11.340120663650076
DE,DE0067,Osnabrück University,2023,13470.0,919.0,14.657236126224158
DE,DE0068,University of Vechta,2023,3702.0,258.0,14.348837209302326
DE,DE0069,Aachen University,2023,45527.0,4966.0,9.167740636327023
DE,DE0070,Bielefeld University,2023,23539.0,2074.0,11.34956605593057
DE,DE0071,Ruhr-University Bochum,2023,38938.0,3274.0,11.893097128894318
DE,DE0072,University of Bonn,2023,34627.0,2871.0,12.060954371299198
DE,DE0073,TU Dortmund University,2023,30013.0,2417.0,12.41745966073645
DE,DE0074,Heinrich Heine University Düsseldorf,2023,29218.0,1531.0,19.0842586544742
DE,DE0075,University of Duisburg-Essen,2023,37995.0,2631.0,14.44127708095781
DE,DE0076,University of Hagen,2023,63306.0,725.0,87.31862068965518
DE,DE0077,University of Cologne,2023,48075.0,2994.0,16.057114228456914
DE,DE0078,German Sport University Cologne,2023,6097.0,312.0,19.541666666666668
DE,DE0079,University of Münster,2023,42458.0,2928.0,14.50068306010929
DE,DE0080,University of Paderborn,2023,17228.0,1740.0,9.901149425287356
DE,DE0081,University of Siegen,2023,15186.0,1289.0,11.78122575640031
DE,DE0082,University of Wuppertal,2023,21289.0,1590.0,13.389308176100629
DE,DE0083,University Witten/Herdecke,2023,3126.0,436.0,7.169724770642202
DE,DE0084,German Police University,2023,435.0,61.0,7.131147540983607
DE,DE0085,University of Kaiserslautern,2023,18551.0,1888.0,9.825741525423728
DE,DE0086,University of Koblenz,2023,9485.0,429.0,22.10955710955711
DE,DE0087,Johannes Gutenberg University Mainz,2023,29617.0,2388.0,12.402428810720268
DE,DE0089,German University of Administrative Sciences Speyer,2023,279.0,62.0,4.5
DE,DE0090,University of Trier,2023,10506.0,722.0,14.551246537396121
DE,DE0091,WHU – Otto Beisheim School of Management,2023,1959.0,138.0,14.195652173913043
DE,DE0092,Saarland University,2023,16030.0,1337.0,11.989528795811518
DE,DE0093,Chemnitz University of Technology,2023,8455.0,1374.0,6.153566229985444
DE,DE0094,Technische Universität Dresden,2023,27799.0,4129.0,6.7326229111164935
DE,DE0096,Technische Universität Bergakademie Freiberg,2023,4185.0,822.0,5.091240875912408
DE,DE0097,Leipzig University,2023,30039.0,2290.0,13.117467248908296
DE,DE0100,Dresden International University GmbH,2023,1047.0,9.0,116.33333333333333
DE,DE0101,HHL Leipzig Graduate School of Management,2023,665.0,52.0,12.788461538461538
DE,DE0102,Martin Luther University,2023,19228.0,1515.0,12.691749174917492
DE,DE0103,Otto von Guericke University of Magdeburg,2023,12490.0,1002.0,12.46506986027944
DE,DE0104,University of Flensburg,2023,5997.0,404.0,14.844059405940595
DE,DE0105,University of Kiel,2023,25972.0,2140.0,12.13644859813084
DE,DE0106,University of Lübeck,2023,5930.0,411.0,14.428223844282238
DE,DE0108,University of Erfurt,2023,5795.0,464.0,12.489224137931034
DE,DE0109,Ilmenau University of Technology,2023,4452.0,768.0,5.796875
DE,DE0110,Friedrich-Schiller-University of Jena,2023,16588.0,2022.0,8.20375865479723
DE,DE0111,Bauhaus-Universität Weimar,2023,3955.0,486.0,8.137860082304528
DE,DE0112,University of Education Freiburg,2023,5013.0,318.0,15.764150943396226
DE,DE0113,University of Education Heidelberg,2023,5271.0,276.0,19.097826086956523
DE,DE0114,University of Education Karlsruhe,2023,3552.0,215.0,16.52093023255814
DE,DE0115,University of Education Ludwigsburg,2023,5988.0,289.0,20.719723183391004
DE,DE0116,University of Education Schwäbisch Gmünd,2023,2780.0,171.0,16.257309941520468
DE,DE0117,University of Education Weingarten,2023,3307.0,185.0,17.875675675675677
DE,DE0119,Munich School of Philosophy,2023,419.0,24.0,17.458333333333332
DE,DE0120,Augustana-Hochschule Neuendettelsau (ev),2023,97.0,16.0,6.0625
DE,DE0121,Philosophisch-Theologische Hochschule Frankfurt a.M. (rk),2023,221.0,32.0,6.90625
DE,DE0122,Fulda Faculty of Theology,2023,13.0,12.0,1.0833333333333333
DE,DE0127,Faculty of Theology in Paderborn,2023,60.0,19.0,3.1578947368421053
DE,DE0128,Cologne University of Catholic Theology,2023,85.0,15.0,5.666666666666667
DE,DE0129,Kirchliche Hochschule Wuppertal / Bethel (ev),2023,177.0,20.0,8.85
DE,DE0130,Faculty of Theology Trier,2023,150.0,21.0,7.142857142857143
DE,DE0131,"College of Philosophy and Theology, Vallendar",2023,263.0,19.0,13.842105263157896
DE,DE0132,Friedensau Adventist University,2023,221.0,23.0,9.608695652173912
DE,DE0133,University of Music Freiburg,2023,627.0,126.0,4.976190476190476
DE,DE0134,State Academy of Fine Arts Karlsruhe,2023,362.0,40.0,9.05
DE,DE0135,Karlsruhe College of Arts and Design,2023,376.0,34.0,11.058823529411764
DE,DE0136,University of Music Karlsruhe,2023,577.0,106.0,5.443396226415095
DE,DE0137,Mannheim University of Music and Performing Arts,2023,574.0,96.0,5.979166666666667
DE,DE0138,Stuttgart State Academy of Art and Design,2023,801.0,129.0,6.209302325581396
DE,DE0139,State University of Music and the Performing Arts Stuttgart,2023,757.0,183.0,4.136612021857924
DE,DE0140,Trossingen School of Music,2023,417.0,73.0,5.712328767123288
DE,DE0141,Academy of Fine Arts in Munich,2023,754.0,84.0,8.976190476190476
DE,DE0142,University of Television and Film Munich,2023,398.0,37.0,10.756756756756756
DE,DE0143,University of Music and Performing Arts Munich,2023,1182.0,207.0,5.7101449275362315
DE,DE0144,Academy of Fine Arts in Nuremberg,2023,310.0,42.0,7.380952380952381
DE,DE0145,Nuremberg School of Music,2023,455.0,85.0,5.352941176470588
DE,DE0146,University of Music Würzburg,2023,530.0,101.0,5.247524752475248
DE,DE0149,Berlin University of the Arts,2023,4226.0,592.0,7.138513513513513
DE,DE0150,Weißensee Academy of Art Berlin,2023,822.0,95.0,8.652631578947368
DE,DE0151,Academy of Music Hanns Eisler Berlin,2023,539.0,125.0,4.312
DE,DE0152,Ernst Busch Academy of Dramatic Art,2023,222.0,65.0,3.4153846153846152
DE,DE0153,Film University Babelsberg Konrad Wolf,2023,944.0,103.0,9.16504854368932
DE,DE0154,University of the Arts Bremen,2023,987.0,99.0,9.969696969696969
DE,DE0155,University of Fine Arts of Hamburg,2023,975.0,60.0,16.25
DE,DE0156,Hamburg University of Music and Theater,2023,1380.0,162.0,8.518518518518519
DE,DE0158,Frankfurt University of Music and Performing Arts,2023,971.0,148.0,6.5608108108108105
DE,DE0159,Offenbach Academy of Art and Design,2023,795.0,69.0,11.521739130434783
DE,DE0160,Rostock University of Music and Drama,2023,567.0,119.0,4.764705882352941
DE,DE0161,Braunschweig University of Art,2023,930.0,81.0,11.481481481481481
DE,DE0162,"Hanover University of Music, Drama and Media",2023,1390.0,179.0,7.76536312849162
DE,DE0163,Detmold Music School,2023,637.0,123.0,5.178861788617886
DE,DE0164,Kunstakademie Düsseldorf,2023,546.0,67.0,8.149253731343284
DE,DE0165,Robert Schumann School of Music and Media,2023,837.0,114.0,7.342105263157895
DE,DE0166,Folkwang University of the Arts,2023,1625.0,203.0,8.004926108374384
DE,DE0167,Academy of Media Arts,2023,413.0,53.0,7.7924528301886795
DE,DE0168,Cologne University of Music and Dance,2023,1397.0,193.0,7.238341968911917
DE,DE0169,Academy of Fine Arts Münster,2023,374.0,37.0,10.108108108108109
DE,DE0170,,2023,1589.0,97.0,16.38144329896907
DE,DE0171,Hochschule der Bildenden Künste Saarbrücken,2023,434.0,44.0,9.863636363636363
DE,DE0172,University of Music Saarbrücken,2023,463.0,58.0,7.982758620689655
DE,DE0173,Dresden Academy of Fine Arts,2023,556.0,78.0,7.128205128205129
DE,DE0175,University of Music Carl Maria von Weber Dresden,2023,699.0,138.0,5.065217391304348
DE,DE0176,Palucca University of Dance Dresden,2023,164.0,27.0,6.074074074074074
DE,DE0177,Academy of Visual Arts Leipzig,2023,593.0,64.0,9.265625
DE,DE0178,University of Music & Theatre Leipzig,2023,1102.0,186.0,5.924731182795699
DE,DE0180,Burg Giebichenstein University of Art and Design Halle,2023,1200.0,113.0,10.619469026548673
DE,DE0182,Muthesius Academy of Fine Arts and Design,2023,541.0,51.0,10.607843137254902
DE,DE0183,University of Music Lübeck,2023,424.0,78.0,5.435897435897436
DE,DE0184,University of Music Franz Liszt Weimar,2023,752.0,187.0,4.021390374331551
DE,DE0185,Aalen University,2023,4545.0,420.0,10.821428571428571
DE,DE0186,Albstadt-Sigmaringen University,2023,2666.0,200.0,13.33
DE,DE0187,Biberach University of Applied Sciences,2023,2270.0,195.0,11.64102564102564
DE,DE0188,University of Applied Sciences Esslingen,2023,6045.0,392.0,15.420918367346939
DE,DE0189,Furtwangen University,2023,4833.0,455.0,10.621978021978022
DE,DE0190,Heilbronn University of Applied Sciences,2023,7159.0,415.0,17.250602409638553
DE,DE0191,Karlsruhe University of Applied Sciences,2023,6814.0,513.0,13.282651072124755
DE,DE0192,Konstanz University of Applied Sciences,2023,4361.0,264.0,16.518939393939394
DE,DE0193,University of Applied Labour Studies of the Federal Employment Agency,2023,1514.0,108.0,14.018518518518519
DE,DE0194,University of Applied Sciences Mannheim,2023,5034.0,325.0,15.489230769230769
DE,DE0195,Nuertingen-Geislingen University,2023,5068.0,244.0,20.770491803278688
DE,DE0196,Offenburg University,2023,3761.0,334.0,11.260479041916168
DE,DE0197,Pforzheim University,2023,5659.0,307.0,18.433224755700326
DE,DE0198,Baden-Wuerttemberg Cooperative State University,2023,32647.0,3499.0,9.330380108602458
DE,DE0199,University of Applied Sciences Ravensburg-Weingarten,2023,3448.0,219.0,15.744292237442922
DE,DE0200,Reutlingen University,2023,4933.0,357.0,13.817927170868348
DE,DE0201,University of Applied Forest Sciences Rottenburg,2023,941.0,66.0,14.257575757575758
DE,DE0202,University of Design Schwäbisch-Gmünd,2023,678.0,49.0,13.83673469387755
DE,DE0203,Stuttgart Media University,2023,5513.0,217.0,25.40552995391705
DE,DE0204,Stuttgart University of Applied Sciences,2023,3945.0,239.0,16.506276150627617
DE,DE0205,University of Applied Sciences Ulm,2023,2966.0,195.0,15.21025641025641
DE,DE0208,,2023,3112.0,162.0,19.209876543209877
DE,DE0211,Karlshochschule International University,2023,361.0,17.0,21.235294117647058
DE,DE0213,SRH Fernhochschule Riedlingen,2023,8743.0,89.0,98.23595505617978
DE,DE0215,AKAD University of Applied Sciences Stuttgart,2023,6370.0,83.0,76.74698795180723
DE,DE0216,Merz Akademie,2023,208.0,14.0,14.857142857142858
DE,DE0217,,2023,898.0,39.0,23.025641025641026
DE,DE0219,Evangelische Hochschule Ludwigsburg,2023,1279.0,53.0,24.132075471698112
DE,DE0220,Catholic University of Applied Sciences Freiburg,2023,1878.0,84.0,22.357142857142858
DE,DE0221,Ostbayerische Technische Hochschule Amberg-Weiden,2023,4077.0,229.0,17.80349344978166
DE,DE0222,Ansbach University of Applied Sciences,2023,3898.0,185.0,21.07027027027027
DE,DE0223,Aschaffenburg University of Applied Sciences,2023,3559.0,200.0,17.795
DE,DE0224,Augsburg University of Applied Sciences,2023,7025.0,397.0,17.69521410579345
DE,DE0225,Coburg University of Applied Sciences,2023,4700.0,262.0,17.938931297709924
DE,DE0226,Deggendorf Institute of Technology,2023,8660.0,550.0,15.745454545454546
DE,DE0227,Hof University of Applied Sciences,2023,3822.0,253.0,15.106719367588934
DE,DE0228,Technische Hochschule Ingolstadt,2023,7537.0,522.0,14.438697318007662
DE,DE0229,Kempten University of Applied Sciences,2023,4777.0,340.0,14.05
DE,DE0230,University of Applied Sciences Landshut,2023,4674.0,247.0,18.923076923076923
DE,DE0231,Munich University of Applied Sciences,2023,18062.0,896.0,20.158482142857142
DE,DE0232,Neu-Ulm University of Applied Sciences,2023,4077.0,168.0,24.267857142857142
DE,DE0233,Technische Hochschule Nürnberg Georg Simon Ohm,2023,12355.0,716.0,17.25558659217877
DE,DE0234,Ostbayerische Technische Hochschule Regensburg,2023,10704.0,555.0,19.286486486486485
DE,DE0235,Rosenheim University of Applied Sciences,2023,6648.0,352.0,18.886363636363637
DE,DE0236,Weihenstephan-Triesdorf University of Applied Sciences,2023,5692.0,386.0,14.746113989637307
DE,DE0237,University of Applied Sciences Würzburg-Schweinfurt,2023,9250.0,472.0,19.597457627118644
DE,DE0239,University of Applied Management,2023,3635.0,88.0,41.30681818181818
DE,DE0240,University of Applied Languages Munich,2023,286.0,25.0,11.44
DE,DE0241,Macromedia University of Applied Sciences,2023,5192.0,273.0,19.01831501831502
DE,DE0242,Munich Business School München (Priv. FH),2023,613.0,17.0,36.05882352941177
DE,DE0244,Evangelische Hochschule Nürnberg (FH),2023,1211.0,72.0,16.819444444444443
DE,DE0245,Katholische Stiftungsfachhochschule München,2023,2401.0,163.0,14.730061349693251
DE,DE0246,Alice Salomon Hochschule Berlin,2023,4313.0,206.0,20.936893203883496
DE,DE0247,Beuth University of Applied Sciences,2023,12197.0,510.0,23.915686274509802
DE,DE0248,Berlin University of Applied Sciences,2023,14523.0,654.0,22.206422018348626
DE,DE0249,Berlin School of Economics and Law,2023,12484.0,470.0,26.561702127659576
DE,DE0251,bbw University of Applied Sciences,2023,826.0,35.0,23.6
DE,DE0254,Hochschule für Gesundheit und Sport Berlin (Priv. FH),2023,2081.0,58.0,35.87931034482759
DE,DE0255,IB-Hochschule Berlin (Priv. FH),2023,626.0,37.0,16.91891891891892
DE,DE0257,Mediadesign University of Applied Sciences,2023,720.0,40.0,18.0
DE,DE0258,SRH University Berlin,2023,2850.0,144.0,19.791666666666668
DE,DE0262,Protestant Fachhochschule Berlin,2023,1678.0,92.0,18.23913043478261
DE,DE0263,Catholic University for Applied Sciences Berlin,2023,1220.0,71.0,17.183098591549296
DE,DE0264,Brandenburg University of Applied Sciences,2023,3308.0,144.0,22.97222222222222
DE,DE0265,University of Applied Sciences in Eberswalde,2023,2297.0,240.0,9.570833333333333
DE,DE0267,Potsdam University of Applied Sciences,2023,3688.0,210.0,17.561904761904763
DE,DE0268,Technical University of Applied Sciences Wildau,2023,3315.0,248.0,13.366935483870968
DE,DE0271,City University of Applied Sciences Bremen,2023,8602.0,346.0,24.86127167630058
DE,DE0272,University of Applied Sciences Bremerhaven,2023,2770.0,154.0,17.98701298701299
DE,DE0273,University of Applied Sciences Apollon,2023,3735.0,78.0,47.88461538461539
DE,DE0274,Hamburg University of Applied Sciences,2023,16438.0,912.0,18.024122807017545
DE,DE0276,Europäische FernHochschule Hamburg GmbH Hamburg (Priv. FH),2023,10034.0,147.0,68.25850340136054
DE,DE0277,HFH Hamburger Fern-Hochschule (Priv. FH),2023,14426.0,377.0,38.265251989389924
DE,DE0278,HSBA Hamburg School of Business Administration (Priv. FH),2023,967.0,42.0,23.023809523809526
DE,DE0279,"Evangelische Hochschule für Soziale Arbeit und Diakonie, Hamburg (FH)",2023,763.0,32.0,23.84375
DE,DE0282,Darmstadt University of Applied Sciences,2023,14377.0,643.0,22.359253499222394
DE,DE0283,Frankfurt University of Applied Sciences,2023,15038.0,590.0,25.48813559322034
DE,DE0284,Fulda University of Applied Sciences,2023,8682.0,401.0,21.65087281795511
DE,DE0285,Technische Hochschule Mittelhessen,2023,15792.0,496.0,31.838709677419356
DE,DE0286,RheinMain University of Applied Sciences,2023,12271.0,500.0,24.542
DE,DE0287,,2023,533.0,21.0,25.38095238095238
DE,DE0288,accadis Hochschule Bad Homburg (Priv. FH),2023,496.0,22.0,22.545454545454547
DE,DE0289,Wilhelm Büchner Hochschule Darmstadt (Priv. Fern-FH),2023,4802.0,110.0,43.654545454545456
DE,DE0290,"Provadis School of International Management and Technology, Frankfurt a.M. (Priv. FH)",2023,895.0,46.0,19.456521739130434
DE,DE0291,Fresenius University Applied Sciences,2023,16049.0,625.0,25.6784
DE,DE0292,DIPLOMA Hochschule,2023,6283.0,58.0,108.32758620689656
DE,DE0293,Protestant University of Applied Sciences Darmstadt,2023,1309.0,64.0,20.453125
DE,DE0294,Neubrandenburg University of Applied Sciences,2023,1956.0,149.0,13.12751677852349
DE,DE0295,Stralsund University of Applied Sciences,2023,1959.0,138.0,14.195652173913043
DE,DE0296,"Wismar University of Applied Sciences Technology, Business and Design",2023,7599.0,220.0,34.54090909090909
DE,DE0298,Ostfalia University of Applied Sciences,2023,10035.0,521.0,19.261036468330133
DE,DE0299,Hannover University of Applied Sciences and Arts,2023,8632.0,486.0,17.761316872427983
DE,DE0300,University of Applied Sciences and Arts Hildesheim/Holzminden/Göttingen,2023,6130.0,522.0,11.743295019157088
DE,DE0302,Osnabrück University of Applied Sciences,2023,12839.0,929.0,13.820236813778257
DE,DE0303,"Hochschule 21, Buxtehude (Priv. FH)",2023,1030.0,46.0,22.391304347826086
DE,DE0304,PFH – Private University of Applied Sciences,2023,4145.0,41.0,101.09756097560975
DE,DE0305,University of Applied Sciences in Hannover,2023,594.0,17.0,34.94117647058823
DE,DE0306,HKS - University of applied sciences and arts in Ottersberg,2023,290.0,24.0,12.083333333333334
DE,DE0307,Private Hochschule für Wirtschaft und Technik Vechta/Diepholz/Oldenburg,2023,475.0,47.0,10.106382978723405
DE,DE0308,Aachen University of Applied Sciences,2023,13395.0,655.0,20.450381679389313
DE,DE0309,Bielefeld University of Applied Sciences,2023,10264.0,604.0,16.99337748344371
DE,DE0310,Bochum University of Applied Sciences,2023,7392.0,363.0,20.363636363636363
DE,DE0311,University of Applied Sciences Bonn-Rhein-Sieg,2023,8901.0,507.0,17.556213017751478
DE,DE0312,Dortmund University of Applied Sciences and Arts,2023,13600.0,566.0,24.02826855123675
DE,DE0313,Düsseldorf University of Applied Sciences,2023,10845.0,483.0,22.453416149068325
DE,DE0314,Westfälische Hochschule Gelsenkirchen Bocholt Recklinghausen,2023,7244.0,501.0,14.459081836327345
DE,DE0315,Cologne University of Applied Sciences,2023,21889.0,1175.0,18.628936170212764
DE,DE0316,Ostwestfalen-Lippe University of Applied Sciences,2023,5799.0,463.0,12.524838012958963
DE,DE0317,Münster University of Applied Sciences,2023,14551.0,849.0,17.138987043580684
DE,DE0318,Niederrhein University of Applied Sciences,2023,12814.0,677.0,18.92762186115214
DE,DE0319,South Westphalia University of Applied Sciences,2023,10514.0,572.0,18.38111888111888
DE,DE0320,IU International University of Applied Sciences,2023,116296.0,1138.0,102.1933216168717
DE,DE0321,,2023,5535.0,150.0,36.9
DE,DE0322,Georg Agricola University of Applied Sciences,2023,2195.0,97.0,22.628865979381445
DE,DE0323,EBZ Business School - University of Applied Sciences,2023,1079.0,34.0,31.735294117647058
DE,DE0324,University of Applied Sciences - Bonn,2023,737.0,27.0,27.296296296296298
DE,DE0325,European University of Applied Sciences,2023,2180.0,67.0,32.53731343283582
DE,DE0326,"Private Fachhochschule International School of Management, Dortmund",2023,3440.0,189.0,18.201058201058203
DE,DE0327,FOM University of Applied Sciences,2023,47098.0,643.0,73.24727838258165
DE,DE0328,SRH Hochschule für Logistik und Wirtschaft Hamm (Priv. FH),2023,736.0,48.0,15.333333333333334
DE,DE0329,University of Europe for Applied Sciences,2023,5508.0,120.0,45.9
DE,DE0331,Rheinische Fachhochschule Cologne,2023,5657.0,186.0,30.413978494623656
DE,DE0332,Private Fachhochschule der Wirtschaft Paderborn,2023,2011.0,67.0,30.01492537313433
DE,DE0333,Fachhochschule der Diakonie Bielefeld-Bethel,2023,719.0,24.0,29.958333333333332
DE,DE0334,Rheinland-Westfalen-Lippe Protestant University of Applied Sciences,2023,2552.0,114.0,22.385964912280702
DE,DE0335,Nordrhein-Westfalen Catholic University of Applied Sciences,2023,5543.0,272.0,20.378676470588236
DE,DE0336,TH Bingen University of Applied Sciences,2023,2295.0,138.0,16.630434782608695
DE,DE0337,Kaiserslautern University of Applied Sciences,2023,5411.0,295.0,18.34237288135593
DE,DE0338,Koblenz University of Applied Sciences,2023,8708.0,367.0,23.727520435967303
DE,DE0339,University of Applied Sciences Ludwigshafen am Rhein,2023,4195.0,182.0,23.04945054945055
DE,DE0340,Mainz University of Applied Sciences,2023,5498.0,314.0,17.50955414012739
DE,DE0341,Trier University of Applied Sciences,2023,6622.0,341.0,19.419354838709676
DE,DE0342,Worms University of Applied Sciences,2023,3184.0,122.0,26.098360655737704
DE,DE0343,Mainz Catholic University of Applied Sciences,2023,1452.0,82.0,17.70731707317073
DE,DE0344,University of Applied Sciences Saarbrücken,2023,6071.0,363.0,16.72451790633609
DE,DE0346,"Deutsche Hochschule für Prävention und Gesundheitsmanagement, Saarbrücken (Priv. FH)",2023,6506.0,116.0,56.08620689655172
DE,DE0347,Dresden University of Applied Sciences,2023,4569.0,309.0,14.78640776699029
DE,DE0348,Leipzig University of Applied Sciences,2023,6580.0,341.0,19.296187683284458
DE,DE0349,University of Applied Sciences Mittweida,2023,6094.0,309.0,19.72168284789644
DE,DE0350,Zittau/Görlitz University of Applied Sciences,2023,2345.0,234.0,10.021367521367521
DE,DE0351,University of Applied Sciences Zwickau,2023,2893.0,282.0,10.25886524822695
DE,DE0356,"Evangelische Hochschule für Soziale Arbeit, Dresden (FH)",2023,831.0,53.0,15.679245283018869
DE,DE0358,Anhalt University of Applied Sciences,2023,7071.0,371.0,19.059299191374663
DE,DE0359,Harz University of Applied Sciences,2023,2832.0,125.0,22.656
DE,DE0360,Magdeburg-Stendal University of Applied Sciences,2023,5209.0,319.0,16.329153605015673
DE,DE0361,Merseburg University of Applied Sciences,2023,2968.0,166.0,17.879518072289155
DE,DE0363,Flensburg University of Applied Sciences,2023,3134.0,164.0,19.109756097560975
DE,DE0364,West Coast University of Applied Sciences,2023,1455.0,83.0,17.53012048192771
DE,DE0365,Kiel University of Applied Sciences,2023,7659.0,283.0,27.063604240282686
DE,DE0366,Technical University Lübeck,2023,4967.0,220.0,22.577272727272728
DE,DE0367,NORDAKADEMIE University of Applied Sciences,2023,2442.0,35.0,69.77142857142857
DE,DE0369,"University of Applied Sciences, Wedel",2023,878.0,22.0,39.90909090909091
DE,DE0370,Erfurt University of Applied Sciences,2023,4053.0,265.0,15.294339622641509
DE,DE0371,University of Applied Sciences Jena,2023,4201.0,292.0,14.386986301369863
DE,DE0372,Nordhausen University of Applied Sciences,2023,1889.0,143.0,13.20979020979021
DE,DE0373,University of Applied Sciences Schmalkalden,2023,2580.0,104.0,24.807692307692307
DE,DE0376,SRH University of Applied Sciences Gera,2023,1522.0,46.0,33.08695652173913
DE,DE0377,University of Public Administration Kehl,2023,1379.0,100.0,13.79
DE,DE0378,University of Applied Sciences - Public Administration and Finance Ludwigsburg,2023,2645.0,150.0,17.633333333333333
DE,DE0379,Schwetzingen Technical Institute & Graduate Court Registrars' College,2023,640.0,46.0,13.91304347826087
DE,DE0380,Hochschule der Polizei Baden-Württemberg,2023,2216.0,108.0,20.51851851851852
DE,DE0382,Hochschule für den öffentlichen Dienst in Bayern,2023,4718.0,289.0,16.325259515570934
DE,DE0385,FH der Polizei Brandenburg (VerwFH) in Oranienburg,2023,699.0,94.0,7.4361702127659575
DE,DE0386,Fachhochschule für Finanzen Brandenburg in Königs Wusterhausen,2023,947.0,30.0,31.566666666666666
DE,DE0387,Hochschule für öffentliche Verwaltung Bremen,2023,685.0,43.0,15.930232558139535
DE,DE0389,Norddeutsche Akademie für Finanzen und Steuerrecht Hamburg,2023,371.0,30.0,12.366666666666667
DE,DE0391,Hessische Hochschule für Finanzen und Rechtspflege,2023,1498.0,38.0,39.421052631578945
DE,DE0392,Hessische Hochschule für Polizei und Verwaltung,2023,4299.0,204.0,21.073529411764707
DE,DE0394,"University of Applied Sciences of Public Administration, Police and Administration of Justice in Güstrow",2023,547.0,104.0,5.259615384615385
DE,DE0395,"Norddeutsche Hochschule für Rechtspflege, Hildesheim",2023,409.0,23.0,17.782608695652176
DE,DE0396,Kommunale Hochschule für Verwaltung in Niedersachsen,2023,1551.0,23.0,67.43478260869566
DE,DE0397,University of Applied Sciences for the Administration of Justice of North Rhine-Westphalia,2023,933.0,82.0,11.378048780487806
DE,DE0398,Fachhochschule für Finanzen NRW,2023,2795.0,166.0,16.837349397590362
DE,DE0399,University of Applied Sciences for Public Administration and Management of North Rhine-Westphalia,2023,13494.0,525.0,25.702857142857145
DE,DE0400,Federal University of Applied Administrative Sciences,2023,9195.0,510.0,18.029411764705884
DE,DE0401,Hochschule für Finanzen Rheinland-Pfalz,2023,669.0,42.0,15.928571428571429
DE,DE0402,University of Applied Sciences in Hachenburg,2023,348.0,44.0,7.909090909090909
DE,DE0403,Hochschule für öffentliche Verwaltung Rheinland-Pfalz,2023,962.0,58.0,16.586206896551722
DE,DE0404,Fachhochschule für Verwaltung Saarbrücken,2023,829.0,83.0,9.987951807228916
DE,DE0405,Hochschule für öffentliche Verwaltung und Rechtspflege Meißen (FH),2023,1079.0,92.0,11.728260869565217
DE,DE0406,University of Applied Police Sciences in Rothenburg,2023,626.0,85.0,7.364705882352941
DE,DE0407,University of Applied Police Sciences Saxony-Anhalt,2023,704.0,32.0,22.0
DE,DE0408,Fachhochschule für Verwaltung und Dienstleistung Altenholz,2023,1716.0,93.0,18.451612903225808
DE,DE0410,Thüringer Fachhochschule für öffentliche Verwaltung Gotha,2023,643.0,42.0,15.30952380952381
DE,DE0411,"HMKW University of Applied Sciences for Media, Communication and Management",2023,2056.0,73.0,28.164383561643834
DE,DE0412,HWTK University of Applied Sciences in Berlin,2023,511.0,23.0,22.217391304347824
DE,DE0413,International Psychoanalytic University Berlin,2023,858.0,43.0,19.953488372093023
DE,DE0414,Hochschule Emden/Leer,2023,3898.0,289.0,13.487889273356402
DE,DE0415,,2023,254.0,14.0,18.142857142857142
DE,DE0416,Kühne Logistics University,2023,305.0,77.0,3.961038961038961
DE,DE0418,Hamm-Lippstadt University of Applied Sciences,2023,4523.0,262.0,17.263358778625953
DE,DE0419,Rhine-Waal University of Applied Sciences,2023,6346.0,305.0,20.80655737704918
DE,DE0420,Cologne Business School (CBS) - European University of Applied Sciences (Priv. FH),2023,2492.0,86.0,28.976744186046513
DE,DE0421,University of Applied Management Studies,2023,290.0,42.0,6.904761904761905
DE,DE0422,Ruhr West University of Applied Sciences,2023,5562.0,287.0,19.37979094076655
DE,DE0423,,2023,729.0,31.0,23.516129032258064
DE,DE0424,Bard College Berlin,2023,362.0,35.0,10.342857142857143
DE,DE0427,,2023,305.0,22.0,13.863636363636363
DE,DE0430,Akkon University for Applied Sciences,2023,1407.0,45.0,31.266666666666666
DE,DE0434,,2023,546.0,19.0,28.736842105263158
DE,DE0435,,2023,1731.0,69.0,25.08695652173913
DE,DE0437,YMCA University of Applied Sciences,2023,458.0,23.0,19.91304347826087
DE,DE0438,"Hochschule Weserbergland (HSW), Hameln (Priv.FH)",2023,463.0,29.0,15.96551724137931
DE,DE0439,Leibniz - Fachhochschule Hannover (Priv. FH),2023,599.0,15.0,39.93333333333333
DE,DE0440,"Hochschule für Gesundheit, Bochum",2023,1905.0,167.0,11.407185628742514
DE,DE0441,Fliedner Fachhochschule Düsseldorf (Priv. ),2023,2207.0,70.0,31.52857142857143
DE,DE0445,Fachhochschule Dresden (Priv. FH),2023,504.0,31.0,16.258064516129032
DE,DE0448,Jade University of Applied Sciences,2023,6127.0,437.0,14.020594965675057
DE,DE0451,,2023,417.0,15.0,27.8
DE,DE0455,Brandenburg University of Technology (BTU) Cottbus – Senftenberg,2023,6587.0,963.0,6.840083073727934
DE,DE0457,,2023,36.0,2.0,18.0
DE,DE0458,Hochschule Geisenheim University (FH),2023,1595.0,165.0,9.666666666666666
DE,DE0460,,2023,4633.0,54.0,85.79629629629629
DE,DE0461,Brandenburg Medical School Theodor Fontane,2023,777.0,33.0,23.545454545454547
DE,DE0463,,2023,59.0,4.0,14.75
DE,DE0464,,2023,469.0,19.0,24.68421052631579
DE,DE0468,Berlin International University of Applied Sciences,2023,526.0,35.0,15.028571428571428
DE,DE0469,NBS Northern Business School,2023,856.0,29.0,29.517241379310345
DE,DE0471,,2023,1374.0,44.0,31.227272727272727
DE,DE0473,,2023,1402.0,86.0,16.302325581395348
DE,DE0475,Akademie der Polizei Hamburg,2023,623.0,44.0,14.159090909090908
DE,DE0478,,2023,138.0,11.0,12.545454545454545
DE,DE0479,,2023,1433.0,76.0,18.855263157894736
DE,DE0480,,2023,672.0,28.0,24.0
DE,DE0484,,2023,478.0,21.0,22.761904761904763
DE,DE0486,,2023,357.0,19.0,18.789473684210527
DE,DE0487,,2023,575.0,28.0,20.535714285714285
DE,DE0838,University of Applied Education,2023,498.0,14.0,35.57142857142857
DE,DE0840,,2023,274.0,13.0,21.076923076923077
DE,DE0841,CODE University of Applied Sciences,2023,597.0,21.0,28.428571428571427
DE,DE0856,Essen University of Fine Arts,2023,322.0,25.0,12.88
DE,DE0874,,2023,844.0,15.0,56.266666666666666
DE,DE0883,,2023,617.0,25.0,24.68
DE,DE0892,Evangelical University of Tabor,2023,165.0,14.0,11.785714285714286
DE,DE0904,University of Catholic Church Music and Music Education Regensburg,2023,126.0,33.0,3.8181818181818183
DK,DK0001,University of Copenhagen,2023,39326.0,5540.85,7.0974669951361244
DK,DK0002,Aarhus University,2023,33566.0,4562.03,7.357689449652896
DK,DK0003,University of Southern Denmark,2023,20084.0,2096.9,9.577948400019075
DK,DK0004,Roskilde University,2023,6678.0,492.5,13.559390862944163
DK,DK0005,Aalborg University,2023,18768.0,1912.7,9.81230720970356
DK,DK0006,Technical University of Denmark,2023,14993.0,3381.0,4.434486838213546
DK,DK0007,Copenhagen Business School,2023,15382.0,698.76,22.01328066861297
DK,DK0008,IT University of Copenhagen,2023,2416.0,220.94,10.935095501041006
EE,EE0001,University of Tartu,2023,14645.0,2000.0,7.3225
EE,EE0002,Tallinn University of Technology,2023,8740.0,915.0,9.551912568306012
EE,EE0003,Tallinn University,2023,6830.0,475.0,14.378947368421052
EE,EE0004,Estonian University of Life Sciences,2023,2835.0,425.0,6.670588235294118
EE,EE0007,Estonian Business School,2023,955.0,45.0,21.22222222222222
EE,EE0011,Estonian Academy of Arts,2023,1180.0,95.0,12.421052631578947
EE,EE0022,Estonian Academy of Music and Theatre,2023,540.0,130.0,4.153846153846154
ES,ES0001,University of Almeria,2023,13897.0,916.593333333333,15.16157656248864
ES,ES0002,University of Cádiz,2023,21962.0,1571.64933333333,13.973855066906387
ES,ES0003,University of Cordoba,2023,18056.0,1400.01066666667,12.897044593945921
ES,ES0004,University of Granada,2023,52263.0,3674.43733333334,14.223402186203177
ES,ES0005,University of Huelva,2023,10543.0,784.12,13.445646074580422
ES,ES0006,University of Jaén,2023,14924.0,1049.93333333333,14.21423582449684
ES,ES0007,University of Málaga,2023,36161.0,2419.24,14.947256163092543
ES,ES0008,Pablo de Olavide University,2023,13012.0,812.659999999999,16.01161617404575
ES,ES0009,University of Seville,2023,61814.0,4228.28666666667,14.619160164164198
ES,ES0010,University of Zaragoza,2023,31355.0,2892.28264656618,10.840918344279306
ES,ES0011,University of Oviedo,2023,20637.0,1913.7,10.783821915660761
ES,ES0012,University of the Balearic Islands,2023,14197.0,1018.94,13.933106954285826
ES,ES0013,University of La Laguna,2023,20506.0,1417.08533333333,14.470547057152086
ES,ES0014,University of Las Palmas de Gran Canaria,2023,16042.0,1132.62666666667,14.163537264411886
ES,ES0015,University of Cantabria,2023,10387.0,908.197333333334,11.436941751278715
ES,ES0016,Autonomous University of Barcelona,2023,41719.0,2533.24933333333,16.468572378978905
ES,ES0017,University of Barcelona,2023,54464.0,3701.07466666666,14.715725810809571
ES,ES0018,University of Girona,2023,15478.0,932.546666666666,16.597560801246775
ES,ES0019,University of Lleida,2023,11645.0,794.254666666666,14.661544324154649
ES,ES0020,Universitat Politècnica de Catalunya · BarcelonaTech,2023,32966.0,2166.18533333333,15.218457762001304
ES,ES0021,Pompeu Fabra University,2023,20121.0,950.984000000001,21.15808467860656
ES,ES0022,Rovira i Virgili University,2023,17470.0,985.751999999999,17.722510327141123
ES,ES0023,University of Castilla-La Mancha,2023,27454.0,1944.42666666667,14.119329091008808
ES,ES0024,University of Alicante,2023,25366.0,1735.912,14.612491877468443
ES,ES0025,Jaume I University,2023,13803.0,1045.73333333333,13.19934973862047
ES,ES0026,Miguel Hernández University of Elche,2023,14073.0,837.337333333334,16.806846464109235
ES,ES0027,Technical University of Valencia,2023,34904.0,2426.932,14.381943952282143
ES,ES0028,University of Valencia,2023,47201.0,3655.26933333335,12.913138730862272
ES,ES0029,University of Burgos,2023,8364.0,594.746666666666,14.063130520557788
ES,ES0030,University of León,2023,10263.0,805.420000000001,12.74242010379676
ES,ES0031,University of Salamanca,2023,26498.0,1970.57333333334,13.446847956263106
ES,ES0032,University of Valladolid,2023,21520.0,1897.448,11.341549280928911
ES,ES0033,University of Extremadura,2023,19933.0,1584.3,12.581581771129205
ES,ES0034,University of A Coruña,2023,17358.0,1334.13271794872,13.010699585187137
ES,ES0035,University of Santiago de Compostela,2023,25162.0,2157.908,11.660367355790887
ES,ES0036,University of Vigo,2023,19627.0,1456.532,13.475158801866352
ES,ES0037,University of Alcalá,2023,20637.0,1301.0,15.862413528055342
ES,ES0038,Autonomous University of Madrid,2023,30254.0,2392.304,12.646386078023529
ES,ES0039,Carlos III University of Madrid,2023,21460.0,1252.35333333333,17.13573911515924
ES,ES0040,Complutense University of Madrid,2023,64308.0,5355.16000000001,12.008604784917702
ES,ES0041,Technical University of Madrid,2023,35796.0,2417.64,14.806174616568224
ES,ES0042,Rey Juan Carlos University,2023,44585.0,2113.436,21.09597830263135
ES,ES0043,University of Murcia,2023,30992.0,1946.77733333334,15.919642924409038
ES,ES0044,Technical University of Cartagena,2023,5570.0,516.025333333333,10.794043703280723
ES,ES0045,Public University of Navarra,2023,10205.0,822.213333333333,12.411620666169368
ES,ES0046,University of the Basque Country,2023,44066.0,3907.72666666668,11.27663313196586
ES,ES0047,University of La Rioja,2023,4588.0,417.12,10.999232834675873
ES,ES0048,IE University,2023,9413.0,369.770666666667,25.456318871516736
ES,ES0049,Open University of Madrid (UDIMA),2023,7103.0,149.32,47.56897937315832
ES,ES0050,Alfonso X El Sabio University,2023,12889.0,413.097333333333,31.200879211678952
ES,ES0051,Nebrija University,2023,11983.0,459.621333333334,26.071461725014178
ES,ES0052,Camilo José Cela University,2023,11252.0,297.589333333333,37.810494999820826
ES,ES0053,Cardenal Herrera-CEU University,2023,10935.0,759.312000000002,14.40119476578794
ES,ES0054,Catholic University of Avila,2023,4300.0,132.965333333333,32.33925634751923
ES,ES0055,Catholic University of Valencia,2023,12639.0,512.017333333334,24.684711194673064
ES,ES0056,San Antonio Catholic University of Murcia,2023,15440.0,546.192,28.268447725342003
ES,ES0057,University of Deusto,2023,11338.0,624.604,18.152301298102476
ES,ES0058,University of Navarra,2023,13796.0,1279.936,10.778663933196661
ES,ES0059,European University of Madrid,2023,20933.0,1068.28533333333,19.59495216009711
ES,ES0060,European University Miguel de Cervantes,2023,5203.0,156.514666666667,33.242890975073614
ES,ES0061,Francisco de Vitoria University,2023,13636.0,709.12,19.22946750902527
ES,ES0063,International University Isabel I de Castilla,2023,5104.0,298.653333333333,17.090048662886755
ES,ES0064,International University of La Rioja,2023,75731.0,1159.328,65.32318722570317
ES,ES0066,Mondragon University,2023,6857.0,620.784,11.04570994097786
ES,ES0067,National University of Distance Education,2023,130184.0,1253.52,103.85474503797307
ES,ES0068,Comillas Pontifical University,2023,11578.0,618.745333333333,18.71206031991623
ES,ES0069,Pontifical University of Salamanca,2023,4989.0,208.534666666667,23.9240797693109
ES,ES0070,San Jorge University,2023,3644.0,280.373333333333,12.996956439033685
ES,ES0071,San Pablo-CEU University,2023,10603.0,745.560000000001,14.221524759911993
ES,ES0072,Abat Oliba-CEU University,2023,2720.0,72.6853333333333,37.42157977767181
ES,ES0073,University of Vic - Central University of Catalonia,2023,12246.0,706.788,17.326270395083107
ES,ES0074,International University of Catalonia,2023,5487.0,311.412,17.61974490385727
ES,ES0075,Valencian International University,2023,25612.0,561.237333333334,45.63488292534584
ES,ES0076,Open University of Catalonia,2023,72346.0,422.449333333333,171.2536730242997
ES,ES0077,Ramon Llull University,2023,18283.0,840.968,21.740422941182068
ES,ES0078,European University of Canarias,2023,2440.0,117.106666666667,20.835705339861036
ES,ES0079,European University of Valencia,2023,5988.0,339.053333333333,17.660938298792733
ES,ES0080,Loyola University Andalusia,2023,4871.0,241.705333333333,20.152637646942036
ES,ES0081,European University of the Atlantic,2023,5364.0,113.501333333333,47.25935671827658
ES,ES0082,Fernando Pessoa Canarias University,2023,1379.0,83.42,16.53080795972189
ES,ES0089,Mid Atlantic University,2023,4089.0,87.948,46.49338245326784
ES,ES0090,Villanueva International University,2023,2004.0,123.930666666667,16.170331798424883
ES,ES0091,Euneiz University,2023,299.0,10.0106666666667,29.868140649973263
ES,ES0092,Universidad Intercontinental de la Empresa,2023,258.0,9.0,28.666666666666668
ES,ES0806,ESIC University,2023,2534.0,123.692,20.486369369078034
ES,ES0808,CUNEF University,2023,2568.0,136.034666666667,18.877541018955906
ES,ES0819,International Business University,2023,2195.0,70.112,31.30705157462346
ES,ES0820,"University of Design, Innovation and Technology",2023,1933.0,96.4586666666666,20.03967156916954
ES,ES0823,University of the Hesperides,2023,132.0,20.336,6.490952006294257
FI,FI0001,University of Helsinki,2023,31465.0,4328.0759999999955,7.2699740023049575
FI,FI0002,University of Turku,2023,17638.0,2032.4589000000003,8.678158264356538
FI,FI0003,Åbo Akademi University,2023,6247.0,646.8942000000003,9.656911439304908
FI,FI0004,University of Oulu,2023,14171.0,1946.9404,7.278599796891574
FI,FI0006,University of Jyväskylä,2023,14637.0,1721.3021,8.503446315437598
FI,FI0010,Hanken School of Economics,2023,2648.0,165.5593,15.994269122906415
FI,FI0013,University of Vaasa,2023,5589.0,347.07980000000003,16.10292503337849
FI,FI0014,Lappeenranta-Lahti University of Technology (LUT University),2023,7770.0,725.4011000000002,10.711315436384089
FI,FI0021,University of Lapland,2023,4826.0,303.9857999999999,15.875741564244123
FI,FI0025,Aalto University,2023,20579.0,2748.610800000006,7.487054915159307
FI,FI0026,University of Eastern Finland,2023,16751.0,1748.8348,9.578377557445677
FI,FI0027,University of the Arts Helsinki,2023,1931.0,422.79179999999985,4.5672598191355664
FI,FI0028,Lapland University of Applied Sciences,2023,6254.0,350.08259999999996,17.86435544068743
FI,FI0056,HAAGA-HELIA University of Applied Sciences,2023,10195.0,428.2227,23.80770566343167
FI,FI0065,Metropolia University of Applied Sciences,2023,17473.0,642.2344,27.20657753617682
FI,FI0066,Novia University of Applied Sciences,2023,5014.0,199.83340000000004,25.090900720300006
FI,FI0067,Tampere University,2023,22595.0,2329.2278000000024,9.700639842955669
FI,FI0466,Tampere University of Applied Sciences,2023,11183.0,441.5081,25.32909362251791
FI,FI0467,Häme University of Applied Sciences,2023,9627.0,347.79340000000013,27.680226249261764
FI,FI0469,Karelia University of Applied Sciences,2023,4492.0,213.11219999999997,21.078098766752916
FI,FI0471,Oulu University of Applied Sciences,2023,9594.0,392.9798000000002,24.413468580318874
FI,FI0472,Seinäjoki University of Applied Sciences,2023,5775.0,261.9721,22.0443322017879
FI,FI0473,Kajaani University of Applied Sciences,2023,3540.0,210.1819,16.842553997275694
FI,FI0504,JAMK University of Applied Sciences,2023,8869.0,503.0070999999989,17.63195787892461
FI,FI0507,Satakunta University of Applied Sciences,2023,7407.0,301.5499999999999,24.56309069806003
FI,FI0509,Turku University of Applied Sciences,2023,12677.0,503.6371,25.170901825937765
FI,FI0535,Arcada University of Applied Sciences,2023,2653.0,97.2264,27.28682744604346
FI,FI0536,Centria University of Applied Sciences,2023,4447.0,258.5574,17.199275673409467
FI,FI0537,Savonia University of Applied Sciences,2023,8418.0,434.7900000000002,19.36107086179534
FI,FI0623,Diaconia University of Applied Sciences,2023,3362.0,178.57719999999998,18.82659152456193
FI,FI0627,Vaasa University of Applied Sciences,2023,3696.0,119.66759999999998,30.885552981759478
FI,FI0629,Laurea University of Applied Sciences,2023,10187.0,424.3179,24.007943101151284
FI,FI0631,Humak University of Applied Sciences,2023,2491.0,98.66320000000002,25.247508696251487
FI,FI0803,South-Eastern Finland University of Applied Sciences,2023,12221.0,623.3627000000001,19.604958718255034
FI,FI0806,LAB University of Applied Sciences,2023,9837.0,491.9226999999999,19.99704425105815
HR,HR0001,University of Dubrovnik,2023,1195.0,165.0,7.242424242424242
HR,HR0002,Juraj Dobrila University of Pula,2023,3070.0,215.0,14.279069767441861
HR,HR0003,Josip Juraj Strossmayer University of Osijek,2023,14730.0,1340.0,10.992537313432836
HR,HR0004,University of Rijeka,2023,14980.0,1425.0,10.512280701754387
HR,HR0005,University of Split,2023,18080.0,1505.0,12.013289036544851
HR,HR0006,University of Zadar,2023,4580.0,445.0,10.292134831460674
HR,HR0007,University of Zagreb,2023,63665.0,5125.0,12.422439024390243
HR,HR0008,Polytechnic of Međimurje in Čakovec,2023,470.0,65.0,7.230769230769231
HR,HR0009,Polytechnic of Zagreb,2023,4575.0,180.0,25.416666666666668
HR,HR0010,Karlovac University of Applied Sciences,2023,1250.0,65.0,19.23076923076923
HR,HR0011,College of Applied Sciences Lavoslav Ružička in Vukovar,2023,885.0,50.0,17.7
HR,HR0012,"Polytechnic ""Marko Marulić"" in Knin",2023,225.0,40.0,5.625
HR,HR0013,"University of Applied Sciences ""Nikola Tesla"" in Gospić",2023,170.0,15.0,11.333333333333334
HR,HR0015,Polytechnic of Rijeka,2023,1185.0,65.0,18.23076923076923
HR,HR0016,Polytechnic of Šibenik,2023,565.0,35.0,16.142857142857142
HR,HR0019,"University of Applied Health Sciences, Zagreb",2023,4050.0,260.0,15.576923076923077
HR,HR0020,University of Applied Sciences Velika Gorica,2023,680.0,60.0,11.333333333333334
HR,HR0021,VERN University,2023,1340.0,60.0,22.333333333333332
HR,HR0022,"University of Applied Sciences in Criminal Investigation and Public Security, Zagreb",2023,390.0,35.0,11.142857142857142
HR,HR0023,Križevci University of Applied Sciences,2023,290.0,35.0,8.285714285714286
HR,HR0024,Virovitica University of Applied Sciences,2023,295.0,25.0,11.8
HR,HR0025,Rochester Institute of Technology Croatia,2023,885.0,35.0,25.285714285714285
HR,HR0027,"VsiTe – College for Information Technology, Zagreb",2023,340.0,25.0,13.6
HR,HR0028,University of Applied Sciences Baltazar Zaprešić,2023,1280.0,40.0,32.0
HR,HR0030,Bjelovar University of Applied Sciences,2023,705.0,25.0,28.2
HR,HR0032,"Zagreb School of Economics and Management, Zagreb",2023,725.0,75.0,9.666666666666666
HR,HR0033,Universita Istriana di scienze applicate Istrian University of Applied Sciences,2022,75.0,20.0,3.75
HR,HR0034,Zagreb School of Business,2023,200.0,15.0,13.333333333333334
HR,HR0035,Algebra University College,2023,2110.0,85.0,24.823529411764707
HR,HR0036,EFFECTUS University of Applied Sciences,2023,340.0,25.0,13.6
HR,HR0037,"University North, Koprivnica",2023,4290.0,285.0,15.052631578947368
HR,HR0038,"Edward Bernays University of Applied Sciences, Zagreb",2023,350.0,20.0,17.5
HR,HR0039,"Croatian Catholic University, Zagreb",2023,1515.0,155.0,9.774193548387096
HR,HR0040,Libertas International University,2023,2155.0,75.0,28.733333333333334
HR,HR0041,University of Slavonski Brod,2023,1960.0,110.0,17.818181818181817
HR,HR0810,Polytechnic Hrvatsko Zagorje in Krapona,2023,285.0,50.0,5.7
HR,HR0812,"Aspira University of Applied Sciences, Split",2023,785.0,55.0,14.272727272727273
HR,HR0819,Ivanić Grad University of Applied Sciences,2023,220.0,25.0,8.8
HU,HU0001,Corvinus University of Budapest,2023,8316.0,514.200000187382,16.172695443347973
HU,HU0002,Budapest University of Technology and Economics,2023,19598.0,1333.875000730157,14.692531151173945
HU,HU0003,University of Debrecen,2023,30447.0,1991.1000006124375,15.29154738116362
HU,HU0004,Eötvös Loránd University,2023,37421.0,2019.2000004649144,18.532587158965892
HU,HU0006,Liszt Ferenc Academy of Music (University),2023,790.0,193.37500053644172,4.0853264269345075
HU,HU0007,Hungarian Academy of Fine Arts,2023,771.0,92.60000002197918,8.326133907310998
HU,HU0008,University of Miskolc,2023,10190.0,685.4250001516191,14.866688547610499
HU,HU0009,Moholy-Nagy University of Art and Design,2023,949.0,186.37500026077032,5.0918846340560036
HU,HU0010,University of Sopron,2023,3082.0,233.075000051409,13.223211409718793
HU,HU0011,University of Pannonia,2023,5317.0,384.6250000689178,13.823854401162926
HU,HU0012,University of Pécs,2023,22870.0,1851.700001420453,12.350812757172465
HU,HU0013,Semmelweis University,2023,13944.0,1442.2500001173466,9.668226728282521
HU,HU0014,Széchenyi István University,2023,13184.0,737.8250008448957,17.86873579087559
HU,HU0015,University of Szeged,2023,23416.0,1921.975000038742,12.18330103124546
HU,HU0016,Hungarian University of Agriculture and Life Sciences,2023,11345.0,920.8750001061708,12.319804532311114
HU,HU0017,University of Theatre and Film Arts,2023,479.0,120.65000018663704,3.9701616183922153
HU,HU0019,"Andrássy Gyula University, Budapest",2023,164.0,28.30000001564622,5.795053000329658
HU,HU0020,Debrecen Reformed Theological University,2023,531.0,48.250000039115534,11.005181338228528
HU,HU0022,Károli Gáspár University of the Reformed Church in Hungary,2023,8379.0,485.37500128895033,17.26294097913763
HU,HU0025,Pázmány Péter Catholic University,2023,8309.0,431.4750004969535,19.257199120296814
HU,HU0026,Budapest Business School – University of Applied Sciences,2023,19373.0,420.02500052191306,46.12344497572185
HU,HU0027,Óbuda University,2023,11996.0,552.6000003553925,21.70828807869171
HU,HU0028,University of Dunaújváros,2023,2881.0,92.7250000219792,31.07036936443352
HU,HU0029,Eötvös József College,2023,600.0,36.1250000335276,16.608996524377584
HU,HU0030,Eszterházy Károly Catholic University,2023,6833.0,419.9750002529472,16.270016062585974
HU,HU0033,Hungarian Dance Academy,2023,494.0,34.62500000745058,14.26714801137044
HU,HU0034,University of Nyíregyháza,2023,4024.0,165.42500008828938,24.325222897701927
HU,HU0037,"""The Gate of the Teaching"" Buddhist College",2023,357.0,18.42500003613531,19.375847994564328
HU,HU0040,Apor Vilmos Catholic College,2023,972.0,56.775000033900135,17.12021135041167
HU,HU0041,Baptist Theological Seminary,2023,463.0,15.649999994784594,29.584664546600386
HU,HU0044,Budapest Metropolitan University,2023,6698.0,232.92500065453345,28.756037270272454
HU,HU0047,Dennis Gabor University,2023,1242.0,20.40000000409781,60.88235292894685
HU,HU0048,Gál Ferenc University,2023,1804.0,82.3250001501292,21.913149064199168
HU,HU0052,International Business School,2023,1187.0,62.2000000327825,19.083601276115626
HU,HU0053,Kodolányi János University,2023,3096.0,85.5000000335276,36.210526301590036
HU,HU0058,Theological College of Pécs,2023,123.0,10.099999977275726,12.178217849182294
HU,HU0060,Sapientia College of Theology of Religious Orders,2023,196.0,37.65000005252658,5.205843286229877
HU,HU0061,Sárospatak Theological Academy of the Reformed Church,2023,273.0,22.800000010058284,11.97368420524409
HU,HU0062,Sola Scriptura College of Theology,2023,250.0,10.87500000372529,22.9885057392516
HU,HU0063,"Szent Atanáz Greek Catholic Theological Institute, Nyíregyháza",2023,212.0,31.05000003613531,6.8276972545339465
HU,HU0065,Saint Paul Academy,2023,509.0,24.600000075995908,20.69105684664896
HU,HU0066,Tomori Pál College,2023,464.0,34.425000013783574,13.478576610434773
HU,HU0068,Wekerle Business School,2023,693.0,21.00000005587934,32.99999991218961
HU,HU0069,John Wesley Theological College,2023,351.0,45.00000003166496,7.799999994511407
HU,HU0070,Milton Friedman University,2023,1462.0,70.12500014156099,20.848484806398115
HU,HU0073,National University of Public Service,2023,5941.0,618.2000001873821,9.610158521836345
HU,HU0075,Edutus University,2023,1287.0,48.10000010021029,26.756756701012428
HU,HU0076,John von Neumann University,2023,3758.0,206.92500003427264,18.161169502851607
HU,HU0077,University of Veterinary Medicine,2023,2168.0,213.97500003501767,10.132024767590607
HU,HU0078,Hungarian University of Sports Science,2023,2634.0,190.45000013895327,13.8304016701403
IS,IS0004,Iceland Academy of Arts,2023,560.0,72.9,7.681755829903977
IT,IT0001,Marche Polytechnic University,2023,17110.0,1195.0,14.317991631799163
IT,IT0002,Università della Valle d’Aosta,2023,950.0,110.0,8.636363636363637
IT,IT0003,University of Calabria,2023,24340.0,1185.0,20.540084388185655
IT,IT0004,Polytechnic of Bari,2023,10545.0,550.0,19.172727272727272
IT,IT0005,University of Bari Aldo Moro,2023,43945.0,2085.0,21.07673860911271
IT,IT0006,University of Sannio,2023,3770.0,275.0,13.709090909090909
IT,IT0007,"Online University ""Giustino Fortunato""",2023,3450.0,115.0,30.0
IT,IT0008,University of Bergamo,2023,19280.0,745.0,25.879194630872483
IT,IT0009,University of Bologna,2023,91990.0,4195.0,21.9284862932062
IT,IT0010,Free University of Bozen-Bolzano,2023,3720.0,635.0,5.858267716535433
IT,IT0011,University of Gastronomic Sciences,2023,410.0,50.0,8.2
IT,IT0012,University of Brescia,2023,17650.0,1160.0,15.21551724137931
IT,IT0013,University of Cagliari,2023,26575.0,1305.0,20.3639846743295
IT,IT0014,University of Camerino,2023,7085.0,440.0,16.102272727272727
IT,IT0015,University of Molise,2023,7210.0,440.0,16.386363636363637
IT,IT0016,"LUM ""Giuseppe Degennaro""",2023,3810.0,370.0,10.297297297297296
IT,IT0017,University of Cassino and Southern Lazio,2023,7760.0,490.0,15.83673469387755
IT,IT0018,LIUC – Università Cattaneo,2023,2620.0,175.0,14.971428571428572
IT,IT0019,University of Catania,2023,41490.0,1885.0,22.010610079575596
IT,IT0020,"University ""Magna Graecia""",2023,13140.0,490.0,26.816326530612244
IT,IT0021,University G. d’Annunzío in Chieti-Pescara,2023,22355.0,995.0,22.467336683417084
IT,IT0022,Kore University of Enna (UKE),2023,5545.0,215.0,25.790697674418606
IT,IT0023,University of Ferrara,2023,28695.0,1050.0,27.32857142857143
IT,IT0025,University of Florence,2023,59625.0,2275.0,26.208791208791208
IT,IT0026,Italian University Line - IUL,2023,2120.0,140.0,15.142857142857142
IT,IT0027,University of Foggia,2023,14005.0,510.0,27.46078431372549
IT,IT0028,University of Genoa,2023,35455.0,2230.0,15.899103139013453
IT,IT0029,University of L'Aquila,2023,17780.0,875.0,20.32
IT,IT0030,University of Salento,2023,19850.0,905.0,21.933701657458563
IT,IT0031,IMT School for Advanced Studies Lucca,2023,260.0,85.0,3.0588235294117645
IT,IT0032,University of Macerata,2023,9500.0,495.0,19.19191919191919
IT,IT0033,University of Messina,2023,27195.0,1320.0,20.602272727272727
IT,IT0034,Free University of Languages and Communication,2023,8365.0,440.0,19.011363636363637
IT,IT0035,Politecnico di Milano,2023,52315.0,2685.0,19.484171322160147
IT,IT0036,Università Cattolica del Sacro Cuore,2023,48650.0,5000.0,9.73
IT,IT0037,Università Bocconi,2023,15375.0,685.0,22.445255474452555
IT,IT0038,University of Milan,2023,64070.0,3465.0,18.49062049062049
IT,IT0039,Vita-Salute San Raffaele University,2023,6600.0,425.0,15.529411764705882
IT,IT0040,University of Milano-Bicocca,2023,39115.0,1580.0,24.75632911392405
IT,IT0041,Online University San Raffaele Rome,2023,13680.0,225.0,60.8
IT,IT0042,University of Modena and Reggio Emilia (UNIMORE),2023,27940.0,1190.0,23.478991596638654
IT,IT0043,Suor Orsola Benincasa University,2023,11655.0,360.0,32.375
IT,IT0044,University of Campania Luigi Vanvitelli,2023,25920.0,1220.0,21.24590163934426
IT,IT0045,University of Naples Federico II,2023,77590.0,3625.0,21.404137931034484
IT,IT0046,"""Orientale"" University of Naples",2023,9495.0,305.0,31.131147540983605
IT,IT0047,"University of Naples ""Parthenope""",2023,14080.0,455.0,30.945054945054945
IT,IT0048,"Online University ""Pegaso""",2023,118060.0,415.0,284.48192771084337
IT,IT0049,"Online University ""e-Campus""",2023,70850.0,635.0,111.5748031496063
IT,IT0050,University of Padova,2023,78555.0,4405.0,17.833144154370036
IT,IT0051,University of Palermo,2023,46545.0,2590.0,17.97104247104247
IT,IT0052,University of Parma,2023,32520.0,1315.0,24.730038022813687
IT,IT0053,Institute for Advanced Study - IUSS of Pavia,2023,420.0,60.0,7.0
IT,IT0054,University of Pavia,2023,29415.0,1970.0,14.931472081218274
IT,IT0055,University of Perugia,2023,29610.0,1365.0,21.692307692307693
IT,IT0056,University for Foreigners Perugia,2023,1080.0,85.0,12.705882352941176
IT,IT0057,Scuola Normale Superiore,2023,365.0,115.0,3.1739130434782608
IT,IT0058,Sant'Anna School for Advanced Studies,2023,510.0,265.0,1.9245283018867925
IT,IT0059,University of Pisa,2023,48265.0,2900.0,16.643103448275863
IT,IT0060,University of the Basilicata,2023,5830.0,435.0,13.402298850574713
IT,IT0061,Università Mediterranea of Reggio Calabria,2023,5060.0,330.0,15.333333333333334
IT,IT0062,"University for Foreigners ""Dante Alighieri""",2023,335.0,70.0,4.785714285714286
IT,IT0063,Roma Tre University,2023,34365.0,1310.0,26.232824427480917
IT,IT0064,Rome University of International Studies,2023,1680.0,290.0,5.793103448275862
IT,IT0065,LUISS Guido Carli,2023,12910.0,1860.0,6.940860215053763
IT,IT0066,Free University Maria SS. Assunta (LUMSA) - Rome,2023,10230.0,610.0,16.770491803278688
IT,IT0067,Campus Bio-Medico University,2023,4035.0,310.0,13.016129032258064
IT,IT0068,Sapienza University of Rome,2023,123375.0,4295.0,28.72526193247963
IT,IT0069,"University of Rome ""Foro Italico""",2023,2430.0,80.0,30.375
IT,IT0070,University of Rome Tor Vergata,2023,35300.0,1735.0,20.345821325648416
IT,IT0071,European University of Rome,2023,2645.0,225.0,11.755555555555556
IT,IT0072,Marconi University,2023,21040.0,285.0,73.82456140350877
IT,IT0073,Unitelma Sapienza,2023,10445.0,90.0,116.05555555555556
IT,IT0074,University Niccolò Cusano,2023,19535.0,1205.0,16.21161825726141
IT,IT0075,International Online University UNINETTUNO,2023,18215.0,500.0,36.43
IT,IT0076,Universitas Mercatorum,2023,57365.0,310.0,185.0483870967742
IT,IT0077,University of Salerno,2023,34605.0,1405.0,24.629893238434164
IT,IT0078,University of Sassari,2023,13080.0,810.0,16.14814814814815
IT,IT0079,University of Siena,2023,17010.0,1465.0,11.610921501706486
IT,IT0080,University for Foreigners of Siena,2023,1755.0,90.0,19.5
IT,IT0081,University of Teramo,2023,5615.0,535.0,10.495327102803738
IT,IT0082,Politecnico di Torino,2023,36355.0,1315.0,27.64638783269962
IT,IT0083,University of Turin,2023,83650.0,3145.0,26.59777424483307
IT,IT0084,Telematic University Leonardo da Vinci,2023,1060.0,75.0,14.133333333333333
IT,IT0085,University of Trento,2023,17410.0,980.0,17.76530612244898
IT,IT0086,International School for Advanced Studies (SISSA),2023,305.0,120.0,2.5416666666666665
IT,IT0087,University of Trieste,2023,18735.0,1035.0,18.10144927536232
IT,IT0088,University of Udine,2023,16080.0,1150.0,13.982608695652173
IT,IT0089,University of Urbino Carlo Bo,2023,14225.0,815.0,17.45398773006135
IT,IT0090,University of Insubria,2023,12195.0,670.0,18.20149253731343
IT,IT0091,Ca’ Foscari University of Venice,2023,20335.0,980.0,20.75
IT,IT0092,University IUAV of Venice,2023,4915.0,365.0,13.465753424657533
IT,IT0093,"University of Piemonte Orientale ""Amedeo Avogadro""",2023,15060.0,600.0,25.1
IT,IT0094,University of Verona,2023,28770.0,1455.0,19.77319587628866
IT,IT0095,University of Tuscia,2023,8155.0,615.0,13.260162601626016
IT,IT0096,Academy of fine arts of Bari,2023,1090.0,115.0,9.478260869565217
IT,IT0097,Academy of fine arts of Bologna,2023,2090.0,190.0,11.0
IT,IT0098,Academy of fine arts of Carrara,2023,1100.0,70.0,15.714285714285714
IT,IT0099,Academy of fine arts of Catania,2023,2210.0,120.0,18.416666666666668
IT,IT0100,Academy of fine arts of Catanzaro,2023,395.0,60.0,6.583333333333333
IT,IT0101,Academy of fine arts of Firenze,2023,1895.0,140.0,13.535714285714286
IT,IT0102,Academy of fine arts of Foggia,2023,710.0,50.0,14.2
IT,IT0103,Academy of fine arts of Frosinone,2023,640.0,75.0,8.533333333333333
IT,IT0104,Academy of fine arts of L'Aquila,2023,500.0,70.0,7.142857142857143
IT,IT0105,Academy of fine arts of Lecce,2023,685.0,55.0,12.454545454545455
IT,IT0106,Academy of fine arts of Macerata,2023,1200.0,100.0,12.0
IT,IT0107,"Academy of fine arts of Milano ""Brera""",2023,4325.0,320.0,13.515625
IT,IT0108,Academy of fine arts of Napoli,2023,3845.0,265.0,14.50943396226415
IT,IT0109,Academy of fine arts of Palermo,2023,1490.0,140.0,10.642857142857142
IT,IT0110,Academy of fine arts of Reggio Calabria,2023,465.0,70.0,6.642857142857143
IT,IT0111,Academy of fine arts of Roma,2023,3095.0,260.0,11.903846153846153
IT,IT0112,"Academy of fine arts ""Mario Sironi"" - Sassari",2023,445.0,55.0,8.090909090909092
IT,IT0113,"Academy of fine arts of Torino ""Albertina""",2023,1425.0,100.0,14.25
IT,IT0114,Academy of fine arts of Urbino,2023,415.0,60.0,6.916666666666667
IT,IT0115,Academy of fine arts of Venezia,2023,1685.0,115.0,14.652173913043478
IT,IT0118,"Free Academy of fine arts of BRESCIA ""Santagiulia""",2023,945.0,155.0,6.096774193548387
IT,IT0119,"Free Academy of fine arts of BRESCIA ""LABA"" - libera accademia di belle arti",2023,1520.0,150.0,10.133333333333333
IT,IT0122,Free Academy of fine arts of CUNEO,2023,1370.0,60.0,22.833333333333332
IT,IT0123,"Academy of fine arts of GENOVA ""Accademia Ligustica""",2023,625.0,80.0,7.8125
IT,IT0124,"Free Academy of fine arts of MILANO ""NABA"" - nuova accademia di belle arti",2023,6045.0,1710.0,3.5350877192982457
IT,IT0125,"Free Academy of fine arts of MILANO ""ACME""",2023,215.0,55.0,3.909090909090909
IT,IT0128,"Academy of fine arts of PERUGIA ""Pietro Vannucci""",2023,535.0,80.0,6.6875
IT,IT0130,Academy of fine arts of RAVENNA,2023,135.0,25.0,5.4
IT,IT0131,"Free Academy of fine arts of ROMA ""Rome University of Fine Arts""",2023,1210.0,270.0,4.481481481481482
IT,IT0138,"Academy of fine arts of VERONA ""Cignaroli""",2023,840.0,80.0,10.5
IT,IT0140,"National Academy of Drama ""Silvio D'Amico""",2023,115.0,135.0,0.8518518518518519
IT,IT0141,National Dance Academy,2023,295.0,110.0,2.6818181818181817
IT,IT0142,"Music Conservatory of ADRIA (RO) ""Antonio Buzzolla""",2023,155.0,85.0,1.8235294117647058
IT,IT0143,"Music Conservatory of ALESSANDRIA ""Antonio Vivaldi""",2023,260.0,90.0,2.888888888888889
IT,IT0144,"Music Conservatory of AVELLINO ""Domenico Cimarosa""",2023,685.0,165.0,4.151515151515151
IT,IT0145,"Music Conservatory of BARI ""Niccolò Piccinni""",2023,685.0,215.0,3.186046511627907
IT,IT0146,"Music Conservatory of BENEVENTO ""Nicola Sala""",2023,770.0,145.0,5.310344827586207
IT,IT0147,"Music Conservatory of BOLOGNA ""Giovan B. Martini""",2023,685.0,140.0,4.892857142857143
IT,IT0148,"Music Conservatory of BOLZANO ""Claudio Monteverdi""",2023,265.0,80.0,3.3125
IT,IT0149,"Music Conservatory of BRESCIA ""Luca Marenzio""",2023,400.0,125.0,3.2
IT,IT0150,"Music Conservatory of CAGLIARI ""Pierluigi da Palestrina""",2023,355.0,145.0,2.4482758620689653
IT,IT0151,"Music Conservatory of CAMPOBASSO ""Lorenzo Perosi""",2023,275.0,105.0,2.619047619047619
IT,IT0152,"Music Conservatory of CASTELFRANCO VENETO (TV) ""Agostino Steffani""",2023,325.0,400.0,0.8125
IT,IT0153,"Music Conservatory of CESENA (FC) ""Bruno Maderna""",2022,250.0,70.0,3.5714285714285716
IT,IT0154,"Music Conservatory of COMO ""Giuseppe Verdi""",2023,365.0,75.0,4.866666666666666
IT,IT0155,"Music Conservatory of COSENZA ""Stanislao Giacomantonio""",2023,645.0,130.0,4.961538461538462
IT,IT0156,"Music Conservatory of CUNEO ""G.F. Ghedini""",2023,285.0,70.0,4.071428571428571
IT,IT0157,"Music Conservatory of FERMO ""Giovambattista Pergolesi""",2023,265.0,85.0,3.1176470588235294
IT,IT0158,"Music Conservatory of FERRARA ""Girolamo Frescobaldi""",2023,285.0,70.0,4.071428571428571
IT,IT0159,"Music Conservatory of FIRENZE ""Luigi Cherubini""",2023,720.0,110.0,6.545454545454546
IT,IT0160,"Music Conservatory of FOGGIA ""Umberto Giordano""",2023,510.0,160.0,3.1875
IT,IT0161,"Music Conservatory of FROSINONE ""Licinio Refice""",2023,550.0,150.0,3.6666666666666665
IT,IT0162,"Music Conservatory of GENOVA ""Nicolò Paganini""",2023,280.0,90.0,3.111111111111111
IT,IT0163,"Music Conservatory of LA SPEZIA ""Giacomo Puccini""",2023,230.0,70.0,3.2857142857142856
IT,IT0164,"Music Conservatory of L'AQUILA ""Alfredo Casella""",2023,440.0,160.0,2.75
IT,IT0165,"Music Conservatory of LATINA ""Ottorino Respighi""",2023,270.0,85.0,3.176470588235294
IT,IT0166,"Music Conservatory of LECCE ""Tito Schipa""",2023,475.0,120.0,3.9583333333333335
IT,IT0167,"Music Conservatory of MANTOVA ""Lucio Campiani""",2023,210.0,65.0,3.230769230769231
IT,IT0168,"Music Conservatory of MATERA ""Egidio R. Duni""",2023,405.0,105.0,3.857142857142857
IT,IT0169,"Music Conservatory of MESSINA ""Arcangelo Corelli""",2023,540.0,105.0,5.142857142857143
IT,IT0170,"Music Conservatory of MILANO ""Giuseppe Verdi""",2023,1225.0,275.0,4.454545454545454
IT,IT0171,"Music Conservatory of MONOPOLI (BA) ""Nino Rota""",2023,380.0,125.0,3.04
IT,IT0172,"Music Conservatory of NAPOLI ""S. Pietro a Majella""",2023,870.0,120.0,7.25
IT,IT0173,"Music Conservatory of NOVARA ""Guido Cantelli""",2023,315.0,80.0,3.9375
IT,IT0174,"Music Conservatory of PADOVA ""Cesare Pollini""",2023,505.0,115.0,4.391304347826087
IT,IT0175,"Music Conservatory of PALERMO ""Vincenzo Bellini""",2023,745.0,160.0,4.65625
IT,IT0176,"Music Conservatory of PARMA ""Arrigo Boito""",2023,730.0,155.0,4.709677419354839
IT,IT0177,"Music Conservatory of PERUGIA ""Francesco Morlacchi""",2023,415.0,115.0,3.608695652173913
IT,IT0178,"Music Conservatory of PESARO ""Gioacchino Rossini""",2023,395.0,140.0,2.8214285714285716
IT,IT0179,"Music Conservatory of PESCARA ""Luisa d’Annunzio""",2023,485.0,130.0,3.730769230769231
IT,IT0180,"Music Conservatory of PIACENZA ""Giuseppe Nicolini""",2023,285.0,100.0,2.85
IT,IT0181,"Music Conservatory of POTENZA ""Gesualdo da Venosa""",2023,215.0,85.0,2.5294117647058822
IT,IT0182,"Music Conservatory of REGGIO CALABRIA ""Francesco Cilea""",2023,335.0,100.0,3.35
IT,IT0183,"Music Conservatory of ROMA ""Santa Cecilia""",2023,1175.0,190.0,6.184210526315789
IT,IT0184,"Music Conservatory of ROVIGO ""Francesco Venezze""",2023,465.0,100.0,4.65
IT,IT0185,"Music Conservatory of SALERNO ""G. Martucci""",2023,1170.0,170.0,6.882352941176471
IT,IT0186,"Music Conservatory of SASSARI ""Luigi Canepa""",2023,280.0,100.0,2.8
IT,IT0187,"Music Conservatory of TORINO ""Giuseppe Verdi""",2023,560.0,120.0,4.666666666666667
IT,IT0188,"Music Conservatory of TRAPANI ""Antonio Scontrino""",2023,310.0,100.0,3.1
IT,IT0189,"Music Conservatory of TRENTO ""Francesco A. Bonporti""",2023,370.0,105.0,3.5238095238095237
IT,IT0190,"Music Conservatory of TRIESTE ""Giuseppe Tartini""",2023,505.0,100.0,5.05
IT,IT0191,"Music Conservatory of UDINE ""Jacopo Tomadini""",2023,225.0,75.0,3.0
IT,IT0192,"Music Conservatory of VENEZIA ""Benedetto Marcello""",2023,340.0,100.0,3.4
IT,IT0193,"Music Conservatory of VERONA ""E. F. dall’Abaco""",2023,380.0,90.0,4.222222222222222
IT,IT0194,"Music Conservatory of VIBO VALENTIA ""Fausto Torrefranca""",2023,330.0,90.0,3.6666666666666665
IT,IT0195,"Music Conservatory of VICENZA ""Arrigo Pedrollo""",2023,430.0,105.0,4.095238095238095
IT,IT0197,Music Institute of AOSTA della Valle d'Aosta,2023,100.0,50.0,2.0
IT,IT0199,"Music Conservatory of CALTANISSETTA ""Vincenzo Bellini""",2023,315.0,60.0,5.25
IT,IT0202,"Music Conservatory of CATANIA ""Vincenzo Bellini""",2023,535.0,120.0,4.458333333333333
IT,IT0203,"Music Conservatory of CREMONA ""Claudio Monteverdi""",2023,95.0,20.0,4.75
IT,IT0204,"Music Conservatory of GALLARATE (VA) ""Giacomo Puccini""",2023,115.0,45.0,2.5555555555555554
IT,IT0205,"Music Conservatory of LIVORNO ""Pietro Mascagni""",2023,205.0,50.0,4.1
IT,IT0206,"Music Conservatory of LUCCA ""Luigi Boccherini""",2023,230.0,50.0,4.6
IT,IT0208,"Music Conservatory of NOCERA TERINESE (CZ) ""P.I. Tchaikovsky""",2023,675.0,65.0,10.384615384615385
IT,IT0209,"Music Conservatory of PAVIA ""Franco Vittadini""",2023,215.0,55.0,3.909090909090909
IT,IT0210,"Music Conservatory of RAVENNA ""Giuseppe Verdi""",2023,145.0,50.0,2.9
IT,IT0212,"Music Conservatory of RIMINI ""G. Lettimi""",2022,65.0,20.0,3.25
IT,IT0213,"Music Conservatory of SIENA ""Rinaldo Franci""",2023,165.0,40.0,4.125
IT,IT0214,"Music Conservatory of TARANTO ""Giovanni Paisiello""",2023,275.0,60.0,4.583333333333333
IT,IT0215,"Music Conservatory of TERAMO ""Gaetano Braga""",2023,255.0,65.0,3.923076923076923
IT,IT0216,"Music Conservatory of TERNI ""Giulio Briccialdi""",2023,160.0,45.0,3.5555555555555554
IT,IT0217,ISIA of Faenza,2023,170.0,30.0,5.666666666666667
IT,IT0218,ISIA of Firenze,2023,190.0,50.0,3.8
IT,IT0219,ISIA of Roma,2023,435.0,105.0,4.142857142857143
IT,IT0220,ISIA of Urbino,2023,255.0,55.0,4.636363636363637
IT,IT0244,Link Campus University,2023,1065.0,390.0,2.730769230769231
IT,IT0245,"Music Conservatory of MODENA e CARPI ""Orazio Vecchi - Antonio Tonelli""",2023,175.0,140.0,1.25
IT,IT0246,"Music Conservatory of REGGIO EMILIA e CASTELNOVO NE' MONTI ""Achille Peri e Merulo""",2023,225.0,50.0,4.5
IT,IT0247,"Music Conservatory of RIBERA (AG) ""Arturo Toscanini""",2023,265.0,40.0,6.625
IT,IT0248,Humanitas University,2023,2785.0,190.0,14.657894736842104
IT,IT0249,Gran Sasso Science Institute,2023,145.0,75.0,1.9333333333333333
IT,IT0250,ISIA of Pescara,2023,135.0,40.0,3.375
IT,IT0251,Saint Camillus International University of Health Sciences,2023,9410.0,385.0,24.441558441558442
IT,IT0252,Polytechnic of the Arts of BERGAMO,2023,500.0,125.0,4.0
IT,IT0254,Music Conservatory “B. Maderna – G. Lettimi”,2023,300.0,85.0,3.5294117647058822
IT,IT0255,Centro Alti Studi Difesa (CASD),2023,25.0,5.0,5.0
LI,LI0001,University of Liechtenstein,2023,655.0,65.0,10.076923076923077
LI,LI0002,Private University in the Principality of Liechtenstein,2023,175.0,10.0,17.5
LT,LT0002,Vilnius Gediminas Technical University,2023,7820.0,540.0,14.481481481481481
LT,LT0004,Vilnius Academy of Arts,2023,1720.0,240.0,7.166666666666667
LT,LT0005,Lithuanian Academy of Music and Theatre,2023,1050.0,225.0,4.666666666666667
LT,LT0006,Mykolas Romeris University,2023,5640.0,360.0,15.666666666666666
LT,LT0008,Kaunas University of Technology,2023,7410.0,540.0,13.722222222222221
LT,LT0013,Lithuanian Sports University,2023,1360.0,105.0,12.952380952380953
LT,LT0014,Klaipeda University,2023,2295.0,215.0,10.674418604651162
LT,LT0017,Kazimiero Simonaviciaus University,2023,510.0,25.0,20.4
LT,LT0018,"ISM University of Management and Economics, JSC",2023,2205.0,55.0,40.09090909090909
LT,LT0019,LCC International university,2023,650.0,65.0,10.0
LT,LT0020,Vilnius College,2023,5345.0,740.0,7.222972972972973
LT,LT0021,Vilnius College of Technologies and Design,2023,1525.0,130.0,11.73076923076923
LT,LT0022,Kaunas College,2023,4570.0,310.0,14.741935483870968
LT,LT0023,Kaunas Technical College,2023,940.0,95.0,9.894736842105264
LT,LT0024,Kaunas College of Forestry and Environmental Engineering,2023,735.0,55.0,13.363636363636363
LT,LT0025,Klaipeda State College,2023,2520.0,150.0,16.8
LT,LT0026,Lithuanian Maritime Academy,2023,625.0,45.0,13.88888888888889
LT,LT0027,Alytaus College,2023,795.0,85.0,9.352941176470589
LT,LT0028,Panevėžys College,2023,1270.0,95.0,13.368421052631579
LT,LT0029,Siauliai State College,2023,1630.0,105.0,15.523809523809524
LT,LT0030,Marijampole College,2023,730.0,60.0,12.166666666666666
LT,LT0031,Utena University of Applied Sciences,2023,1710.0,130.0,13.153846153846153
LT,LT0033,International School of Law and Business,2022,400.0,25.0,16.0
LT,LT0034,Vilnius Business College,2023,1165.0,90.0,12.944444444444445
LT,LT0036,Kolping College,2023,355.0,20.0,17.75
LT,LT0038,SMK University of Applied Sciences,2023,4340.0,150.0,28.933333333333334
LT,LT0042,European Humanities University,2023,1505.0,75.0,20.066666666666666
LT,LT0046,Public Institution Lithuania Business University of Applied Sciences,2023,985.0,90.0,10.944444444444445
LT,LT0047,Lithuanian University of Health Sciences,2023,7855.0,900.0,8.727777777777778
LU,LU0001,University of Luxembourg,2023,7535.0,1576.8,4.7786656519533235
MT,MT0001,University of Malta,2023,10040.0,1110.0,9.045045045045045
MT,MT0002,"Malta College of Arts, Science & Technology",2023,2730.0,280.0,9.75
MT,MT0003,Institute of Tourism Studies,2023,175.0,15.0,11.666666666666666
MT,MT0004,Institute for Education,2023,350.0,65.0,5.384615384615385
MT,MT0006,Malta Leadership Institute,2023,480.0,20.0,24.0
MT,MT0007,Pegaso International,2022,340.0,35.0,9.714285714285714
MT,MT0008,Malta ICOM Educational,2023,870.0,85.0,10.235294117647058
MT,MT0009,Future Focus,2023,520.0,10.0,52.0
MT,MT0010,Triagon Academy,2023,680.0,40.0,17.0
MT,MT0011,European Forensic Institute Limited,2022,230.0,15.0,15.333333333333334
MT,MT0012,Global College Malta,2023,500.0,15.0,33.333333333333336
MT,MT0013,eie European Business School,2023,455.0,5.0,91.0
MT,MT0014,European Graduate School,2023,270.0,20.0,13.5
MT,MT0015,"London School of Commerce, Malta Ltd",2023,245.0,5.0,49.0
MT,MT0016,Queen Mary University of London Malta Limited,2023,280.0,25.0,11.2
NL,NL0001,University of Amsterdam,2023,42985.0,2645.0,16.251417769376182
NL,NL0002,VU University Amsterdam,2023,31925.0,1880.0,16.981382978723403
NL,NL0003,Delft University of Technology,2023,25995.0,2450.0,10.610204081632654
NL,NL0004,Eindhoven University of Technology,2023,13040.0,1300.0,10.03076923076923
NL,NL0005,University of Twente,2023,11810.0,1355.0,8.715867158671587
NL,NL0006,University of Groningen,2023,34040.0,1950.0,17.456410256410255
NL,NL0007,Leiden University,2023,33010.0,2010.0,16.422885572139304
NL,NL0008,Maastricht University,2023,21840.0,1675.0,13.038805970149253
NL,NL0009,Radboud University Nijmegen,2023,23895.0,1555.0,15.366559485530546
NL,NL0010,Erasmus University Rotterdam,2023,30745.0,1220.0,25.200819672131146
NL,NL0011,Tilburg University,2023,19520.0,985.0,19.81725888324873
NL,NL0012,Utrecht University,2023,38290.0,2805.0,13.650623885918003
NL,NL0013,Wageningen University and Research Centre,2023,12965.0,1410.0,9.195035460992909
NL,NL0014,Open University of the Netherlands,2022,65.0,310.0,0.20967741935483872
NL,NL0015,University of Humanistic Studies,2022,555.0,60.0,9.25
NL,NL0017,Protestant Theological University,2022,170.0,50.0,3.4
NL,NL0018,Utrecht Theological University,2022,110.0,25.0,4.4
NL,NL0019,Theological University Apeldoorn,2022,100.0,10.0,10.0
NL,NL0020,"Codarts, University for the Arts",2023,990.0,95.0,10.421052631578947
NL,NL0021,Amsterdam School of the Arts,2023,3390.0,295.0,11.491525423728813
NL,NL0022,ArtEZ institute of the arts,2023,3190.0,210.0,15.19047619047619
NL,NL0023,AVANS University of Applied Sciences,2023,31375.0,1750.0,17.928571428571427
NL,NL0025,Driestar Christian University for Teacher Education,2023,1510.0,120.0,12.583333333333334
NL,NL0026,CHE Christian University of Applied Sciences,2023,4825.0,325.0,14.846153846153847
NL,NL0028,Windesheim University of Applied Sciences,2023,25980.0,1480.0,17.554054054054053
NL,NL0029,Design Academy Eindhoven,2023,785.0,15.0,52.333333333333336
NL,NL0030,Fontys University of Applied Sciences,2023,41495.0,2660.0,15.599624060150376
NL,NL0031,Viaa Reformed University of Applied Sciences,2023,2110.0,120.0,17.583333333333332
NL,NL0032,Gerrit Rietveld Academie,2023,850.0,35.0,24.285714285714285
NL,NL0033,The Hague University of Applied Sciences,2023,24140.0,1355.0,17.81549815498155
NL,NL0034,Hanze University of Applied Sciences,2023,28655.0,1525.0,18.79016393442623
NL,NL0035,HAS Green Academy,2023,3115.0,265.0,11.754716981132075
NL,NL0036,Hotelschool The Hague,2023,2530.0,125.0,20.24
NL,NL0037,De Kempel University Teacher Education College,2023,1030.0,60.0,17.166666666666668
NL,NL0041,INHOLLAND University of Applied Sciences,2023,25940.0,1270.0,20.4251968503937
NL,NL0042,IPABO University of Professional Teacher Education,2023,1285.0,70.0,18.357142857142858
NL,NL0043,"Van Hall Larenstein, University of Applied Sciences",2023,4710.0,300.0,15.7
NL,NL0044,University of Applied Sciences Leiden,2023,11990.0,695.0,17.25179856115108
NL,NL0045,Rotterdam University of Applied Sciences,2023,38690.0,2075.0,18.64578313253012
NL,NL0046,Amsterdam University of Applied Sciences,2023,44245.0,2255.0,19.620842572062084
NL,NL0047,HAN University of Applied Sciences,2023,34980.0,2050.0,17.06341463414634
NL,NL0048,Royal Academy of Art,2022,1680.0,170.0,9.882352941176471
NL,NL0049,University of Applied Sciences Utrecht,2023,36345.0,2055.0,17.686131386861312
NL,NL0050,HKU University of the Arts Utrecht,2023,4170.0,280.0,14.892857142857142
NL,NL0051,HZ University of Applied Sciences,2023,4965.0,320.0,15.515625
NL,NL0052,Zuyd University of Applied Sciences,2023,13510.0,875.0,15.44
NL,NL0053,Iselinge University of Professional Teacher Education,2023,545.0,25.0,21.8
NL,NL0054,University of Professional Teacher Education KPZ,2023,785.0,50.0,15.7
NL,NL0055,Breda University of Applied Sciences,2023,6875.0,380.0,18.092105263157894
NL,NL0057,"Marnix Academy, University for Teacher Education",2023,1345.0,110.0,12.227272727272727
NL,NL0058,Saxion University of Applied Sciences,2023,26045.0,1610.0,16.177018633540374
NL,NL0060,Aeres University of Applied Sciences,2023,3735.0,310.0,12.048387096774194
NL,NL0061,Thomas More Teacher Training Academy,2023,995.0,55.0,18.09090909090909
NL,NL0064,NHL Stenden University of Applied Sciences,2023,22755.0,1250.0,18.204
NL,NL0066,University of the Arts The Hague,2023,1680.0,165.0,10.181818181818182
NO,NO0001,University of Oslo,2023,29775.0,4108.78,7.246676629072377
NO,NO0002,University of Bergen,2023,21679.0,2458.34,8.818552356468185
NO,NO0003,University of Tromso - Norway's Arctic University,2023,17642.0,2332.03,7.56508278195392
NO,NO0004,The Norwegian University of Science and Technology,2023,46952.0,5195.98,9.036216459647651
NO,NO0005,Norwegian University of Life Sciences,2023,8206.0,953.47,8.606458514688454
NO,NO0006,University of Stavanger,2023,13276.0,1251.82,10.605358597881485
NO,NO0007,University of Agder,2023,14343.0,979.78,14.639000591969626
NO,NO0008,The Oslo School of Architecture and Design,2023,884.0,102.6,8.61598440545809
NO,NO0009,BI Norwegian Business School,2023,20698.0,423.63,48.858673842740124
NO,NO0011,Norwegian School of Economics,2023,4290.0,296.26,14.480523864173362
NO,NO0012,Norwegian School of Sport Sciences,2023,1735.0,141.42,12.268420308301515
NO,NO0014,Norwegian Academy of Music,2023,924.0,143.95,6.418895449808962
NO,NO0015,"MF Norwegian School of Theology, Religion and Society",2023,1023.0,87.01,11.757269279393173
NO,NO0018,Nord University,2023,11436.0,925.5,12.356564019448946
NO,NO0025,"Molde University College, Specialized University in Logistics",2023,3842.0,183.91,20.890653036811486
NO,NO0035,Volda University College,2023,4283.0,254.29,16.842974556608596
NO,NO0036,Østfold University College,2023,7122.0,431.05,16.522445191973087
NO,NO0038,Sámi University Of Applied Sicences,2023,210.0,52.27,4.017600918308781
NO,NO0040,Queen Maud University College,2023,1109.0,120.15,9.230129005409903
NO,NO0042,Oslo National Academy of the Arts,2023,645.0,98.26,6.564217382454712
NO,NO0043,Kristiania University College,2023,15422.0,330.48,46.66545630597918
NO,NO0045,NLA University College,2023,2746.0,189.25,14.50990752972259
NO,NO0051,The Norwegian Police University College,2022,1476.0,174.4,8.463302752293577
NO,NO0052,Ansgar University College and Theological Seminary,2023,335.0,20.18,16.600594648166503
NO,NO0064,Lovisenberg Diaconal University College,2023,1147.0,84.69,13.54351163065297
NO,NO0069,Oslo Metropolitan University,2023,23317.0,1604.6,14.531347376293159
NO,NO0070,University of Southeast Norway,2023,17665.0,1305.57,13.530488598849546
NO,NO0072,VID Specialized University,2023,5830.0,365.16,15.965604118742467
NO,NO0073,Western Norway University of Applied Sciences,2023,16738.0,1374.04,12.181595877849263
NO,NO0074,Inland Norway University of Applied Sciences,2023,15121.0,857.81,17.62744663736725
PL,PL0001,University of Economics in Katowice,2022,8970.0,440.0,20.386363636363637
PL,PL0002,Academy of Finance and Business Vistula,2022,10830.0,130.0,83.3076923076923
PL,PL0003,AGH University of Science and Technology in Cracow,2022,21175.0,2135.0,9.918032786885245
PL,PL0005,Jan Długosz University in Częstochowa,2022,5525.0,455.0,12.142857142857142
PL,PL0006,Kozminski University,2022,11165.0,250.0,44.66
PL,PL0007,Polish Naval Academy in Gdynia,2022,1805.0,240.0,7.520833333333333
PL,PL0008,Wrocław Medical University,2022,6685.0,1185.0,5.641350210970464
PL,PL0009,Medical University of Lublin,2022,7610.0,1360.0,5.595588235294118
PL,PL0010,Medical University of Gdańsk,2022,6690.0,1045.0,6.401913875598086
PL,PL0011,Gdynia Maritime University,2022,3540.0,330.0,10.727272727272727
PL,PL0012,Maritime University of Szczecin,2022,2525.0,240.0,10.520833333333334
PL,PL0013,The Feliks Nowowiejski Academy of Music in Bydgoszcz,2022,670.0,180.0,3.7222222222222223
PL,PL0014,The Grazyna and Kiejstut Bacewicz Academy of Music in Łódź,2022,815.0,220.0,3.7045454545454546
PL,PL0015,The Ignacy Jan Paderewski Academy of Music in Poznań,2022,730.0,260.0,2.8076923076923075
PL,PL0016,The Karol Lipiński University of Music in Wrocław,2022,605.0,150.0,4.033333333333333
PL,PL0017,The Karol Szymanowski Academy of Music in Katowice,2022,885.0,185.0,4.783783783783784
PL,PL0018,The Stanisław Moniuszko Academy of Music in Gdańsk,2022,610.0,190.0,3.210526315789474
PL,PL0019,Academy of Music in Cracow,2022,755.0,250.0,3.02
PL,PL0020,War Studies Academy,2022,2590.0,285.0,9.087719298245615
PL,PL0021,Maria Grzegorzewska Academy of Pedagogy Special,2022,4925.0,320.0,15.390625
PL,PL0022,University of Podlasie,2022,4745.0,410.0,11.573170731707316
PL,PL0023,Polonia University in Częstochowa,2022,470.0,85.0,5.529411764705882
PL,PL0024,Pomeranian University in Słupsk,2022,3840.0,360.0,10.666666666666666
PL,PL0026,Jan Matejko Academy of Fine Arts in Cracow,2022,1030.0,305.0,3.377049180327869
PL,PL0027,Academy of Fine Arts in Łódź,2022,1110.0,210.0,5.285714285714286
PL,PL0028,Academy of Fine Arts in Gdańsk,2022,860.0,200.0,4.3
PL,PL0029,Academy of Fine Arts in Katowice,2022,505.0,130.0,3.8846153846153846
PL,PL0030,Magdalena Abakanowicz University of the Arts Poznan,2022,1445.0,260.0,5.5576923076923075
PL,PL0031,Academy of Fine Arts in Warsaw,2022,1665.0,365.0,4.561643835616438
PL,PL0032,Academy of Fine Arts in Wrocław,2022,1345.0,260.0,5.173076923076923
PL,PL0033,The Aleksander Zelwerowicz Theatre Academy in Warsaw,2022,385.0,110.0,3.5
PL,PL0034,University of Bielsko-Biała,2022,4110.0,325.0,12.646153846153846
PL,PL0035,Jędrzej Śniadecki Academy of Physical Education and Sport in Gdańsk,2022,2235.0,175.0,12.771428571428572
PL,PL0036,University School of Physical Education in Cracow,2022,3775.0,285.0,13.24561403508772
PL,PL0037,The Eugeniusz Piasecki University School of Physical Education in Poznań,2022,2580.0,210.0,12.285714285714286
PL,PL0038,The Jerzy Kukuczka Academy of Physical Education in Katowice,2022,2745.0,255.0,10.764705882352942
PL,PL0039,The Józef Piłsudski Academy of Physical Education in Warsaw,2022,4290.0,320.0,13.40625
PL,PL0040,Wroclaw University of Health and Sport Sciences,2022,2955.0,285.0,10.368421052631579
PL,PL0042,"""Ateneum"" Higher School in Gdańsk",2022,1445.0,40.0,36.125
PL,PL0046,Christian Theological Academy in Warsaw,2022,385.0,60.0,6.416666666666667
PL,PL0047,Collegium Civitas in Warsaw,2022,3895.0,85.0,45.8235294117647
PL,PL0049,University of Lower Silesia,2022,7865.0,110.0,71.5
PL,PL0050,Jan Wyzykowski University,2022,695.0,40.0,17.375
PL,PL0052,The Academy of Medical and Social Sciences of Applied Sciences,2022,1475.0,65.0,22.692307692307693
PL,PL0058,Gdansk School of Higher Education,2022,1225.0,40.0,30.625
PL,PL0059,Gdańsk Higher School of Humanities,2022,915.0,20.0,45.75
PL,PL0061,Gniezno University of Milenium,2022,605.0,15.0,40.333333333333336
PL,PL0062,Katowice Business University,2022,3650.0,110.0,33.18181818181818
PL,PL0068,Kaszubian-Pomeranian Higher School in Wejherowo,2022,755.0,25.0,30.2
PL,PL0069,The John Paul II Catholic University of Lublin,2022,8600.0,1035.0,8.309178743961352
PL,PL0070,The Karkonosze University of Applied Sciences,2022,805.0,65.0,12.384615384615385
PL,PL0072,Andrzej Frycz Modrzewski Cracow College,2022,8645.0,495.0,17.464646464646464
PL,PL0073,Cracow Higher School of the Health Promotion,2022,1385.0,40.0,34.625
PL,PL0074,Kujawy and Pomorze University in Bydgoszcz,2022,2740.0,65.0,42.15384615384615
PL,PL0080,Economic Higher School of Małopolska in Tarnów,2022,320.0,15.0,21.333333333333332
PL,PL0083,International University of Logistics and Transport in Wrocław,2022,1840.0,20.0,92.0
PL,PL0085,University of Pedagogy in Bialystok,2022,1075.0,30.0,35.833333333333336
PL,PL0086,Non State Higher Medical School in Wrocław,2022,615.0,35.0,17.571428571428573
PL,PL0087,Olsztyn University,2022,1410.0,25.0,56.4
PL,PL0091,"The Polish National Film, Television and Theatre School in Łódź",2022,1000.0,180.0,5.555555555555555
PL,PL0092,Lomza State University of Applied Sciences,2022,1595.0,135.0,11.814814814814815
PL,PL0093,AST National Academy of Theatre Arts in Krakow,2022,500.0,145.0,3.4482758620689653
PL,PL0094,State Academy of Applied Sciences in Przemyśl,2022,915.0,100.0,9.15
PL,PL0095,Angelus Silesius State University of Applied Sciences,2022,880.0,85.0,10.352941176470589
PL,PL0096,Academy of Applied Sciences in Leszno,2022,1235.0,140.0,8.821428571428571
PL,PL0097,Jan Grodek State University in Sanok,2022,1320.0,95.0,13.894736842105264
PL,PL0098,Bronisław Markiewicz State Higher School of Technology and Economics in Jarosław,2022,2435.0,190.0,12.81578947368421
PL,PL0099,State Higher Vocational School in Biała Podlaska,2022,1990.0,185.0,10.756756756756756
PL,PL0100,President Stanisław Wojciechowski State University of Applied Science in Kalisz,2022,3135.0,270.0,11.61111111111111
PL,PL0101,State Higher Vocational School Memorial of Prof. Stanislaw Tarnowski in Tarnobrzeg,2022,845.0,70.0,12.071428571428571
PL,PL0102,Stanisław Staszic State University of Applied Sciences in Piła,2022,1310.0,105.0,12.476190476190476
PL,PL0103,Witelon Collegium State University,2022,2625.0,185.0,14.18918918918919
PL,PL0104,The University College of Applied Sciences in Chelm,2022,2035.0,230.0,8.847826086956522
PL,PL0105,Vocational State School of Ignacy Mościcki. in Ciechanów,2022,1425.0,125.0,11.4
PL,PL0106,University of Applied Sciences in Elbląg,2022,1025.0,125.0,8.2
PL,PL0107,State Higher Vocational School in Głogów,2022,575.0,65.0,8.846153846153847
PL,PL0108,Hipolit Cegielski Academy of Applied Sciences in Gniezno,2022,415.0,55.0,7.545454545454546
PL,PL0109,The Jacob of Paradies University,2022,1995.0,205.0,9.731707317073171
PL,PL0110,State University of Applied Sciences in Konin,2022,1620.0,115.0,14.08695652173913
PL,PL0111,Carpathian State College in Krosno,2022,2010.0,165.0,12.181818181818182
PL,PL0112,State Higher Vocational School in Nowy Sącz,2022,2975.0,255.0,11.666666666666666
PL,PL0113,University of Applied Sciences in Nysa,2022,1780.0,165.0,10.787878787878787
PL,PL0114,Cavalry Captain Witold Pilecki State University of Malopolska in Oświęcim,2022,1805.0,115.0,15.695652173913043
PL,PL0115,Masovian State University in Płock,2022,1650.0,155.0,10.64516129032258
PL,PL0116,University of Applied Sciences in Racibórz,2022,1275.0,115.0,11.08695652173913
PL,PL0118,Stefan Batory University of Applied Sciences,2022,960.0,95.0,10.105263157894736
PL,PL0120,Prof. Edward F. Szczepanik State Vocational University in Suwałki,2022,1275.0,110.0,11.590909090909092
PL,PL0121,University of Applied Sciences in Tarnow,2022,3660.0,270.0,13.555555555555555
PL,PL0122,The Univerisity of Applied Sciences in Walcz,2022,465.0,50.0,9.3
PL,PL0123,Academy of Zamość,2022,1200.0,90.0,13.333333333333334
PL,PL0124,The State Academy of Applied Sciences in Włocławek,2022,1430.0,105.0,13.619047619047619
PL,PL0125,The Pontifical University of John Paul II in Cracow,2022,2950.0,260.0,11.346153846153847
PL,PL0126,Catholic Academy in Warsaw,2022,1515.0,65.0,23.307692307692307
PL,PL0128,Pontifical Faculty of Theology in Wrocław,2022,465.0,50.0,9.3
PL,PL0130,State Higher Vocational School Podhale in Nowy Targ,2022,1525.0,165.0,9.242424242424242
PL,PL0131,Podkarpacka Higher School in Jasło,2022,260.0,5.0,52.0
PL,PL0133,Białystok University of Technology,2022,7205.0,595.0,12.109243697478991
PL,PL0134,Czestochowa University of Technology,2022,5535.0,625.0,8.856
PL,PL0135,Gdańsk University of Technology,2022,14790.0,1250.0,11.832
PL,PL0136,Koszalin University of Technology,2022,3400.0,325.0,10.461538461538462
PL,PL0137,Tadeusza Kościuszki Cracow University of Technology,2022,13100.0,1080.0,12.12962962962963
PL,PL0138,Lublin University of Technology,2022,7395.0,590.0,12.533898305084746
PL,PL0139,Lodz University of Technology,2022,11300.0,1165.0,9.699570815450643
PL,PL0140,Opole University of Technology,2022,4745.0,410.0,11.573170731707316
PL,PL0141,Poznań University of Technology,2022,15180.0,1270.0,11.952755905511811
PL,PL0142,Kazimierz Pulaski University of Technology and Humanities in Radom,2022,4140.0,345.0,12.0
PL,PL0143,Rzeszow University of Technology,2022,10735.0,845.0,12.70414201183432
PL,PL0145,Silesian University of Technology in Gliwic,2022,16955.0,1620.0,10.466049382716049
PL,PL0146,Kielce University of Technology,2022,4765.0,400.0,11.9125
PL,PL0147,Warsaw University of Technology,2022,24390.0,2340.0,10.423076923076923
PL,PL0148,Wrocław University of Science and Technology,2022,23175.0,2075.0,11.168674698795181
PL,PL0150,Polish-Japanese Academy of Computer Technicians,2022,8075.0,220.0,36.70454545454545
PL,PL0151,Pomeranian Medical University in Szczecin,2022,5430.0,565.0,9.610619469026549
PL,PL0154,The Powiśle University,2022,1390.0,35.0,39.714285714285715
PL,PL0155,"General Humanistic Higher School ""Pomerania"" in Chojnice",2022,875.0,15.0,58.333333333333336
PL,PL0158,Warsaw Medical University named Tadeusz Kozluk,2022,1520.0,15.0,101.33333333333333
PL,PL0159,Private College of Environmental Protection in Radom,2022,215.0,10.0,21.5
PL,PL0162,Higher School in Radom,2022,955.0,15.0,63.666666666666664
PL,PL0165,Sopot University of Applied Science,2022,1500.0,50.0,30.0
PL,PL0166,University of Social Sciences,2022,13275.0,165.0,80.45454545454545
PL,PL0168,Collegium Balticum Academy of Applied Sciences,2022,1575.0,25.0,63.0
PL,PL0169,Warsaw University of Life Sciences,2022,17100.0,1260.0,13.571428571428571
PL,PL0170,Warsaw School of Economics,2022,14120.0,780.0,18.102564102564102
PL,PL0171,The Main School of Fire Service,2022,2115.0,145.0,14.586206896551724
PL,PL0173,Pawel Wlodkowic University College in Płock,2022,3845.0,30.0,128.16666666666666
PL,PL0175,SWPS University of Social Sciences and Humanities,2022,20900.0,430.0,48.604651162790695
PL,PL0177,Silesian Higher Medical School in Katowice,2022,1825.0,25.0,73.0
PL,PL0180,,2022,10835.0,1440.0,7.524305555555555
PL,PL0182,Jagiellonian Academy in Torun,2022,795.0,25.0,31.8
PL,PL0183,Maria Sklodowska-Curie Medical University,2022,1505.0,30.0,50.166666666666664
PL,PL0185,Cracow University of Economics,2022,14390.0,725.0,19.848275862068967
PL,PL0186,Poznań University of Economics and Business,2022,8530.0,470.0,18.148936170212767
PL,PL0187,University of Economics in Wrocław,2022,10635.0,525.0,20.257142857142856
PL,PL0188,University of Gdańsk,2022,21495.0,1750.0,12.282857142857143
PL,PL0189,Jan Kochanowski University in Kielce,2022,10415.0,950.0,10.963157894736842
PL,PL0190,Adam Mickiewicz University in Poznań,2022,31930.0,2840.0,11.242957746478874
PL,PL0191,Jagiellonian University in Cracow,2022,37535.0,4350.0,8.628735632183908
PL,PL0192,The Cardinal Stefan Wyszyński University in Warsaw,2022,10415.0,770.0,13.525974025974026
PL,PL0193,Kazimierz Wielki University in Bydgoszcz,2022,7085.0,640.0,11.0703125
PL,PL0194,University of Łódź,2022,24750.0,2150.0,11.511627906976743
PL,PL0195,Maria Curie-Skłodowska University in Lublin,2022,16780.0,1500.0,11.186666666666667
PL,PL0196,Karol Marcinkowski University of Medical Sciences in Poznań,2022,9015.0,1270.0,7.0984251968503935
PL,PL0197,Medical University of Białystok,2022,6045.0,830.0,7.283132530120482
PL,PL0198,Medical University of Łódź,2022,10400.0,1460.0,7.123287671232877
PL,PL0199,Nicolaus Copernicus University in Toruń,2022,19125.0,2170.0,8.81336405529954
PL,PL0200,The Frederic Chopin University of Music in Warsaw,2022,1035.0,355.0,2.915492957746479
PL,PL0201,University of Opole,2022,9035.0,905.0,9.98342541436464
PL,PL0202,Pedagogical University in Cracow,2022,16220.0,955.0,16.984293193717278
PL,PL0203,University of Life Sciences of Lublin,2022,6925.0,660.0,10.492424242424242
PL,PL0204,Poznań University of Life Sciences,2022,7810.0,750.0,10.413333333333334
PL,PL0205,Wrocław University of Environmental And Life Sciences,2022,7180.0,710.0,10.112676056338028
PL,PL0206,Hugo Kołłątaj Agricultural University of Cracow,2022,7485.0,715.0,10.468531468531468
PL,PL0207,University of Rzeszów,2022,15480.0,1310.0,11.816793893129772
PL,PL0208,University of Szczecin,2022,10325.0,1015.0,10.172413793103448
PL,PL0209,University of Silesia in Katowice,2022,20930.0,1820.0,11.5
PL,PL0210,University of Science and Technology,2022,5485.0,535.0,10.25233644859813
PL,PL0211,University of Białystok,2022,8840.0,765.0,11.555555555555555
PL,PL0212,University of Warmia and Mazury in Olsztyn,2022,16775.0,1675.0,10.014925373134329
PL,PL0213,University of Warsaw,2022,40880.0,3795.0,10.772068511198945
PL,PL0214,University of Wrocław,2022,22770.0,1930.0,11.797927461139896
PL,PL0215,University of Zielona Góra,2022,9040.0,1010.0,8.950495049504951
PL,PL0216,College of Management and Enterprise in Wałbrzych,2022,3040.0,20.0,152.0
PL,PL0217,Warsaw Management School - Graduate and Postgraduate School,2022,965.0,10.0,96.5
PL,PL0220,Warsaw School of Computer Science,2022,1135.0,20.0,56.75
PL,PL0221,Medical University of Warsaw,2022,10670.0,1590.0,6.710691823899371
PL,PL0224,,2022,1545.0,45.0,34.333333333333336
PL,PL0226,The Jarosław Dąbrowski Military University of Technology in Warsaw,2022,5370.0,955.0,5.62303664921466
PL,PL0227,The Wrocław University of Applied Informatics,2022,655.0,10.0,65.5
PL,PL0229,Wszechnica Polska University In Warsaw,2022,1160.0,35.0,33.142857142857146
PL,PL0236,Academy of Sport Education in Warsaw,2022,1295.0,20.0,64.75
PL,PL0237,Business and Administration School in Gdynia,2022,3510.0,55.0,63.81818181818182
PL,PL0244,Higher School of Administration in Bielsko-Biała,2022,1015.0,10.0,101.5
PL,PL0246,International Academy of Applied Sciences in Lomza,2022,1080.0,40.0,27.0
PL,PL0247,Gdańsk School of Banking,2022,18485.0,190.0,97.28947368421052
PL,PL0248,Poznan School of Banking,2022,28855.0,220.0,131.1590909090909
PL,PL0249,Toruń School of Banking,2022,14105.0,125.0,112.84
PL,PL0250,Wrocław School of Banking,2022,20260.0,190.0,106.63157894736842
PL,PL0251,Bielsko-Biała School of Finances and Law,2022,710.0,30.0,23.666666666666668
PL,PL0254,"Higher School of Public and Individual Safety ""Apeiron"" in Cracow",2022,930.0,10.0,93.0
PL,PL0255,Higher School of Safety in Poznań,2022,3275.0,145.0,22.586206896551722
PL,PL0257,Higher School of Business and Health Care in Łódź,2022,2350.0,50.0,47.0
PL,PL0258,The Józef Goluchowski University of Applied Sciences in Ostrowiec Świętokrzyski,2022,2575.0,50.0,51.5
PL,PL0261,WSB Academy,2022,14060.0,160.0,87.875
PL,PL0264,High School of Business - National Louis University in Nowy Sącz,2022,7465.0,40.0,186.625
PL,PL0268,Prof. Kazimiery Milanowskiej College of Therapy in Poznań,2022,1645.0,25.0,65.8
PL,PL0269,,2022,2325.0,30.0,77.5
PL,PL0270,University of Ecology and Management in Warsaw,2022,3105.0,105.0,29.571428571428573
PL,PL0276,Vistula University,2022,10830.0,130.0,83.3076923076923
PL,PL0281,Higher School of Economics and Computer Science in Cracow,2022,1955.0,35.0,55.857142857142854
PL,PL0282,WSEI University,2022,8760.0,95.0,92.21052631578948
PL,PL0283,Lipinski University,2022,2840.0,50.0,56.8
PL,PL0284,Old Polish University,2022,2485.0,50.0,49.7
PL,PL0285,Tischner European University in Cracow,2022,1735.0,45.0,38.55555555555556
PL,PL0287,Ignatium Academy in Cracow,2022,3025.0,250.0,12.1
PL,PL0290,Eastern European University of Applied Sciences in Bialystok,2022,1245.0,50.0,24.9
PL,PL0291,Academy of Applied Sciences Mazovia,2022,1720.0,60.0,28.666666666666668
PL,PL0292,University of Economics and Human Sciences in Warsaw,2022,11545.0,110.0,104.95454545454545
PL,PL0293,College of Physiotherapy in Wrocław,2022,990.0,20.0,49.5
PL,PL0296,Higher School of Euro Regional Economy in Józefów,2022,1490.0,30.0,49.666666666666664
PL,PL0298,Academy of Applied Sciences of the National Economy in Kutno,2022,1010.0,45.0,22.444444444444443
PL,PL0299,University of Economy Bydgoszcz,2022,4125.0,140.0,29.464285714285715
PL,PL0304,Radom Academy of Economics,2022,2475.0,45.0,55.0
PL,PL0305,The Wroclaw Business University of Applied Sciences,2022,1980.0,30.0,66.0
PL,PL0307,Łazarski University,2022,5185.0,180.0,28.805555555555557
PL,PL0309,The University of Commerce and Services in Poznań,2022,975.0,25.0,39.0
PL,PL0315,Academy of Applied Sciences of the Association for Adult Education in Szczecin,2022,1595.0,20.0,79.75
PL,PL0320,University of Humanities and Economics in Lodz,2022,8915.0,215.0,41.46511627906977
PL,PL0323,Kujawska Higher School in Włocławek,2022,1295.0,50.0,25.9
PL,PL0325,Humanitas University in Sosnowiec,2022,4090.0,80.0,51.125
PL,PL0327,University of Bydgoszcz,2022,1370.0,45.0,30.444444444444443
PL,PL0331,University of Information Technology and Management in Rzeszów,2022,6390.0,180.0,35.5
PL,PL0332,Warsaw School of Information Technology,2022,2865.0,65.0,44.07692307692308
PL,PL0334,WSB University in Warsaw,2022,10105.0,75.0,134.73333333333332
PL,PL0341,Poznań College of Foreign Languages,2022,1440.0,15.0,96.0
PL,PL0344,Higher School of Management in Konin,2022,515.0,30.0,17.166666666666668
PL,PL0349,The School of Medical Science of Bialystok,2022,1080.0,25.0,43.2
PL,PL0351,Halina Konopacka Higher School of Physical Culture and Tourism in Pruszków,2022,810.0,20.0,40.5
PL,PL0352,College of Social and Media Culture in Toruń,2022,485.0,45.0,10.777777777777779
PL,PL0355,College for Foreign Languages in Częstochowa,2022,750.0,10.0,75.0
PL,PL0356,Poznań School of Logistics,2022,2235.0,35.0,63.857142857142854
PL,PL0363,Higher Medical School in Sosnowiec,2022,1475.0,15.0,98.33333333333333
PL,PL0367,Warsaw Management University,2022,3385.0,90.0,37.611111111111114
PL,PL0369,Collegium Da Vinci,2022,3385.0,50.0,67.7
PL,PL0370,Higher School of Health Sciences in Bydgoszcz,2022,3235.0,5.0,647.0
PL,PL0373,Higher School of Social Sciences in Lublin,2022,3055.0,30.0,101.83333333333333
PL,PL0374,The Queen Jadwiga School of Management and Accounting in Ruda Śląska,2022,580.0,10.0,58.0
PL,PL0375,Military University of Aviation in Dęblin,2022,845.0,235.0,3.595744680851064
PL,PL0376,The General Tadeusz Kosciuszko Military Academy,2022,430.0,280.0,1.5357142857142858
PL,PL0378,,2022,1675.0,25.0,67.0
PL,PL0382,Mieszko I School of Applied Sciences in Poznań,2022,3110.0,65.0,47.84615384615385
PL,PL0383,High School of Strategic Planning in Dabrowa Górnicza,2022,3975.0,50.0,79.5
PL,PL0384,Higher School of Police in Szczytno,2022,2195.0,180.0,12.194444444444445
PL,PL0385,WSPIA University of Rzeszow,2022,3055.0,40.0,76.375
PL,PL0388,College of Enterprise and Administration in Lublin,2022,3385.0,50.0,67.7
PL,PL0398,Vincent Pol University in Lublin,2022,10315.0,110.0,93.77272727272727
PL,PL0407,Academy of Silesia,2022,2615.0,265.0,9.867924528301886
PL,PL0412,Katowice School of Information Technology,2022,980.0,15.0,65.33333333333333
PL,PL0416,Higher School of Tourism and Ecology in Sucha Beskidzka,2022,470.0,25.0,18.8
PL,PL0424,Poznań School of Social Sciences,2022,655.0,30.0,21.833333333333332
PL,PL0425,Higher School of Professional Skills in Pińczów,2022,585.0,10.0,58.5
PL,PL0428,"""Education"" Higher School of Management in Wrocław",2022,800.0,10.0,80.0
PL,PL0429,Academy of Applied Sciences - Higher School of Management and Administration in Opole,2022,3075.0,40.0,76.875
PL,PL0431,The School of Banking and Management in Cracow,2022,3185.0,40.0,79.625
PL,PL0432,School of Management and Banking in Poznań,2022,545.0,20.0,27.25
PL,PL0436,Helena Chodkowska Technical University in Warsaw,2022,5915.0,80.0,73.9375
PL,PL0437,Jański University in Łomża,2022,360.0,10.0,36.0
PL,PL0439,University of Occupational Safety Management in Katowice,2022,1450.0,30.0,48.333333333333336
PL,PL0442,Częstochowa University of Management,2022,800.0,10.0,80.0
PL,PL0443,Gdansk College of Health,2022,2540.0,35.0,72.57142857142857
PL,PL0451,"College of Health, Beauty and Education in Poznan",2022,1045.0,35.0,29.857142857142858
PL,PL0457,The West Pomeranian Business School in Szczecin,2022,1140.0,30.0,38.0
PL,PL0459,"West Pomeranian University of Technology, Szczecin",2022,6130.0,745.0,8.228187919463087
PL,PL0460,The Szczecin Academy of Art,2022,835.0,235.0,3.5531914893617023
PL,PL0461,State Higher Vocational School in Koszalin,2022,660.0,70.0,9.428571428571429
PL,PL0463,European University in Warsaw,2022,1330.0,15.0,88.66666666666667
PL,PL0464,College of Rehabilitation in Warsaw,2022,1260.0,45.0,28.0
PL,PL0467,Higher School of Engineering and Health in Warsaw,2022,2605.0,40.0,65.125
PL,PL0471,Collegium Humanum Warsaw Management University,2022,15790.0,115.0,137.30434782608697
PL,PL0472,Warsaw Film School,2022,770.0,35.0,22.0
PL,PL0474,Academy of Social Sciences,2022,2535.0,15.0,169.0
PL,PL0476,University of Social and Medical Sciences in Warsaw,2022,445.0,25.0,17.8
PL,PL0805,,2022,555.0,20.0,27.75
PL,PL0816,Collegium Masoviense University of Health Sciences,2022,1305.0,15.0,87.0
PT,PT0001,University of the Azores,2023,2727.0,220.69470588234896,12.356435960243413
PT,PT0002,University of Algarve,2023,9943.0,654.4300000000002,15.193374386871014
PT,PT0003,University of Aveiro,2023,15556.0,1124.8399999999872,13.829522420966695
PT,PT0004,University of Beira Interior,2023,7822.0,508.6099999999998,15.379170680875333
PT,PT0005,University of Coimbra,2023,22625.0,1383.4899999999973,16.353569595732562
PT,PT0006,University of Évora,2023,8045.0,608.0105882352932,13.231677466917198
PT,PT0008,NOVA University Lisbon,2023,22697.0,1440.2542857142814,15.759022712259192
PT,PT0010,University of Madeira,2023,3574.0,246.90000000000052,14.475496152288345
PT,PT0011,University of Minho,2023,19162.0,1209.750000000001,15.839636288489345
PT,PT0012,University of Porto,2023,34695.0,2080.6628571427364,16.674974458689956
PT,PT0013,University of Tras-os-Montes and Alto Douro,2023,8277.0,509.0499999999997,16.25969944013359
PT,PT0014,ISCTE - University Institute of Lisbon,2023,10644.0,481.43999999999977,22.108673978065813
PT,PT0015,Open University of Portugal,2023,10121.0,157.24999999999997,64.36248012718602
PT,PT0016,Polytechnic Institute of Beja,2023,3163.0,210.8,15.004743833017077
PT,PT0017,Polytechnic Institute of Bragança,2023,9552.0,524.9499999999986,18.196018668444662
PT,PT0018,Polytechnic Institute of Castelo Branco,2023,4675.0,357.4399999999998,13.079118173679506
PT,PT0019,Polytechnic Institute of Cávado and Ave,2023,7193.0,313.50000000000153,22.944178628389043
PT,PT0020,Polytechnic Institute of Coimbra,2023,11006.0,619.6823529411736,17.76071231940471
PT,PT0021,Polytechnic Institute of Guarda,2023,3238.0,235.93999999999997,13.72382809188777
PT,PT0022,Polytechnic Institute of Leiria,2023,11891.0,824.5999999999965,14.420325006063607
PT,PT0023,Lisbon Polytechnic Institute (IPL),2023,12355.0,941.6500000000008,13.120586205065566
PT,PT0024,Polytechnic Institute of Portalegre,2023,2791.0,191.9000000000002,14.544033350703476
PT,PT0025,Polytechnic of Porto,2023,20899.0,1218.8199999999974,17.146912587584747
PT,PT0026,Polytechnic Institute of Santarém,2023,4677.0,303.70000000000033,15.400065854461623
PT,PT0027,Polytechnic Institute of Setúbal,2023,7394.0,545.8000000000002,13.547086844998164
PT,PT0028,Polytechnic Institute of Tomar,2023,2644.0,186.0764705882351,14.209211898966283
PT,PT0029,IPVC - Polytechnic Institute of Viana do Castelo,2023,5216.0,325.2000000000002,16.039360393603925
PT,PT0030,Polytechnic Institute of Viseu,2023,5701.0,407.87000000000046,13.977492828597331
PT,PT0031,Portuguese Maritime College Infante D. Henrique,2023,871.0,61.349999999999994,14.197229013854932
PT,PT0032,Nursing School of Coimbra,2023,1584.0,177.08999999999995,8.944604438421145
PT,PT0033,Lisbon Nursing School,2023,1333.0,147.17999999999995,9.056937083842916
PT,PT0034,Nursing School of Porto,2023,1628.0,108.72999999999992,14.972868573530775
PT,PT0035,Estoril Higher Institute for Tourism and Hotel Studies,2023,1664.0,107.83999999999996,15.430267062314545
PT,PT0039,Higher Institute of Police Sciences and Internal Security,2023,261.0,20.64999999999999,12.639225181598068
PT,PT0041,Catholic University of Portugal,2023,12664.0,805.066176470587,15.730383874179164
PT,PT0042,Higher School of Arts of Oporto,2023,250.0,34.44000000000002,7.259001161440182
PT,PT0043,Higher School of Real Estate Studies,2023,253.0,13.92,18.17528735632184
PT,PT0048,Vasco da Gama University School,2023,678.0,63.3,10.71090047393365
PT,PT0051,University of Maia,2023,3887.0,173.53882352941096,22.39844618596968
PT,PT0052,University Institute of Health Sciences - CESPU,2023,1703.0,170.34999999999994,9.997064866451428
PT,PT0053,,2023,2022.0,199.44000000000003,10.13838748495788
PT,PT0056,Higher Institute of Intercultural and Transdisciplinary Studies of Almada,2023,602.0,30.460000000000008,19.763624425476028
PT,PT0060,ISG - Business & Economics School,2023,503.0,31.70000000000001,15.867507886435327
PT,PT0063,European University - Laureate International Universities,2023,4816.0,249.39999999999984,19.31034482758622
PT,PT0064,ISLA - Higher Institute of Management and Administration of Santarém,2023,803.0,44.55,18.024691358024693
PT,PT0067,"ISPA - University Institute of Psychological, Social and Life Sciences",2023,2437.0,131.62000000000006,18.515423187965347
PT,PT0069,Higher Institute of Social Work of Oporto,2023,349.0,18.82,18.544102019128587
PT,PT0070,Manuel Teixeira Gomes Higher Education Institute,2023,829.0,87.75,9.447293447293447
PT,PT0071,Miguel Torga Institute of Higher Education (ISMT),2023,1076.0,64.78999999999999,16.60750115758605
PT,PT0073,Luís de Camões Autonomous University of Lisbon,2023,3249.0,176.53000000000006,18.404803716082245
PT,PT0076,University Fernando Pessoa,2023,2785.0,197.8,14.079878665318503
PT,PT0077,Lusíada University,2023,5134.0,279.8657142857141,18.34451216399703
PT,PT0082,Portucalense University Infante D. Henrique,2023,3098.0,165.95,18.66827357637843
PT,PT0087,ESAD - College of Arts and Design,2023,812.0,56.48,14.376770538243626
PT,PT0089,Higher School of Education of Fafe,2023,433.0,38.0,11.394736842105264
PT,PT0090,João de Deus Higher School of Education,2023,284.0,29.250000000000007,9.709401709401707
PT,PT0091,Higher School of Education of Paula Frassinetti,2023,361.0,28.91,12.487028709789
PT,PT0099,Northen Health School of Portuguese Red Cross,2023,439.0,25.930000000000025,16.93019668337831
PT,PT0100,São José de Cluny Higher Education Nursing School,2023,290.0,17.080000000000005,16.97892271662763
PT,PT0101,Higher School of Health Santa Maria,2023,626.0,29.27,21.387085753331057
PT,PT0103,Higher School of Nursing São Francisco das Misericórdias,2023,211.0,18.9,11.164021164021165
PT,PT0104,Higher School of Health of The Portuguese Red Cross - Lisbon,2023,1043.0,56.34999999999983,18.50931677018639
PT,PT0105,Higher School of Health of Alcoitão,2023,472.0,41.889999999999986,11.267605633802821
PT,PT0106,Egas Moniz Higher School of Health,2023,1098.0,107.03,10.25880594225918
PT,PT0109,Jean Piaget Higher School of Health of Viseu,2023,300.0,19.19,15.63314226159458
PT,PT0112,Higher School of Technologies of Fafe,2023,224.0,24.549999999999997,9.124236252545826
PT,PT0114,Atlântico Business School,2023,532.0,32.75,16.244274809160306
PT,PT0115,Polytechnic Health Higher Institute of the North,2023,1870.0,125.87999999999998,14.855417858277727
PT,PT0116,Portuguese Higher Institute of Marketing Management of Lisbon,2023,758.0,39.25,19.312101910828027
PT,PT0117,Portuguese Higher Institute of Marketing Management of Oporto,2023,1416.0,50.10000000000003,28.2634730538922
PT,PT0120,D. Dinis Higher Institute,2023,314.0,26.5,11.849056603773585
PT,PT0121,ISAG - European Business School,2023,688.0,30.899999999999995,22.26537216828479
PT,PT0124,Institute of Information and Management Sciences (IIMS),2023,355.0,51.75000000000001,6.8599033816425115
PT,PT0125,,2023,785.0,53.807142857142,14.589141112438837
PT,PT0126,Higher Institute of Educational Sciences of Douro,2023,339.0,32.19,10.531220876048463
PT,PT0127,Higher Institute of Business and Tourism,2023,614.0,42.93,14.302352667132542
PT,PT0128,Higher Institute of Education and Science,2023,1275.0,109.39999999999996,11.654478976234008
PT,PT0129,ISVOUGA - Entre Douro e Vouga Higher Institute,2023,574.0,32.28,17.7819083023544
PT,PT0133,Higher Institute of Health Studies,2023,436.0,37.4,11.657754010695188
PT,PT0134,Higher Advanced Technologies Institute of Lisbon,2023,1157.0,28.96999999999999,39.93786675871593
PT,PT0135,Higher Advanced Technologies Institute of Oporto,2023,360.0,16.4,21.951219512195124
PT,PT0137,Gaya Politechnic Superior Institute,2023,688.0,42.0,16.38095238095238
PT,PT0140,Universidade de Lisboa,2023,47466.0,3103.8666806722754,15.292538270271068
PT,PT0141,ISLA – Polytechnic Institute of Management and Technology,2023,1048.0,60.75,17.25102880658436
PT,PT0142,Polytechnic Institute of Maia,2023,1397.0,90.54,15.429644356085706
PT,PT0145,Portuguese Red Cross Alto Tâmega Nursing School,2023,334.0,11.4,29.298245614035086
PT,PT0146,Military University Institute,2023,1614.0,275.7599999999995,5.852915578764153
PT,PT0147,,2023,433.0,38.96999999999999,11.111111111111114
PT,PT0148,Atlântica High Health School,2023,793.0,44.22,17.93306196291271
PT,PT0149,,2023,754.0,90.08999999999996,8.369408369408372
PT,PT0150,,2023,1373.0,129.0,10.643410852713178
PT,PT0151,Higher School of Health “Fernando Pessoa”,2023,626.0,107.96,5.798443868099296
PT,PT0152,Instituto Politécnico Jean Piaget do Norte,2023,547.0,31.920000000000016,17.136591478696733
PT,PT0819,Lusófona University,2023,11984.0,896.8000000000001,13.363068688670829
RO,RO0001,"""1 Decembrie 1918"" University of Alba Iulia",2023,5360.0,345.0,15.53623188405797
RO,RO0002,"""Aurel Vlaicu"" University of Arad",2023,5465.0,375.0,14.573333333333334
RO,RO0004,"""Vasile Alecsandri"" University of Bacau",2023,4825.0,260.0,18.557692307692307
RO,RO0005,University of Oradea,2023,15400.0,1545.0,9.967637540453074
RO,RO0006,"""Transilvania"" University of Brasov",2023,20995.0,1680.0,12.49702380952381
RO,RO0007,"""Henri Coanda"" Air Force Academy",2023,540.0,50.0,10.8
RO,RO0009,Technical University of Cluj-Napoca,2023,19025.0,1600.0,11.890625
RO,RO0010,"""Babes-Bolyai"" University Cluj-Napoca",2023,39355.0,3150.0,12.493650793650794
RO,RO0011,University of Agricultural Sciences and Veterinary Medicine Cluj-Napoca,2023,5510.0,680.0,8.102941176470589
RO,RO0012,"""Iuliu Haţieganu"" University of Medicine and Pharmacy Cluj-Napoca",2023,8390.0,1450.0,5.786206896551724
RO,RO0013,University of Art and Design Cluj-Napoca,2023,955.0,160.0,5.96875
RO,RO0014,"""Gheorghe Dima"" Music Academy from Cluj-Napoca",2023,1085.0,260.0,4.173076923076923
RO,RO0015,Constanta Maritime University,2023,3315.0,175.0,18.942857142857143
RO,RO0016,"""Ovidius"" University of Constanta",2023,14010.0,1410.0,9.936170212765957
RO,RO0017,"""Mircea Cel Batran"" Naval Academy",2023,1575.0,125.0,12.6
RO,RO0018,"""Valahia"" University of Targoviste",2023,5155.0,450.0,11.455555555555556
RO,RO0019,University of Craiova,2023,17190.0,1230.0,13.975609756097562
RO,RO0020,University of Medicine and Pharmacy Craiova,2023,4640.0,680.0,6.823529411764706
RO,RO0021,"""Dunarea de Jos"" University of Galati",2023,13730.0,1305.0,10.521072796934867
RO,RO0022,"""Constantin Brancusi"" University of Targu Jiu",2023,3290.0,190.0,17.31578947368421
RO,RO0023,University of Petrosani,2023,3995.0,295.0,13.542372881355933
RO,RO0024,"""Gheorghe Asachi"" Technical University of Iasi",2023,13075.0,935.0,13.983957219251337
RO,RO0025,"""Alexandru Ioan Cuza"" University of Iași",2023,24170.0,1715.0,14.093294460641399
RO,RO0026,”Ion Ionescu De la Brad” University of Life Sciences of Iasi,2023,4055.0,370.0,10.95945945945946
RO,RO0027,"""Grigore T. Popa"" University of Medicine and Pharmacy Iasi",2023,10140.0,2020.0,5.01980198019802
RO,RO0028,"""George Enescu"" National University of Arts",2023,1605.0,415.0,3.8674698795180724
RO,RO0032,University of Arts of Targu Mures,2023,405.0,145.0,2.793103448275862
RO,RO0033,"""Petroleum-Gas"" University of Ploiesti",2023,5185.0,445.0,11.651685393258427
RO,RO0034,"""Lucian Blaga"" University of Sibiu",2023,13820.0,1385.0,9.978339350180505
RO,RO0035,"""Nicolae Balcescu"" Land Forces Academy Sibiu",2023,1450.0,165.0,8.787878787878787
RO,RO0036,"""Stefan cel Mare"" University of Suceava",2023,9840.0,780.0,12.615384615384615
RO,RO0037,"""Politehnica"" University of Timisoara",2023,11980.0,1010.0,11.861386138613861
RO,RO0038,West University of Timişoara,2023,15010.0,1475.0,10.176271186440678
RO,RO0039,”Regele Mihai I” University of Life Sciences of Timisoara,2023,6495.0,530.0,12.254716981132075
RO,RO0040,"""Victor Babes"" University of Medicine and Pharmacy Timisoara",2023,7800.0,1320.0,5.909090909090909
RO,RO0041,National University of Science and Technology POLITEHNICA Bucharest,2023,35785.0,2810.0,12.734875444839858
RO,RO0042,"""Ion Mincu"" University of Architecture and Urbanism",2023,3415.0,435.0,7.850574712643678
RO,RO0043,Technical University of Civil Engineering Bucharest,2023,5530.0,505.0,10.950495049504951
RO,RO0044,University of Bucharest,2023,32315.0,2780.0,11.62410071942446
RO,RO0045,"National University of Physical Education and Sport, Bucharest",2023,1765.0,160.0,11.03125
RO,RO0046,University of Agronomic Sciences and Veterinary Medicine of Bucharest,2023,11015.0,845.0,13.035502958579881
RO,RO0047,Bucharest University of Economic Studies,2023,23415.0,1435.0,16.317073170731707
RO,RO0048,"University of Medicine and Pharmacy ""CAROL DAVILA"" Bucharest",2023,13135.0,3145.0,4.176470588235294
RO,RO0049,"University of Theatre and Film ""I.L. Caragiale"", Bucharest",2023,895.0,250.0,3.58
RO,RO0050,National University of Arts Bucharest,2023,1325.0,190.0,6.973684210526316
RO,RO0051,National University of Music Bucharest,2023,950.0,270.0,3.5185185185185186
RO,RO0052,National University of Political Studies and Public Administration,2023,6625.0,335.0,19.776119402985074
RO,RO0055,"National Defence University ""Carol I""",2023,790.0,65.0,12.153846153846153
RO,RO0056,"""Vasile Goldis"" Western University of Arad",2023,4650.0,545.0,8.53211009174312
RO,RO0057,"""Constantin Brancoveanu"" University of Pitesti",2023,1355.0,85.0,15.941176470588236
RO,RO0058,"""George Bacovia"" University from Bacau",2023,480.0,40.0,12.0
RO,RO0061,"""Bogdan-Voda"" University of Cluj Napoca",2023,1115.0,75.0,14.866666666666667
RO,RO0063,"""Petre Andrei"" University of Iasi",2023,1260.0,100.0,12.6
RO,RO0065,"""Dimitrie Cantemir"" University of Targu Mures",2023,1160.0,135.0,8.592592592592593
RO,RO0067,"""Dragan"" European University of Lugoj",2023,465.0,30.0,15.5
RO,RO0070,Athenaeum University of Bucharest,2023,240.0,35.0,6.857142857142857
RO,RO0071,"""Nicolae Titulescu"" University of Bucharest",2023,4270.0,105.0,40.666666666666664
RO,RO0075,"""Hyperion"" University of Bucharest",2023,1780.0,190.0,9.368421052631579
RO,RO0078,Romanian-American University of Bucharest,2023,2365.0,200.0,11.825
RO,RO0079,"""Spiru Haret"" University of Bucharest",2023,7460.0,435.0,17.149425287356323
RO,RO0084,"""Partium"" Christian University, Oradea",2023,810.0,145.0,5.586206896551724
RO,RO0087,“Mihai Viteazul” National Intelligence Academy,2023,60.0,5.0,12.0
RO,RO0089,"Pentecostal Theological Institute, Bucharest",2023,255.0,20.0,12.75
RO,RO0090,Protestant Theological Institute of Cluj Napoca,2023,130.0,10.0,13.0
RO,RO0091,"""Emanuel"" University of Oradea",2023,240.0,55.0,4.363636363636363
RO,RO0092,The Institute for Business Administration in Bucharest (ASEBUSS),2023,55.0,10.0,5.5
RO,RO0094,Sapientia Hungarian University of Transylvania,2023,2090.0,405.0,5.160493827160494
RO,RO0096,Adventus University of Cernica,2023,170.0,30.0,5.666666666666667
RO,RO0116,"”George Emil Palade” University of Medicine, Pharmacy, Science, and Technology of Târgu Mureş",2023,10055.0,1170.0,8.594017094017094
RS,RS0001,University of Belgrade,2023,90150.0,4610.0,19.55531453362256
RS,RS0002,University of Novi Sad,2023,41110.0,3185.0,12.907378335949765
RS,RS0003,University of Niš,2023,22000.0,1495.0,14.715719063545151
RS,RS0004,University of Kragujevac,2023,15205.0,1205.0,12.618257261410788
RS,RS0006,University of Arts in Belgrade,2023,2905.0,485.0,5.989690721649485
RS,RS0007,State University of Novi Pazar,2023,2680.0,125.0,21.44
RS,RS0009,Educons University Sremska Kamenica,2023,2025.0,105.0,19.285714285714285
RS,RS0010,Megatrend University Belgrade,2022,450.0,120.0,3.75
RS,RS0011,Metropolitan University Belgrade,2023,2055.0,155.0,13.258064516129032
RS,RS0012,Singidunum University,2023,9330.0,265.0,35.20754716981132
RS,RS0013,Nikola Tesla - Union University Belgrade,2023,5315.0,350.0,15.185714285714285
RS,RS0014,Economics Academy Novi Sad,2023,6535.0,300.0,21.783333333333335
RS,RS0015,University Alfa Belgrade,2023,1080.0,100.0,10.8
RS,RS0018,Higher Medical School of Vocational  Studies Milutin Milankovic - Belgrade,2023,435.0,20.0,21.75
RS,RS0019,Higher Technical School of Vocational Studies - Subotica,2023,705.0,30.0,23.5
RS,RS0025,Higher Technical School of Vocational  Studies - Novi Sad,2023,1385.0,30.0,46.166666666666664
RS,RS0026,Higher Technical School of Vocational  Studies - Zrenjanin,2022,440.0,35.0,12.571428571428571
RS,RS0031,Highеr School health - sanitary of Vocational Studies Visan - Belgrade (Zemun),2023,755.0,40.0,18.875
RS,RS0032,Higher Business School of Vocational Studies - Novi Sad,2023,1040.0,50.0,20.8
RS,RS0035,Higher school of Vocational Studies in Education of Teachers - Novi Sad,2023,630.0,25.0,25.2
RS,RS0038,Higher school of Vocational Studies for Information Technologies - Belgrade (Zemun),2023,1720.0,40.0,43.0
RS,RS0041,Union University Belgrade,2023,3615.0,185.0,19.54054054054054
RS,RS0043,University of Defence Belgrade,2023,880.0,355.0,2.4788732394366195
RS,RS0044,Higher school of Vocational Studies in Education of Teachers - Subotica,2023,460.0,30.0,15.333333333333334
RS,RS0045,Higher School of Vocational Studies of Economics and Administration - Belgrade,2023,105.0,30.0,3.5
RS,RS0047,Higher school of Vocational Studies for Teachers - Vrsac,2023,285.0,20.0,14.25
RS,RS0048,University of Criminal Investigation and Police Studies,2023,725.0,75.0,9.666666666666666
RS,RS0049,Higher school of Vocational Studies ICEPS - International Centre of Profesional Studies,2023,2120.0,55.0,38.54545454545455
RS,RS0050,Belgrade Business and Arts Academy of Applied Studies  Belgrade,2023,2845.0,135.0,21.074074074074073
RS,RS0051,Academy of Applied Studies Belgrade,2023,4970.0,130.0,38.23076923076923
RS,RS0052,Academy of Applied Technical Studies Belgrade,2023,3270.0,150.0,21.8
RS,RS0053,Academy of Technical and Arts Applied Studies Belgrade,2023,5770.0,195.0,29.58974358974359
RS,RS0054,Preschool Teacher Training and Medical Academy of Applied Studies - Kruševac,2023,1510.0,90.0,16.77777777777778
RS,RS0055,Academy of Applied Studies Zapadna Srbija - Užice,2023,1255.0,60.0,20.916666666666668
RS,RS0056,Academy of Applied Studies Šabac,2023,1415.0,75.0,18.866666666666667
RS,RS0057,Academy of Applied Studies Šumadija - Kragujevac,2023,1345.0,60.0,22.416666666666668
RS,RS0058,Academy of Applied Studies Južna Srbija - Leskovac,2023,1450.0,80.0,18.125
RS,RS0059,Academy of Technical Applied Studies - Niš,2023,1630.0,90.0,18.11111111111111
RS,RS0060,Faculty of Bussines Economics and Entrepreneurship,2023,1275.0,50.0,25.5
RS,RS0061,Modern business school,2023,410.0,25.0,16.4
SE,SE0001,Uppsala University,2023,47650.0,3225.0,14.775193798449612
SE,SE0002,Lund University,2023,42790.0,3595.0,11.902642559109875
SE,SE0003,University of Gothenburg,2023,49115.0,2935.0,16.734241908006815
SE,SE0004,Stockholm University,2023,55295.0,2340.0,23.63034188034188
SE,SE0005,Umeå university,2023,33510.0,2005.0,16.713216957605987
SE,SE0006,Linköping University,2023,37885.0,1790.0,21.164804469273744
SE,SE0007,Karolinska Institutet,2023,12655.0,2480.0,5.102822580645161
SE,SE0008,KTH Royal Institute of Technology,2023,23165.0,1770.0,13.087570621468927
SE,SE0009,Chalmers University of Technology,2023,12830.0,1400.0,9.164285714285715
SE,SE0010,Luleå University of Technology,2023,15705.0,655.0,23.977099236641223
SE,SE0011,Stockholm School of Economics,2023,2175.0,130.0,16.73076923076923
SE,SE0012,Swedish University of Agricultural Sciences,2023,6585.0,1810.0,3.638121546961326
SE,SE0013,Karlstad University,2023,15935.0,695.0,22.928057553956833
SE,SE0015,Örebro University,2023,16995.0,690.0,24.630434782608695
SE,SE0016,Mid-Sweden University,2023,21020.0,540.0,38.925925925925924
SE,SE0017,Blekinge Institute of Technology,2023,6975.0,220.0,31.704545454545453
SE,SE0018,Jönköping University,2023,11465.0,495.0,23.161616161616163
SE,SE0020,Malmö University,2023,22425.0,925.0,24.243243243243242
SE,SE0021,Mälardalen University,2023,15725.0,590.0,26.652542372881356
SE,SE0022,"Swedish School of Sport and Health Sciences, GIH",2023,1575.0,80.0,19.6875
SE,SE0023,University of Borås,2023,17755.0,420.0,42.273809523809526
SE,SE0024,Dalarna University,2023,13850.0,400.0,34.625
SE,SE0026,University of Gävle,2023,16585.0,430.0,38.56976744186046
SE,SE0027,Halmstad University,2023,11100.0,340.0,32.64705882352941
SE,SE0028,Kristianstad University,2023,10720.0,350.0,30.62857142857143
SE,SE0029,University of Skövde,2023,8680.0,275.0,31.563636363636363
SE,SE0030,University West,2023,13355.0,360.0,37.09722222222222
SE,SE0031,Södertörn University,2023,11410.0,435.0,26.229885057471265
SE,SE0032,Swedish Defence University,2023,1595.0,290.0,5.5
SE,SE0035,"University of Arts, Crafts and Design",2023,785.0,80.0,9.8125
SE,SE0036,Royal Institute of Art,2023,245.0,50.0,4.9
SE,SE0037,Royal College of Music in Stockholm,2023,1255.0,75.0,16.733333333333334
SE,SE0043,Marie Cederschiöld University College,2023,1525.0,80.0,19.0625
SE,SE0046,The Red Cross University College,2023,955.0,40.0,23.875
SE,SE0047,Sophiahemmet University,2023,1175.0,60.0,19.583333333333332
SE,SE0050,Linnaeus University,2023,34175.0,980.0,34.87244897959184
SE,SE0052,Stockholm University of the Arts,2023,760.0,90.0,8.444444444444445
SE,SE0059,University College Stockholm,2023,680.0,15.0,45.333333333333336
SE,SE0061,World Maritime University - Malmö,2023,290.0,50.0,5.8
SK,SK0001,Comenius University in Bratislava,2023,22710.0,2560.0,8.87109375
SK,SK0002,Pavol Jozef Šafárik University in Košice,2023,7585.0,900.0,8.427777777777777
SK,SK0003,University of Prešov in Prešov,2023,8310.0,525.0,15.82857142857143
SK,SK0004,University of Ss. Cyril and Methodius in Trnava,2023,5720.0,295.0,19.389830508474578
SK,SK0005,Catholic University in Ružomberok,2023,3375.0,255.0,13.235294117647058
SK,SK0007,Selye János University in Komárno,2023,1665.0,125.0,13.32
SK,SK0012,University of Veterinary Medicine in Košice,2023,2210.0,260.0,8.5
SK,SK0013,Constantine the Philosopher University in Nitra,2023,7005.0,450.0,15.566666666666666
SK,SK0014,Matej Bel University in Banská Bystrica,2023,6160.0,400.0,15.4
SK,SK0015,University of Trnava in Trnava,2023,5535.0,295.0,18.76271186440678
SK,SK0016,Slovak University of Technology in Bratislava,2023,10815.0,1145.0,9.445414847161572
SK,SK0017,Technical University of Košice,2023,11410.0,800.0,14.2625
SK,SK0019,University of Žilina in Žilina,2023,7415.0,690.0,10.746376811594203
SK,SK0020,Alexander Dubček University of Trenčín in Trenčín,2023,2130.0,175.0,12.17142857142857
SK,SK0021,University of Economics in Bratislava,2023,6885.0,430.0,16.011627906976745
SK,SK0026,Slovak University of Agriculture in Nitra,2023,4480.0,410.0,10.926829268292684
SK,SK0027,University of Technology in Zvolen,2023,1970.0,260.0,7.576923076923077
SK,SK0028,Academy of Performing Arts in Bratislava,2023,1030.0,210.0,4.904761904761905
SK,SK0029,Academy of Fine Arts and Design in Bratislava,2023,655.0,125.0,5.24
SK,SK0030,Academy of Arts in Banská Bystrica,2022,515.0,135.0,3.814814814814815
UK,UK0001,Anglia Ruskin University,2023,35890.0,1145.0,31.344978165938866
UK,UK0002,Aston University,2023,18600.0,955.0,19.476439790575917
UK,UK0003,Bath Spa University,2023,24585.0,465.0,52.87096774193548
UK,UK0004,The University of Bath,2023,19700.0,1340.0,14.701492537313433
UK,UK0005,University of Bedfordshire,2023,13790.0,530.0,26.0188679245283
UK,UK0006,"Birkbeck, University of London",2023,8440.0,470.0,17.95744680851064
UK,UK0007,Birmingham City University,2023,31415.0,1545.0,20.333333333333332
UK,UK0008,University of Birmingham,2023,36830.0,3615.0,10.188105117565698
UK,UK0009,University College Birmingham,2023,6885.0,310.0,22.20967741935484
UK,UK0010,Bishop Grosseteste University,2023,2375.0,105.0,22.61904761904762
UK,UK0011,The University of Bolton,2023,11915.0,525.0,22.695238095238096
UK,UK0012,The Arts University Bournemouth,2023,3960.0,260.0,15.23076923076923
UK,UK0013,Bournemouth University,2023,18620.0,850.0,21.905882352941177
UK,UK0014,The University of Bradford,2023,12265.0,585.0,20.965811965811966
UK,UK0015,The University of Brighton,2023,16665.0,855.0,19.49122807017544
UK,UK0016,The University of Bristol,2023,32150.0,3430.0,9.373177842565598
UK,UK0017,Brunel University London,2023,15470.0,1110.0,13.936936936936936
UK,UK0018,Buckinghamshire New University,2023,19670.0,415.0,47.397590361445786
UK,UK0020,The University of Cambridge,2023,22715.0,5650.0,4.020353982300885
UK,UK0021,The Institute of Cancer Research,2023,350.0,640.0,0.546875
UK,UK0022,Canterbury Christ Church University,2023,38430.0,660.0,58.22727272727273
UK,UK0023,University of Central Lancashire,2023,25300.0,1465.0,17.269624573378838
UK,UK0024,Royal Central School of Speech & Drama,2023,930.0,75.0,12.4
UK,UK0025,University of Chester,2023,14215.0,620.0,22.927419354838708
UK,UK0026,The University of Chichester,2023,6830.0,320.0,21.34375
UK,UK0027,"City, University of London",2023,22555.0,1095.0,20.598173515981735
UK,UK0029,Courtauld Institute of Art,2023,630.0,55.0,11.454545454545455
UK,UK0030,Coventry University,2023,29500.0,2060.0,14.320388349514563
UK,UK0031,Cranfield University,2023,5025.0,735.0,6.836734693877551
UK,UK0032,University for the Creative Arts,2023,11780.0,365.0,32.273972602739725
UK,UK0033,University of Cumbria,2023,9450.0,390.0,24.23076923076923
UK,UK0035,De Montfort University,2023,25245.0,1175.0,21.485106382978724
UK,UK0036,University of Derby,2023,20350.0,1065.0,19.107981220657276
UK,UK0037,University of Durham,2023,21745.0,2100.0,10.354761904761904
UK,UK0038,University of East Anglia,2023,18395.0,1460.0,12.599315068493151
UK,UK0039,University of East London,2023,20740.0,685.0,30.277372262773724
UK,UK0040,Edge Hill University,2023,14000.0,760.0,18.42105263157895
UK,UK0041,The University of Essex,2023,16270.0,1270.0,12.811023622047244
UK,UK0042,The University of Exeter,2023,32880.0,2935.0,11.202725724020443
UK,UK0043,Falmouth University,2023,7915.0,330.0,23.984848484848484
UK,UK0044,University of Gloucestershire,2023,8235.0,475.0,17.33684210526316
UK,UK0045,"Goldsmiths, University of London",2023,8330.0,655.0,12.717557251908397
UK,UK0046,The University of Greenwich,2023,29695.0,1140.0,26.04824561403509
UK,UK0048,Harper Adams University,2023,5360.0,190.0,28.210526315789473
UK,UK0049,University of Hertfordshire,2023,34255.0,1520.0,22.536184210526315
UK,UK0051,The University of Huddersfield,2023,20030.0,760.0,26.355263157894736
UK,UK0052,The University of Hull,2023,15580.0,845.0,18.437869822485208
UK,UK0053,Imperial College London,2023,22415.0,4125.0,5.433939393939394
UK,UK0055,Keele University,2023,13530.0,825.0,16.4
UK,UK0056,The University of Kent,2023,17190.0,1055.0,16.29383886255924
UK,UK0057,King's College London,2023,39435.0,4555.0,8.657519209659714
UK,UK0058,Kingston University,2023,18825.0,855.0,22.017543859649123
UK,UK0059,The University of Lancaster,2023,18380.0,1570.0,11.707006369426752
UK,UK0061,Leeds Beckett University,2023,24040.0,1220.0,19.704918032786885
UK,UK0062,The University of Leeds,2023,38100.0,3605.0,10.56865464632455
UK,UK0063,Leeds Trinity University,2023,14765.0,250.0,59.06
UK,UK0064,The University of Leicester,2023,18480.0,1680.0,11.0
UK,UK0065,The University of Lincoln,2023,20190.0,1200.0,16.825
UK,UK0066,Liverpool Hope University,2023,5055.0,300.0,16.85
UK,UK0067,Liverpool John Moores University,2023,27175.0,1545.0,17.588996763754047
UK,UK0069,The University of Liverpool,2023,30740.0,2890.0,10.636678200692042
UK,UK0070,University of the Arts London,2023,22800.0,1970.0,11.573604060913706
UK,UK0071,London Business School,2023,2255.0,105.0,21.476190476190474
UK,UK0073,London Metropolitan University,2023,14730.0,500.0,29.46
UK,UK0074,London South Bank University,2023,16965.0,880.0,19.27840909090909
UK,UK0075,London School of Economics and Political Science,2023,12910.0,1360.0,9.492647058823529
UK,UK0076,London School of Hygiene and Tropical Medicine,2023,980.0,870.0,1.1264367816091954
UK,UK0077,Loughborough University,2023,18820.0,1490.0,12.630872483221477
UK,UK0078,Manchester Metropolitan University,2023,39550.0,2035.0,19.434889434889435
UK,UK0079,The University of Manchester,2023,46915.0,4830.0,9.713250517598343
UK,UK0080,Middlesex University,2023,15850.0,720.0,22.01388888888889
UK,UK0081,Newcastle University,2023,27660.0,2730.0,10.131868131868131
UK,UK0082,Newman University,2023,4080.0,140.0,29.142857142857142
UK,UK0083,The University of Northampton,2023,16420.0,710.0,23.12676056338028
UK,UK0084,Northumbria University,2023,30630.0,1720.0,17.808139534883722
UK,UK0085,Norwich University of the Arts,2023,2860.0,195.0,14.666666666666666
UK,UK0086,University of Nottingham,2023,36185.0,3455.0,10.473227206946454
UK,UK0087,Nottingham Trent University,2023,38555.0,2465.0,15.640973630831644
UK,UK0088,The Open University,2023,133260.0,3195.0,41.708920187793424
UK,UK0089,Oxford Brookes University,2023,23400.0,1055.0,22.180094786729857
UK,UK0090,The University of Oxford,2023,27160.0,6760.0,4.017751479289941
UK,UK0091,University of St Mark and St John,2023,2850.0,110.0,25.90909090909091
UK,UK0092,University of Plymouth,2023,19230.0,1120.0,17.169642857142858
UK,UK0093,The University of Portsmouth,2023,24520.0,1425.0,17.20701754385965
UK,UK0094,Queen Mary University of London,2023,26080.0,2635.0,9.89753320683112
UK,UK0096,The University of Reading,2023,20245.0,1330.0,15.221804511278195
UK,UK0097,Roehampton University,2023,12050.0,395.0,30.50632911392405
UK,UK0099,Royal Academy of Music,2023,790.0,85.0,9.294117647058824
UK,UK0100,Royal Agricultural University,2023,1015.0,50.0,20.3
UK,UK0101,Royal College of Art,2023,2850.0,230.0,12.391304347826088
UK,UK0102,Royal College of Music,2023,975.0,95.0,10.263157894736842
UK,UK0103,"Royal Holloway, University of London",2023,12975.0,870.0,14.913793103448276
UK,UK0104,Royal Northern College of Music,2023,865.0,85.0,10.176470588235293
UK,UK0105,Royal Veterinary College,2023,2595.0,270.0,9.61111111111111
UK,UK0106,"St George's, University of London",2023,3850.0,365.0,10.547945205479452
UK,UK0107,"St Mary's University, Twickenham",2023,7190.0,300.0,23.966666666666665
UK,UK0108,The University of Salford,2023,26155.0,1200.0,21.795833333333334
UK,UK0109,"SOAS, University of London",2023,6280.0,400.0,15.7
UK,UK0111,Sheffield Hallam University,2023,32235.0,1690.0,19.07396449704142
UK,UK0112,The University of Sheffield,2023,31070.0,3430.0,9.058309037900875
UK,UK0113,Solent University,2023,9650.0,455.0,21.208791208791208
UK,UK0114,The University of Southampton,2023,26000.0,2600.0,10.0
UK,UK0115,Staffordshire University,2023,19030.0,595.0,31.983193277310924
UK,UK0117,The University of Sunderland,2023,19975.0,1185.0,16.856540084388186
UK,UK0118,The University of Surrey,2023,16315.0,1360.0,11.996323529411764
UK,UK0119,The University of Sussex,2023,19225.0,1410.0,13.634751773049645
UK,UK0120,Teesside University,2023,25045.0,1035.0,24.198067632850243
UK,UK0121,The University of West London,2023,18410.0,690.0,26.681159420289855
UK,UK0123,University College London,2023,51440.0,7535.0,6.826808228268082
UK,UK0124,The University of Warwick,2023,29435.0,2890.0,10.185121107266436
UK,UK0125,"University of the West of England, Bristol",2023,35925.0,1875.0,19.16
UK,UK0126,The University of Westminster,2023,22040.0,1040.0,21.192307692307693
UK,UK0127,The University of Winchester,2023,7520.0,410.0,18.341463414634145
UK,UK0128,The University of Wolverhampton,2023,19700.0,735.0,26.802721088435373
UK,UK0129,University of Worcester,2023,9160.0,435.0,21.057471264367816
UK,UK0131,York St John University,2023,10910.0,445.0,24.51685393258427
UK,UK0132,The University of York,2023,22445.0,2235.0,10.042505592841163
UK,UK0133,Aberystwyth University,2023,8320.0,545.0,15.26605504587156
UK,UK0134,Bangor University,2023,10835.0,750.0,14.446666666666667
UK,UK0135,Cardiff University,2023,33015.0,3005.0,10.986688851913478
UK,UK0136,Cardiff Metropolitan University,2023,11445.0,660.0,17.34090909090909
UK,UK0138,Wrexham University,2023,8990.0,215.0,41.81395348837209
UK,UK0142,Swansea University,2023,21230.0,1590.0,13.352201257861635
UK,UK0144,The University of Aberdeen,2023,15450.0,1280.0,12.0703125
UK,UK0145,Abertay University,2023,4950.0,205.0,24.146341463414632
UK,UK0146,The University of Dundee,2023,14990.0,1355.0,11.062730627306273
UK,UK0148,The University of Edinburgh,2023,40630.0,5340.0,7.608614232209738
UK,UK0149,Glasgow Caledonian University,2023,21965.0,755.0,29.09271523178808
UK,UK0151,The University of Glasgow,2023,38125.0,3890.0,9.800771208226221
UK,UK0152,Heriot-Watt University,2023,10665.0,915.0,11.655737704918034
UK,UK0153,Edinburgh Napier University,2023,14240.0,755.0,18.86092715231788
UK,UK0154,Queen Margaret University,2023,6840.0,265.0,25.81132075471698
UK,UK0155,The Robert Gordon University,2023,14585.0,595.0,24.51260504201681
UK,UK0156,Royal Conservatoire of Scotland,2023,1225.0,125.0,9.8
UK,UK0157,The University of St Andrews,2023,11895.0,1235.0,9.631578947368421
UK,UK0159,The University of Stirling,2023,12865.0,745.0,17.268456375838927
UK,UK0160,The University of Strathclyde,2023,23265.0,1850.0,12.575675675675676
UK,UK0161,University of the Highlands and Islands,2023,9530.0,60.0,158.83333333333334
UK,UK0162,The University of the West of Scotland,2023,16780.0,755.0,22.225165562913908
UK,UK0163,The Queen's University of Belfast,2023,24930.0,1980.0,12.590909090909092
UK,UK0166,University of Ulster,2023,31915.0,1245.0,25.634538152610443
UK,UK0167,Guildhall School of Music and Drama,2023,1055.0,290.0,3.6379310344827585
UK,UK0168,Leeds Arts University,2023,2170.0,140.0,15.5
UK,UK0169,Trinity Laban Conservatoire of Music and Dance,2023,1300.0,95.0,13.68421052631579
UK,UK0170,University of Wales Trinity Saint David,2023,15655.0,650.0,24.084615384615386
UK,UK0171,Liverpool School of Tropical Medicine,2023,250.0,230.0,1.0869565217391304
UK,UK0172,University of South Wales,2023,23670.0,1140.0,20.763157894736842
UK,UK0174,The Liverpool Institute for Performing Arts,2023,1065.0,55.0,19.363636363636363
UK,UK0175,Ravensbourne University London,2023,6555.0,125.0,52.44
UK,UK0176,Rose Bruford College of Theatre & Performance,2023,890.0,35.0,25.428571428571427
UK,UK0177,University of Suffolk,2023,13915.0,245.0,56.795918367346935
UK,UK0178,Writtle University College,2023,825.0,55.0,15.0
UK,UK0179,Glasgow School of Art,2023,2635.0,170.0,15.5
UK,UK0180,Scotland’s Rural College – SRUC,2023,1795.0,480.0,3.7395833333333335
UK,UK0181,St Mary's University College,2023,1020.0,40.0,25.5
UK,UK0182,Stranmillis University College,2023,1425.0,50.0,28.5
UK,UK0183,The National Film and Television School,2023,565.0,75.0,7.533333333333333
UK,UK0184,Arts University Plymouth,2023,1070.0,80.0,13.375
UK,UK0190,Arden University,2023,28710.0,385.0,74.57142857142857
UK,UK0192,BIMM University Limited,2023,7115.0,130.0,54.73076923076923
UK,UK0201,Chicken Shed Theatre Company,2023,85.0,25.0,3.4
UK,UK0205,Cliff College,2023,115.0,10.0,11.5
UK,UK0207,Court Theatre Training Company Ltd,2022,40.0,5.0,8.0
UK,UK0208,The Queen's Foundation for Ecumenical Theological Education,2023,260.0,15.0,17.333333333333332
UK,UK0211,University College of Estate Management,2023,3190.0,50.0,63.8
UK,UK0216,Futureworks,2023,440.0,20.0,22.0
UK,UK0219,ICON College of Technology and Management,2023,1705.0,30.0,56.833333333333336
UK,UK0220,Institute of Contemporary Music Performance,2023,1850.0,20.0,92.5
UK,UK0222,Kaplan Open Learning,2023,1775.0,35.0,50.714285714285715
UK,UK0228,Bloomsbury Institute,2023,590.0,35.0,16.857142857142858
UK,UK0235,London School of Management Education,2023,795.0,20.0,39.75
UK,UK0236,London School of Theology,2023,240.0,15.0,16.0
UK,UK0245,St Mellitus College,2023,300.0,25.0,12.0
UK,UK0246,The Metanoia Institute,2023,570.0,30.0,19.0
UK,UK0249,Mont Rose College of Management and Sciences,2023,890.0,40.0,22.25
UK,UK0250,Moorlands College,2023,180.0,10.0,18.0
UK,UK0252,Nazarene Theological College,2023,140.0,10.0,14.0
UK,UK0253,Nelson College London Ltd,2023,1770.0,15.0,118.0
UK,UK0254,New College of the Humanities,2023,840.0,145.0,5.793103448275862
UK,UK0264,Pearson College,2023,665.0,25.0,26.6
UK,UK0265,Point Blank Music School,2023,860.0,50.0,17.2
UK,UK0270,Regent College,2023,4915.0,170.0,28.91176470588235
UK,UK0271,SAE Education Limited,2023,775.0,30.0,25.833333333333332
UK,UK0276,Spurgeon's College,2023,210.0,10.0,21.0
UK,UK0278,The University of Law,2023,18285.0,585.0,31.256410256410255
UK,UK0279,Waverley Abbey College,2023,250.0,5.0,50.0
UK,UK0282,The University College of Osteopathy,2023,550.0,30.0,18.333333333333332
UK,UK0293,LAMDA Limited,2023,385.0,65.0,5.923076923076923
UK,UK0294,Northern School of Contemporary Dance,2023,260.0,20.0,13.0
UK,UK0295,"The Place, London Contemporary Dance School (LCDS)",2023,250.0,20.0,12.5
UK,UK0296,AECC University College,2023,1420.0,80.0,17.75
UK,UK0299,Hartpury University,2023,2535.0,150.0,16.9
UK,UK0300,College of Legal Practice Limited,2023,795.0,5.0,159.0
UK,UK0303,ACM Guildford Limited,2023,945.0,70.0,13.5
UK,UK0304,LIBF Limited,2023,700.0,20.0,35.0
UK,UK0305,British Academy of Jewellery Limited,2023,1255.0,20.0,62.75
UK,UK0306,The College of Health Ltd,2023,360.0,10.0,36.0
UK,UK0308,Sotheby's Institute of Art,2023,170.0,15.0,11.333333333333334
UK,UK0309,Leeds Conservatoire,2023,1385.0,55.0,25.181818181818183
UK,UK0310,London Film School Limited,2023,315.0,35.0,9.0
